{
     "inputs": {
         "young_modulus": 220000.76293945312,
         "Cantilever:length": 600.0,
         "Cantilever:width": 30.4969482421875,
         "Cantilever:height": 40.7369384765625,
         "Cantilever:imposed_dplt": -5.064697265625,
         "Cantilever:relative_dplt_location": 1.0,
         "Cantilever:nu_p": 0.3
    },
     "outputs": {
         "length": 600.0,
         "width": 30.4969482421875,
         "height": 40.7369384765625,
         "imposed_dplt": -5.064697265625,
         "relative_dplt_location": 1.0,
         "nu_p": 0.3,
         "reaction_forces": -2658.7988346314273,
         "moment": [1595279.3007788565, 0.0],
         "moment_grid": [0.0, 600.0],
         "dplt": [0.0, -0.000772519806072665, -0.003079639767451834, -0.006905700698879292, -0.012235043415096805, -0.019052008730846143, -0.027340937460869057, -0.03708617041990735, -0.04827204842270275, -0.060882912283997045, -0.074903102818532, -0.0903169608410494, -0.10710882716629098, -0.12526304260899854, -0.1447639479839139, -0.16559588410577872, -0.18774319178933488, -0.21119021184932407, -0.23592128510048813, -0.2619207523575688, -0.2891729544353078, -0.31766223214844697, -0.34737292631172817, -0.37828937773989296, -0.41039592724768303, -0.4436769156498406, -0.47811668376110705, -0.5136995723962242, -0.5504099223699341, -0.5882320744969782, -0.6271503695920984, -0.6671491484700364, -0.708212751945534, -0.7503255208333329, -0.7934717959481752, -0.8376359181048023, -0.8828022281179562, -0.9289550668023785, -0.9760787749728109, -1.0241576934439953, -1.0731761630306735, -1.1231185245475874, -1.1739691188094785, -1.225712286631089, -1.2783323688271604, -1.3318137062124342, -1.386140639601652, -1.4412975098095562, -1.4972686576508885, -1.5540384239403904, -1.6115911494928035, -1.6699111751228708, -1.7289828416453323, -1.788790489874931, -1.849318460626408, -1.9105510947145052, -1.9724727329539646, -2.0350677161595283, -2.098320385145937, -2.1622150807279334, -2.2267361437202595, -2.2918679149376557, -2.3575947351948656, -2.4239009453066287, -2.4907708860876894, -2.5581888983527876, -2.6261393229166656, -2.6946065005940647, -2.763574772199728, -2.8330284785483952, -2.9029519604548106, -2.9733295587337145, -3.0441456141998486, -3.1153844676679543, -3.187030459952775, -3.25906793186905, -3.331481224231524, -3.4042546778549356, -3.47737263355403, -3.5508194321435465, -3.6245794144382284, -3.698636921252814, -3.7729762934020497, -3.8475818717006764, -3.922437996963432, -3.9975290100050636, -4.07283925164031, -4.148353062683912, -4.224054783950614, -4.299928756255156, -4.375959320412281, -4.452130817236729, -4.528427587543245, -4.604833972146565, -4.681334311861437, -4.757912947502598, -4.834554219884795, -4.911242469822764, -4.98796203813125, -5.064697265624996],
         "dplt_grid": [0.0, 6.0606060606060606, 12.121212121212121, 18.18181818181818, 24.242424242424242, 30.303030303030305, 36.36363636363636, 42.42424242424242, 48.484848484848484, 54.54545454545455, 60.60606060606061, 66.66666666666667, 72.72727272727272, 78.78787878787878, 84.84848484848484, 90.9090909090909, 96.96969696969697, 103.03030303030303, 109.0909090909091, 115.15151515151516, 121.21212121212122, 127.27272727272727, 133.33333333333334, 139.3939393939394, 145.45454545454544, 151.5151515151515, 157.57575757575756, 163.63636363636363, 169.6969696969697, 175.75757575757575, 181.8181818181818, 187.87878787878788, 193.93939393939394, 200.0, 206.06060606060606, 212.12121212121212, 218.1818181818182, 224.24242424242425, 230.3030303030303, 236.36363636363637, 242.42424242424244, 248.48484848484847, 254.54545454545453, 260.6060606060606, 266.6666666666667, 272.72727272727275, 278.7878787878788, 284.8484848484849, 290.9090909090909, 296.96969696969694, 303.030303030303, 309.09090909090907, 315.1515151515151, 321.2121212121212, 327.27272727272725, 333.3333333333333, 339.3939393939394, 345.45454545454544, 351.5151515151515, 357.57575757575756, 363.6363636363636, 369.6969696969697, 375.75757575757575, 381.8181818181818, 387.8787878787879, 393.93939393939394, 400.0, 406.06060606060606, 412.1212121212121, 418.1818181818182, 424.24242424242425, 430.3030303030303, 436.3636363636364, 442.42424242424244, 448.4848484848485, 454.54545454545456, 460.6060606060606, 466.6666666666667, 472.72727272727275, 478.7878787878788, 484.8484848484849, 490.9090909090909, 496.96969696969694, 503.030303030303, 509.09090909090907, 515.1515151515151, 521.2121212121212, 527.2727272727273, 533.3333333333334, 539.3939393939394, 545.4545454545455, 551.5151515151515, 557.5757575757576, 563.6363636363636, 569.6969696969697, 575.7575757575758, 581.8181818181818, 587.8787878787879, 593.9393939393939, 600.0],
         "dplt_at_force_location": -5.064697265624996,
         "maximum_dplt": -5.064697265624996,
         "location_max_dplt": 600.0
    },
     "metadata": {
         "error_code": 0,
         "model": "BendingTestAnalytical",
         "load_case": "Cantilever",
         "description": "",
         "job_name": "",
         "persistent_result_files": "",
         "n_cpus": 1,
         "date": "2026-03-26 14:57:49.482737",
         "cpu_time": 0.009948492050170898,
         "user": "sebastien.bocquet",
         "machine": "IPF7101",
         "vims_git_version": "d0050d8de498c8354552cdde540fb3e524454871",
         "directory_archive_root": "/home/sebastien.bocquet/PycharmProjects/vimseo/docs/runnable_examples/model_runs/archive/calibration_scalars",
         "directory_archive_job": "/home/sebastien.bocquet/PycharmProjects/vimseo/docs/runnable_examples/model_runs/archive/calibration_scalars/BendingTestAnalytical/Cantilever/471",
         "directory_scratch_root": "/home/sebastien.bocquet/PycharmProjects/vimseo/docs/runnable_examples/model_runs/scratch/calibration_scalars",
         "directory_scratch_job": ""
    }
}