{
  "inputs": {
    "length": 600.0,
    "width": 30.0,
    "height": 40.0,
    "imposed_dplt": -5.0,
    "relative_support_location": 0.3,
    "young_modulus": 210000.0,
    "nu_p": 0.3
  },
  "outputs": {
    "reaction_forces": -172839.5061728395,
    "moment": [
      0.0,
      -15555555.555555552,
      0.0
    ],
    "moment_grid": [
      120.0,
      300.0,
      480.0
    ],
    "dplt": [
      0.0,
      -0.15149969236286986,
      -0.3028757115074837,
      -0.4540043842155873,
      -0.6047620372689241,
      -0.7550249974492405,
      -0.9046695915382786,
      -1.0535721463177845,
      -1.2016089885695036,
      -1.3486564450751783,
      -1.4945908426165555,
      -1.6392885079753776,
      -1.7826257679333901,
      -1.924478949272339,
      -2.0647243787739664,
      -2.203238383220019,
      -2.3398972893922396,
      -2.4745774240723737,
      -2.607155114042166,
      -2.737506686083362,
      -2.8655084669777042,
      -2.9910367835069396,
      -3.1139679624528105,
      -3.234178330597062,
      -3.3515442147214394,
      -3.465941941607688,
      -3.577247838037552,
      -3.6853382307927744,
      -3.790089446655101,
      -3.891377812406276,
      -3.989079654828045,
      -4.0830713007021515,
      -4.173229076810341,
      -4.259429309934357,
      -4.341548326855945,
      -4.41946245435685,
      -4.493048019218816,
      -4.562181348223587,
      -4.626738768152908,
      -4.686596605788523,
      -4.741631187912178,
      -4.7917188413056175,
      -4.836735892750585,
      -4.8765586690288245,
      -4.9110634969220825,
      -4.940126703212103,
      -4.96362461468063,
      -4.9814335581094085,
      -4.993429860280183,
      -4.999489847974698,
      -4.999489847974698,
      -4.993429860280183,
      -4.9814335581094085,
      -4.96362461468063,
      -4.940126703212103,
      -4.9110634969220825,
      -4.8765586690288245,
      -4.836735892750585,
      -4.7917188413056175,
      -4.741631187912179,
      -4.686596605788523,
      -4.626738768152908,
      -4.562181348223588,
      -4.493048019218816,
      -4.41946245435685,
      -4.341548326855945,
      -4.259429309934357,
      -4.173229076810341,
      -4.083071300702152,
      -3.989079654828046,
      -3.8913778124062777,
      -3.790089446655101,
      -3.6853382307927744,
      -3.577247838037552,
      -3.4659419416076895,
      -3.351544214721442,
      -3.2341783305970626,
      -3.113967962452811,
      -2.99103678350694,
      -2.8655084669777056,
      -2.7375066860833632,
      -2.6071551140421665,
      -2.474577424072374,
      -2.33989728939224,
      -2.2032383832200195,
      -2.0647243787739678,
      -1.9244789492723404,
      -1.7826257679333903,
      -1.6392885079753776,
      -1.4945908426165555,
      -1.3486564450751792,
      -1.2016089885695045,
      -1.0535721463177843,
      -0.9046695915382785,
      -0.7550249974492403,
      -0.6047620372689252,
      -0.4540043842155884,
      -0.3028757115074854,
      -0.1514996923628692,
      -1.2197274440461925e-19
    ],
    "dplt_grid": [
      120.0,
      123.63636363636364,
      127.27272727272727,
      130.9090909090909,
      134.54545454545453,
      138.1818181818182,
      141.8181818181818,
      145.45454545454544,
      149.0909090909091,
      152.72727272727272,
      156.36363636363637,
      160.0,
      163.63636363636363,
      167.27272727272728,
      170.9090909090909,
      174.54545454545456,
      178.1818181818182,
      181.8181818181818,
      185.45454545454544,
      189.0909090909091,
      192.72727272727272,
      196.36363636363637,
      200.0,
      203.63636363636363,
      207.27272727272725,
      210.9090909090909,
      214.54545454545456,
      218.1818181818182,
      221.8181818181818,
      225.45454545454544,
      229.0909090909091,
      232.72727272727272,
      236.36363636363637,
      240.0,
      243.63636363636363,
      247.27272727272725,
      250.9090909090909,
      254.54545454545453,
      258.1818181818182,
      261.8181818181818,
      265.45454545454544,
      269.0909090909091,
      272.72727272727275,
      276.3636363636364,
      280.0,
      283.6363636363636,
      287.27272727272725,
      290.9090909090909,
      294.5454545454545,
      298.1818181818182,
      301.8181818181818,
      305.45454545454544,
      309.0909090909091,
      312.72727272727275,
      316.3636363636364,
      320.0,
      323.6363636363636,
      327.27272727272725,
      330.9090909090909,
      334.5454545454545,
      338.1818181818182,
      341.8181818181818,
      345.45454545454544,
      349.0909090909091,
      352.72727272727275,
      356.3636363636364,
      360.0,
      363.6363636363636,
      367.27272727272725,
      370.9090909090909,
      374.5454545454545,
      378.1818181818182,
      381.8181818181818,
      385.45454545454544,
      389.09090909090907,
      392.7272727272727,
      396.3636363636364,
      400.0,
      403.6363636363636,
      407.27272727272725,
      410.9090909090909,
      414.54545454545456,
      418.1818181818182,
      421.8181818181818,
      425.45454545454544,
      429.09090909090907,
      432.7272727272727,
      436.3636363636364,
      440.0,
      443.6363636363636,
      447.27272727272725,
      450.9090909090909,
      454.54545454545456,
      458.1818181818182,
      461.8181818181818,
      465.45454545454544,
      469.09090909090907,
      472.7272727272727,
      476.3636363636364,
      480.0
    ],
    "dplt_at_force_location": -4.999489847974698,
    "maximum_dplt": -4.999489847974698,
    "location_max_dplt": 298.1818181818182
  },
  "metadata": {
    "error_code": 0,
    "model": "BendingTestAnalytical",
    "load_case": "ThreePoints",
    "description": "",
    "job_name": "",
    "persistent_result_files": "",
    "n_cpus": 1,
    "date": "2025-10-14 10:22:04.203431",
    "cpu_time": 0.014086246490478516,
    "user": "sebastien.bocquet",
    "machine": "B20191729",
    "vims_git_version": "a5494eb201b1d75f529ff9d5301110d8e644927f",
    "directory_archive_root": "C:\\Users\\sebastien.bocquet\\PycharmProjects\\vims\\docs\\how_to\\02_integrated_models\\default_archive",
    "directory_archive_job": "default_archive\\BendingTestAnalytical\\ThreePoints\\2",
    "directory_scratch_root": "C:\\Users\\sebastien.bocquet\\PycharmProjects\\vims\\docs\\how_to\\02_integrated_models\\default_scratch",
    "directory_scratch_job": ""
  }
}
