{
     "inputs": {
         "young_modulus": 221155.42700239795,
         "Cantilever:length": 600.0,
         "Cantilever:width": 29.499755859375,
         "Cantilever:height": 40.2801513671875,
         "Cantilever:imposed_dplt": -5.006591796875,
         "Cantilever:relative_dplt_location": 1.0,
         "Cantilever:nu_p": 0.3
    },
     "outputs": {
         "length": 600.0,
         "width": 29.499755859375,
         "height": 40.2801513671875,
         "imposed_dplt": -5.006591796875,
         "relative_dplt_location": 1.0,
         "nu_p": 0.3,
         "reaction_forces": -2470.687087932626,
         "moment": [1482412.2527595756, 0.0],
         "moment_grid": [0.0, 600.0],
         "dplt": [0.0, -0.0007636569613464513, -0.0030443081567189598, -0.006826474053117254, -0.012094675117541075, -0.018833431816990154, -0.027027264618464216, -0.03666069398896303, -0.04771824039548629, -0.06018442430503377, -0.07404376618460518, -0.08928078650120026, -0.10588000572181872, -0.12382594431346038, -0.14310312274312487, -0.16369606147781196, -0.1855892809845214, -0.20876730173025293, -0.23321464418200621, -0.25891582880678093, -0.28585537607157707, -0.3140178064433941, -0.3433876403892321, -0.3739493983760904, -0.4056876008709689, -0.4385867683408674, -0.4726314212527856, -0.5078060800737232, -0.5440952652706801, -0.5814834973106556, -0.6199552966606501, -0.6594951837876626, -0.7000876791586933, -0.741717303240742, -0.7843685765008079, -0.8280260194058913, -0.8726741524229917, -0.9182974960191088, -0.9648805706612422, -1.012407896816392, -1.060863994951558, -1.1102333855337394, -1.160500589029936, -1.2116501259071484, -1.263666516632375, -1.3165342816726167, -1.3702379414948724, -1.424762016566142, -1.4800910273534258, -1.536209494323723, -1.5931019379440332, -1.6507528786813572, -1.7091468370026934, -1.7682683333750417, -1.828101888265403, -1.8886320221407762, -1.9498432554681608, -2.0117201087145573, -2.074247102346964, -2.1374087568323823, -2.2011895926378116, -2.26557413023025, -2.3305468900766995, -2.396092392644158, -2.4621951583996275, -2.5288397078101044, -2.5960105613425917, -2.6636922394640874, -2.7318692626415926, -2.8005261513421034, -2.869647426032625, -2.9392176071801526, -3.0092212152516877, -3.0796427707142304, -3.150466794034781, -3.221677805680336, -3.293260326117899, -3.3651988758144675, -3.437477975237042, -3.510082144852622, -3.582995905128208, -3.6562037765307975, -3.729690279527393, -3.803439934584994, -3.877437262170596, -3.9516667827512055, -4.0261130167938175, -4.1007604847654315, -4.175593707133052, -4.250597204363673, -4.325755496924297, -4.401053105281922, -4.476474549903551, -4.552004351256182, -4.627627029806814, -4.703327106022447, -4.77908910037008, -4.854897533316717, -4.930736925329351, -5.0065917968749885],
         "dplt_grid": [0.0, 6.0606060606060606, 12.121212121212121, 18.18181818181818, 24.242424242424242, 30.303030303030305, 36.36363636363636, 42.42424242424242, 48.484848484848484, 54.54545454545455, 60.60606060606061, 66.66666666666667, 72.72727272727272, 78.78787878787878, 84.84848484848484, 90.9090909090909, 96.96969696969697, 103.03030303030303, 109.0909090909091, 115.15151515151516, 121.21212121212122, 127.27272727272727, 133.33333333333334, 139.3939393939394, 145.45454545454544, 151.5151515151515, 157.57575757575756, 163.63636363636363, 169.6969696969697, 175.75757575757575, 181.8181818181818, 187.87878787878788, 193.93939393939394, 200.0, 206.06060606060606, 212.12121212121212, 218.1818181818182, 224.24242424242425, 230.3030303030303, 236.36363636363637, 242.42424242424244, 248.48484848484847, 254.54545454545453, 260.6060606060606, 266.6666666666667, 272.72727272727275, 278.7878787878788, 284.8484848484849, 290.9090909090909, 296.96969696969694, 303.030303030303, 309.09090909090907, 315.1515151515151, 321.2121212121212, 327.27272727272725, 333.3333333333333, 339.3939393939394, 345.45454545454544, 351.5151515151515, 357.57575757575756, 363.6363636363636, 369.6969696969697, 375.75757575757575, 381.8181818181818, 387.8787878787879, 393.93939393939394, 400.0, 406.06060606060606, 412.1212121212121, 418.1818181818182, 424.24242424242425, 430.3030303030303, 436.3636363636364, 442.42424242424244, 448.4848484848485, 454.54545454545456, 460.6060606060606, 466.6666666666667, 472.72727272727275, 478.7878787878788, 484.8484848484849, 490.9090909090909, 496.96969696969694, 503.030303030303, 509.09090909090907, 515.1515151515151, 521.2121212121212, 527.2727272727273, 533.3333333333334, 539.3939393939394, 545.4545454545455, 551.5151515151515, 557.5757575757576, 563.6363636363636, 569.6969696969697, 575.7575757575758, 581.8181818181818, 587.8787878787879, 593.9393939393939, 600.0],
         "dplt_at_force_location": -5.0065917968749885,
         "maximum_dplt": -5.0065917968749885,
         "location_max_dplt": 600.0
    },
     "metadata": {
         "error_code": 0,
         "model": "BendingTestAnalytical",
         "load_case": "Cantilever",
         "description": "",
         "job_name": "",
         "persistent_result_files": "",
         "n_cpus": 1,
         "date": "2026-06-16 18:11:14.887576",
         "cpu_time": 0.18474793434143066,
         "user": "sebastien.bocquet",
         "machine": "PCBM20250036",
         "vims_git_version": "5cd5cf5ab4caf1fa2c2190f0396e06b5b5639fd0",
         "directory_archive_root": "C:\\Users\\sebastien.bocquet\\Dev\\vimseo\\docs\\runnable_examples\\model_runs\\archive\\calibration_scalars",
         "directory_archive_job": "C:\\Users\\sebastien.bocquet\\Dev\\vimseo\\docs\\runnable_examples\\model_runs\\archive\\calibration_scalars\\BendingTestAnalytical\\Cantilever\\672",
         "directory_scratch_root": "C:\\Users\\sebastien.bocquet\\Dev\\vimseo\\docs\\runnable_examples\\model_runs\\scratch\\calibration_scalars",
         "directory_scratch_job": ""
    }
}