{
     "inputs": {
         "young_modulus": 225000.0,
         "Cantilever:length": 600.0,
         "Cantilever:width": 30.5316162109375,
         "Cantilever:height": 39.9625244140625,
         "Cantilever:imposed_dplt": -5.0740966796875,
         "Cantilever:relative_dplt_location": 1.0,
         "Cantilever:nu_p": 0.3
    },
     "outputs": {
         "length": 600.0,
         "width": 30.5316162109375,
         "height": 39.9625244140625,
         "imposed_dplt": -5.0740966796875,
         "relative_dplt_location": 1.0,
         "nu_p": 0.3,
         "reaction_forces": -2574.7558397323237,
         "moment": [1544853.5038393943, 0.0],
         "moment_grid": [0.0, 600.0],
         "dplt": [0.0, -0.0007739535015430813, -0.003085355175070388, -0.006918516773929028, -0.0122577500514661, -0.019087366761028707, -0.027391678655963928, -0.03715499748961888, -0.048361635015340666, -0.060995902986476364, -0.07504211315637309, -0.09048457727837794, -0.10730760710583799, -0.1254955143921004, -0.14503261089051223, -0.16590320835442057, -0.18809161853717252, -0.21158215319211526, -0.23635912407259574, -0.2624068429319611, -0.2897096215235586, -0.3182517716007351, -0.34801760491683803, -0.37899143322521417, -0.4111575682792106, -0.4445003218321747, -0.4790040056374534, -0.5146529314483937, -0.5514314110183431, -0.5893237561006482, -0.6283142784486564, -0.6683872898157148, -0.7095271019551702, -0.7517180266203701, -0.7949443755646615, -0.8391904605413911, -0.8844405933039067, -0.9306790856055548, -0.9778902491996826, -1.0260583958396376, -1.0751678372787663, -1.1252028852704163, -1.1761478515679344, -1.2279870479246682, -1.2807047860939642, -1.33428537782917, -1.3887131348836317, -1.4439723690106974, -1.5000473919637136, -1.5569225154960282, -1.6145820513609876, -1.6730103113119392, -1.73219160710223, -1.7921102504852071, -1.852750553214218, -1.914096827042609, -1.9761333837237276, -2.038844535010921, -2.1022145926575364, -2.16622786841692, -2.2308686740424206, -2.2961213212873837, -2.3619701219051574, -2.4283993876490872, -2.4953934302725234, -2.5629365615288093, -2.631013093171295, -2.699607336953326, -2.7687036046282505, -2.838286207949413, -2.9083394586701643, -2.9788476685438487, -3.049795149323815, -3.121166212763409, -3.1929451706159795, -3.265116334634871, -3.3376640165734344, -3.410572528185011, -3.4838261812229545, -3.5574092874406076, -3.6313061585913187, -3.705501106428434, -3.779978442705303, -3.854722479175271, -3.9297175275916847, -4.0049478997078936, -4.080397907277242, -4.1560518620530775, -4.23189407578875, -4.3079088602376014, -4.3840805271529835, -4.460393388288241, -4.536831755396722, -4.6133799402317734, -4.690022254546743, -4.766743010094975, -4.843526518629819, -4.9203570919046244, -4.997219041672732, -5.074096679687496],
         "dplt_grid": [0.0, 6.0606060606060606, 12.121212121212121, 18.18181818181818, 24.242424242424242, 30.303030303030305, 36.36363636363636, 42.42424242424242, 48.484848484848484, 54.54545454545455, 60.60606060606061, 66.66666666666667, 72.72727272727272, 78.78787878787878, 84.84848484848484, 90.9090909090909, 96.96969696969697, 103.03030303030303, 109.0909090909091, 115.15151515151516, 121.21212121212122, 127.27272727272727, 133.33333333333334, 139.3939393939394, 145.45454545454544, 151.5151515151515, 157.57575757575756, 163.63636363636363, 169.6969696969697, 175.75757575757575, 181.8181818181818, 187.87878787878788, 193.93939393939394, 200.0, 206.06060606060606, 212.12121212121212, 218.1818181818182, 224.24242424242425, 230.3030303030303, 236.36363636363637, 242.42424242424244, 248.48484848484847, 254.54545454545453, 260.6060606060606, 266.6666666666667, 272.72727272727275, 278.7878787878788, 284.8484848484849, 290.9090909090909, 296.96969696969694, 303.030303030303, 309.09090909090907, 315.1515151515151, 321.2121212121212, 327.27272727272725, 333.3333333333333, 339.3939393939394, 345.45454545454544, 351.5151515151515, 357.57575757575756, 363.6363636363636, 369.6969696969697, 375.75757575757575, 381.8181818181818, 387.8787878787879, 393.93939393939394, 400.0, 406.06060606060606, 412.1212121212121, 418.1818181818182, 424.24242424242425, 430.3030303030303, 436.3636363636364, 442.42424242424244, 448.4848484848485, 454.54545454545456, 460.6060606060606, 466.6666666666667, 472.72727272727275, 478.7878787878788, 484.8484848484849, 490.9090909090909, 496.96969696969694, 503.030303030303, 509.09090909090907, 515.1515151515151, 521.2121212121212, 527.2727272727273, 533.3333333333334, 539.3939393939394, 545.4545454545455, 551.5151515151515, 557.5757575757576, 563.6363636363636, 569.6969696969697, 575.7575757575758, 581.8181818181818, 587.8787878787879, 593.9393939393939, 600.0],
         "dplt_at_force_location": -5.074096679687496,
         "maximum_dplt": -5.074096679687496,
         "location_max_dplt": 600.0
    },
     "metadata": {
         "error_code": 0,
         "model": "BendingTestAnalytical",
         "load_case": "Cantilever",
         "description": "",
         "job_name": "",
         "persistent_result_files": "",
         "n_cpus": 1,
         "date": "2026-03-17 09:06:24.917046",
         "cpu_time": 0.017773866653442383,
         "user": "sebastien.bocquet",
         "machine": "B20191729",
         "vims_git_version": "1b6e7132b9faba0cc93317d127a381ee76a8cb8e",
         "directory_archive_root": "C:\\Users\\sebastien.bocquet\\PycharmProjects\\vimseo\\docs\\runnable_examples\\model_runs\\archive\\calibration_scalars",
         "directory_archive_job": "C:\\Users\\sebastien.bocquet\\PycharmProjects\\vimseo\\docs\\runnable_examples\\model_runs\\archive\\calibration_scalars\\BendingTestAnalytical\\Cantilever\\20",
         "directory_scratch_root": "C:\\Users\\sebastien.bocquet\\PycharmProjects\\vimseo\\docs\\runnable_examples\\model_runs\\scratch\\calibration_scalars",
         "directory_scratch_job": ""
    }
}