{
     "inputs": {
         "young_modulus": 220001.220703125,
         "Cantilever:length": 600.0,
         "Cantilever:width": 30.5316162109375,
         "Cantilever:height": 39.9625244140625,
         "Cantilever:imposed_dplt": -5.0740966796875,
         "Cantilever:relative_dplt_location": 1.0,
         "Cantilever:nu_p": 0.3
    },
     "outputs": {
         "length": 600.0,
         "width": 30.5316162109375,
         "height": 39.9625244140625,
         "imposed_dplt": -5.0740966796875,
         "relative_dplt_location": 1.0,
         "nu_p": 0.3,
         "reaction_forces": -2517.5530122382706,
         "moment": [1510531.8073429624, 0.0],
         "moment_grid": [0.0, 600.0],
         "dplt": [0.0, -0.0007739535015430812, -0.0030853551750703884, -0.006918516773929026, -0.012257750051466098, -0.019087366761028696, -0.027391678655963918, -0.037154997489618875, -0.04836163501534066, -0.06099590298647636, -0.07504211315637307, -0.09048457727837796, -0.107307607105838, -0.12549551439210044, -0.14503261089051228, -0.1659032083544206, -0.1880916185371726, -0.2115821531921153, -0.23635912407259582, -0.26240684293196126, -0.2897096215235588, -0.3182517716007353, -0.3480176049168382, -0.37899143322521434, -0.4111575682792108, -0.4445003218321749, -0.4790040056374536, -0.514652931448394, -0.5514314110183433, -0.5893237561006485, -0.6283142784486567, -0.668387289815715, -0.7095271019551705, -0.7517180266203703, -0.7949443755646617, -0.8391904605413915, -0.8844405933039069, -0.9306790856055551, -0.977890249199683, -1.0260583958396379, -1.0751678372787667, -1.1252028852704166, -1.1761478515679347, -1.2279870479246684, -1.2807047860939647, -1.3342853778291701, -1.388713134883632, -1.4439723690106976, -1.5000473919637138, -1.5569225154960284, -1.6145820513609879, -1.6730103113119394, -1.7321916071022305, -1.7921102504852076, -1.8527505532142186, -1.9140968270426097, -1.9761333837237283, -2.0388445350109223, -2.1022145926575373, -2.166227868416921, -2.230868674042422, -2.2961213212873846, -2.3619701219051588, -2.428399387649089, -2.4953934302725247, -2.5629365615288107, -2.6310130931712967, -2.6996073369533273, -2.7687036046282527, -2.838286207949415, -2.908339458670167, -2.9788476685438514, -3.0497951493238173, -3.1211662127634114, -3.1929451706159826, -3.2651163346348744, -3.3376640165734357, -3.410572528185014, -3.4838261812229576, -3.5574092874406107, -3.6313061585913227, -3.705501106428438, -3.7799784427053065, -3.8547224791752748, -3.9297175275916887, -4.004947899707897, -4.080397907277247, -4.156051862053082, -4.2318940757887535, -4.307908860237606, -4.384080527152989, -4.460393388288245, -4.536831755396728, -4.613379940231778, -4.690022254546749, -4.76674301009498, -4.843526518629825, -4.92035709190463, -4.997219041672738, -5.074096679687501],
         "dplt_grid": [0.0, 6.0606060606060606, 12.121212121212121, 18.18181818181818, 24.242424242424242, 30.303030303030305, 36.36363636363636, 42.42424242424242, 48.484848484848484, 54.54545454545455, 60.60606060606061, 66.66666666666667, 72.72727272727272, 78.78787878787878, 84.84848484848484, 90.9090909090909, 96.96969696969697, 103.03030303030303, 109.0909090909091, 115.15151515151516, 121.21212121212122, 127.27272727272727, 133.33333333333334, 139.3939393939394, 145.45454545454544, 151.5151515151515, 157.57575757575756, 163.63636363636363, 169.6969696969697, 175.75757575757575, 181.8181818181818, 187.87878787878788, 193.93939393939394, 200.0, 206.06060606060606, 212.12121212121212, 218.1818181818182, 224.24242424242425, 230.3030303030303, 236.36363636363637, 242.42424242424244, 248.48484848484847, 254.54545454545453, 260.6060606060606, 266.6666666666667, 272.72727272727275, 278.7878787878788, 284.8484848484849, 290.9090909090909, 296.96969696969694, 303.030303030303, 309.09090909090907, 315.1515151515151, 321.2121212121212, 327.27272727272725, 333.3333333333333, 339.3939393939394, 345.45454545454544, 351.5151515151515, 357.57575757575756, 363.6363636363636, 369.6969696969697, 375.75757575757575, 381.8181818181818, 387.8787878787879, 393.93939393939394, 400.0, 406.06060606060606, 412.1212121212121, 418.1818181818182, 424.24242424242425, 430.3030303030303, 436.3636363636364, 442.42424242424244, 448.4848484848485, 454.54545454545456, 460.6060606060606, 466.6666666666667, 472.72727272727275, 478.7878787878788, 484.8484848484849, 490.9090909090909, 496.96969696969694, 503.030303030303, 509.09090909090907, 515.1515151515151, 521.2121212121212, 527.2727272727273, 533.3333333333334, 539.3939393939394, 545.4545454545455, 551.5151515151515, 557.5757575757576, 563.6363636363636, 569.6969696969697, 575.7575757575758, 581.8181818181818, 587.8787878787879, 593.9393939393939, 600.0],
         "dplt_at_force_location": -5.074096679687501,
         "maximum_dplt": -5.074096679687501,
         "location_max_dplt": 600.0
    },
     "metadata": {
         "error_code": 0,
         "model": "BendingTestAnalytical",
         "load_case": "Cantilever",
         "description": "",
         "job_name": "",
         "persistent_result_files": "",
         "n_cpus": 1,
         "date": "2026-03-26 14:57:37.639822",
         "cpu_time": 0.0066492557525634766,
         "user": "sebastien.bocquet",
         "machine": "IPF7101",
         "vims_git_version": "d0050d8de498c8354552cdde540fb3e524454871",
         "directory_archive_root": "/home/sebastien.bocquet/PycharmProjects/vimseo/docs/runnable_examples/model_runs/archive/calibration_scalars",
         "directory_archive_job": "/home/sebastien.bocquet/PycharmProjects/vimseo/docs/runnable_examples/model_runs/archive/calibration_scalars/BendingTestAnalytical/Cantilever/92",
         "directory_scratch_root": "/home/sebastien.bocquet/PycharmProjects/vimseo/docs/runnable_examples/model_runs/scratch/calibration_scalars",
         "directory_scratch_job": ""
    }
}