{
     "inputs": {
         "length": 614.683501058659,
         "width": 29.20505270396521,
         "height": 40.83011567307112,
         "imposed_dplt": -5.201953513456029,
         "relative_dplt_location": 0.8672829463572839,
         "young_modulus": 215441.79097928895,
         "nu_p": 0.3036293437319709
    },
     "outputs": {
         "reaction_forces": -3676.2002678690196,
         "moment": [1959798.9714155993, 0.0, 0.0],
         "moment_grid": [0.0, 533.1045178753644, 614.683501058659],
         "dplt": [0.0, -0.0010543296135895445, -0.004200881987881584, -0.009415002423161251, -0.01667203621971366, -0.025947328677823935, -0.03721622509777717, -0.050454070779858494, -0.06563621102435302, -0.08273799113154588, -0.10173475640172218, -0.12260185213516706, -0.14531462363216552, -0.1698484161930029, -0.1961785751179642, -0.2242804457073344, -0.2541293732613989, -0.2857007030804426, -0.3189699947792831, -0.353934952032901, -0.39058287223478294, -0.42888491084882147, -0.46881237859556385, -0.510336741452212, -0.5534296206526228, -0.5980627926873074, -0.6442081893034322, -0.6918378975048176, -0.7409241595519394, -0.7914393729619273, -0.8433560905085669, -0.8966470202222974, -0.9512850253902132, -1.0072431245560636, -1.0644944915202519, -1.1230124553398366, -1.182770500328531, -1.243742266056703, -1.3059015473513749, -1.3692222942962242, -1.433678612231583, -1.4992447617544375, -1.5658951587184293, -1.6336043742338542, -1.7023471346676642, -1.772098321643463, -1.8428329720415113, -1.9145262779987255, -1.987153586908673, -2.0606904014215806, -2.1351123794443243, -2.2103953341404408, -2.2865152339301162, -2.3634482024901944, -2.4411705187541743, -2.5196586169122073, -2.598889086411101, -2.6788386719543174, -2.7594842735019727, -2.8408029462708386, -2.9227719007343405, -3.0053685026225625, -3.0885702729222357, -3.172354887876751, -3.256700178986156, -3.341584133007147, -3.4269848919530825, -3.512880753093968, -3.599250168956467, -3.6860717473238997, -3.7733242512362404, -3.860986598990113, -3.9490378641388033, -4.037457275492246, -4.126224217117036, -4.21531822833642, -4.304719003730295, -4.39440639313522, -4.484360401644406, -4.574561189607718, -4.66498907263168, -4.755624521579459, -4.84644816257089, -4.9374407769824575, -5.028583301447298, -5.119856827855205, -5.21124260335263, -5.302722030342674, -5.394276666485095, -5.485888224696308, -5.577538573149375, -5.669206585212491, -5.7608752199026405, -5.852543854592792, -5.9442124892829415, -6.035881123973091, -6.127549758663241, -6.21921839335339, -6.310887028043542, -6.4025556627336915],
         "dplt_grid": [0.0, 6.208924253117767, 12.417848506235535, 18.6267727593533, 24.83569701247107, 31.044621265588837, 37.2535455187066, 43.462469771824374, 49.67139402494214, 55.8803182780599, 62.089242531177675, 68.29816678429545, 74.5070910374132, 80.71601529053098, 86.92493954364875, 93.1338637967665, 99.34278804988428, 105.55171230300205, 111.7606365561198, 117.96956080923758, 124.17848506235535, 130.38740931547312, 136.5963335685909, 142.80525782170864, 149.0141820748264, 155.22310632794418, 161.43203058106195, 167.64095483417972, 173.8498790872975, 180.05880334041524, 186.267727593533, 192.47665184665078, 198.68557609976855, 204.89450035288633, 211.1034246060041, 217.31234885912187, 223.5212731122396, 229.73019736535738, 235.93912161847516, 242.14804587159293, 248.3569701247107, 254.56589437782847, 260.77481863094624, 266.983742884064, 273.1926671371818, 279.40159139029953, 285.6105156434173, 291.8194398965351, 298.0283641496528, 304.2372884027706, 310.44621265588836, 316.65513690900616, 322.8640611621239, 329.07298541524165, 335.28190966835945, 341.4908339214772, 347.699758174595, 353.90868242771273, 360.1176066808305, 366.3265309339483, 372.535455187066, 378.7443794401838, 384.95330369330156, 391.16222794641936, 397.3711521995371, 403.58007645265485, 409.78900070577265, 415.9979249588904, 422.2068492120082, 428.41577346512594, 434.62469771824374, 440.8336219713615, 447.0425462244792, 453.251470477597, 459.46039473071477, 465.66931898383257, 471.8782432369503, 478.08716749006805, 484.29609174318585, 490.5050159963036, 496.7139402494214, 502.92286450253914, 509.13178875565694, 515.3407130087747, 521.5496372618925, 527.7585615150102, 533.967485768128, 540.1764100212457, 546.3853342743636, 552.5942585274813, 558.8031827805991, 565.0121070337168, 571.2210312868345, 577.4299555399524, 583.6388797930701, 589.8478040461879, 596.0567282993056, 602.2656525524234, 608.4745768055412, 614.683501058659],
         "dplt_at_force_location": -5.198541048800732,
         "maximum_dplt": -6.4025556627336915,
         "location_max_dplt": 614.683501058659
    },
     "metadata": {
         "error_code": 0,
         "model": "BendingTestAnalytical",
         "load_case": "Cantilever",
         "description": "",
         "job_name": "",
         "persistent_result_files": "",
         "n_cpus": 1,
         "date": "2026-03-26 14:57:51.434197",
         "cpu_time": 0.003295421600341797,
         "user": "sebastien.bocquet",
         "machine": "IPF7101",
         "vims_git_version": "d0050d8de498c8354552cdde540fb3e524454871",
         "directory_archive_root": "/home/sebastien.bocquet/PycharmProjects/vimseo/docs/runnable_examples/model_runs/archive/sensitivity",
         "directory_archive_job": "/home/sebastien.bocquet/PycharmProjects/vimseo/docs/runnable_examples/model_runs/archive/sensitivity/BendingTestAnalytical/Cantilever/6",
         "directory_scratch_root": "/home/sebastien.bocquet/PycharmProjects/vimseo/docs/runnable_examples/model_runs/scratch/sensitivity",
         "directory_scratch_job": ""
    }
}