{
     "inputs": {
         "young_modulus": 219609.375,
         "Cantilever:length": 600.0,
         "Cantilever:width": 30.5928955078125,
         "Cantilever:height": 40.24951171875,
         "Cantilever:imposed_dplt": -4.9840087890625,
         "Cantilever:relative_dplt_location": 1.0,
         "Cantilever:nu_p": 0.3
    },
     "outputs": {
         "length": 600.0,
         "width": 30.5928955078125,
         "height": 40.24951171875,
         "imposed_dplt": -4.9840087890625,
         "relative_dplt_location": 1.0,
         "nu_p": 0.3,
         "reaction_forces": -2527.076358349898,
         "moment": [1516245.8150099388, 0.0],
         "moment_grid": [0.0, 600.0],
         "dplt": [0.0, -0.0007602123683331121, -0.003030576333219835, -0.006795682184491267, -0.012040120211978492, -0.018748480705512587, -0.02690535395492463, -0.03649533025004572, -0.047502999880706935, -0.059912953136739354, -0.07370978030797404, -0.08887807168424211, -0.10540241755537463, -0.12326740821120269, -0.14245763394155742, -0.16295768503626984, -0.18475215178517107, -0.2078256244780922, -0.2321626934048643, -0.25774794885531876, -0.28456598111928616, -0.31260138048659775, -0.3418387372470848, -0.3722626416905782, -0.40385768410690887, -0.4366084547859084, -0.47049954401740746, -0.5055155420912374, -0.5416410392972291, -0.5788606259252137, -0.6171588922650224, -0.6565204286064861, -0.696929825239436, -0.7383716724537033, -0.7808305605391189, -0.8242910797855139, -0.8687378204827193, -0.9141553729205665, -0.9605283273888863, -1.00784127417751, -1.0560788035762685, -1.1052255058749927, -1.155265971363514, -1.2061847903316638, -1.2579665530692727, -1.3105958498661718, -1.3640572710121925, -1.4183354067971652, -1.4734148475109214, -1.5292801834432925, -1.5859160048841092, -1.6433069021232032, -1.7014374654504048, -1.7602922851555451, -1.819855951528456, -1.8801130548589677, -1.9410481854369115, -2.002645933552119, -2.064890889494421, -2.1277676435536477, -2.1912607860196323, -2.255354907182203, -2.320034597331194, -2.3852844467564336, -2.4510890457477554, -2.5174329845949877, -2.584300853587964, -2.6516772430165148, -2.7195467431704703, -2.7878939443396615, -2.856703436813921, -2.925959810883079, -2.9956476568369665, -3.065751564965415, -3.1362561255582553, -3.2071459289053177, -3.2784055652964352, -3.3500196250214356, -3.4219726983701544, -3.4942493756324193, -3.5668342470980634, -3.6397119030569147, -3.712866933798808, -3.7862839296135724, -3.8599474807910408, -3.933842177621042, -4.007952610393408, -4.082263369397969, -4.15675904492456, -4.2314242272630045, -4.306243506703143, -4.381201473534799, -4.456282718047806, -4.531471830531995, -4.606753401277199, -4.682112020573247, -4.75753227870997, -4.832998765977202, -4.908496072664769, -4.984008789062506],
         "dplt_grid": [0.0, 6.0606060606060606, 12.121212121212121, 18.18181818181818, 24.242424242424242, 30.303030303030305, 36.36363636363636, 42.42424242424242, 48.484848484848484, 54.54545454545455, 60.60606060606061, 66.66666666666667, 72.72727272727272, 78.78787878787878, 84.84848484848484, 90.9090909090909, 96.96969696969697, 103.03030303030303, 109.0909090909091, 115.15151515151516, 121.21212121212122, 127.27272727272727, 133.33333333333334, 139.3939393939394, 145.45454545454544, 151.5151515151515, 157.57575757575756, 163.63636363636363, 169.6969696969697, 175.75757575757575, 181.8181818181818, 187.87878787878788, 193.93939393939394, 200.0, 206.06060606060606, 212.12121212121212, 218.1818181818182, 224.24242424242425, 230.3030303030303, 236.36363636363637, 242.42424242424244, 248.48484848484847, 254.54545454545453, 260.6060606060606, 266.6666666666667, 272.72727272727275, 278.7878787878788, 284.8484848484849, 290.9090909090909, 296.96969696969694, 303.030303030303, 309.09090909090907, 315.1515151515151, 321.2121212121212, 327.27272727272725, 333.3333333333333, 339.3939393939394, 345.45454545454544, 351.5151515151515, 357.57575757575756, 363.6363636363636, 369.6969696969697, 375.75757575757575, 381.8181818181818, 387.8787878787879, 393.93939393939394, 400.0, 406.06060606060606, 412.1212121212121, 418.1818181818182, 424.24242424242425, 430.3030303030303, 436.3636363636364, 442.42424242424244, 448.4848484848485, 454.54545454545456, 460.6060606060606, 466.6666666666667, 472.72727272727275, 478.7878787878788, 484.8484848484849, 490.9090909090909, 496.96969696969694, 503.030303030303, 509.09090909090907, 515.1515151515151, 521.2121212121212, 527.2727272727273, 533.3333333333334, 539.3939393939394, 545.4545454545455, 551.5151515151515, 557.5757575757576, 563.6363636363636, 569.6969696969697, 575.7575757575758, 581.8181818181818, 587.8787878787879, 593.9393939393939, 600.0],
         "dplt_at_force_location": -4.984008789062506,
         "maximum_dplt": -4.984008789062506,
         "location_max_dplt": 600.0
    },
     "metadata": {
         "error_code": 0,
         "model": "BendingTestAnalytical",
         "load_case": "Cantilever",
         "description": "",
         "job_name": "",
         "persistent_result_files": "",
         "n_cpus": 1,
         "date": "2026-06-16 18:12:37.449744",
         "cpu_time": 0.2465224266052246,
         "user": "sebastien.bocquet",
         "machine": "PCBM20250036",
         "vims_git_version": "5cd5cf5ab4caf1fa2c2190f0396e06b5b5639fd0",
         "directory_archive_root": "C:\\Users\\sebastien.bocquet\\Dev\\vimseo\\docs\\runnable_examples\\model_runs\\archive\\calibration_scalars",
         "directory_archive_job": "C:\\Users\\sebastien.bocquet\\Dev\\vimseo\\docs\\runnable_examples\\model_runs\\archive\\calibration_scalars\\BendingTestAnalytical\\Cantilever\\935",
         "directory_scratch_root": "C:\\Users\\sebastien.bocquet\\Dev\\vimseo\\docs\\runnable_examples\\model_runs\\scratch\\calibration_scalars",
         "directory_scratch_job": ""
    }
}