{
     "inputs": {
         "young_modulus": 224804.6875,
         "Cantilever:length": 600.0,
         "Cantilever:width": 29.966064453125,
         "Cantilever:height": 40.191162109375,
         "Cantilever:imposed_dplt": -5.030029296875,
         "Cantilever:relative_dplt_location": 1.0,
         "Cantilever:nu_p": 0.3
    },
     "outputs": {
         "length": 600.0,
         "width": 29.966064453125,
         "height": 40.191162109375,
         "imposed_dplt": -5.030029296875,
         "relative_dplt_location": 1.0,
         "nu_p": 0.3,
         "reaction_forces": -2546.1473618355494,
         "moment": [1527688.4171013297, 0.0],
         "moment_grid": [0.0, 600.0],
         "dplt": [0.0, -0.0007672318903116474, -0.0030585595627288568, -0.006858431019475055, -0.012151294262773654, -0.018921597294848064, -0.02715378811792167, -0.03683231473421793, -0.047941625145960225, -0.06046616735537197, -0.07439038936467657, -0.08969873917609747, -0.10637566479185805, -0.12440561421418173, -0.14377303544529194, -0.16446237648741205, -0.1864580853427655, -0.2097446100135758, -0.2343063985020662, -0.26012789881046006, -0.28719355894098103, -0.31548782689585236, -0.3449951506772977, -0.3756999782875402, -0.40758675772880315, -0.4406399370033104, -0.474843964113285, -0.5101832870609505, -0.5466423538485303, -0.5842056124782479, -0.6228575109523266, -0.6625824972729899, -0.7033650194424609, -0.7451895254629635, -0.7880404633367208, -0.8319022810659562, -0.8767594266528934, -0.9225963480997555, -0.9693974934087658, -1.017147310582148, -1.0658302476221255, -1.115430752530922, -1.16593327331076, -1.2173222579638638, -1.2695821544924568, -1.3226974108987615, -1.3766524751850024, -1.4314317953534017, -1.4870198194061839, -1.5434009953455723, -1.6005597711737898, -1.6584805948930605, -1.717147914505607, -1.7765461780136533, -1.8366598334194224, -1.897473328725138, -1.9589711119330238, -2.0211376310453026, -2.0839573340641984, -2.147414668991934, -2.211494083830733, -2.2761800265828183, -2.3414569452504153, -2.4073092878357447, -2.473721502341033, -2.5406780367685, -2.608163339120372, -2.67616185739887, -2.7446580396062212, -2.813636333744644, -2.8830811878163667, -2.952977049823609, -3.0233083677685957, -3.09405958965355, -3.1652151634806973, -3.236759537252258, -3.308677158970458, -3.3809524766375167, -3.4535699382556633, -3.5265139918271164, -3.599769085354103, -3.6733196668388426, -3.747150184283562, -3.821245085690483, -3.8955888190618295, -3.970165832399826, -4.044960573706693, -4.119957490984657, -4.19514103223594, -4.2704956454627645, -4.346005778667355, -4.421655879851936, -4.497430397018727, -4.573313778169956, -4.649290471307845, -4.725344924434616, -4.8014615855524925, -4.8776249026637, -4.9538193237704595, -5.030029296874999],
         "dplt_grid": [0.0, 6.0606060606060606, 12.121212121212121, 18.18181818181818, 24.242424242424242, 30.303030303030305, 36.36363636363636, 42.42424242424242, 48.484848484848484, 54.54545454545455, 60.60606060606061, 66.66666666666667, 72.72727272727272, 78.78787878787878, 84.84848484848484, 90.9090909090909, 96.96969696969697, 103.03030303030303, 109.0909090909091, 115.15151515151516, 121.21212121212122, 127.27272727272727, 133.33333333333334, 139.3939393939394, 145.45454545454544, 151.5151515151515, 157.57575757575756, 163.63636363636363, 169.6969696969697, 175.75757575757575, 181.8181818181818, 187.87878787878788, 193.93939393939394, 200.0, 206.06060606060606, 212.12121212121212, 218.1818181818182, 224.24242424242425, 230.3030303030303, 236.36363636363637, 242.42424242424244, 248.48484848484847, 254.54545454545453, 260.6060606060606, 266.6666666666667, 272.72727272727275, 278.7878787878788, 284.8484848484849, 290.9090909090909, 296.96969696969694, 303.030303030303, 309.09090909090907, 315.1515151515151, 321.2121212121212, 327.27272727272725, 333.3333333333333, 339.3939393939394, 345.45454545454544, 351.5151515151515, 357.57575757575756, 363.6363636363636, 369.6969696969697, 375.75757575757575, 381.8181818181818, 387.8787878787879, 393.93939393939394, 400.0, 406.06060606060606, 412.1212121212121, 418.1818181818182, 424.24242424242425, 430.3030303030303, 436.3636363636364, 442.42424242424244, 448.4848484848485, 454.54545454545456, 460.6060606060606, 466.6666666666667, 472.72727272727275, 478.7878787878788, 484.8484848484849, 490.9090909090909, 496.96969696969694, 503.030303030303, 509.09090909090907, 515.1515151515151, 521.2121212121212, 527.2727272727273, 533.3333333333334, 539.3939393939394, 545.4545454545455, 551.5151515151515, 557.5757575757576, 563.6363636363636, 569.6969696969697, 575.7575757575758, 581.8181818181818, 587.8787878787879, 593.9393939393939, 600.0],
         "dplt_at_force_location": -5.030029296874999,
         "maximum_dplt": -5.030029296874999,
         "location_max_dplt": 600.0
    },
     "metadata": {
         "error_code": 0,
         "model": "BendingTestAnalytical",
         "load_case": "Cantilever",
         "description": "",
         "job_name": "",
         "persistent_result_files": "",
         "n_cpus": 1,
         "date": "2026-03-17 09:06:05.108303",
         "cpu_time": 0.022454023361206055,
         "user": "sebastien.bocquet",
         "machine": "B20191729",
         "vims_git_version": "1b6e7132b9faba0cc93317d127a381ee76a8cb8e",
         "directory_archive_root": "C:\\Users\\sebastien.bocquet\\PycharmProjects\\vimseo\\docs\\runnable_examples\\model_runs\\archive\\calibration_coupled",
         "directory_archive_job": "C:\\Users\\sebastien.bocquet\\PycharmProjects\\vimseo\\docs\\runnable_examples\\model_runs\\archive\\calibration_coupled\\BendingTestAnalytical\\Cantilever\\78",
         "directory_scratch_root": "C:\\Users\\sebastien.bocquet\\PycharmProjects\\vimseo\\docs\\runnable_examples\\model_runs\\scratch\\calibration_coupled",
         "directory_scratch_job": ""
    }
}