{
     "inputs": {
         "length": 608.3756921583239,
         "width": 30.74538660889106,
         "height": 39.907355861860275,
         "imposed_dplt": -14.788699172557017,
         "relative_dplt_location": 0.8725553628835491,
         "young_modulus": 203786.58294724408,
         "nu_p": 0.3005464271897924
    },
     "outputs": {
         "reaction_forces": -9842.147149246368,
         "moment": [5224619.888621199, 0.0, 0.0],
         "moment_grid": [0.0, 530.8414728407366, 608.3756921583239],
         "dplt": [0.0, -0.0029613229317818055, -0.011799406233273416, -0.026445421663694187, -0.04683054098226345, -0.07288593594820053, -0.10454277832072473, -0.14173223985905542, -0.18438549232241197, -0.23243370747001355, -0.2858080570610797, -0.34443971285482966, -0.4082598466104826, -0.4771996300872583, -0.5511902350443756, -0.6301628332410537, -0.7140485964365125, -0.8027786963899712, -0.8962843048606488, -0.99453569316058, -1.0975107097139205, -1.2051305248581197, -1.3173163748754018, -1.4339898769406219, -1.555073029121268, -1.6804882103774585, -1.8101581805619436, -1.9440060804201045, -2.081955431589954, -2.2239301366021373, -2.3698544788799305, -2.519653122739241, -2.6732511133886074, -2.8305738769292006, -2.991547220354823, -3.1560973315519067, -3.324150779299517, -3.4956345132693514, -3.670475864025737, -3.848602543025634, -4.029942642618632, -4.214424636046955, -4.401977377445455, -4.592530101841617, -4.786012425155561, -4.982354344200031, -5.18148623668041, -5.38333886119471, -5.58784335723357, -5.794931245180269, -6.004534426310705, -6.216585182793426, -6.431016177689591, -6.647760454953004, -6.866751439430099, -7.087922936859935, -7.311209133874209, -7.536544597997246, -7.763864277646004, -7.993103502130074, -8.224197981651672, -8.457083807305658, -8.691697451079504, -8.927975765853335, -9.16585598539989, -9.405275724384552, -9.646172978365334, -9.888486123792864, -10.132153918010427, -10.37711549925392, -10.623310386651887, -10.870678480225484, -11.119160060888511, -11.368695790447402, -11.619226711601218, -11.870694247941655, -12.12304020395303, -12.3762067650123, -12.630136497389055, -12.884772348245512, -13.140057645636526, -13.395936098509573, -13.652351796704766, -13.909249210954851, -14.166573192885213, -14.424268975013845, -14.682282170751392, -14.940558774401124, -15.199045161158947, -15.457688087113395, -15.716434689245625, -15.975224853689866, -16.2340161613206, -16.49280746895134, -16.751598776582078, -17.010390084212812, -17.26918139184355, -17.527972699474283, -17.786764007105024, -18.04555531473576],
         "dplt_grid": [0.0, 6.145209011700241, 12.290418023400482, 18.435627035100723, 24.580836046800965, 30.726045058501207, 36.871254070201445, 43.01646308190169, 49.16167209360193, 55.30688110530217, 61.45209011700241, 67.59729912870266, 73.74250814040289, 79.88771715210314, 86.03292616380338, 92.17813517550361, 98.32334418720386, 104.4685531989041, 110.61376221060434, 116.75897122230458, 122.90418023400483, 129.04938924570507, 135.19459825740532, 141.33980726910553, 147.48501628080578, 153.63022529250603, 159.77543430420627, 165.92064331590652, 172.06585232760676, 178.21106133930698, 184.35627035100723, 190.50147936270747, 196.64668837440772, 202.79189738610796, 208.9371063978082, 215.08231540950845, 221.22752442120867, 227.37273343290892, 233.51794244460916, 239.6631514563094, 245.80836046800965, 251.9535694797099, 258.09877849141014, 264.24398750311036, 270.38919651481064, 276.53440552651085, 282.67961453821107, 288.82482354991134, 294.97003256161156, 301.11524157331183, 307.26045058501205, 313.4056595967123, 319.55086860841254, 325.69607762011276, 331.84128663181303, 337.98649564351325, 344.1317046552135, 350.27691366691374, 356.42212267861396, 362.56733169031423, 368.71254070201445, 374.8577497137147, 381.00295872541494, 387.1481677371152, 393.29337674881543, 399.43858576051565, 405.5837947722159, 411.72900378391614, 417.8742127956164, 424.01942180731663, 430.1646308190169, 436.3098398307171, 442.45504884241734, 448.6002578541176, 454.74546686581783, 460.8906758775181, 467.0358848892183, 473.18109390091854, 479.3263029126188, 485.47151192431903, 491.6167209360193, 497.7619299477195, 503.9071389594198, 510.05234797112, 516.1975569828203, 522.3427659945205, 528.4879750062207, 534.6331840179209, 540.7783930296213, 546.9236020413215, 553.0688110530217, 559.2140200647219, 565.3592290764221, 571.5044380881225, 577.6496470998227, 583.7948561115229, 589.9400651232231, 596.0852741349233, 602.2304831466237, 608.3756921583239],
         "dplt_at_force_location": -14.781197183444768,
         "maximum_dplt": -18.04555531473576,
         "location_max_dplt": 608.3756921583239
    },
     "metadata": {
         "error_code": 0,
         "model": "BendingTestAnalytical",
         "load_case": "Cantilever",
         "description": "",
         "job_name": "",
         "persistent_result_files": "",
         "n_cpus": 1,
         "date": "2026-03-17 09:07:43.790234",
         "cpu_time": 0.016596317291259766,
         "user": "sebastien.bocquet",
         "machine": "B20191729",
         "vims_git_version": "1b6e7132b9faba0cc93317d127a381ee76a8cb8e",
         "directory_archive_root": "C:\\Users\\sebastien.bocquet\\PycharmProjects\\vimseo\\docs\\runnable_examples\\model_runs\\archive\\uq",
         "directory_archive_job": "C:\\Users\\sebastien.bocquet\\PycharmProjects\\vimseo\\docs\\runnable_examples\\model_runs\\archive\\uq\\BendingTestAnalytical\\Cantilever\\29",
         "directory_scratch_root": "C:\\Users\\sebastien.bocquet\\PycharmProjects\\vimseo\\docs\\runnable_examples\\model_runs\\scratch\\uq",
         "directory_scratch_job": ""
    }
}