{
     "inputs": {
         "young_modulus": 224905.42700239795,
         "Cantilever:length": 600.0,
         "Cantilever:width": 30.5928955078125,
         "Cantilever:height": 40.24951171875,
         "Cantilever:imposed_dplt": -4.9840087890625,
         "Cantilever:relative_dplt_location": 1.0,
         "Cantilever:nu_p": 0.3
    },
     "outputs": {
         "length": 600.0,
         "width": 30.5928955078125,
         "height": 40.24951171875,
         "imposed_dplt": -4.9840087890625,
         "relative_dplt_location": 1.0,
         "nu_p": 0.3,
         "reaction_forces": -2588.0187830886034,
         "moment": [1552811.269853162, 0.0],
         "moment_grid": [0.0, 600.0],
         "dplt": [0.0, -0.0007602123683331122, -0.003030576333219837, -0.00679568218449126, -0.012040120211978473, -0.018748480705512553, -0.026905353954924577, -0.03649533025004564, -0.04750299988070685, -0.05991295313673926, -0.07370978030797394, -0.08887807168424204, -0.10540241755537456, -0.12326740821120268, -0.14245763394155744, -0.16295768503626984, -0.1847521517851711, -0.20782562447809227, -0.23216269340486442, -0.2577479488553191, -0.28456598111928655, -0.31260138048659813, -0.34183873724708513, -0.37226264169057854, -0.40385768410690925, -0.4366084547859087, -0.4704995440174078, -0.5055155420912377, -0.5416410392972294, -0.578860625925214, -0.6171588922650226, -0.6565204286064864, -0.6969298252394364, -0.7383716724537035, -0.7808305605391191, -0.824291079785514, -0.8687378204827195, -0.9141553729205667, -0.9605283273888863, -1.00784127417751, -1.0560788035762685, -1.1052255058749927, -1.155265971363514, -1.2061847903316636, -1.2579665530692725, -1.3105958498661718, -1.364057271012192, -1.418335406797165, -1.4734148475109212, -1.5292801834432916, -1.5859160048841088, -1.6433069021232027, -1.701437465450404, -1.7602922851555447, -1.8198559515284551, -1.8801130548589668, -1.9410481854369106, -2.002645933552118, -2.06489088949442, -2.127767643553647, -2.191260786019631, -2.2553549071822023, -2.320034597331193, -2.3852844467564327, -2.4510890457477537, -2.5174329845949863, -2.584300853587963, -2.6516772430165125, -2.7195467431704685, -2.7878939443396593, -2.8567034368139193, -2.925959810883077, -2.9956476568369648, -3.065751564965412, -3.1362561255582535, -3.207145928905315, -3.2784055652964326, -3.350019625021433, -3.4219726983701513, -3.494249375632416, -3.5668342470980607, -3.639711903056912, -3.712866933798805, -3.7862839296135697, -3.859947480791037, -3.9338421776210386, -4.007952610393404, -4.082263369397966, -4.156759044924556, -4.231424227263001, -4.306243506703138, -4.3812014735347935, -4.456282718047801, -4.531471830531991, -4.606753401277195, -4.682112020573241, -4.757532278709965, -4.832998765977196, -4.908496072664763, -4.984008789062501],
         "dplt_grid": [0.0, 6.0606060606060606, 12.121212121212121, 18.18181818181818, 24.242424242424242, 30.303030303030305, 36.36363636363636, 42.42424242424242, 48.484848484848484, 54.54545454545455, 60.60606060606061, 66.66666666666667, 72.72727272727272, 78.78787878787878, 84.84848484848484, 90.9090909090909, 96.96969696969697, 103.03030303030303, 109.0909090909091, 115.15151515151516, 121.21212121212122, 127.27272727272727, 133.33333333333334, 139.3939393939394, 145.45454545454544, 151.5151515151515, 157.57575757575756, 163.63636363636363, 169.6969696969697, 175.75757575757575, 181.8181818181818, 187.87878787878788, 193.93939393939394, 200.0, 206.06060606060606, 212.12121212121212, 218.1818181818182, 224.24242424242425, 230.3030303030303, 236.36363636363637, 242.42424242424244, 248.48484848484847, 254.54545454545453, 260.6060606060606, 266.6666666666667, 272.72727272727275, 278.7878787878788, 284.8484848484849, 290.9090909090909, 296.96969696969694, 303.030303030303, 309.09090909090907, 315.1515151515151, 321.2121212121212, 327.27272727272725, 333.3333333333333, 339.3939393939394, 345.45454545454544, 351.5151515151515, 357.57575757575756, 363.6363636363636, 369.6969696969697, 375.75757575757575, 381.8181818181818, 387.8787878787879, 393.93939393939394, 400.0, 406.06060606060606, 412.1212121212121, 418.1818181818182, 424.24242424242425, 430.3030303030303, 436.3636363636364, 442.42424242424244, 448.4848484848485, 454.54545454545456, 460.6060606060606, 466.6666666666667, 472.72727272727275, 478.7878787878788, 484.8484848484849, 490.9090909090909, 496.96969696969694, 503.030303030303, 509.09090909090907, 515.1515151515151, 521.2121212121212, 527.2727272727273, 533.3333333333334, 539.3939393939394, 545.4545454545455, 551.5151515151515, 557.5757575757576, 563.6363636363636, 569.6969696969697, 575.7575757575758, 581.8181818181818, 587.8787878787879, 593.9393939393939, 600.0],
         "dplt_at_force_location": -4.984008789062501,
         "maximum_dplt": -4.984008789062501,
         "location_max_dplt": 600.0
    },
     "metadata": {
         "error_code": 0,
         "model": "BendingTestAnalytical",
         "load_case": "Cantilever",
         "description": "",
         "job_name": "",
         "persistent_result_files": "",
         "n_cpus": 1,
         "date": "2026-06-16 18:11:11.287606",
         "cpu_time": 0.16703367233276367,
         "user": "sebastien.bocquet",
         "machine": "PCBM20250036",
         "vims_git_version": "5cd5cf5ab4caf1fa2c2190f0396e06b5b5639fd0",
         "directory_archive_root": "C:\\Users\\sebastien.bocquet\\Dev\\vimseo\\docs\\runnable_examples\\model_runs\\archive\\calibration_scalars",
         "directory_archive_job": "C:\\Users\\sebastien.bocquet\\Dev\\vimseo\\docs\\runnable_examples\\model_runs\\archive\\calibration_scalars\\BendingTestAnalytical\\Cantilever\\659",
         "directory_scratch_root": "C:\\Users\\sebastien.bocquet\\Dev\\vimseo\\docs\\runnable_examples\\model_runs\\scratch\\calibration_scalars",
         "directory_scratch_job": ""
    }
}