{
     "inputs": {
         "young_modulus": 224804.6875,
         "Cantilever:length": 600.0,
         "Cantilever:width": 30.0968017578125,
         "Cantilever:height": 39.488525390625,
         "Cantilever:imposed_dplt": -5.0556640625,
         "Cantilever:relative_dplt_location": 1.0,
         "Cantilever:nu_p": 0.3
    },
     "outputs": {
         "length": 600.0,
         "width": 30.0968017578125,
         "height": 39.488525390625,
         "imposed_dplt": -5.0556640625,
         "relative_dplt_location": 1.0,
         "nu_p": 0.3,
         "reaction_forces": -2437.827237633091,
         "moment": [1462696.3425798547, 0.0],
         "moment_grid": [0.0, 600.0],
         "dplt": [0.0, -0.0007711419688673285, -0.003074147038052188, -0.00689338395142889, -0.012213221452871749, -0.01901802828625507, -0.027292173195453157, -0.037020024924340346, -0.048185952216790916, -0.060774323816679174, -0.07476950846787947, -0.09015587491426609, -0.10691779189971333, -0.1250396281680955, -0.14450575246328695, -0.16530053352916196, -0.18740834010959487, -0.21081354094845997, -0.23550050478963153, -0.26145360037698423, -0.2886571964543918, -0.3170956617657288, -0.34675336505486964, -0.3776146750656885, -0.40966396054205956, -0.4428855902278575, -0.47726393286695645, -0.5127833572032306, -0.5494282319805545, -0.5871829259428022, -0.6260318078338483, -0.6659592463975668, -0.7069496103778322, -0.7489872685185187, -0.7920565895635008, -0.8361419422566527, -0.8812276953418487, -0.927298217562963, -0.97433787766387, -1.0223310443884441, -1.0712620864805598, -1.1211153726840908, -1.1718752717429117, -1.2235261524008971, -1.2760523834019215, -1.329438333489858, -1.383668371408582, -1.4387268659019676, -1.4945981857138886, -1.55126669958822, -1.608716776268836, -1.666932784499611, -1.7258990930244187, -1.7856000705871335, -1.8460200859316307, -1.9071435078017838, -1.9689547049414664, -2.0314380460945545, -2.0945779000049214, -2.1583586354164406, -2.2227646210729888, -2.2877802257184374, -2.3533898180966637, -2.419577766951539, -2.486328441026941, -2.5536262090667408, -2.6214554398148144, -2.689800502015035, -2.7586457644112787, -2.8279755957474175, -2.8977743647673284, -2.9680264402148837, -3.038716190833958, -3.1098279853684256, -3.1813461925621627, -3.25325518115904, -3.325539319902936, -3.3981829775377204, -3.471170522807272, -3.544486324455462, -3.6181147512261664, -3.692040171863258, -3.7662469551106117, -3.840719469712104, -3.915442084411606, -3.9903991679529938, -4.065575089080142, -4.140954216536922, -4.216520919067213, -4.292259565414885, -4.368154524323814, -4.444190164537873, -4.520350854800939, -4.596620963856885, -4.672984860449585, -4.749426913322912, -4.825931491220742, -4.902482962886952, -4.97906569706541, -5.055664062499996],
         "dplt_grid": [0.0, 6.0606060606060606, 12.121212121212121, 18.18181818181818, 24.242424242424242, 30.303030303030305, 36.36363636363636, 42.42424242424242, 48.484848484848484, 54.54545454545455, 60.60606060606061, 66.66666666666667, 72.72727272727272, 78.78787878787878, 84.84848484848484, 90.9090909090909, 96.96969696969697, 103.03030303030303, 109.0909090909091, 115.15151515151516, 121.21212121212122, 127.27272727272727, 133.33333333333334, 139.3939393939394, 145.45454545454544, 151.5151515151515, 157.57575757575756, 163.63636363636363, 169.6969696969697, 175.75757575757575, 181.8181818181818, 187.87878787878788, 193.93939393939394, 200.0, 206.06060606060606, 212.12121212121212, 218.1818181818182, 224.24242424242425, 230.3030303030303, 236.36363636363637, 242.42424242424244, 248.48484848484847, 254.54545454545453, 260.6060606060606, 266.6666666666667, 272.72727272727275, 278.7878787878788, 284.8484848484849, 290.9090909090909, 296.96969696969694, 303.030303030303, 309.09090909090907, 315.1515151515151, 321.2121212121212, 327.27272727272725, 333.3333333333333, 339.3939393939394, 345.45454545454544, 351.5151515151515, 357.57575757575756, 363.6363636363636, 369.6969696969697, 375.75757575757575, 381.8181818181818, 387.8787878787879, 393.93939393939394, 400.0, 406.06060606060606, 412.1212121212121, 418.1818181818182, 424.24242424242425, 430.3030303030303, 436.3636363636364, 442.42424242424244, 448.4848484848485, 454.54545454545456, 460.6060606060606, 466.6666666666667, 472.72727272727275, 478.7878787878788, 484.8484848484849, 490.9090909090909, 496.96969696969694, 503.030303030303, 509.09090909090907, 515.1515151515151, 521.2121212121212, 527.2727272727273, 533.3333333333334, 539.3939393939394, 545.4545454545455, 551.5151515151515, 557.5757575757576, 563.6363636363636, 569.6969696969697, 575.7575757575758, 581.8181818181818, 587.8787878787879, 593.9393939393939, 600.0],
         "dplt_at_force_location": -5.055664062499996,
         "maximum_dplt": -5.055664062499996,
         "location_max_dplt": 600.0
    },
     "metadata": {
         "error_code": 0,
         "model": "BendingTestAnalytical",
         "load_case": "Cantilever",
         "description": "",
         "job_name": "",
         "persistent_result_files": "",
         "n_cpus": 1,
         "date": "2026-03-26 14:57:31.877167",
         "cpu_time": 0.004500865936279297,
         "user": "sebastien.bocquet",
         "machine": "IPF7101",
         "vims_git_version": "d0050d8de498c8354552cdde540fb3e524454871",
         "directory_archive_root": "/home/sebastien.bocquet/PycharmProjects/vimseo/docs/runnable_examples/model_runs/archive/calibration_coupled",
         "directory_archive_job": "/home/sebastien.bocquet/PycharmProjects/vimseo/docs/runnable_examples/model_runs/archive/calibration_coupled/BendingTestAnalytical/Cantilever/77",
         "directory_scratch_root": "/home/sebastien.bocquet/PycharmProjects/vimseo/docs/runnable_examples/model_runs/scratch/calibration_coupled",
         "directory_scratch_job": ""
    }
}