{
     "inputs": {
         "young_modulus": 220000.0,
         "Cantilever:length": 600.0,
         "Cantilever:width": 29.61376953125,
         "Cantilever:height": 39.2391357421875,
         "Cantilever:imposed_dplt": -4.9503173828125,
         "Cantilever:relative_dplt_location": 1.0,
         "Cantilever:nu_p": 0.3
    },
     "outputs": {
         "length": 600.0,
         "width": 29.61376953125,
         "height": 39.2391357421875,
         "imposed_dplt": -4.9503173828125,
         "relative_dplt_location": 1.0,
         "nu_p": 0.3,
         "reaction_forces": -2255.2462764335223,
         "moment": [1353147.7658601133, 0.0],
         "moment_grid": [0.0, 600.0],
         "dplt": [0.0, -0.0007550734079456435, -0.003010089937080605, -0.006749744045351934, -0.011958730190706679, -0.018621742831091893, -0.0267234764244546, -0.03624862542874189, -0.04718188430190077, -0.05950794750187831, -0.07321150948662156, -0.08827726471407754, -0.10468990764219333, -0.12243413272891594, -0.1414946344321925, -0.16185610720996996, -0.18350324552019542, -0.20642074382081593, -0.23059329656977853, -0.25600559822503005, -0.2826423432445179, -0.310488226086189, -0.33952794120799046, -0.3697461830678691, -0.40112764612377205, -0.43365702483364665, -0.4673190136554396, -0.5020983070470981, -0.5379795994665693, -0.5749475853717998, -0.6129869592207371, -0.6520824154713282, -0.6922186485815198, -0.7333803530092595, -0.7755522232124941, -0.8187189536491701, -0.8628652387772355, -0.907975773054637, -0.9540352509393211, -1.0010283668892355, -1.0489398153623268, -1.0977542908165425, -1.1474564877098294, -1.198031100500135, -1.2494628236454053, -1.3017363516035882, -1.3548363788326305, -1.4087475997904793, -1.4634547089350811, -1.518942400724384, -1.5751953696163343, -1.6321983100688795, -1.6899359165399663, -1.7483928834875417, -1.8075539053695533, -1.8674036766439472, -1.9279268917686714, -1.9891082452016724, -2.050932431400898, -2.113384144824294, -2.1764480799298083, -2.2401089311753872, -2.304351393018979, -2.3691601599185295, -2.4345199263319866, -2.5004153867172967, -2.5668312355324074, -2.633752167235266, -2.701162876283819, -2.769048057136012, -2.8373924042497953, -2.906180612083113, -2.975397375093914, -3.0450273877401446, -3.115055344479753, -3.1854659397706833, -3.256243868070886, -3.3273738238383044, -3.3988405015308905, -3.470628595606587, -3.542722800523344, -3.6151078107391044, -3.6877683207118195, -3.760689024899435, -3.8338546177598976, -3.907249793751155, -3.980859247331153, -4.054667672957839, -4.1286597650891625, -4.202820218183065, -4.2771337266975, -4.35158498509041, -4.426158687819745, -4.500839529343449, -4.575612204119473, -4.650461406605759, -4.725371831260258, -4.800328172540916, -4.875315124905678, -4.950317382812497],
         "dplt_grid": [0.0, 6.0606060606060606, 12.121212121212121, 18.18181818181818, 24.242424242424242, 30.303030303030305, 36.36363636363636, 42.42424242424242, 48.484848484848484, 54.54545454545455, 60.60606060606061, 66.66666666666667, 72.72727272727272, 78.78787878787878, 84.84848484848484, 90.9090909090909, 96.96969696969697, 103.03030303030303, 109.0909090909091, 115.15151515151516, 121.21212121212122, 127.27272727272727, 133.33333333333334, 139.3939393939394, 145.45454545454544, 151.5151515151515, 157.57575757575756, 163.63636363636363, 169.6969696969697, 175.75757575757575, 181.8181818181818, 187.87878787878788, 193.93939393939394, 200.0, 206.06060606060606, 212.12121212121212, 218.1818181818182, 224.24242424242425, 230.3030303030303, 236.36363636363637, 242.42424242424244, 248.48484848484847, 254.54545454545453, 260.6060606060606, 266.6666666666667, 272.72727272727275, 278.7878787878788, 284.8484848484849, 290.9090909090909, 296.96969696969694, 303.030303030303, 309.09090909090907, 315.1515151515151, 321.2121212121212, 327.27272727272725, 333.3333333333333, 339.3939393939394, 345.45454545454544, 351.5151515151515, 357.57575757575756, 363.6363636363636, 369.6969696969697, 375.75757575757575, 381.8181818181818, 387.8787878787879, 393.93939393939394, 400.0, 406.06060606060606, 412.1212121212121, 418.1818181818182, 424.24242424242425, 430.3030303030303, 436.3636363636364, 442.42424242424244, 448.4848484848485, 454.54545454545456, 460.6060606060606, 466.6666666666667, 472.72727272727275, 478.7878787878788, 484.8484848484849, 490.9090909090909, 496.96969696969694, 503.030303030303, 509.09090909090907, 515.1515151515151, 521.2121212121212, 527.2727272727273, 533.3333333333334, 539.3939393939394, 545.4545454545455, 551.5151515151515, 557.5757575757576, 563.6363636363636, 569.6969696969697, 575.7575757575758, 581.8181818181818, 587.8787878787879, 593.9393939393939, 600.0],
         "dplt_at_force_location": -4.950317382812497,
         "maximum_dplt": -4.950317382812497,
         "location_max_dplt": 600.0
    },
     "metadata": {
         "error_code": 0,
         "model": "BendingTestAnalytical",
         "load_case": "Cantilever",
         "description": "",
         "job_name": "",
         "persistent_result_files": "",
         "n_cpus": 1,
         "date": "2026-03-17 09:06:24.355521",
         "cpu_time": 0.014316082000732422,
         "user": "sebastien.bocquet",
         "machine": "B20191729",
         "vims_git_version": "1b6e7132b9faba0cc93317d127a381ee76a8cb8e",
         "directory_archive_root": "C:\\Users\\sebastien.bocquet\\PycharmProjects\\vimseo\\docs\\runnable_examples\\model_runs\\archive\\calibration_scalars",
         "directory_archive_job": "C:\\Users\\sebastien.bocquet\\PycharmProjects\\vimseo\\docs\\runnable_examples\\model_runs\\archive\\calibration_scalars\\BendingTestAnalytical\\Cantilever\\11",
         "directory_scratch_root": "C:\\Users\\sebastien.bocquet\\PycharmProjects\\vimseo\\docs\\runnable_examples\\model_runs\\scratch\\calibration_scalars",
         "directory_scratch_job": ""
    }
}