{
     "inputs": {
         "length": 989.9463958677093,
         "width": 30.0,
         "height": 19.613266425152553,
         "imposed_dplt": 9.859991052632617,
         "relative_dplt_location": 0.6838001019707473,
         "young_modulus": 210000.0,
         "nu_p": 0.3
    },
     "outputs": {
         "reaction_forces": 377.7324905941891,
         "moment": [-255696.7348303318, 0.0, 0.0],
         "moment_grid": [0.0, 676.9254464399133, 989.9463958677093],
         "dplt": [0.0, 0.0032114069140851687, 0.01278206332994486, 0.02861662275798533, 0.050619738708612846, 0.07869606469223364, 0.112750254219254, 0.1526869608000802, 0.19841083794511843, 0.2498265391647751, 0.3068387179694564, 0.36935202786956833, 0.4372711223755178, 0.5105006549977106, 0.588945279246553, 0.6725096486324513, 0.761098416665812, 0.8546162368570411, 0.9529677627165448, 1.0560576477547294, 1.163790545482002, 1.2760711094087671, 1.3928039930454326, 1.5138938499024042, 1.6392453334900876, 1.7687630973188897, 1.902351794899217, 2.0399160797414755, 2.181360605356071, 2.3265900252534095, 2.4755089929438987, 2.6280221619379445, 2.7840341857459516, 2.9434497178783277, 3.106173411845479, 3.272109921157812, 3.441163899325731, 3.6132399998596454, 3.788242876269959, 3.9660771820670795, 4.146647570761411, 4.329858695863362, 4.515615210883338, 4.703821769331745, 4.894383024718991, 5.087203630555479, 5.282188240351619, 5.4792415076178145, 5.678268085864472, 5.879172628601998, 6.0818597893408, 6.2862342215912825, 6.492200578863855, 6.69966351466892, 6.908527682516887, 7.118697735918158, 7.330078328383141, 7.542574113422246, 7.756089744545871, 7.9705298752644325, 8.185799159088331, 8.401802249527972, 8.618443800093765, 8.835628464296112, 9.053260895645426, 9.271245747652108, 9.489486767590265, 9.70789031930195, 9.926424277732218, 10.145071906570452, 10.363817388852945, 10.582645826962914, 10.801543242630501, 11.02049657693276, 11.23949369029367, 11.458523362484126, 11.67757529262194, 11.896640099171853, 12.115709319945516, 12.334775412101507, 12.55383175214532, 12.77287263592937, 12.991893278652988, 13.21088981486243, 13.429859298450868, 13.648799702658398, 13.867709920072029, 14.086589762625696, 14.305439961600252, 14.524262167623466, 14.74305895067003, 14.961833800061555, 15.180591124466574, 15.399336251900534, 15.61807542972581, 15.836815824651687, 16.055565522734373, 16.274333529377003, 16.493129769329627, 16.71196508668921],
         "dplt_grid": [0.0, 9.999458544118275, 19.99891708823655, 29.998375632354822, 39.9978341764731, 49.997292720591375, 59.996751264709644, 69.99620980882793, 79.9956683529462, 89.99512689706447, 99.99458544118275, 109.99404398530102, 119.99350252941929, 129.99296107353757, 139.99241961765586, 149.9918781617741, 159.9913367058924, 169.99079525001068, 179.99025379412893, 189.98971233824722, 199.9891708823655, 209.98862942648375, 219.98808797060204, 229.98754651472032, 239.98700505883858, 249.98646360295686, 259.98592214707514, 269.9853806911934, 279.9848392353117, 289.98429777942994, 299.9837563235482, 309.9832148676665, 319.9826734117848, 329.98213195590307, 339.98159050002135, 349.98104904413964, 359.98050758825786, 369.97996613237615, 379.97942467649443, 389.9788832206127, 399.978341764731, 409.9778003088493, 419.9772588529675, 429.9767173970858, 439.9761759412041, 449.97563448532236, 459.97509302944064, 469.9745515735589, 479.97401011767715, 489.97346866179544, 499.9729272059137, 509.972385750032, 519.9718442941503, 529.9713028382686, 539.9707613823869, 549.9702199265051, 559.9696784706234, 569.9691370147417, 579.9685955588599, 589.9680541029782, 599.9675126470964, 609.9669711912147, 619.966429735333, 629.9658882794513, 639.9653468235696, 649.9648053676879, 659.9642639118061, 669.9637224559244, 679.9631810000427, 689.962639544161, 699.9620980882793, 709.9615566323974, 719.9610151765157, 729.960473720634, 739.9599322647523, 749.9593908088706, 759.9588493529889, 769.9583078971071, 779.9577664412254, 789.9572249853437, 799.956683529462, 809.9561420735803, 819.9556006176986, 829.9550591618168, 839.954517705935, 849.9539762500533, 859.9534347941716, 869.9528933382899, 879.9523518824082, 889.9518104265264, 899.9512689706447, 909.950727514763, 919.9501860588813, 929.9496446029996, 939.9491031471179, 949.9485616912361, 959.9480202353543, 969.9474787794726, 979.9469373235909, 989.9463958677093],
         "dplt_at_force_location": 9.860035867284136,
         "maximum_dplt": 16.71196508668921,
         "location_max_dplt": 989.9463958677093
    },
     "metadata": {
         "error_code": 0,
         "model": "BendingTestAnalytical",
         "load_case": "Cantilever",
         "description": "",
         "job_name": "",
         "persistent_result_files": "",
         "n_cpus": 1,
         "date": "2026-05-11 16:31:04.028496",
         "cpu_time": 0.004311800003051758,
         "user": "sebastien.bocquet",
         "machine": "IPF7101",
         "vims_git_version": "217052c17f058f04f66dd9a5910697a645d7951b",
         "directory_archive_root": "/home/sebastien.bocquet/PycharmProjects/vimseo/docs/runnable_examples/model_runs/archive/verification_vs_model",
         "directory_archive_job": "/home/sebastien.bocquet/PycharmProjects/vimseo/docs/runnable_examples/model_runs/archive/verification_vs_model/BendingTestAnalytical/Cantilever/56",
         "directory_scratch_root": "/home/sebastien.bocquet/PycharmProjects/vimseo/docs/runnable_examples/model_runs/scratch/verification_vs_model",
         "directory_scratch_job": ""
    }
}