{
     "inputs": {
         "length": 573.5902816678596,
         "width": 30.30261240428183,
         "height": 41.04601592199524,
         "imposed_dplt": -15.118380032569567,
         "relative_dplt_location": 0.8991811596279844,
         "young_modulus": 210785.34990843013,
         "nu_p": 0.3090481641206431
    },
     "outputs": {
         "reaction_forces": -12168.354098421569,
         "moment": [6275969.470353261, 0.0, 0.0],
         "moment_grid": [0.0, 515.7615746214482, 573.5902816678596],
         "dplt": [0.0, -0.002851034372121684, -0.01136127394468901, -0.025466423402005438, -0.04510218742837441, -0.07020427070809931, -0.1007083779254836, -0.13655021376483067, -0.17766548291044398, -0.2239898900466269, -0.27545913985768294, -0.3320089370279154, -0.3935749862416278, -0.4600929921831235, -0.5314986595367062, -0.6077276929866791, -0.6887157972173453, -0.774398676913009, -0.864712036757973, -0.9595915814365414, -1.0589730156330173, -1.1627920440317037, -1.2709843713169044, -1.3834857021729232, -1.5002317412840624, -1.6211581933346269, -1.7462007630089185, -1.8752951549912422, -2.008377073965901, -2.1453822246171974, -2.286246311629436, -2.4309050396869187, -2.579294113473951, -2.731349237674835, -2.8870061169738745, -3.046200456055373, -3.208867959603633, -3.374944332302959, -3.5443652788376547, -3.7170665038920228, -3.892983712150366, -4.072052608296989, -4.254208897016196, -4.439388282992288, -4.62752647090957, -4.818559165452345, -5.0124220713049175, -5.209050893151588, -5.408381335676664, -5.610349103564445, -5.814889901499238, -6.021939434165345, -6.231433406247066, -6.44330752242871, -6.657497487394578, -6.873939005828974, -7.0925677824162, -7.313319521840559, -7.536129928786357, -7.7609347079378965, -7.987669563979481, -8.216270201595412, -8.446672325469992, -8.678811640287533, -8.912623850732327, -9.148044661488685, -9.385009777240908, -9.623454902673302, -9.863315742470167, -10.104528001315808, -10.347027383894526, -10.590749594890626, -10.835630338988407, -11.081605320872185, -11.328610245226251, -11.576580816734918, -11.82545274008248, -12.075161719953249, -12.325643461031522, -12.576833668001603, -12.828668045547802, -13.081082298354413, -13.334012131105741, -13.587393248486098, -13.841161355179782, -14.095232420091573, -14.349519822555871, -14.603968353808101, -14.858529729597112, -15.11316250507101, -15.367832074777168, -15.62251067266222, -15.877177372072065, -16.131818085751867, -16.386425565846046, -16.640999403898306, -16.89554603085159, -17.150078717048117, -17.40461757222937, -17.659189545536087],
         "dplt_grid": [0.0, 5.793841228968279, 11.587682457936557, 17.381523686904835, 23.175364915873114, 28.969206144841394, 34.76304737380967, 40.55688860277795, 46.35072983174623, 52.144571060714505, 57.93841228968279, 63.73225351865106, 69.52609474761934, 75.31993597658762, 81.1137772055559, 86.90761843452418, 92.70145966349246, 98.49530089246073, 104.28914212142901, 110.0829833503973, 115.87682457936558, 121.67066580833385, 127.46450703730213, 133.25834826627042, 139.05218949523868, 144.84603072420697, 150.63987195317523, 156.43371318214352, 162.2275544111118, 168.02139564008007, 173.81523686904836, 179.60907809801662, 185.40291932698491, 191.1967605559532, 196.99060178492147, 202.78444301388976, 208.57828424285802, 214.3721254718263, 220.1659667007946, 225.95980792976286, 231.75364915873115, 237.5474903876994, 243.3413316166677, 249.135172845636, 254.92901407460425, 260.72285530357254, 266.51669653254083, 272.31053776150907, 278.10437899047736, 283.89822021944565, 289.69206144841394, 295.4859026773822, 301.27974390635046, 307.07358513531875, 312.86742636428704, 318.66126759325533, 324.4551088222236, 330.24895005119185, 336.04279128016015, 341.83663250912844, 347.6304737380967, 353.424314967065, 359.21815619603325, 365.01199742500154, 370.80583865396983, 376.5996798829381, 382.3935211119064, 388.18736234087464, 393.98120356984293, 399.7750447988112, 405.5688860277795, 411.3627272567478, 417.15656848571604, 422.9504097146843, 428.7442509436526, 434.5380921726209, 440.3319334015892, 446.12577463055743, 451.9196158595257, 457.713457088494, 463.5072983174623, 469.3011395464306, 475.0949807753988, 480.8888220043671, 486.6826632333354, 492.4765044623037, 498.270345691272, 504.0641869202402, 509.8580281492085, 515.6518693781768, 521.4457106071451, 527.2395518361134, 533.0333930650817, 538.82723429405, 544.6210755230181, 550.4149167519864, 556.2087579809547, 562.002599209923, 567.7964404388913, 573.5902816678596],
         "dplt_at_force_location": -15.117984623246901,
         "maximum_dplt": -17.659189545536087,
         "location_max_dplt": 573.5902816678596
    },
     "metadata": {
         "error_code": 0,
         "model": "BendingTestAnalytical",
         "load_case": "Cantilever",
         "description": "",
         "job_name": "",
         "persistent_result_files": "",
         "n_cpus": 1,
         "date": "2026-03-17 09:07:44.266544",
         "cpu_time": 0.016370534896850586,
         "user": "sebastien.bocquet",
         "machine": "B20191729",
         "vims_git_version": "1b6e7132b9faba0cc93317d127a381ee76a8cb8e",
         "directory_archive_root": "C:\\Users\\sebastien.bocquet\\PycharmProjects\\vimseo\\docs\\runnable_examples\\model_runs\\archive\\uq",
         "directory_archive_job": "C:\\Users\\sebastien.bocquet\\PycharmProjects\\vimseo\\docs\\runnable_examples\\model_runs\\archive\\uq\\BendingTestAnalytical\\Cantilever\\37",
         "directory_scratch_root": "C:\\Users\\sebastien.bocquet\\PycharmProjects\\vimseo\\docs\\runnable_examples\\model_runs\\scratch\\uq",
         "directory_scratch_job": ""
    }
}