{
     "inputs": {
         "young_modulus": 230000.0,
         "Cantilever:length": 600.0,
         "Cantilever:width": 29.4056396484375,
         "Cantilever:height": 40.0960693359375,
         "Cantilever:imposed_dplt": -5.01708984375,
         "Cantilever:relative_dplt_location": 1.0,
         "Cantilever:nu_p": 0.3
    },
     "outputs": {
         "length": 600.0,
         "width": 29.4056396484375,
         "height": 40.0960693359375,
         "imposed_dplt": -5.01708984375,
         "relative_dplt_location": 1.0,
         "nu_p": 0.3,
         "reaction_forces": -2531.640318702919,
         "moment": [1518984.1912217515, 0.0],
         "moment_grid": [0.0, 600.0],
         "dplt": [0.0, -0.0007652582316121112, -0.0030506915989942213, -0.006840788110965012, -0.012120035776343156, -0.018872922603947326, -0.02708393660259618, -0.03673756578110843, -0.0478182981483027, -0.0603106217129977, -0.0741990244840121, -0.08946799447016456, -0.10610201968027373, -0.12408558812315836, -0.14340318780763703, -0.16403930674252842, -0.1859784329366513, -0.20920505439882428, -0.23370365913786603, -0.2594587351625955, -0.2864547704818309, -0.31467625310439096, -0.3441076710390947, -0.3747335122947605, -0.40653826488020695, -0.4395064168042531, -0.4736224560757174, -0.5088708707034185, -0.5452361486961753, -0.582702778062806, -0.6212552468121297, -0.660878042952965, -0.7015556544941306, -0.7432725694444449, -0.7860132758127268, -0.8297622616077949, -0.874504014838468, -0.9202230235135646, -0.9669037756419033, -1.014530759232303, -1.0630884622935823, -1.1125613728345598, -1.1629339788640543, -1.2141907683908848, -1.2663162294238692, -1.3192948499718264, -1.3731111180435758, -1.4277495216479348, -1.4831945487937228, -1.5394306874897585, -1.5964424257448608, -1.6542142515678484, -1.712730652967539, -1.7719761179527524, -1.831935134532307, -1.892592190715021, -1.9539317745097131, -2.0159383739252026, -2.078596476970308, -2.141890571653847, -2.2058051459846397, -2.2703246879715038, -2.3354336856232587, -2.4011166269487223, -2.467357999956714, -2.534142292656052, -2.601453993055555, -2.6692775891640417, -2.737597568990332, -2.8063984205432413, -2.875664631831592, -2.9453806908642, -3.0155310856498865, -3.0861003041974673, -3.157072834515765, -3.228433164613593, -3.3001657824997745, -3.3722551761831254, -3.4446858336724673, -3.5174422429766152, -3.5905088921043906, -3.6638702690646108, -3.7375108618660944, -3.8114151585176614, -3.885567647028129, -3.959952815406318, -4.034555151661046, -4.109359143801129, -4.184349279835389, -4.2595100477726415, -4.334825935621711, -4.410281431391411, -4.48586102309056, -4.561549198727978, -4.637330446312487, -4.713189253852901, -4.789110109358039, -4.865077500836723, -4.941075916297769, -5.017089843749997],
         "dplt_grid": [0.0, 6.0606060606060606, 12.121212121212121, 18.18181818181818, 24.242424242424242, 30.303030303030305, 36.36363636363636, 42.42424242424242, 48.484848484848484, 54.54545454545455, 60.60606060606061, 66.66666666666667, 72.72727272727272, 78.78787878787878, 84.84848484848484, 90.9090909090909, 96.96969696969697, 103.03030303030303, 109.0909090909091, 115.15151515151516, 121.21212121212122, 127.27272727272727, 133.33333333333334, 139.3939393939394, 145.45454545454544, 151.5151515151515, 157.57575757575756, 163.63636363636363, 169.6969696969697, 175.75757575757575, 181.8181818181818, 187.87878787878788, 193.93939393939394, 200.0, 206.06060606060606, 212.12121212121212, 218.1818181818182, 224.24242424242425, 230.3030303030303, 236.36363636363637, 242.42424242424244, 248.48484848484847, 254.54545454545453, 260.6060606060606, 266.6666666666667, 272.72727272727275, 278.7878787878788, 284.8484848484849, 290.9090909090909, 296.96969696969694, 303.030303030303, 309.09090909090907, 315.1515151515151, 321.2121212121212, 327.27272727272725, 333.3333333333333, 339.3939393939394, 345.45454545454544, 351.5151515151515, 357.57575757575756, 363.6363636363636, 369.6969696969697, 375.75757575757575, 381.8181818181818, 387.8787878787879, 393.93939393939394, 400.0, 406.06060606060606, 412.1212121212121, 418.1818181818182, 424.24242424242425, 430.3030303030303, 436.3636363636364, 442.42424242424244, 448.4848484848485, 454.54545454545456, 460.6060606060606, 466.6666666666667, 472.72727272727275, 478.7878787878788, 484.8484848484849, 490.9090909090909, 496.96969696969694, 503.030303030303, 509.09090909090907, 515.1515151515151, 521.2121212121212, 527.2727272727273, 533.3333333333334, 539.3939393939394, 545.4545454545455, 551.5151515151515, 557.5757575757576, 563.6363636363636, 569.6969696969697, 575.7575757575758, 581.8181818181818, 587.8787878787879, 593.9393939393939, 600.0],
         "dplt_at_force_location": -5.017089843749997,
         "maximum_dplt": -5.017089843749997,
         "location_max_dplt": 600.0
    },
     "metadata": {
         "error_code": 0,
         "model": "BendingTestAnalytical",
         "load_case": "Cantilever",
         "description": "",
         "job_name": "",
         "persistent_result_files": "",
         "n_cpus": 1,
         "date": "2026-03-17 09:05:56.493695",
         "cpu_time": 0.013666629791259766,
         "user": "sebastien.bocquet",
         "machine": "B20191729",
         "vims_git_version": "1b6e7132b9faba0cc93317d127a381ee76a8cb8e",
         "directory_archive_root": "C:\\Users\\sebastien.bocquet\\PycharmProjects\\vimseo\\docs\\runnable_examples\\model_runs\\archive\\calibration_coupled",
         "directory_archive_job": "C:\\Users\\sebastien.bocquet\\PycharmProjects\\vimseo\\docs\\runnable_examples\\model_runs\\archive\\calibration_coupled\\BendingTestAnalytical\\Cantilever\\15",
         "directory_scratch_root": "C:\\Users\\sebastien.bocquet\\PycharmProjects\\vimseo\\docs\\runnable_examples\\model_runs\\scratch\\calibration_coupled",
         "directory_scratch_job": ""
    }
}