{
     "inputs": {
         "young_modulus": 224782.71484375,
         "Cantilever:length": 600.0,
         "Cantilever:width": 29.7513427734375,
         "Cantilever:height": 39.251953125,
         "Cantilever:imposed_dplt": -5.041015625,
         "Cantilever:relative_dplt_location": 1.0,
         "Cantilever:nu_p": 0.3
    },
     "outputs": {
         "length": 600.0,
         "width": 29.7513427734375,
         "height": 39.251953125,
         "imposed_dplt": -5.041015625,
         "relative_dplt_location": 1.0,
         "nu_p": 0.3,
         "reaction_forces": -2359.7043843777806,
         "moment": [1415822.6306266685, 0.0],
         "moment_grid": [0.0, 600.0],
         "dplt": [0.0, -0.0007689076382640818, -0.0030652399092959996, -0.006873410847455271, -0.01217783448710141, -0.018962924862593926, -0.027213096008292307, -0.036912761958556105, -0.04804633674774478, -0.06059823441021788, -0.07455286898033488, -0.08989465449245532, -0.10660800498093871, -0.12467733448014455, -0.1440870570244324, -0.16482158664816168, -0.18686533738569194, -0.2102027232713828, -0.23481815833959363, -0.2606960566246846, -0.2878208321610141, -0.31617689898294216, -0.3457486711248284, -0.3765205626210322, -0.4084769875059129, -0.44160235981383034, -0.47588109357914393, -0.5112976028362132, -0.5478363016193976, -0.5854816039630566, -0.6242179239015498, -0.6640296754692369, -0.7049012727004768, -0.7468171296296297, -0.7897616602910547, -0.8337192787191113, -0.8786743989481594, -0.9246114350125582, -0.9715148009466671, -1.019368910784846, -1.068158178561454, -1.1178670183108508, -1.168479844067396, -1.219981069865449, -1.2723551097393697, -1.3255863777235166, -1.3796592878522502, -1.4345582541599295, -1.4902676906809138, -1.5467720114495636, -1.6040556305002378, -1.662102961867296, -1.7208984195850974, -1.7804264176880016, -1.8406713702103688, -1.9016176911865574, -1.9632497946509277, -2.025552094637839, -2.088509005181651, -2.152104940316723, -2.2163243140774145, -2.281151540498084, -2.3465710336130936, -2.4125672074568, -2.479124476063565, -2.5462272534677464, -2.6138599537037046, -2.682006990805799, -2.75065277880839, -2.819781731745834, -2.8893782636524947, -2.959426788562728, -3.029911720510895, -3.1008174735313565, -3.172128461658471, -3.2438290989265948, -3.3159037993700933, -3.3883369770233207, -3.4611130459206416, -3.5342164200964103, -3.6076315135849906, -3.6813427404207384, -3.7553345146380157, -3.8295912502711817, -3.904097361354594, -3.978837261922616, -4.053795366009605, -4.128956087649918, -4.204303840877919, -4.2798230397279635, -4.355498098234415, -4.431313430431629, -4.507253450353967, -4.583302572035789, -4.659445209511456, -4.7356657768153205, -4.81194868798175, -4.888278357045102, -4.964639198039731, -5.041015625000005],
         "dplt_grid": [0.0, 6.0606060606060606, 12.121212121212121, 18.18181818181818, 24.242424242424242, 30.303030303030305, 36.36363636363636, 42.42424242424242, 48.484848484848484, 54.54545454545455, 60.60606060606061, 66.66666666666667, 72.72727272727272, 78.78787878787878, 84.84848484848484, 90.9090909090909, 96.96969696969697, 103.03030303030303, 109.0909090909091, 115.15151515151516, 121.21212121212122, 127.27272727272727, 133.33333333333334, 139.3939393939394, 145.45454545454544, 151.5151515151515, 157.57575757575756, 163.63636363636363, 169.6969696969697, 175.75757575757575, 181.8181818181818, 187.87878787878788, 193.93939393939394, 200.0, 206.06060606060606, 212.12121212121212, 218.1818181818182, 224.24242424242425, 230.3030303030303, 236.36363636363637, 242.42424242424244, 248.48484848484847, 254.54545454545453, 260.6060606060606, 266.6666666666667, 272.72727272727275, 278.7878787878788, 284.8484848484849, 290.9090909090909, 296.96969696969694, 303.030303030303, 309.09090909090907, 315.1515151515151, 321.2121212121212, 327.27272727272725, 333.3333333333333, 339.3939393939394, 345.45454545454544, 351.5151515151515, 357.57575757575756, 363.6363636363636, 369.6969696969697, 375.75757575757575, 381.8181818181818, 387.8787878787879, 393.93939393939394, 400.0, 406.06060606060606, 412.1212121212121, 418.1818181818182, 424.24242424242425, 430.3030303030303, 436.3636363636364, 442.42424242424244, 448.4848484848485, 454.54545454545456, 460.6060606060606, 466.6666666666667, 472.72727272727275, 478.7878787878788, 484.8484848484849, 490.9090909090909, 496.96969696969694, 503.030303030303, 509.09090909090907, 515.1515151515151, 521.2121212121212, 527.2727272727273, 533.3333333333334, 539.3939393939394, 545.4545454545455, 551.5151515151515, 557.5757575757576, 563.6363636363636, 569.6969696969697, 575.7575757575758, 581.8181818181818, 587.8787878787879, 593.9393939393939, 600.0],
         "dplt_at_force_location": -5.041015625000005,
         "maximum_dplt": -5.041015625000005,
         "location_max_dplt": 600.0
    },
     "metadata": {
         "error_code": 0,
         "model": "BendingTestAnalytical",
         "load_case": "Cantilever",
         "description": "",
         "job_name": "",
         "persistent_result_files": "",
         "n_cpus": 1,
         "date": "2026-06-16 18:09:53.796120",
         "cpu_time": 0.1737196445465088,
         "user": "sebastien.bocquet",
         "machine": "PCBM20250036",
         "vims_git_version": "3de96ae2320a30b8a84551033e41da0fca6276ac",
         "directory_archive_root": "C:\\Users\\sebastien.bocquet\\Dev\\vimseo\\docs\\runnable_examples\\model_runs\\archive\\calibration_coupled",
         "directory_archive_job": "C:\\Users\\sebastien.bocquet\\Dev\\vimseo\\docs\\runnable_examples\\model_runs\\archive\\calibration_coupled\\BendingTestAnalytical\\Cantilever\\250",
         "directory_scratch_root": "C:\\Users\\sebastien.bocquet\\Dev\\vimseo\\docs\\runnable_examples\\model_runs\\scratch\\calibration_coupled",
         "directory_scratch_job": ""
    }
}