{
     "inputs": {
         "young_modulus": 219396.2904293925,
         "Cantilever:length": 600.0,
         "Cantilever:width": 29.499755859375,
         "Cantilever:height": 40.2801513671875,
         "Cantilever:imposed_dplt": -5.006591796875,
         "Cantilever:relative_dplt_location": 1.0,
         "Cantilever:nu_p": 0.3
    },
     "outputs": {
         "length": 600.0,
         "width": 29.499755859375,
         "height": 40.2801513671875,
         "imposed_dplt": -5.006591796875,
         "relative_dplt_location": 1.0,
         "nu_p": 0.3,
         "reaction_forces": -2451.0345020759496,
         "moment": [1470620.7012455699, 0.0],
         "moment_grid": [0.0, 600.0],
         "dplt": [0.0, -0.0007636569613464515, -0.003044308156718959, -0.00682647405311726, -0.012094675117541087, -0.01883343181699018, -0.027027264618464247, -0.036660693988963065, -0.047718240395486326, -0.06018442430503379, -0.07404376618460516, -0.08928078650120022, -0.10588000572181865, -0.12382594431346022, -0.14310312274312467, -0.16369606147781166, -0.18558928098452104, -0.20876730173025254, -0.2332146441820057, -0.2589158288067808, -0.28585537607157696, -0.31401780644339394, -0.3433876403892319, -0.37394939837609026, -0.40568760087096867, -0.4385867683408672, -0.47263142125278534, -0.507806080073723, -0.5440952652706796, -0.5814834973106553, -0.6199552966606495, -0.6594951837876621, -0.7000876791586927, -0.7417173032407411, -0.7843685765008075, -0.8280260194058906, -0.8726741524229908, -0.9182974960191082, -0.9648805706612416, -1.0124078968163914, -1.060863994951557, -1.1102333855337383, -1.1605005890299351, -1.2116501259071473, -1.2636665166323742, -1.3165342816726155, -1.3702379414948713, -1.424762016566141, -1.4800910273534245, -1.536209494323722, -1.593101937944032, -1.6507528786813561, -1.7091468370026923, -1.7682683333750409, -1.8281018882654023, -1.8886320221407753, -1.9498432554681597, -2.011720108714556, -2.074247102346963, -2.1374087568323814, -2.20118959263781, -2.2655741302302492, -2.3305468900766995, -2.396092392644157, -2.4621951583996267, -2.528839707810104, -2.5960105613425912, -2.6636922394640865, -2.731869262641592, -2.8005261513421034, -2.869647426032625, -2.939217607180152, -3.009221215251688, -3.0796427707142304, -3.1504667940347812, -3.2216778056803363, -3.2932603261179, -3.3651988758144684, -3.437477975237043, -3.5100821448526234, -3.582995905128209, -3.6562037765307984, -3.729690279527394, -3.8034399345849947, -3.877437262170598, -3.951666782751207, -4.026113016793819, -4.100760484765433, -4.175593707133054, -4.2505972043636735, -4.325755496924298, -4.401053105281924, -4.476474549903553, -4.552004351256183, -4.627627029806817, -4.703327106022448, -4.779089100370082, -4.854897533316718, -4.930736925329354, -5.006591796874991],
         "dplt_grid": [0.0, 6.0606060606060606, 12.121212121212121, 18.18181818181818, 24.242424242424242, 30.303030303030305, 36.36363636363636, 42.42424242424242, 48.484848484848484, 54.54545454545455, 60.60606060606061, 66.66666666666667, 72.72727272727272, 78.78787878787878, 84.84848484848484, 90.9090909090909, 96.96969696969697, 103.03030303030303, 109.0909090909091, 115.15151515151516, 121.21212121212122, 127.27272727272727, 133.33333333333334, 139.3939393939394, 145.45454545454544, 151.5151515151515, 157.57575757575756, 163.63636363636363, 169.6969696969697, 175.75757575757575, 181.8181818181818, 187.87878787878788, 193.93939393939394, 200.0, 206.06060606060606, 212.12121212121212, 218.1818181818182, 224.24242424242425, 230.3030303030303, 236.36363636363637, 242.42424242424244, 248.48484848484847, 254.54545454545453, 260.6060606060606, 266.6666666666667, 272.72727272727275, 278.7878787878788, 284.8484848484849, 290.9090909090909, 296.96969696969694, 303.030303030303, 309.09090909090907, 315.1515151515151, 321.2121212121212, 327.27272727272725, 333.3333333333333, 339.3939393939394, 345.45454545454544, 351.5151515151515, 357.57575757575756, 363.6363636363636, 369.6969696969697, 375.75757575757575, 381.8181818181818, 387.8787878787879, 393.93939393939394, 400.0, 406.06060606060606, 412.1212121212121, 418.1818181818182, 424.24242424242425, 430.3030303030303, 436.3636363636364, 442.42424242424244, 448.4848484848485, 454.54545454545456, 460.6060606060606, 466.6666666666667, 472.72727272727275, 478.7878787878788, 484.8484848484849, 490.9090909090909, 496.96969696969694, 503.030303030303, 509.09090909090907, 515.1515151515151, 521.2121212121212, 527.2727272727273, 533.3333333333334, 539.3939393939394, 545.4545454545455, 551.5151515151515, 557.5757575757576, 563.6363636363636, 569.6969696969697, 575.7575757575758, 581.8181818181818, 587.8787878787879, 593.9393939393939, 600.0],
         "dplt_at_force_location": -5.006591796874991,
         "maximum_dplt": -5.006591796874991,
         "location_max_dplt": 600.0
    },
     "metadata": {
         "error_code": 0,
         "model": "BendingTestAnalytical",
         "load_case": "Cantilever",
         "description": "",
         "job_name": "",
         "persistent_result_files": "",
         "n_cpus": 1,
         "date": "2026-06-16 18:11:29.936282",
         "cpu_time": 0.1496751308441162,
         "user": "sebastien.bocquet",
         "machine": "PCBM20250036",
         "vims_git_version": "5cd5cf5ab4caf1fa2c2190f0396e06b5b5639fd0",
         "directory_archive_root": "C:\\Users\\sebastien.bocquet\\Dev\\vimseo\\docs\\runnable_examples\\model_runs\\archive\\calibration_scalars",
         "directory_archive_job": "C:\\Users\\sebastien.bocquet\\Dev\\vimseo\\docs\\runnable_examples\\model_runs\\archive\\calibration_scalars\\BendingTestAnalytical\\Cantilever\\726",
         "directory_scratch_root": "C:\\Users\\sebastien.bocquet\\Dev\\vimseo\\docs\\runnable_examples\\model_runs\\scratch\\calibration_scalars",
         "directory_scratch_job": ""
    }
}