{
     "inputs": {
         "young_modulus": 229396.2904293925,
         "Cantilever:length": 600.0,
         "Cantilever:width": 29.47705078125,
         "Cantilever:height": 39.377685546875,
         "Cantilever:imposed_dplt": -5.0565185546875,
         "Cantilever:relative_dplt_location": 1.0,
         "Cantilever:nu_p": 0.3
    },
     "outputs": {
         "length": 600.0,
         "width": 29.47705078125,
         "height": 39.377685546875,
         "imposed_dplt": -5.0565185546875,
         "relative_dplt_location": 1.0,
         "nu_p": 0.3,
         "reaction_forces": -2416.344447886264,
         "moment": [1449806.6687317584, 0.0],
         "moment_grid": [0.0, 600.0],
         "dplt": [0.0, -0.000771272304819185, -0.0030746666205629623, -0.006894549049160684, -0.012215285692541692, -0.01902124265263532, -0.027296786031370895, -0.03702628193067779, -0.04819409645248532, -0.06078459569872281, -0.07478214577131964, -0.09017111277220513, -0.10693586280330859, -0.12506076196655938, -0.1445301763638869, -0.16532847209722046, -0.18744001526848936, -0.21084917197962302, -0.2355403083325507, -0.2614977904292016, -0.2887059843715054, -0.31714925626139123, -0.34681197220078863, -0.3776784982916267, -0.4097332006358347, -0.4429604453353423, -0.47734459849207866, -0.5128700262079732, -0.5495210945849551, -0.5872821697249538, -0.6261376177298987, -0.6660718047017192, -0.7070690967423444, -0.7491138599537037, -0.7921904604377267, -0.8362832642963424, -0.8813766376314802, -0.9274549465450698, -0.9745025571390401, -1.0225038355153204, -1.0714431477758406, -1.1213048600225293, -1.1720733383573165, -1.2237329488821311, -1.2762680576989032, -1.329663030909561, -1.3839022346160343, -1.4389700349202525, -1.494850797924145, -1.5515288897296413, -1.6089886764386703, -1.6672145241531624, -1.7261907989750456, -1.7859018670062494, -1.846332094348704, -1.907465847104338, -1.9692874913750813, -2.0317813932628632, -2.0949319188696123, -2.1587234342972583, -2.223140305647731, -2.2881668990229587, -2.3537875805248727, -2.4199867162554, -2.4867486723164722, -2.554057814810016, -2.6218985098379632, -2.6902551235022414, -2.759112021904782, -2.8284535711475116, -2.898264137332362, -2.9685280865612604, -3.0392297849361385, -3.1103535985589232, -3.1818838935315465, -3.2538050359559345, -3.32610139193402, -3.398757327567729, -3.471757208958994, -3.5450854022097418, -3.6187262734219043, -3.6926641886974063, -3.7668835141381822, -3.841368615846159, -3.916103859923266, -3.9910736124714346, -4.066262239592591, -4.141654107388666, -4.217233581961591, -4.29298502941329, -4.368892815845697, -4.4449413073607404, -4.521114870060349, -4.597397870046451, -4.673774673420978, -4.750229646285858, -4.826747154743019, -4.903311564894396, -4.97990724284191, -5.056518554687497],
         "dplt_grid": [0.0, 6.0606060606060606, 12.121212121212121, 18.18181818181818, 24.242424242424242, 30.303030303030305, 36.36363636363636, 42.42424242424242, 48.484848484848484, 54.54545454545455, 60.60606060606061, 66.66666666666667, 72.72727272727272, 78.78787878787878, 84.84848484848484, 90.9090909090909, 96.96969696969697, 103.03030303030303, 109.0909090909091, 115.15151515151516, 121.21212121212122, 127.27272727272727, 133.33333333333334, 139.3939393939394, 145.45454545454544, 151.5151515151515, 157.57575757575756, 163.63636363636363, 169.6969696969697, 175.75757575757575, 181.8181818181818, 187.87878787878788, 193.93939393939394, 200.0, 206.06060606060606, 212.12121212121212, 218.1818181818182, 224.24242424242425, 230.3030303030303, 236.36363636363637, 242.42424242424244, 248.48484848484847, 254.54545454545453, 260.6060606060606, 266.6666666666667, 272.72727272727275, 278.7878787878788, 284.8484848484849, 290.9090909090909, 296.96969696969694, 303.030303030303, 309.09090909090907, 315.1515151515151, 321.2121212121212, 327.27272727272725, 333.3333333333333, 339.3939393939394, 345.45454545454544, 351.5151515151515, 357.57575757575756, 363.6363636363636, 369.6969696969697, 375.75757575757575, 381.8181818181818, 387.8787878787879, 393.93939393939394, 400.0, 406.06060606060606, 412.1212121212121, 418.1818181818182, 424.24242424242425, 430.3030303030303, 436.3636363636364, 442.42424242424244, 448.4848484848485, 454.54545454545456, 460.6060606060606, 466.6666666666667, 472.72727272727275, 478.7878787878788, 484.8484848484849, 490.9090909090909, 496.96969696969694, 503.030303030303, 509.09090909090907, 515.1515151515151, 521.2121212121212, 527.2727272727273, 533.3333333333334, 539.3939393939394, 545.4545454545455, 551.5151515151515, 557.5757575757576, 563.6363636363636, 569.6969696969697, 575.7575757575758, 581.8181818181818, 587.8787878787879, 593.9393939393939, 600.0],
         "dplt_at_force_location": -5.056518554687497,
         "maximum_dplt": -5.056518554687497,
         "location_max_dplt": 600.0
    },
     "metadata": {
         "error_code": 0,
         "model": "BendingTestAnalytical",
         "load_case": "Cantilever",
         "description": "",
         "job_name": "",
         "persistent_result_files": "",
         "n_cpus": 1,
         "date": "2026-06-16 18:11:25.675747",
         "cpu_time": 0.25279974937438965,
         "user": "sebastien.bocquet",
         "machine": "PCBM20250036",
         "vims_git_version": "5cd5cf5ab4caf1fa2c2190f0396e06b5b5639fd0",
         "directory_archive_root": "C:\\Users\\sebastien.bocquet\\Dev\\vimseo\\docs\\runnable_examples\\model_runs\\archive\\calibration_scalars",
         "directory_archive_job": "C:\\Users\\sebastien.bocquet\\Dev\\vimseo\\docs\\runnable_examples\\model_runs\\archive\\calibration_scalars\\BendingTestAnalytical\\Cantilever\\711",
         "directory_scratch_root": "C:\\Users\\sebastien.bocquet\\Dev\\vimseo\\docs\\runnable_examples\\model_runs\\scratch\\calibration_scalars",
         "directory_scratch_job": ""
    }
}