{
     "inputs": {
         "young_modulus": 224905.42700239795,
         "Cantilever:length": 600.0,
         "Cantilever:width": 29.47705078125,
         "Cantilever:height": 39.377685546875,
         "Cantilever:imposed_dplt": -5.0565185546875,
         "Cantilever:relative_dplt_location": 1.0,
         "Cantilever:nu_p": 0.3
    },
     "outputs": {
         "length": 600.0,
         "width": 29.47705078125,
         "height": 39.377685546875,
         "imposed_dplt": -5.0565185546875,
         "relative_dplt_location": 1.0,
         "nu_p": 0.3,
         "reaction_forces": -2369.0399649422648,
         "moment": [1421423.9789653588, 0.0],
         "moment_grid": [0.0, 600.0],
         "dplt": [0.0, -0.0007712723048191853, -0.0030746666205629615, -0.006894549049160679, -0.012215285692541678, -0.019021242652635297, -0.027296786031370864, -0.03702628193067775, -0.04819409645248527, -0.06078459569872278, -0.07478214577131959, -0.09017111277220509, -0.10693586280330854, -0.1250607619665594, -0.1445301763638869, -0.16532847209722043, -0.18744001526848933, -0.210849171979623, -0.23554030833255069, -0.26149779042920174, -0.2887059843715056, -0.3171492562613914, -0.3468119722007888, -0.3776784982916269, -0.40973320063583496, -0.44296044533534257, -0.477344598492079, -0.5128700262079735, -0.5495210945849556, -0.5872821697249542, -0.6261376177298992, -0.6660718047017198, -0.707069096742345, -0.7491138599537043, -0.7921904604377273, -0.836283264296343, -0.881376637631481, -0.9274549465450704, -0.9745025571390408, -1.0225038355153213, -1.0714431477758413, -1.1213048600225304, -1.1720733383573174, -1.2237329488821325, -1.2762680576989043, -1.3296630309095618, -1.3839022346160355, -1.4389700349202539, -1.4948507979241463, -1.5515288897296426, -1.6089886764386718, -1.6672145241531637, -1.7261907989750467, -1.7859018670062508, -1.8463320943487056, -1.9074658471043395, -1.9692874913750829, -2.0317813932628646, -2.094931918869613, -2.1587234342972597, -2.2231403056477324, -2.2881668990229604, -2.353787580524874, -2.419986716255401, -2.486748672316473, -2.554057814810018, -2.6218985098379646, -2.690255123502243, -2.7591120219047833, -2.8284535711475125, -2.8982641373323634, -2.9685280865612618, -3.039229784936139, -3.1103535985589246, -3.1818838935315474, -3.2538050359559354, -3.326101391934021, -3.3987573275677296, -3.471757208958995, -3.545085402209743, -3.6187262734219052, -3.692664188697408, -3.766883514138183, -3.841368615846161, -3.9161038599232683, -3.9910736124714368, -4.066262239592593, -4.141654107388668, -4.217233581961592, -4.292985029413292, -4.368892815845699, -4.444941307360742, -4.521114870060351, -4.597397870046452, -4.673774673420981, -4.750229646285859, -4.826747154743022, -4.9033115648943975, -4.979907242841912, -5.056518554687501],
         "dplt_grid": [0.0, 6.0606060606060606, 12.121212121212121, 18.18181818181818, 24.242424242424242, 30.303030303030305, 36.36363636363636, 42.42424242424242, 48.484848484848484, 54.54545454545455, 60.60606060606061, 66.66666666666667, 72.72727272727272, 78.78787878787878, 84.84848484848484, 90.9090909090909, 96.96969696969697, 103.03030303030303, 109.0909090909091, 115.15151515151516, 121.21212121212122, 127.27272727272727, 133.33333333333334, 139.3939393939394, 145.45454545454544, 151.5151515151515, 157.57575757575756, 163.63636363636363, 169.6969696969697, 175.75757575757575, 181.8181818181818, 187.87878787878788, 193.93939393939394, 200.0, 206.06060606060606, 212.12121212121212, 218.1818181818182, 224.24242424242425, 230.3030303030303, 236.36363636363637, 242.42424242424244, 248.48484848484847, 254.54545454545453, 260.6060606060606, 266.6666666666667, 272.72727272727275, 278.7878787878788, 284.8484848484849, 290.9090909090909, 296.96969696969694, 303.030303030303, 309.09090909090907, 315.1515151515151, 321.2121212121212, 327.27272727272725, 333.3333333333333, 339.3939393939394, 345.45454545454544, 351.5151515151515, 357.57575757575756, 363.6363636363636, 369.6969696969697, 375.75757575757575, 381.8181818181818, 387.8787878787879, 393.93939393939394, 400.0, 406.06060606060606, 412.1212121212121, 418.1818181818182, 424.24242424242425, 430.3030303030303, 436.3636363636364, 442.42424242424244, 448.4848484848485, 454.54545454545456, 460.6060606060606, 466.6666666666667, 472.72727272727275, 478.7878787878788, 484.8484848484849, 490.9090909090909, 496.96969696969694, 503.030303030303, 509.09090909090907, 515.1515151515151, 521.2121212121212, 527.2727272727273, 533.3333333333334, 539.3939393939394, 545.4545454545455, 551.5151515151515, 557.5757575757576, 563.6363636363636, 569.6969696969697, 575.7575757575758, 581.8181818181818, 587.8787878787879, 593.9393939393939, 600.0],
         "dplt_at_force_location": -5.056518554687501,
         "maximum_dplt": -5.056518554687501,
         "location_max_dplt": 600.0
    },
     "metadata": {
         "error_code": 0,
         "model": "BendingTestAnalytical",
         "load_case": "Cantilever",
         "description": "",
         "job_name": "",
         "persistent_result_files": "",
         "n_cpus": 1,
         "date": "2026-06-16 18:11:10.756176",
         "cpu_time": 0.22899699211120605,
         "user": "sebastien.bocquet",
         "machine": "PCBM20250036",
         "vims_git_version": "5cd5cf5ab4caf1fa2c2190f0396e06b5b5639fd0",
         "directory_archive_root": "C:\\Users\\sebastien.bocquet\\Dev\\vimseo\\docs\\runnable_examples\\model_runs\\archive\\calibration_scalars",
         "directory_archive_job": "C:\\Users\\sebastien.bocquet\\Dev\\vimseo\\docs\\runnable_examples\\model_runs\\archive\\calibration_scalars\\BendingTestAnalytical\\Cantilever\\657",
         "directory_scratch_root": "C:\\Users\\sebastien.bocquet\\Dev\\vimseo\\docs\\runnable_examples\\model_runs\\scratch\\calibration_scalars",
         "directory_scratch_job": ""
    }
}