{
     "inputs": {
         "length": 619.8589882628389,
         "width": 29.65089966272295,
         "height": 38.74014113731679,
         "imposed_dplt": -15.219345044441855,
         "relative_dplt_location": 0.8914076023241143,
         "young_modulus": 212688.9736990633,
         "nu_p": 0.28639794830418386
    },
     "outputs": {
         "reaction_forces": -8269.79432355896,
         "moment": [4569450.164064713, 0.0, 0.0],
         "moment_grid": [0.0, 552.5470145064286, 619.8589882628389],
         "dplt": [0.0, -0.0029202541735661755, -0.01163672815319372, -0.026082989127276197, -0.046192604284207135, -0.07189914081238004, -0.10313616590018838, -0.13983724673602568, -0.18193595050828548, -0.22936584440536134, -0.2820604956156467, -0.3399534713275351, -0.40297833872942007, -0.47106866500969546, -0.5441580173567541, -0.6221799629589903, -0.7050680690047969, -0.7927559026825681, -0.8851770311806977, -0.9822650216875781, -1.0839534413916034, -1.1901758574811672, -1.3008658371446624, -1.4159569475704838, -1.5353827559470234, -1.6590768294626763, -1.7869727353058344, -1.919004040664893, -2.055104312728244, -2.1952071186842814, -2.339246025721399, -2.4871546010279912, -2.638866411792449, -2.794315025203168, -2.9534340084485424, -3.1161569287169626, -3.282417353196826, -3.452148849076523, -3.6252849835444487, -3.8017593237889957, -3.981505436998559, -4.164456890361531, -4.350547251066305, -4.539710086301275, -4.731878963254834, -4.926987449115377, -5.124969111071296, -5.325757516310985, -5.529286232022836, -5.7354888253952465, -5.944298863616609, -6.155649913875313, -6.369475543359755, -6.585709319258327, -6.804284808759426, -7.025135579051441, -7.24819519732277, -7.473397230761804, -7.700675246556936, -7.9299628118965595, -8.161193493969074, -8.394300859962861, -8.629218477066324, -8.865879912467857, -9.104218733355843, -9.344168506918686, -9.585662800344775, -9.82863518082251, -10.073019215540274, -10.318748471686463, -10.56575651644948, -10.813976917017706, -11.063343240579544, -11.313789054323387, -11.565247925437612, -11.817653421110638, -12.070939108530846, -12.325038554886623, -12.579885327366375, -12.835412993158492, -13.091555119451357, -13.34824527343338, -13.605417022292944, -13.863003933218442, -14.120939573398271, -14.379157440595913, -14.637572349731014, -14.896117000776993, -15.154749657860021, -15.413434651641122, -15.672142379316146, -15.930849304615782, -16.189537957805573, -16.448196935685885, -16.706820901591936, -16.96541058539377, -17.223972783496276, -17.482520358839192, -17.741072240897083, -17.999653425679355],
         "dplt_grid": [0.0, 6.261201901644838, 12.522403803289675, 18.783605704934512, 25.04480760657935, 31.30600950822419, 37.567211409869024, 43.82841331151386, 50.0896152131587, 56.35081711480354, 62.61201901644838, 68.87322091809321, 75.13442281973805, 81.39562472138289, 87.65682662302773, 93.91802852467256, 100.1792304263174, 106.44043232796224, 112.70163422960708, 118.96283613125192, 125.22403803289676, 131.4852399345416, 137.74644183618642, 144.00764373783127, 150.2688456394761, 156.53004754112095, 162.79124944276577, 169.05245134441063, 175.31365324605545, 181.5748551477003, 187.83605704934513, 194.09725895098998, 200.3584608526348, 206.61966275427963, 212.88086465592448, 219.1420665575693, 225.40326845921416, 231.66447036085899, 237.92567226250384, 244.18687416414866, 250.44807606579351, 256.70927796743837, 262.9704798690832, 269.231681770728, 275.49288367237284, 281.7540855740177, 288.01528747566255, 294.27648937730737, 300.5376912789522, 306.798893180597, 313.0600950822419, 319.3212969838867, 325.58249888553155, 331.8437007871764, 338.10490268882126, 344.3661045904661, 350.6273064921109, 356.8885083937557, 363.1497102954006, 369.41091219704543, 375.67211409869026, 381.9333160003351, 388.19451790197996, 394.4557198036248, 400.7169217052696, 406.97812360691444, 413.23932550855926, 419.50052741020414, 425.76172931184897, 432.0229312134938, 438.2841331151386, 444.5453350167835, 450.8065369184283, 457.06773882007315, 463.32894072171797, 469.59014262336285, 475.8513445250077, 482.1125464266525, 488.3737483282973, 494.6349502299422, 500.89615213158703, 507.15735403323185, 513.4185559348767, 519.6797578365215, 525.9409597381664, 532.2021616398112, 538.463363541456, 544.7245654431009, 550.9857673447457, 557.2469692463906, 563.5081711480354, 569.7693730496802, 576.0305749513251, 582.2917768529699, 588.5529787546147, 594.8141806562596, 601.0753825579044, 607.3365844595493, 613.597786361194, 619.8589882628389],
         "dplt_at_force_location": -15.219253441423461,
         "maximum_dplt": -17.999653425679355,
         "location_max_dplt": 619.8589882628389
    },
     "metadata": {
         "error_code": 0,
         "model": "BendingTestAnalytical",
         "load_case": "Cantilever",
         "description": "",
         "job_name": "",
         "persistent_result_files": "",
         "n_cpus": 1,
         "date": "2026-03-26 14:57:55.190600",
         "cpu_time": 0.003607511520385742,
         "user": "sebastien.bocquet",
         "machine": "IPF7101",
         "vims_git_version": "d0050d8de498c8354552cdde540fb3e524454871",
         "directory_archive_root": "/home/sebastien.bocquet/PycharmProjects/vimseo/docs/runnable_examples/model_runs/archive/uq",
         "directory_archive_job": "/home/sebastien.bocquet/PycharmProjects/vimseo/docs/runnable_examples/model_runs/archive/uq/BendingTestAnalytical/Cantilever/18",
         "directory_scratch_root": "/home/sebastien.bocquet/PycharmProjects/vimseo/docs/runnable_examples/model_runs/scratch/uq",
         "directory_scratch_job": ""
    }
}