{
     "inputs": {
         "young_modulus": 230000.0,
         "Cantilever:length": 600.0,
         "Cantilever:width": 29.966064453125,
         "Cantilever:height": 40.191162109375,
         "Cantilever:imposed_dplt": -5.030029296875,
         "Cantilever:relative_dplt_location": 1.0,
         "Cantilever:nu_p": 0.3
    },
     "outputs": {
         "length": 600.0,
         "width": 29.966064453125,
         "height": 40.191162109375,
         "imposed_dplt": -5.030029296875,
         "relative_dplt_location": 1.0,
         "nu_p": 0.3,
         "reaction_forces": -2604.9896900934345,
         "moment": [1562993.8140560607, 0.0],
         "moment_grid": [0.0, 600.0],
         "dplt": [0.0, -0.0007672318903116467, -0.003058559562728859, -0.006858431019475055, -0.012151294262773652, -0.018921597294848054, -0.027153788117921657, -0.036832314734217914, -0.047941625145960204, -0.060466167355371934, -0.07439038936467651, -0.0896987391760974, -0.10637566479185795, -0.12440561421418164, -0.14377303544529182, -0.1644623764874119, -0.18645808534276534, -0.20974461001357564, -0.23430639850206597, -0.26012789881046006, -0.28719355894098103, -0.31548782689585236, -0.3449951506772977, -0.3756999782875402, -0.4075867577288031, -0.4406399370033103, -0.4748439641132849, -0.5101832870609504, -0.5466423538485303, -0.5842056124782478, -0.6228575109523264, -0.6625824972729897, -0.7033650194424608, -0.7451895254629634, -0.7880404633367205, -0.8319022810659559, -0.8767594266528931, -0.9225963480997552, -0.9693974934087655, -1.0171473105821476, -1.0658302476221253, -1.1154307525309213, -1.1659332733107597, -1.2173222579638634, -1.2695821544924564, -1.322697410898761, -1.376652475185002, -1.4314317953534017, -1.4870198194061834, -1.5434009953455718, -1.6005597711737893, -1.65848059489306, -1.7171479145056066, -1.7765461780136524, -1.8366598334194224, -1.897473328725138, -1.9589711119330233, -2.021137631045302, -2.083957334064198, -2.1474146689919333, -2.211494083830732, -2.276180026582818, -2.3414569452504157, -2.4073092878357443, -2.4737215023410326, -2.5406780367684996, -2.6081633391203716, -2.67616185739887, -2.744658039606221, -2.8136363337446437, -2.8830811878163662, -2.9529770498236085, -3.023308367768596, -3.09405958965355, -3.1652151634806978, -3.2367595372522584, -3.3086771589704576, -3.380952476637517, -3.4535699382556637, -3.5265139918271164, -3.5997690853541022, -3.6733196668388426, -3.7471501842835617, -3.8212450856904834, -3.8955888190618295, -3.9701658323998257, -4.044960573706693, -4.119957490984656, -4.195141032235939, -4.2704956454627645, -4.346005778667355, -4.421655879851935, -4.497430397018728, -4.573313778169957, -4.649290471307845, -4.725344924434615, -4.8014615855524925, -4.877624902663701, -4.9538193237704595, -5.030029296874998],
         "dplt_grid": [0.0, 6.0606060606060606, 12.121212121212121, 18.18181818181818, 24.242424242424242, 30.303030303030305, 36.36363636363636, 42.42424242424242, 48.484848484848484, 54.54545454545455, 60.60606060606061, 66.66666666666667, 72.72727272727272, 78.78787878787878, 84.84848484848484, 90.9090909090909, 96.96969696969697, 103.03030303030303, 109.0909090909091, 115.15151515151516, 121.21212121212122, 127.27272727272727, 133.33333333333334, 139.3939393939394, 145.45454545454544, 151.5151515151515, 157.57575757575756, 163.63636363636363, 169.6969696969697, 175.75757575757575, 181.8181818181818, 187.87878787878788, 193.93939393939394, 200.0, 206.06060606060606, 212.12121212121212, 218.1818181818182, 224.24242424242425, 230.3030303030303, 236.36363636363637, 242.42424242424244, 248.48484848484847, 254.54545454545453, 260.6060606060606, 266.6666666666667, 272.72727272727275, 278.7878787878788, 284.8484848484849, 290.9090909090909, 296.96969696969694, 303.030303030303, 309.09090909090907, 315.1515151515151, 321.2121212121212, 327.27272727272725, 333.3333333333333, 339.3939393939394, 345.45454545454544, 351.5151515151515, 357.57575757575756, 363.6363636363636, 369.6969696969697, 375.75757575757575, 381.8181818181818, 387.8787878787879, 393.93939393939394, 400.0, 406.06060606060606, 412.1212121212121, 418.1818181818182, 424.24242424242425, 430.3030303030303, 436.3636363636364, 442.42424242424244, 448.4848484848485, 454.54545454545456, 460.6060606060606, 466.6666666666667, 472.72727272727275, 478.7878787878788, 484.8484848484849, 490.9090909090909, 496.96969696969694, 503.030303030303, 509.09090909090907, 515.1515151515151, 521.2121212121212, 527.2727272727273, 533.3333333333334, 539.3939393939394, 545.4545454545455, 551.5151515151515, 557.5757575757576, 563.6363636363636, 569.6969696969697, 575.7575757575758, 581.8181818181818, 587.8787878787879, 593.9393939393939, 600.0],
         "dplt_at_force_location": -5.030029296874998,
         "maximum_dplt": -5.030029296874998,
         "location_max_dplt": 600.0
    },
     "metadata": {
         "error_code": 0,
         "model": "BendingTestAnalytical",
         "load_case": "Cantilever",
         "description": "",
         "job_name": "",
         "persistent_result_files": "",
         "n_cpus": 1,
         "date": "2026-03-26 14:57:30.196527",
         "cpu_time": 0.0049474239349365234,
         "user": "sebastien.bocquet",
         "machine": "IPF7101",
         "vims_git_version": "d0050d8de498c8354552cdde540fb3e524454871",
         "directory_archive_root": "/home/sebastien.bocquet/PycharmProjects/vimseo/docs/runnable_examples/model_runs/archive/calibration_coupled",
         "directory_archive_job": "/home/sebastien.bocquet/PycharmProjects/vimseo/docs/runnable_examples/model_runs/archive/calibration_coupled/BendingTestAnalytical/Cantilever/18",
         "directory_scratch_root": "/home/sebastien.bocquet/PycharmProjects/vimseo/docs/runnable_examples/model_runs/scratch/calibration_coupled",
         "directory_scratch_job": ""
    }
}