{
     "inputs": {
         "length": 589.6275621611276,
         "width": 29.4903642257846,
         "height": 39.42618906933107,
         "imposed_dplt": -15.542529167656241,
         "relative_dplt_location": 0.8790528528949171,
         "young_modulus": 212242.447062089,
         "nu_p": 0.29796936863723233
    },
     "outputs": {
         "reaction_forces": -10704.100761149382,
         "moment": [5548083.041152334, 0.0, 0.0],
         "moment_grid": [0.0, 518.3137906632143, 589.6275621611276],
         "dplt": [0.0, -0.0030665209041472502, -0.012218920647289818, -0.02738645477547897, -0.048498378834765946, -0.07548394837120202, -0.1082724189308384, -0.14679304605972635, -0.19097508530391716, -0.24074779220946205, -0.2960404223224122, -0.3567822311888189, -0.42290247435473355, -0.49433040736620737, -0.5709952857692914, -0.6528263651100368, -0.739752900934495, -0.8317041487887176, -0.9286093642187557, -1.0304015227292924, -1.1370532876912838, -1.2485008330384413, -1.3646665582974158, -1.4854731251907747, -1.6108434576370034, -1.740700741750505, -1.8749684258415993, -2.013570220416523, -2.156430098177431, -2.303472294022395, -2.454621305045406, -2.609801890536369, -2.7689390719811087, -2.931958133061367, -3.0987846196548015, -3.2693443398349915, -3.4435633638714274, -3.621368024229521, -3.802684915570601, -3.9874408947519147, -4.175563080826622, -4.366978855043805, -4.5616158608484625, -4.759402003881511, -4.960265451979778, -5.164134635176017, -5.370938245698894, -5.580605237972995, -5.793064828618822, -6.008246496452791, -6.226079982487244, -6.446495289930435, -6.66942268418653, -6.8947926928556225, -7.122536105733717, -7.352583974812736, -7.584867614280522, -7.8193186005208375, -8.055868772113351, -8.294450229833659, -8.534995336653276, -8.77743671773962, -9.021707260456042, -9.267740114361807, -9.515468691212089, -9.764826664957996, -10.015747971746526, -10.26816680992063, -10.522017640019138, -10.777235184776835, -11.033754429124393, -11.291510620188417, -11.550439267291427, -11.810476141951856, -12.071557277884068, -12.333618970998318, -12.596597779400808, -12.86043052339363, -13.125054285474826, -13.390406410338322, -13.656424504873977, -13.923046438167571, -14.190210341500793, -14.457854608351258, -14.725917894392486, -14.99433911749393, -15.263057457720947, -15.532012357334812, -15.801143520792733, -16.070390914747808, -16.339692822079748, -16.608999450678994, -16.878306079278243, -17.147612707877492, -17.416919336476735, -17.686225965075984, -17.95553259367523, -18.22483922227448, -18.49414585087372, -18.76345247947297],
         "dplt_grid": [0.0, 5.955833961223511, 11.911667922447021, 17.86750188367053, 23.823335844894043, 29.779169806117554, 35.73500376734106, 41.690837728564574, 47.646671689788086, 53.6025056510116, 59.55833961223511, 65.51417357345862, 71.47000753468213, 77.42584149590564, 83.38167545712915, 89.33750941835267, 95.29334337957617, 101.24917734079968, 107.2050113020232, 113.1608452632467, 119.11667922447022, 125.07251318569372, 131.02834714691724, 136.98418110814075, 142.94001506936425, 148.89584903058775, 154.8516829918113, 160.8075169530348, 166.7633509142583, 172.7191848754818, 178.67501883670533, 184.63085279792884, 190.58668675915234, 196.54252072037585, 202.49835468159935, 208.45418864282288, 214.4100226040464, 220.3658565652699, 226.3216905264934, 232.27752448771693, 238.23335844894044, 244.18919241016394, 250.14502637138744, 256.100860332611, 262.0566942938345, 268.012528255058, 273.9683622162815, 279.924196177505, 285.8800301387285, 291.835864099952, 297.7916980611755, 303.74753202239907, 309.7033659836226, 315.6591999448461, 321.6150339060696, 327.5708678672931, 333.5267018285166, 339.4825357897401, 345.4383697509636, 351.3942037121871, 357.35003767341067, 363.3058716346342, 369.2617055958577, 375.2175395570812, 381.1733735183047, 387.1292074795282, 393.0850414407517, 399.0408754019752, 404.9967093631987, 410.95254332442227, 416.90837728564577, 422.8642112468693, 428.8200452080928, 434.7758791693163, 440.7317131305398, 446.6875470917633, 452.6433810529868, 458.5992150142103, 464.55504897543386, 470.51088293665737, 476.4667168978809, 482.4225508591044, 488.3783848203279, 494.3342187815514, 500.2900527427749, 506.2458867039984, 512.201720665222, 518.1575546264454, 524.113388587669, 530.0692225488924, 536.025056510116, 541.9808904713394, 547.936724432563, 553.8925583937865, 559.84839235501, 565.8042263162336, 571.760060277457, 577.7158942386806, 583.671728199904, 589.6275621611276],
         "dplt_at_force_location": -15.539072323516445,
         "maximum_dplt": -18.76345247947297,
         "location_max_dplt": 589.6275621611276
    },
     "metadata": {
         "error_code": 0,
         "model": "BendingTestAnalytical",
         "load_case": "Cantilever",
         "description": "",
         "job_name": "",
         "persistent_result_files": "",
         "n_cpus": 1,
         "date": "2026-03-17 09:07:47.845628",
         "cpu_time": 0.034979820251464844,
         "user": "sebastien.bocquet",
         "machine": "B20191729",
         "vims_git_version": "1b6e7132b9faba0cc93317d127a381ee76a8cb8e",
         "directory_archive_root": "C:\\Users\\sebastien.bocquet\\PycharmProjects\\vimseo\\docs\\runnable_examples\\model_runs\\archive\\uq",
         "directory_archive_job": "C:\\Users\\sebastien.bocquet\\PycharmProjects\\vimseo\\docs\\runnable_examples\\model_runs\\archive\\uq\\BendingTestAnalytical\\Cantilever\\90",
         "directory_scratch_root": "C:\\Users\\sebastien.bocquet\\PycharmProjects\\vimseo\\docs\\runnable_examples\\model_runs\\scratch\\uq",
         "directory_scratch_job": ""
    }
}