{
     "inputs": {
         "length": 615.5400982238704,
         "width": 30.270207743250392,
         "height": 40.94476743789812,
         "imposed_dplt": -14.747366606724986,
         "relative_dplt_location": 0.8890875434449452,
         "young_modulus": 211275.11405286865,
         "nu_p": 0.3000552969566402
    },
     "outputs": {
         "reaction_forces": -9874.402646235922,
         "moment": [5403954.79577218, 0.0, 0.0],
         "moment_grid": [0.0, 547.2690338217212, 615.5400982238704],
         "dplt": [0.0, -0.0028444511899976335, -0.011334552847900262, -0.02540542710557252, -0.04499219609487898, -0.07002998194768426, -0.10045390679585293, -0.1361990927712496, -0.17720066200573886, -0.22339373663118534, -0.2747134387794536, -0.33109489058240804, -0.3924732141719137, -0.458783531679835, -0.5299609652380363, -0.6059406369783823, -0.6866576690327378, -0.7720471835329672, -0.8620443026109356, -0.9565841483985068, -1.055601843027546, -1.1590325086299176, -1.266811267337486, -1.3788732412821165, -1.4951535525956727, -1.6155873234100198, -1.7401096758570227, -1.8686557320685449, -2.0011606141764515, -2.1375594443126085, -2.2777873446088783, -2.4217794371971273, -2.569470844209218, -2.7207966877770167, -2.8756920900323886, -3.0340921731071964, -3.1959320591333062, -3.361146870242581, -3.529671728566887, -3.7014417562380886, -3.8763920753880496, -4.0544578081486335, -4.235574076651708, -4.419676003029136, -4.606698709412782, -4.79657731793451, -4.989246950726188, -5.184642729919675, -5.382699777646839, -5.583353216039545, -5.786538167229656, -5.99218975334904, -6.200243096529557, -6.410633318903073, -6.623295542601452, -6.838164889756563, -7.055176482500264, -7.274265442964427, -7.495366893280909, -7.7184159555815794, -7.943347751998299, -8.170097404662938, -8.39860003570736, -8.628790767263425, -8.860604721463002, -9.09397702043795, -9.328842786320138, -9.565137141241433, -9.802795207333695, -10.041752106728788, -10.281942961558583, -10.523302893954934, -10.765767026049724, -11.009270479974797, -11.253748377862024, -11.499135841843275, -11.74536799405041, -11.992379956615297, -12.240106851669797, -12.488483801345774, -12.737445927775102, -12.986928353089631, -13.236866199421234, -13.48719458890178, -13.737848643663124, -13.988763485837135, -14.23987354327699, -14.49110519727827, -14.742415872700857, -14.993777252207623, -15.245165580333797, -15.496561663486984, -15.74795086994713, -15.999323129866568, -16.250672935269982, -16.50199934005443, -16.753305959989323, -17.004600972716442, -17.255897117749935, -17.50721169647631],
         "dplt_grid": [0.0, 6.217576749736065, 12.43515349947213, 18.652730249208194, 24.87030699894426, 31.087883748680323, 37.30546049841639, 43.52303724815245, 49.74061399788852, 55.958190747624585, 62.175767497360646, 68.3933442470967, 74.61092099683277, 80.82849774656884, 87.0460744963049, 93.26365124604096, 99.48122799577703, 105.6988047455131, 111.91638149524917, 118.13395824498522, 124.35153499472129, 130.56911174445736, 136.7866884941934, 143.0042652439295, 149.22184199366555, 155.4394187434016, 161.65699549313769, 167.87457224287374, 174.0921489926098, 180.30972574234588, 186.52730249208193, 192.744879241818, 198.96245599155407, 205.18003274129012, 211.3976094910262, 217.61518624076226, 223.83276299049834, 230.0503397402344, 236.26791648997045, 242.48549323970653, 248.70306998944258, 254.92064673917864, 261.1382234889147, 267.3558002386508, 273.5733769883868, 279.7909537381229, 286.008530487859, 292.22610723759504, 298.4436839873311, 304.66126073706715, 310.8788374868032, 317.0964142365393, 323.31399098627537, 329.5315677360114, 335.7491444857475, 341.96672123548353, 348.1842979852196, 354.4018747349557, 360.61945148469175, 366.8370282344278, 373.05460498416386, 379.2721817338999, 385.489758483636, 391.7073352333721, 397.92491198310813, 404.1424887328442, 410.36006548258024, 416.57764223231635, 422.7952189820524, 429.01279573178846, 435.2303724815245, 441.44794923126057, 447.6655259809967, 453.88310273073273, 460.1006794804688, 466.31825623020484, 472.5358329799409, 478.75340972967695, 484.97098647941306, 491.1885632291491, 497.40613997888516, 503.6237167286212, 509.8412934783573, 516.0588702280934, 522.2764469778294, 528.4940237275655, 534.7116004773015, 540.9291772270376, 547.1467539767737, 553.3643307265097, 559.5819074762458, 565.7994842259819, 572.017060975718, 578.234637725454, 584.4522144751901, 590.6697912249261, 596.8873679746622, 603.1049447243983, 609.3225214741343, 615.5400982238704],
         "dplt_at_force_location": -14.747359346943165,
         "maximum_dplt": -17.50721169647631,
         "location_max_dplt": 615.5400982238704
    },
     "metadata": {
         "error_code": 0,
         "model": "BendingTestAnalytical",
         "load_case": "Cantilever",
         "description": "",
         "job_name": "",
         "persistent_result_files": "",
         "n_cpus": 1,
         "date": "2026-03-17 09:07:43.726019",
         "cpu_time": 0.014690160751342773,
         "user": "sebastien.bocquet",
         "machine": "B20191729",
         "vims_git_version": "1b6e7132b9faba0cc93317d127a381ee76a8cb8e",
         "directory_archive_root": "C:\\Users\\sebastien.bocquet\\PycharmProjects\\vimseo\\docs\\runnable_examples\\model_runs\\archive\\uq",
         "directory_archive_job": "C:\\Users\\sebastien.bocquet\\PycharmProjects\\vimseo\\docs\\runnable_examples\\model_runs\\archive\\uq\\BendingTestAnalytical\\Cantilever\\28",
         "directory_scratch_root": "C:\\Users\\sebastien.bocquet\\PycharmProjects\\vimseo\\docs\\runnable_examples\\model_runs\\scratch\\uq",
         "directory_scratch_job": ""
    }
}