{
     "inputs": {
         "young_modulus": 224785.15625,
         "Cantilever:length": 600.0,
         "Cantilever:width": 29.6859130859375,
         "Cantilever:height": 39.2109375,
         "Cantilever:imposed_dplt": -5.0167236328125,
         "Cantilever:relative_dplt_location": 1.0,
         "Cantilever:nu_p": 0.3
    },
     "outputs": {
         "length": 600.0,
         "width": 29.6859130859375,
         "height": 39.2109375,
         "imposed_dplt": -5.0167236328125,
         "relative_dplt_location": 1.0,
         "nu_p": 0.3,
         "reaction_forces": -2335.8564680806708,
         "moment": [1401513.8808484024, 0.0],
         "moment_grid": [0.0, 600.0],
         "dplt": [0.0, -0.0007652023733470301, -0.0030504689207753203, -0.006840288783365681, -0.01211915110219892, -0.018871545018355834, -0.02708195967291721, -0.03673488420696388, -0.047814807761576615, -0.06030621947783622, -0.07419360849682352, -0.0894614639596193, -0.10609427500730438, -0.12407653078095955, -0.14339272042166562, -0.16402733307050338, -0.18596485786855368, -0.20918978395689727, -0.23368660047661508, -0.25943979656878774, -0.2864338613744961, -0.314653284034821, -0.34408255369084334, -0.3747061594836438, -0.406508590554303, -0.43947433604390207, -0.4735878850935217, -0.5088337268442427, -0.5451963504371459, -0.5826602450133119, -0.6212098997138218, -0.6608298036797563, -0.701504446052196, -0.743218315972222, -0.785955902580915, -0.8297016950193556, -0.8744401824286251, -0.9201558539498037, -0.9668331987239727, -1.0144567058922125, -1.0630108645956042, -1.1124801639752282, -1.1628490931721658, -1.2141021413274977, -1.266223797582305, -1.3191985510776676, -1.3730108909546668, -1.4276453063543832, -1.483086286417898, -1.5393183202862923, -1.5963258971006455, -1.6540935060020403, -1.712605636131556, -1.771846776630274, -1.8318014166392753, -1.8924540452996403, -1.95378915175245, -2.015791225138785, -2.078444754599727, -2.141734229276355, -2.2056441383097516, -2.2701589708409955, -2.335263216011171, -2.4009413629613547, -2.467177900832631, -2.5339573187660784, -2.6012641059027795, -2.6690827513838133, -2.737397744350262, -2.8061935739432036, -2.8754547293037236, -2.9451656995728994, -3.015310973891813, -3.085875041401544, -3.156842391243176, -3.2281975125577853, -3.299924894486458, -3.372009026170269, -3.4444343967503057, -3.5171854953676434, -3.5902468111633663, -3.663602833278553, -3.7372380508542857, -3.811136953031644, -3.88528402895171, -3.959663767755565, -4.034260658584288, -4.109059190578959, -4.184043852880663, -4.259199134630476, -4.334509524969484, -4.409959513038761, -4.485533587979393, -4.561216238932461, -4.636991955039043, -4.712845225440218, -4.788760539277074, -4.864722385690687, -4.940715253822137, -5.016723632812507],
         "dplt_grid": [0.0, 6.0606060606060606, 12.121212121212121, 18.18181818181818, 24.242424242424242, 30.303030303030305, 36.36363636363636, 42.42424242424242, 48.484848484848484, 54.54545454545455, 60.60606060606061, 66.66666666666667, 72.72727272727272, 78.78787878787878, 84.84848484848484, 90.9090909090909, 96.96969696969697, 103.03030303030303, 109.0909090909091, 115.15151515151516, 121.21212121212122, 127.27272727272727, 133.33333333333334, 139.3939393939394, 145.45454545454544, 151.5151515151515, 157.57575757575756, 163.63636363636363, 169.6969696969697, 175.75757575757575, 181.8181818181818, 187.87878787878788, 193.93939393939394, 200.0, 206.06060606060606, 212.12121212121212, 218.1818181818182, 224.24242424242425, 230.3030303030303, 236.36363636363637, 242.42424242424244, 248.48484848484847, 254.54545454545453, 260.6060606060606, 266.6666666666667, 272.72727272727275, 278.7878787878788, 284.8484848484849, 290.9090909090909, 296.96969696969694, 303.030303030303, 309.09090909090907, 315.1515151515151, 321.2121212121212, 327.27272727272725, 333.3333333333333, 339.3939393939394, 345.45454545454544, 351.5151515151515, 357.57575757575756, 363.6363636363636, 369.6969696969697, 375.75757575757575, 381.8181818181818, 387.8787878787879, 393.93939393939394, 400.0, 406.06060606060606, 412.1212121212121, 418.1818181818182, 424.24242424242425, 430.3030303030303, 436.3636363636364, 442.42424242424244, 448.4848484848485, 454.54545454545456, 460.6060606060606, 466.6666666666667, 472.72727272727275, 478.7878787878788, 484.8484848484849, 490.9090909090909, 496.96969696969694, 503.030303030303, 509.09090909090907, 515.1515151515151, 521.2121212121212, 527.2727272727273, 533.3333333333334, 539.3939393939394, 545.4545454545455, 551.5151515151515, 557.5757575757576, 563.6363636363636, 569.6969696969697, 575.7575757575758, 581.8181818181818, 587.8787878787879, 593.9393939393939, 600.0],
         "dplt_at_force_location": -5.016723632812507,
         "maximum_dplt": -5.016723632812507,
         "location_max_dplt": 600.0
    },
     "metadata": {
         "error_code": 0,
         "model": "BendingTestAnalytical",
         "load_case": "Cantilever",
         "description": "",
         "job_name": "",
         "persistent_result_files": "",
         "n_cpus": 1,
         "date": "2026-03-26 14:57:32.296558",
         "cpu_time": 0.004571199417114258,
         "user": "sebastien.bocquet",
         "machine": "IPF7101",
         "vims_git_version": "d0050d8de498c8354552cdde540fb3e524454871",
         "directory_archive_root": "/home/sebastien.bocquet/PycharmProjects/vimseo/docs/runnable_examples/model_runs/archive/calibration_coupled",
         "directory_archive_job": "/home/sebastien.bocquet/PycharmProjects/vimseo/docs/runnable_examples/model_runs/archive/calibration_coupled/BendingTestAnalytical/Cantilever/92",
         "directory_scratch_root": "/home/sebastien.bocquet/PycharmProjects/vimseo/docs/runnable_examples/model_runs/scratch/calibration_coupled",
         "directory_scratch_job": ""
    }
}