{
     "inputs": {
         "length": 579.4890028419346,
         "width": 30.09565703818518,
         "height": 38.796749286355116,
         "imposed_dplt": -5.002608534449706,
         "relative_dplt_location": 0.8940035270645703,
         "young_modulus": 204923.6215213991,
         "nu_p": 0.29717411486231177
    },
     "outputs": {
         "reaction_forces": -3239.40391214132,
         "moment": [1678222.4759089204, 0.0, 0.0],
         "moment_grid": [0.0, 518.0652124358204, 579.4890028419346],
         "dplt": [0.0, -0.0009543335543543866, -0.003802902991186601, -0.00852406147115023, -0.015096162154898854, -0.02349755820308606, -0.03370660277636542, -0.04570164903539053, -0.05946105014081493, -0.07496315925329224, -0.09218632953347607, -0.11110891414201995, -0.1317092662395775, -0.15396573898680224, -0.17785668554434794, -0.2033604590728679, -0.2304554127330159, -0.2591198996854454, -0.2893322730908101, -0.32107088610976314, -0.35431409190295887, -0.38904024363105044, -0.4252276944546916, -0.46285479753453573, -0.5018999060312366, -0.5423413731054475, -0.5841575519178224, -0.6273267956290145, -0.6718274573996779, -0.7176378903904657, -0.7647364477620315, -0.8131014826750292, -0.8627113482901121, -0.9135443977679338, -0.965578984269148, -1.0187934609544085, -1.0731661809843682, -1.1286754975196818, -1.1852997637210017, -1.2430173327489817, -1.3018065577642761, -1.361645791927538, -1.422513388399421, -1.4843877003405783, -1.5472470809116645, -1.6110698832733321, -1.6758344605862356, -1.7415191660110274, -1.808102352708363, -1.875562373838894, -1.9438775825632748, -2.013026332042159, -2.0829869754362003, -2.153737865906052, -2.2252573566123672, -2.297523800715801, -2.370515551377007, -2.4442109617566357, -2.5185883850153443, -2.593626174313784, -2.66930268281261, -2.7455962636724744, -2.8224852700540324, -2.8999480551179353, -2.977962972024841, -3.0565083739353978, -3.1355626140102624, -3.2151040454100888, -3.295111021295528, -3.375561894827235, -3.456435019165864, -3.537708747472068, -3.6193614329065005, -3.7013714286298147, -3.7837170878026662, -3.866376763585705, -3.9493288091395877, -4.032551577624966, -4.116023422202497, -4.19972269603283, -4.28362775227662, -4.367716944094522, -4.451968624647187, -4.5363611470952705, -4.620872864599425, -4.7054821303203065, -4.790167142256624, -4.874901566204162, -4.959667999818608, -5.044455071333587, -5.12925323343191, -5.214054763245571, -5.298853762355743, -5.3836461567927865, -5.4684296970362425, -5.553203958014838, -5.637970339106477, -5.7227320641382535, -5.807494181386441, -5.892263563576495],
         "dplt_grid": [0.0, 5.853424271130653, 11.706848542261305, 17.560272813391958, 23.41369708452261, 29.267121355653263, 35.120545626783915, 40.97396989791457, 46.82739416904522, 52.68081844017587, 58.534242711306526, 64.38766698243718, 70.24109125356783, 76.09451552469848, 81.94793979582914, 87.80136406695979, 93.65478833809044, 99.50821260922109, 105.36163688035174, 111.2150611514824, 117.06848542261305, 122.9219096937437, 128.77533396487436, 134.628758236005, 140.48218250713566, 146.3356067782663, 152.18903104939696, 158.0424553205276, 163.8958795916583, 169.74930386278893, 175.60272813391958, 181.45615240505023, 187.30957667618088, 193.16300094731153, 199.01642521844218, 204.86984948957283, 210.72327376070348, 216.57669803183416, 222.4301223029648, 228.28354657409545, 234.1369708452261, 239.99039511635675, 245.8438193874874, 251.69724365861805, 257.5506679297487, 263.40409220087935, 269.25751647201, 275.11094074314065, 280.9643650142713, 286.817789285402, 292.6712135565326, 298.5246378276633, 304.3780620987939, 310.2314863699246, 316.0849106410552, 321.9383349121859, 327.7917591833166, 333.6451834544472, 339.49860772557787, 345.3520319967085, 351.20545626783917, 357.0588805389698, 362.91230481010047, 368.7657290812311, 374.61915335236176, 380.47257762349244, 386.32600189462306, 392.17942616575374, 398.03285043688436, 403.88627470801504, 409.73969897914566, 415.59312325027634, 421.44654752140696, 427.29997179253763, 433.1533960636683, 439.00682033479893, 444.8602446059296, 450.71366887706023, 456.5670931481909, 462.4205174193215, 468.2739416904522, 474.1273659615829, 479.9807902327135, 485.8342145038442, 491.6876387749748, 497.5410630461055, 503.3944873172361, 509.2479115883668, 515.1013358594975, 520.9547601306281, 526.8081844017587, 532.6616086728894, 538.51503294402, 544.3684572151507, 550.2218814862813, 556.075305757412, 561.9287300285426, 567.7821542996733, 573.635578570804, 579.4890028419346],
         "dplt_at_force_location": -5.002599863903308,
         "maximum_dplt": -5.892263563576495,
         "location_max_dplt": 579.4890028419346
    },
     "metadata": {
         "error_code": 0,
         "model": "BendingTestAnalytical",
         "load_case": "Cantilever",
         "description": "",
         "job_name": "",
         "persistent_result_files": "",
         "n_cpus": 1,
         "date": "2026-03-17 09:07:36.061124",
         "cpu_time": 0.010699272155761719,
         "user": "sebastien.bocquet",
         "machine": "B20191729",
         "vims_git_version": "1b6e7132b9faba0cc93317d127a381ee76a8cb8e",
         "directory_archive_root": "C:\\Users\\sebastien.bocquet\\PycharmProjects\\vimseo\\docs\\runnable_examples\\model_runs\\archive\\sensitivity",
         "directory_archive_job": "C:\\Users\\sebastien.bocquet\\PycharmProjects\\vimseo\\docs\\runnable_examples\\model_runs\\archive\\sensitivity\\BendingTestAnalytical\\Cantilever\\23",
         "directory_scratch_root": "C:\\Users\\sebastien.bocquet\\PycharmProjects\\vimseo\\docs\\runnable_examples\\model_runs\\scratch\\sensitivity",
         "directory_scratch_job": ""
    }
}