{
     "inputs": {
         "young_modulus": 224687.5,
         "Cantilever:length": 600.0,
         "Cantilever:width": 29.7513427734375,
         "Cantilever:height": 39.251953125,
         "Cantilever:imposed_dplt": -5.041015625,
         "Cantilever:relative_dplt_location": 1.0,
         "Cantilever:nu_p": 0.3
    },
     "outputs": {
         "length": 600.0,
         "width": 29.7513427734375,
         "height": 39.251953125,
         "imposed_dplt": -5.041015625,
         "relative_dplt_location": 1.0,
         "nu_p": 0.3,
         "reaction_forces": -2358.704846293142,
         "moment": [1415222.9077758852, 0.0],
         "moment_grid": [0.0, 600.0],
         "dplt": [0.0, -0.0007689076382640819, -0.0030652399092959996, -0.006873410847455267, -0.012177834487101401, -0.01896292486259391, -0.02721309600829229, -0.036912761958556084, -0.04804633674774479, -0.06059823441021791, -0.07455286898033493, -0.08989465449245543, -0.10660800498093886, -0.12467733448014479, -0.1440870570244327, -0.16482158664816204, -0.18686533738569244, -0.21020272327138337, -0.23481815833959427, -0.26069605662468465, -0.2878208321610142, -0.3161768989829422, -0.3457486711248285, -0.3765205626210323, -0.40847698750591294, -0.44160235981383045, -0.4758810935791441, -0.5112976028362133, -0.5478363016193978, -0.5854816039630568, -0.62421792390155, -0.664029675469237, -0.7049012727004771, -0.7468171296296299, -0.789761660291055, -0.8337192787191117, -0.8786743989481597, -0.9246114350125585, -0.9715148009466674, -1.0193689107848463, -1.068158178561454, -1.117867018310851, -1.168479844067396, -1.2199810698654492, -1.2723551097393695, -1.3255863777235168, -1.3796592878522502, -1.4345582541599293, -1.4902676906809138, -1.5467720114495633, -1.6040556305002374, -1.6621029618672956, -1.7208984195850967, -1.780426417688001, -1.8406713702103676, -1.901617691186556, -1.9632497946509264, -2.025552094637838, -2.0885090051816495, -2.1521049403167205, -2.2163243140774123, -2.281151540498082, -2.346571033613091, -2.4125672074567968, -2.4791244760635625, -2.5462272534677437, -2.6138599537037015, -2.682006990805795, -2.7506527788083863, -2.819781731745829, -2.88937826365249, -2.9594267885627232, -3.0299117205108903, -3.1008174735313503, -3.172128461658464, -3.2438290989265886, -3.315903799370086, -3.3883369770233136, -3.4611130459206336, -3.534216420096402, -3.607631513584982, -3.681342740420729, -3.7553345146380055, -3.8295912502711706, -3.9040973613545837, -3.978837261922605, -4.0537953660095924, -4.128956087649905, -4.204303840877906, -4.279823039727951, -4.355498098234401, -4.431313430431615, -4.507253450353954, -4.583302572035774, -4.659445209511439, -4.7356657768153045, -4.811948687981732, -4.888278357045085, -4.9646391980397135, -5.041015624999987],
         "dplt_grid": [0.0, 6.0606060606060606, 12.121212121212121, 18.18181818181818, 24.242424242424242, 30.303030303030305, 36.36363636363636, 42.42424242424242, 48.484848484848484, 54.54545454545455, 60.60606060606061, 66.66666666666667, 72.72727272727272, 78.78787878787878, 84.84848484848484, 90.9090909090909, 96.96969696969697, 103.03030303030303, 109.0909090909091, 115.15151515151516, 121.21212121212122, 127.27272727272727, 133.33333333333334, 139.3939393939394, 145.45454545454544, 151.5151515151515, 157.57575757575756, 163.63636363636363, 169.6969696969697, 175.75757575757575, 181.8181818181818, 187.87878787878788, 193.93939393939394, 200.0, 206.06060606060606, 212.12121212121212, 218.1818181818182, 224.24242424242425, 230.3030303030303, 236.36363636363637, 242.42424242424244, 248.48484848484847, 254.54545454545453, 260.6060606060606, 266.6666666666667, 272.72727272727275, 278.7878787878788, 284.8484848484849, 290.9090909090909, 296.96969696969694, 303.030303030303, 309.09090909090907, 315.1515151515151, 321.2121212121212, 327.27272727272725, 333.3333333333333, 339.3939393939394, 345.45454545454544, 351.5151515151515, 357.57575757575756, 363.6363636363636, 369.6969696969697, 375.75757575757575, 381.8181818181818, 387.8787878787879, 393.93939393939394, 400.0, 406.06060606060606, 412.1212121212121, 418.1818181818182, 424.24242424242425, 430.3030303030303, 436.3636363636364, 442.42424242424244, 448.4848484848485, 454.54545454545456, 460.6060606060606, 466.6666666666667, 472.72727272727275, 478.7878787878788, 484.8484848484849, 490.9090909090909, 496.96969696969694, 503.030303030303, 509.09090909090907, 515.1515151515151, 521.2121212121212, 527.2727272727273, 533.3333333333334, 539.3939393939394, 545.4545454545455, 551.5151515151515, 557.5757575757576, 563.6363636363636, 569.6969696969697, 575.7575757575758, 581.8181818181818, 587.8787878787879, 593.9393939393939, 600.0],
         "dplt_at_force_location": -5.041015624999987,
         "maximum_dplt": -5.041015624999987,
         "location_max_dplt": 600.0
    },
     "metadata": {
         "error_code": 0,
         "model": "BendingTestAnalytical",
         "load_case": "Cantilever",
         "description": "",
         "job_name": "",
         "persistent_result_files": "",
         "n_cpus": 1,
         "date": "2026-06-16 18:09:21.161707",
         "cpu_time": 0.10004997253417969,
         "user": "sebastien.bocquet",
         "machine": "PCBM20250036",
         "vims_git_version": "3de96ae2320a30b8a84551033e41da0fca6276ac",
         "directory_archive_root": "C:\\Users\\sebastien.bocquet\\Dev\\vimseo\\docs\\runnable_examples\\model_runs\\archive\\calibration_coupled",
         "directory_archive_job": "C:\\Users\\sebastien.bocquet\\Dev\\vimseo\\docs\\runnable_examples\\model_runs\\archive\\calibration_coupled\\BendingTestAnalytical\\Cantilever\\184",
         "directory_scratch_root": "C:\\Users\\sebastien.bocquet\\Dev\\vimseo\\docs\\runnable_examples\\model_runs\\scratch\\calibration_coupled",
         "directory_scratch_job": ""
    }
}