{
     "inputs": {
         "length": 618.5553818436737,
         "width": 30.340092511001743,
         "height": 39.322564069111465,
         "imposed_dplt": -14.470498431603266,
         "relative_dplt_location": 0.921782453929048,
         "young_modulus": 215699.22815304124,
         "nu_p": 0.29812656217695255
    },
     "outputs": {
         "reaction_forces": -7765.928648479441,
         "moment": [4427926.700911548, 0.0, 0.0],
         "moment_grid": [0.0, 570.1734977668808, 618.5553818436737],
         "dplt": [0.0, -0.0025969179625718276, -0.010349589601046129, -0.023200891541561183, -0.04109370041025523, -0.06397089283326651, -0.09177534543673327, -0.12444993484679374, -0.1619375376895862, -0.20418103059124873, -0.25112329017791984, -0.3027071930757376, -0.35887561591084033, -0.41957143530936614, -0.4847375278974538, -0.5543167703012407, -0.6282520391468659, -0.7064862110604668, -0.7889621626681832, -0.8756227705961517, -0.9664109114705112, -1.0612694619173997, -1.160141298562956, -1.262969298033318, -1.3696963369546236, -1.4802652919530113, -1.59461903965462, -1.7127004566855875, -1.8344524196720515, -1.9598178052401503, -2.0887394900160237, -2.2211603506258077, -2.3570232636956416, -2.4962711058516645, -2.638846753720013, -2.784693083926827, -2.933752973098243, -3.0859692978604, -3.2412849348394377, -3.399642760661492, -3.560985651952702, -3.7252564853392065, -3.8923981374471435, -4.062353484902653, -4.235065404331868, -4.410476772360932, -4.588530465615982, -4.769169360723154, -4.952336334308588, -5.137974262998422, -5.326026023418795, -5.516434492195845, -5.70914254595571, -5.9040930613245255, -6.101228914928437, -6.300492983393575, -6.50182814334608, -6.705177271412093, -6.910483244217749, -7.117688938389191, -7.326737230552548, -7.53757099733397, -7.7501331153595885, -7.964366461255538, -8.180213911647968, -8.397618343163002, -8.61652263242679, -8.83686965606547, -9.05860229070517, -9.28166341297204, -9.505995899492216, -9.731542626891827, -9.958246471797022, -10.186050310833934, -10.4148970206287, -10.644729477807466, -10.875490558996361, -11.107123140821528, -11.339570099909107, -11.572774312885226, -11.80667865637604, -12.041226007007669, -12.276359241406269, -12.512021200891466, -12.748150419961059, -12.984682490462385, -13.221557811858897, -13.458721416487238, -13.696122969557248, -13.933716769151946, -14.171461746227534, -14.409321464613422, -14.64726412101219, -14.885262544999607, -15.123294199024645, -15.361341178409443, -15.599390211349348, -15.837432658912883, -16.07546451504176, -16.313486406550883],
         "dplt_grid": [0.0, 6.248034160037108, 12.496068320074215, 18.744102480111323, 24.99213664014843, 31.24017080018554, 37.488204960222646, 43.736239120259754, 49.98427328029686, 56.23230744033397, 62.48034160037108, 68.72837576040818, 74.97640992044529, 81.2244440804824, 87.47247824051951, 93.72051240055661, 99.96854656059372, 106.21658072063083, 112.46461488066794, 118.71264904070505, 124.96068320074215, 131.20871736077925, 137.45675152081637, 143.7047856808535, 149.95281984089058, 156.20085400092768, 162.4488881609648, 168.69692232100192, 174.94495648103901, 181.1929906410761, 187.44102480111323, 193.68905896115035, 199.93709312118744, 206.18512728122454, 212.43316144126166, 218.68119560129878, 224.92922976133588, 231.17726392137297, 237.4252980814101, 243.6733322414472, 249.9213664014843, 256.1694005615214, 262.4174347215585, 268.66546888159564, 274.91350304163274, 281.16153720166983, 287.409571361707, 293.6576055217441, 299.90563968178117, 306.15367384181826, 312.40170800185535, 318.6497421618925, 324.8977763219296, 331.1458104819667, 337.39384464200384, 343.64187880204094, 349.88991296207803, 356.1379471221151, 362.3859812821522, 368.63401544218937, 374.88204960222646, 381.13008376226355, 387.3781179223007, 393.6261520823378, 399.8741862423749, 406.122220402412, 412.3702545624491, 418.6182887224862, 424.8663228825233, 431.1143570425604, 437.36239120259756, 443.61042536263466, 449.85845952267175, 456.10649368270884, 462.35452784274594, 468.6025620027831, 474.8505961628202, 481.0986303228573, 487.3466644828944, 493.5946986429315, 499.8427328029686, 506.0907669630057, 512.3388011230428, 518.58683528308, 524.834869443117, 531.0829036031541, 537.3309377631913, 543.5789719232283, 549.8270060832655, 556.0750402433026, 562.3230744033397, 568.5711085633768, 574.819142723414, 581.067176883451, 587.3152110434881, 593.5632452035252, 599.8112793635623, 606.0593135235995, 612.3073476836365, 618.5553818436737],
         "dplt_at_force_location": -14.470344937581146,
         "maximum_dplt": -16.313486406550883,
         "location_max_dplt": 618.5553818436737
    },
     "metadata": {
         "error_code": 0,
         "model": "BendingTestAnalytical",
         "load_case": "Cantilever",
         "description": "",
         "job_name": "",
         "persistent_result_files": "",
         "n_cpus": 1,
         "date": "2026-03-17 09:07:43.973078",
         "cpu_time": 0.015145063400268555,
         "user": "sebastien.bocquet",
         "machine": "B20191729",
         "vims_git_version": "1b6e7132b9faba0cc93317d127a381ee76a8cb8e",
         "directory_archive_root": "C:\\Users\\sebastien.bocquet\\PycharmProjects\\vimseo\\docs\\runnable_examples\\model_runs\\archive\\uq",
         "directory_archive_job": "C:\\Users\\sebastien.bocquet\\PycharmProjects\\vimseo\\docs\\runnable_examples\\model_runs\\archive\\uq\\BendingTestAnalytical\\Cantilever\\32",
         "directory_scratch_root": "C:\\Users\\sebastien.bocquet\\PycharmProjects\\vimseo\\docs\\runnable_examples\\model_runs\\scratch\\uq",
         "directory_scratch_job": ""
    }
}