{
     "inputs": {
         "length": 585.2198497365641,
         "width": 30.777354625780763,
         "height": 39.15310101777723,
         "imposed_dplt": -14.622241954623012,
         "relative_dplt_location": 0.88975562757211,
         "young_modulus": 206831.34115459563,
         "nu_p": 0.29356471682685037
    },
     "outputs": {
         "reaction_forces": -9893.06199302964,
         "moment": [5151343.642585538, 0.0, 0.0],
         "moment_grid": [0.0, 520.7026546700125, 585.2198497365641],
         "dplt": [0.0, -0.0028160916114499937, -0.01122157803593721, -0.02515227665866754, -0.04454400486484684, -0.06933258003968099, -0.09945381956837589, -0.13484354083613734, -0.1754375612281713, -0.22117169812968365, -0.2719817689258802, -0.3278035910019669, -0.3885729817431496, -0.45422575853463387, -0.5246977387616263, -0.5999247398093323, -0.6798425790629571, -0.7643870739077079, -0.8534940417287895, -0.9470992999114082, -1.04513866584077, -1.1475479569020806, -1.2542629904805453, -1.3652195839613714, -1.480353554729764, -1.599600720170928, -1.7228968976700707, -1.8501779046123978, -1.981379558383114, -2.116437676367427, -2.255288075950541, -2.3978665745176624, -2.544108989453998, -2.6939511381447523, -2.847328837975131, -3.0041779063303427, -3.164434160595591, -3.32803341815608, -3.4949114963970196, -3.6650042127036135, -3.8382473844610674, -4.014576829054588, -4.1939283638693805, -4.37623780629065, -4.561440973703605, -4.74947368349345, -4.940271753045391, -5.133770999744631, -5.3299072409763815, -5.528616294125843, -5.729833976578225, -5.933496105718732, -6.139538498932569, -6.347896973604944, -6.5585073471210595, -6.771305436866126, -6.986227060225345, -7.203208034583926, -7.422184177327071, -7.643091305839989, -7.865865237507888, -8.090441789715968, -8.316756779849435, -8.5447460252935, -8.774345343433367, -9.00549055165424, -9.23811746734133, -9.472161907879837, -9.707559690654966, -9.944246633051927, -10.182158552455926, -10.421231266252164, -10.661400591825858, -10.902602346562201, -11.144772347846402, -11.387846413063674, -11.63176035959921, -11.876450004838228, -12.121851166165937, -12.367899660967527, -12.614531306628214, -12.861681920533202, -13.109287320067695, -13.357283322616905, -13.605605745566034, -13.854190406300283, -14.102973122204869, -14.351888019712414, -14.600877008395402, -14.8499139878767, -15.0989791827849, -15.348056418712899, -15.59713312221788, -15.846200320821325, -16.095252643009005, -16.344288318230994, -16.593309176901634, -16.842320650399593, -17.091331771067807, -17.340355172213517],
         "dplt_grid": [0.0, 5.911311613500648, 11.822623227001296, 17.733934840501945, 23.645246454002592, 29.55655806750324, 35.46786968100389, 41.379181294504534, 47.290492908005184, 53.201804521505835, 59.11311613500648, 65.02442774850712, 70.93573936200778, 76.84705097550842, 82.75836258900907, 88.66967420250973, 94.58098581601037, 100.49229742951101, 106.40360904301167, 112.31492065651231, 118.22623227001296, 124.13754388351362, 130.04885549701424, 135.9601671105149, 141.87147872401556, 147.7827903375162, 153.69410195101685, 159.6054135645175, 165.51672517801813, 171.4280367915188, 177.33934840501945, 183.25066001852008, 189.16197163202074, 195.0732832455214, 200.98459485902202, 206.89590647252268, 212.80721808602334, 218.71852969952397, 224.62984131302463, 230.54115292652529, 236.45246454002591, 242.36377615352657, 248.27508776702723, 254.18639938052786, 260.0977109940285, 266.0090226075292, 271.9203342210298, 277.83164583453043, 283.7429574480311, 289.65426906153175, 295.5655806750324, 301.47689228853307, 307.3882039020337, 313.2995155155343, 319.210827129035, 325.12213874253564, 331.03345035603627, 336.94476196953696, 342.8560735830376, 348.7673851965382, 354.6786968100389, 360.59000842353953, 366.50132003704016, 372.41263165054085, 378.3239432640415, 384.2352548775421, 390.1465664910428, 396.0578781045434, 401.96918971804405, 407.88050133154474, 413.79181294504536, 419.703124558546, 425.6144361720467, 431.5257477855473, 437.43705939904794, 443.3483710125486, 449.25968262604925, 455.1709942395499, 461.08230585305057, 466.9936174665512, 472.90492908005183, 478.8162406935525, 484.72755230705314, 490.6388639205538, 496.55017553405446, 502.4614871475551, 508.3727987610557, 514.2841103745563, 520.195421988057, 526.1067336015577, 532.0180452150584, 537.929356828559, 543.8406684420596, 549.7519800555602, 555.6632916690609, 561.5746032825616, 567.4859148960622, 573.3972265095629, 579.3085381230635, 585.2198497365641],
         "dplt_at_force_location": -14.622246156778631,
         "maximum_dplt": -17.340355172213517,
         "location_max_dplt": 585.2198497365641
    },
     "metadata": {
         "error_code": 0,
         "model": "BendingTestAnalytical",
         "load_case": "Cantilever",
         "description": "",
         "job_name": "",
         "persistent_result_files": "",
         "n_cpus": 1,
         "date": "2026-03-26 14:57:55.371569",
         "cpu_time": 0.0035986900329589844,
         "user": "sebastien.bocquet",
         "machine": "IPF7101",
         "vims_git_version": "d0050d8de498c8354552cdde540fb3e524454871",
         "directory_archive_root": "/home/sebastien.bocquet/PycharmProjects/vimseo/docs/runnable_examples/model_runs/archive/uq",
         "directory_archive_job": "/home/sebastien.bocquet/PycharmProjects/vimseo/docs/runnable_examples/model_runs/archive/uq/BendingTestAnalytical/Cantilever/34",
         "directory_scratch_root": "/home/sebastien.bocquet/PycharmProjects/vimseo/docs/runnable_examples/model_runs/scratch/uq",
         "directory_scratch_job": ""
    }
}