{
     "inputs": {
         "young_modulus": 224775.390625,
         "Cantilever:length": 600.0,
         "Cantilever:width": 30.2572021484375,
         "Cantilever:height": 39.7552490234375,
         "Cantilever:imposed_dplt": -4.914306640625,
         "Cantilever:relative_dplt_location": 1.0,
         "Cantilever:nu_p": 0.3
    },
     "outputs": {
         "length": 600.0,
         "width": 30.2572021484375,
         "height": 39.7552490234375,
         "imposed_dplt": -4.914306640625,
         "relative_dplt_location": 1.0,
         "nu_p": 0.3,
         "reaction_forces": -2430.5774918408,
         "moment": [1458346.49510448, 0.0],
         "moment_grid": [0.0, 600.0],
         "dplt": [0.0, -0.0007495806785459953, -0.002988193245554976, -0.00670064349808345, -0.011871737233187915, -0.018486280247924876, -0.026529078339350805, -0.03598493730452224, -0.046838662940495636, -0.059075061044327526, -0.0726789374130744, -0.08763509784379274, -0.10392834813353903, -0.12154349407936985, -0.14046534147834164, -0.16067869612751087, -0.18216836382393412, -0.20491915036466787, -0.22891586154676855, -0.2541433031672935, -0.2805862810232978, -0.30822960091183854, -0.3370580686299724, -0.36705648997475565, -0.39820967074324476, -0.43050241673249656, -0.46391953373956724, -0.49844582756151345, -0.5340661039953917, -0.5707651688382583, -0.6085278278871701, -0.6473388869391833, -0.6871831517913544, -0.72804542824074, -0.7699105220843969, -0.812763239119381, -0.8565883851427489, -0.9013707659515577, -0.9470951873428634, -0.9937464551137224, -1.0413093750611915, -1.0897687529823272, -1.1391093946741855, -1.189316105933824, -1.2403736925582982, -1.2922669603446648, -1.34498071508998, -1.3984997625913012, -1.4528089086456841, -1.5078929590501857, -1.5637367196018614, -1.6203249960977701, -1.6776425943349662, -1.7356743201105067, -1.7944049792214487, -1.8538193774648475, -1.9139023206377603, -1.9746386145372439, -2.036013064960355, -2.0980104777041486, -2.160615658565683, -2.2238134133420133, -2.2875885478301976, -2.3519258678272896, -2.4168101791303496, -2.4822262875364305, -2.5481589988425917, -2.614593118845887, -2.6815134533433764, -2.7489048081321115, -2.816751989009154, -2.8850398017715566, -2.9537530522163777, -3.022876546140673, -3.0923950893415, -3.1622934876159134, -3.2325565467609723, -3.3031690725737297, -3.374115870851246, -3.445381747390575, -3.5169515079887743, -3.588809958442899, -3.6609419045500076, -3.7333321521071565, -3.8059655069113987, -3.8788267747597964, -3.951900761449403, -4.025172272777272, -4.098626114540465, -4.172247092536037, -4.246020012561044, -4.319929680412542, -4.3939609018875885, -4.468098482783237, -4.54232722889655, -4.616631946024578, -4.69099743996438, -4.7654085165130144, -4.839849981467534, -4.914306640624999],
         "dplt_grid": [0.0, 6.0606060606060606, 12.121212121212121, 18.18181818181818, 24.242424242424242, 30.303030303030305, 36.36363636363636, 42.42424242424242, 48.484848484848484, 54.54545454545455, 60.60606060606061, 66.66666666666667, 72.72727272727272, 78.78787878787878, 84.84848484848484, 90.9090909090909, 96.96969696969697, 103.03030303030303, 109.0909090909091, 115.15151515151516, 121.21212121212122, 127.27272727272727, 133.33333333333334, 139.3939393939394, 145.45454545454544, 151.5151515151515, 157.57575757575756, 163.63636363636363, 169.6969696969697, 175.75757575757575, 181.8181818181818, 187.87878787878788, 193.93939393939394, 200.0, 206.06060606060606, 212.12121212121212, 218.1818181818182, 224.24242424242425, 230.3030303030303, 236.36363636363637, 242.42424242424244, 248.48484848484847, 254.54545454545453, 260.6060606060606, 266.6666666666667, 272.72727272727275, 278.7878787878788, 284.8484848484849, 290.9090909090909, 296.96969696969694, 303.030303030303, 309.09090909090907, 315.1515151515151, 321.2121212121212, 327.27272727272725, 333.3333333333333, 339.3939393939394, 345.45454545454544, 351.5151515151515, 357.57575757575756, 363.6363636363636, 369.6969696969697, 375.75757575757575, 381.8181818181818, 387.8787878787879, 393.93939393939394, 400.0, 406.06060606060606, 412.1212121212121, 418.1818181818182, 424.24242424242425, 430.3030303030303, 436.3636363636364, 442.42424242424244, 448.4848484848485, 454.54545454545456, 460.6060606060606, 466.6666666666667, 472.72727272727275, 478.7878787878788, 484.8484848484849, 490.9090909090909, 496.96969696969694, 503.030303030303, 509.09090909090907, 515.1515151515151, 521.2121212121212, 527.2727272727273, 533.3333333333334, 539.3939393939394, 545.4545454545455, 551.5151515151515, 557.5757575757576, 563.6363636363636, 569.6969696969697, 575.7575757575758, 581.8181818181818, 587.8787878787879, 593.9393939393939, 600.0],
         "dplt_at_force_location": -4.914306640624999,
         "maximum_dplt": -4.914306640624999,
         "location_max_dplt": 600.0
    },
     "metadata": {
         "error_code": 0,
         "model": "BendingTestAnalytical",
         "load_case": "Cantilever",
         "description": "",
         "job_name": "",
         "persistent_result_files": "",
         "n_cpus": 1,
         "date": "2026-06-16 18:09:45.035172",
         "cpu_time": 0.1750946044921875,
         "user": "sebastien.bocquet",
         "machine": "PCBM20250036",
         "vims_git_version": "3de96ae2320a30b8a84551033e41da0fca6276ac",
         "directory_archive_root": "C:\\Users\\sebastien.bocquet\\Dev\\vimseo\\docs\\runnable_examples\\model_runs\\archive\\calibration_coupled",
         "directory_archive_job": "C:\\Users\\sebastien.bocquet\\Dev\\vimseo\\docs\\runnable_examples\\model_runs\\archive\\calibration_coupled\\BendingTestAnalytical\\Cantilever\\233",
         "directory_scratch_root": "C:\\Users\\sebastien.bocquet\\Dev\\vimseo\\docs\\runnable_examples\\model_runs\\scratch\\calibration_coupled",
         "directory_scratch_job": ""
    }
}