{
     "inputs": {
         "young_modulus": 224765.625,
         "ThreePoints:length": 600.0,
         "ThreePoints:width": 30.19287109375,
         "ThreePoints:height": 40.52490234375,
         "ThreePoints:imposed_dplt": -4.916748046875,
         "ThreePoints:relative_support_location": 0.5,
         "ThreePoints:nu_p": 0.3
    },
     "outputs": {
         "length": 600.0,
         "width": 30.19287109375,
         "height": 40.52490234375,
         "imposed_dplt": -4.916748046875,
         "relative_support_location": 0.5,
         "nu_p": 0.3,
         "reaction_forces": -41122.96594360533,
         "moment": [0.0, -6168444.8915408, 0.0],
         "moment_grid": [0.0, 300.0, 600.0],
         "dplt": [0.0, -0.14897716330546057, -0.2978327126000595, -0.4464450338729352, -0.5946925131132262, -0.7424535363100708, -0.8896064894526072, -1.0360297585299743, -1.18160172953131, -1.3262007884457527, -1.4697053212624414, -1.611993713970514, -1.7529443525591086, -1.8924356230173645, -2.0303459113344196, -2.166553603499412, -2.300937085501481, -2.433374743329764, -2.5637449629734, -2.6919261304215265, -2.8177966316632834, -2.9412348526878076, -3.0621191794842386, -3.1803279980417143, -3.295739694349373, -3.408232654396353, -3.5176852641717935, -3.6239759096648325, -3.7269829768646083, -3.826584851760259, -3.9226599203409234, -4.0150865685957395, -4.103743182513846, -4.188508148084382, -4.269259851296484, -4.345876678139292, -4.418237014601944, -4.486219246673579, -4.549701760343334, -4.608562941600348, -4.66268117643376, -4.711934850832709, -4.756202350786331, -4.7953620622837665, -4.829292371314153, -4.8578716638666295, -4.880978325930333, -4.898490743494404, -4.910287302547979, -4.9162463890801975, -4.9162463890801975, -4.910287302547979, -4.898490743494404, -4.880978325930333, -4.8578716638666295, -4.829292371314153, -4.7953620622837665, -4.756202350786332, -4.7119348508327095, -4.662681176433761, -4.608562941600349, -4.549701760343335, -4.4862192466735795, -4.418237014601945, -4.345876678139293, -4.269259851296485, -4.188508148084383, -4.103743182513847, -4.01508656859574, -3.9226599203409243, -3.82658485176026, -3.726982976864609, -3.6239759096648334, -3.5176852641717944, -3.408232654396354, -3.2957396943493737, -3.1803279980417147, -3.0621191794842386, -2.9412348526878076, -2.817796631663283, -2.6919261304215265, -2.563744962973401, -2.4333747433297654, -2.3009370855014826, -2.166553603499414, -2.0303459113344213, -1.8924356230173651, -1.7529443525591106, -1.6119937139705143, -1.469705321262443, -1.3262007884457527, -1.1816017295313108, -1.0360297585299736, -0.8896064894526079, -0.7424535363100698, -0.5946925131132266, -0.44644503387293694, -0.2978327126000596, -0.14897716330546198, -1.3908280993915612e-17],
         "dplt_grid": [0.0, 6.0606060606060606, 12.121212121212121, 18.18181818181818, 24.242424242424242, 30.303030303030305, 36.36363636363636, 42.42424242424242, 48.484848484848484, 54.54545454545455, 60.60606060606061, 66.66666666666667, 72.72727272727272, 78.78787878787878, 84.84848484848484, 90.9090909090909, 96.96969696969697, 103.03030303030303, 109.0909090909091, 115.15151515151516, 121.21212121212122, 127.27272727272727, 133.33333333333334, 139.3939393939394, 145.45454545454544, 151.5151515151515, 157.57575757575756, 163.63636363636363, 169.6969696969697, 175.75757575757575, 181.8181818181818, 187.87878787878788, 193.93939393939394, 200.0, 206.06060606060606, 212.12121212121212, 218.1818181818182, 224.24242424242425, 230.3030303030303, 236.36363636363637, 242.42424242424244, 248.48484848484847, 254.54545454545453, 260.6060606060606, 266.6666666666667, 272.72727272727275, 278.7878787878788, 284.8484848484849, 290.9090909090909, 296.96969696969694, 303.030303030303, 309.09090909090907, 315.1515151515151, 321.2121212121212, 327.27272727272725, 333.3333333333333, 339.3939393939394, 345.45454545454544, 351.5151515151515, 357.57575757575756, 363.6363636363636, 369.6969696969697, 375.75757575757575, 381.8181818181818, 387.8787878787879, 393.93939393939394, 400.0, 406.06060606060606, 412.1212121212121, 418.1818181818182, 424.24242424242425, 430.3030303030303, 436.3636363636364, 442.42424242424244, 448.4848484848485, 454.54545454545456, 460.6060606060606, 466.6666666666667, 472.72727272727275, 478.7878787878788, 484.8484848484849, 490.9090909090909, 496.96969696969694, 503.030303030303, 509.09090909090907, 515.1515151515151, 521.2121212121212, 527.2727272727273, 533.3333333333334, 539.3939393939394, 545.4545454545455, 551.5151515151515, 557.5757575757576, 563.6363636363636, 569.6969696969697, 575.7575757575758, 581.8181818181818, 587.8787878787879, 593.9393939393939, 600.0],
         "dplt_at_force_location": -4.9162463890801975,
         "maximum_dplt": -4.9162463890801975,
         "location_max_dplt": 296.96969696969694
    },
     "metadata": {
         "error_code": 0,
         "model": "BendingTestAnalytical",
         "load_case": "ThreePoints",
         "description": "",
         "job_name": "",
         "persistent_result_files": "",
         "n_cpus": 1,
         "date": "2026-06-16 18:09:34.788956",
         "cpu_time": 0.15891122817993164,
         "user": "sebastien.bocquet",
         "machine": "PCBM20250036",
         "vims_git_version": "3de96ae2320a30b8a84551033e41da0fca6276ac",
         "directory_archive_root": "C:\\Users\\sebastien.bocquet\\Dev\\vimseo\\docs\\runnable_examples\\model_runs\\archive\\calibration_coupled",
         "directory_archive_job": "C:\\Users\\sebastien.bocquet\\Dev\\vimseo\\docs\\runnable_examples\\model_runs\\archive\\calibration_coupled\\BendingTestAnalytical\\ThreePoints\\212",
         "directory_scratch_root": "C:\\Users\\sebastien.bocquet\\Dev\\vimseo\\docs\\runnable_examples\\model_runs\\scratch\\calibration_coupled",
         "directory_scratch_job": ""
    }
}