{
     "inputs": {
         "young_modulus": 195505.3483839161,
         "Cantilever:length": 600.0,
         "Cantilever:width": 29.61376953125,
         "Cantilever:height": 39.2391357421875,
         "Cantilever:imposed_dplt": -4.9503173828125,
         "Cantilever:relative_dplt_location": 1.0,
         "Cantilever:nu_p": 0.3
    },
     "outputs": {
         "length": 600.0,
         "width": 29.61376953125,
         "height": 39.2391357421875,
         "imposed_dplt": -4.9503173828125,
         "relative_dplt_location": 1.0,
         "nu_p": 0.3,
         "reaction_forces": -2004.1486771166608,
         "moment": [1202489.2062699965, 0.0],
         "moment_grid": [0.0, 600.0],
         "dplt": [0.0, -0.0007550734079456439, -0.003010089937080604, -0.006749744045351934, -0.011958730190706684, -0.0186217428310919, -0.02672347642445461, -0.036248625428741896, -0.047181884301900776, -0.059507947501878294, -0.07321150948662154, -0.08827726471407751, -0.10468990764219328, -0.12243413272891589, -0.14149463443219243, -0.16185610720996985, -0.18350324552019526, -0.2064207438208158, -0.2305932965697783, -0.25600559822503, -0.28264234324451787, -0.3104882260861889, -0.33952794120799035, -0.3697461830678691, -0.40112764612377205, -0.43365702483364654, -0.4673190136554395, -0.502098307047098, -0.537979599466569, -0.5749475853717996, -0.6129869592207369, -0.652082415471328, -0.6922186485815196, -0.7333803530092593, -0.7755522232124937, -0.8187189536491699, -0.8628652387772352, -0.9079757730546364, -0.9540352509393206, -1.001028366889235, -1.0489398153623264, -1.097754290816542, -1.147456487709829, -1.1980311005001343, -1.2494628236454048, -1.3017363516035878, -1.35483637883263, -1.4087475997904786, -1.4634547089350807, -1.5189424007243835, -1.5751953696163339, -1.632198310068879, -1.6899359165399659, -1.7483928834875413, -1.8075539053695526, -1.867403676643947, -1.927926891768671, -1.9891082452016724, -2.050932431400897, -2.1133841448242934, -2.176448079929808, -2.240108931175387, -2.3043513930189787, -2.369160159918529, -2.434519926331987, -2.5004153867172962, -2.5668312355324074, -2.633752167235266, -2.7011628762838193, -2.7690480571360117, -2.8373924042497958, -2.9061806120831135, -2.9753973750939147, -3.0450273877401446, -3.115055344479753, -3.1854659397706837, -3.2562438680708867, -3.3273738238383053, -3.3988405015308913, -3.470628595606588, -3.5427228005233444, -3.6151078107391057, -3.687768320711821, -3.7606890248994365, -3.8338546177598984, -3.9072497937511566, -3.9808592473311557, -4.054667672957841, -4.128659765089163, -4.202820218183068, -4.277133726697503, -4.351584985090413, -4.426158687819746, -4.500839529343451, -4.575612204119475, -4.6504614066057615, -4.72537183126026, -4.80032817254092, -4.875315124905682, -4.950317382812501],
         "dplt_grid": [0.0, 6.0606060606060606, 12.121212121212121, 18.18181818181818, 24.242424242424242, 30.303030303030305, 36.36363636363636, 42.42424242424242, 48.484848484848484, 54.54545454545455, 60.60606060606061, 66.66666666666667, 72.72727272727272, 78.78787878787878, 84.84848484848484, 90.9090909090909, 96.96969696969697, 103.03030303030303, 109.0909090909091, 115.15151515151516, 121.21212121212122, 127.27272727272727, 133.33333333333334, 139.3939393939394, 145.45454545454544, 151.5151515151515, 157.57575757575756, 163.63636363636363, 169.6969696969697, 175.75757575757575, 181.8181818181818, 187.87878787878788, 193.93939393939394, 200.0, 206.06060606060606, 212.12121212121212, 218.1818181818182, 224.24242424242425, 230.3030303030303, 236.36363636363637, 242.42424242424244, 248.48484848484847, 254.54545454545453, 260.6060606060606, 266.6666666666667, 272.72727272727275, 278.7878787878788, 284.8484848484849, 290.9090909090909, 296.96969696969694, 303.030303030303, 309.09090909090907, 315.1515151515151, 321.2121212121212, 327.27272727272725, 333.3333333333333, 339.3939393939394, 345.45454545454544, 351.5151515151515, 357.57575757575756, 363.6363636363636, 369.6969696969697, 375.75757575757575, 381.8181818181818, 387.8787878787879, 393.93939393939394, 400.0, 406.06060606060606, 412.1212121212121, 418.1818181818182, 424.24242424242425, 430.3030303030303, 436.3636363636364, 442.42424242424244, 448.4848484848485, 454.54545454545456, 460.6060606060606, 466.6666666666667, 472.72727272727275, 478.7878787878788, 484.8484848484849, 490.9090909090909, 496.96969696969694, 503.030303030303, 509.09090909090907, 515.1515151515151, 521.2121212121212, 527.2727272727273, 533.3333333333334, 539.3939393939394, 545.4545454545455, 551.5151515151515, 557.5757575757576, 563.6363636363636, 569.6969696969697, 575.7575757575758, 581.8181818181818, 587.8787878787879, 593.9393939393939, 600.0],
         "dplt_at_force_location": -4.950317382812501,
         "maximum_dplt": -4.950317382812501,
         "location_max_dplt": 600.0
    },
     "metadata": {
         "error_code": 0,
         "model": "BendingTestAnalytical",
         "load_case": "Cantilever",
         "description": "",
         "job_name": "",
         "persistent_result_files": "",
         "n_cpus": 1,
         "date": "2026-03-17 09:07:13.025569",
         "cpu_time": 0.09322905540466309,
         "user": "sebastien.bocquet",
         "machine": "B20191729",
         "vims_git_version": "1b6e7132b9faba0cc93317d127a381ee76a8cb8e",
         "directory_archive_root": "C:\\Users\\sebastien.bocquet\\PycharmProjects\\vimseo\\docs\\runnable_examples\\model_runs\\archive\\calibration_scalars",
         "directory_archive_job": "C:\\Users\\sebastien.bocquet\\PycharmProjects\\vimseo\\docs\\runnable_examples\\model_runs\\archive\\calibration_scalars\\BendingTestAnalytical\\Cantilever\\395",
         "directory_scratch_root": "C:\\Users\\sebastien.bocquet\\PycharmProjects\\vimseo\\docs\\runnable_examples\\model_runs\\scratch\\calibration_scalars",
         "directory_scratch_job": ""
    }
}