{
     "inputs": {
         "young_modulus": 227500.0,
         "Cantilever:length": 600.0,
         "Cantilever:width": 30.0968017578125,
         "Cantilever:height": 39.488525390625,
         "Cantilever:imposed_dplt": -5.0556640625,
         "Cantilever:relative_dplt_location": 1.0,
         "Cantilever:nu_p": 0.3
    },
     "outputs": {
         "length": 600.0,
         "width": 30.0968017578125,
         "height": 39.488525390625,
         "imposed_dplt": -5.0556640625,
         "relative_dplt_location": 1.0,
         "nu_p": 0.3,
         "reaction_forces": -2467.0557483883795,
         "moment": [1480233.4490330277, 0.0],
         "moment_grid": [0.0, 600.0],
         "dplt": [0.0, -0.0007711419688673287, -0.003074147038052188, -0.006893383951428894, -0.01221322145287176, -0.019018028286255095, -0.027292173195453188, -0.03702002492434038, -0.04818595221679096, -0.06077432381667924, -0.07476950846787953, -0.09015587491426613, -0.10691779189971337, -0.12503962816809558, -0.144505752463287, -0.16530053352916202, -0.18740834010959492, -0.21081354094846005, -0.23550050478963167, -0.26145360037698423, -0.2886571964543918, -0.31709566176572884, -0.3467533650548697, -0.3776146750656886, -0.4096639605420597, -0.4428855902278577, -0.47726393286695656, -0.5127833572032309, -0.5494282319805547, -0.5871829259428025, -0.6260318078338486, -0.6659592463975672, -0.7069496103778327, -0.7489872685185193, -0.7920565895635013, -0.8361419422566532, -0.8812276953418491, -0.9272982175629636, -0.9743378776638706, -1.022331044388445, -1.0712620864805602, -1.1211153726840914, -1.1718752717429126, -1.223526152400898, -1.276052383401922, -1.329438333489859, -1.383668371408583, -1.4387268659019685, -1.4945981857138895, -1.5512666995882212, -1.608716776268837, -1.666932784499612, -1.7258990930244198, -1.7856000705871347, -1.8460200859316318, -1.9071435078017849, -1.9689547049414677, -2.031438046094556, -2.0945779000049227, -2.1583586354164424, -2.22276462107299, -2.287780225718439, -2.353389818096665, -2.4195777669515404, -2.486328441026943, -2.553626209066742, -2.6214554398148158, -2.689800502015037, -2.758645764411281, -2.8279755957474193, -2.8977743647673306, -2.9680264402148855, -3.03871619083396, -3.109827985368428, -3.181346192562165, -3.2532551811590418, -3.325539319902938, -3.398182977537722, -3.471170522807274, -3.544486324455464, -3.618114751226168, -3.6920401718632596, -3.766246955110614, -3.8407194697121056, -3.915442084411608, -3.990399167952996, -4.065575089080144, -4.140954216536925, -4.216520919067215, -4.292259565414887, -4.368154524323817, -4.4441901645378765, -4.520350854800943, -4.596620963856888, -4.6729848604495885, -4.749426913322915, -4.8259314912207465, -4.902482962886956, -4.979065697065414, -5.0556640625],
         "dplt_grid": [0.0, 6.0606060606060606, 12.121212121212121, 18.18181818181818, 24.242424242424242, 30.303030303030305, 36.36363636363636, 42.42424242424242, 48.484848484848484, 54.54545454545455, 60.60606060606061, 66.66666666666667, 72.72727272727272, 78.78787878787878, 84.84848484848484, 90.9090909090909, 96.96969696969697, 103.03030303030303, 109.0909090909091, 115.15151515151516, 121.21212121212122, 127.27272727272727, 133.33333333333334, 139.3939393939394, 145.45454545454544, 151.5151515151515, 157.57575757575756, 163.63636363636363, 169.6969696969697, 175.75757575757575, 181.8181818181818, 187.87878787878788, 193.93939393939394, 200.0, 206.06060606060606, 212.12121212121212, 218.1818181818182, 224.24242424242425, 230.3030303030303, 236.36363636363637, 242.42424242424244, 248.48484848484847, 254.54545454545453, 260.6060606060606, 266.6666666666667, 272.72727272727275, 278.7878787878788, 284.8484848484849, 290.9090909090909, 296.96969696969694, 303.030303030303, 309.09090909090907, 315.1515151515151, 321.2121212121212, 327.27272727272725, 333.3333333333333, 339.3939393939394, 345.45454545454544, 351.5151515151515, 357.57575757575756, 363.6363636363636, 369.6969696969697, 375.75757575757575, 381.8181818181818, 387.8787878787879, 393.93939393939394, 400.0, 406.06060606060606, 412.1212121212121, 418.1818181818182, 424.24242424242425, 430.3030303030303, 436.3636363636364, 442.42424242424244, 448.4848484848485, 454.54545454545456, 460.6060606060606, 466.6666666666667, 472.72727272727275, 478.7878787878788, 484.8484848484849, 490.9090909090909, 496.96969696969694, 503.030303030303, 509.09090909090907, 515.1515151515151, 521.2121212121212, 527.2727272727273, 533.3333333333334, 539.3939393939394, 545.4545454545455, 551.5151515151515, 557.5757575757576, 563.6363636363636, 569.6969696969697, 575.7575757575758, 581.8181818181818, 587.8787878787879, 593.9393939393939, 600.0],
         "dplt_at_force_location": -5.0556640625,
         "maximum_dplt": -5.0556640625,
         "location_max_dplt": 600.0
    },
     "metadata": {
         "error_code": 0,
         "model": "BendingTestAnalytical",
         "load_case": "Cantilever",
         "description": "",
         "job_name": "",
         "persistent_result_files": "",
         "n_cpus": 1,
         "date": "2026-03-26 14:57:30.530672",
         "cpu_time": 0.004666328430175781,
         "user": "sebastien.bocquet",
         "machine": "IPF7101",
         "vims_git_version": "d0050d8de498c8354552cdde540fb3e524454871",
         "directory_archive_root": "/home/sebastien.bocquet/PycharmProjects/vimseo/docs/runnable_examples/model_runs/archive/calibration_coupled",
         "directory_archive_job": "/home/sebastien.bocquet/PycharmProjects/vimseo/docs/runnable_examples/model_runs/archive/calibration_coupled/BendingTestAnalytical/Cantilever/29",
         "directory_scratch_root": "/home/sebastien.bocquet/PycharmProjects/vimseo/docs/runnable_examples/model_runs/scratch/calibration_coupled",
         "directory_scratch_job": ""
    }
}