{
     "inputs": {
         "x": 1.75,
         "Dummy:x_1": 0.9625086499676455
    },
     "outputs": {
         "x_1": 0.9625086499676455,
         "y": [0.9625086499676455, 0.9801854176444131, 0.9978621853211809, 1.0155389529979486, 1.0332157206747161, 1.0508924883514839, 1.0685692560282516, 1.0862460237050193, 1.103922791381787, 1.1215995590585546, 1.1392763267353223, 1.15695309441209, 1.1746298620888576, 1.1923066297656253, 1.209983397442393, 1.2276601651191608, 1.2453369327959285, 1.263013700472696, 1.2806904681494637, 1.2983672358262313, 1.316044003502999, 1.3337207711797667, 1.3513975388565345, 1.3690743065333022, 1.3867510742100697, 1.4044278418868374, 1.4221046095636052, 1.439781377240373, 1.4574581449171404, 1.4751349125939082, 1.492811680270676, 1.5104884479474436, 1.5281652156242114, 1.5458419833009789, 1.5635187509777466, 1.5811955186545141, 1.5988722863312819, 1.6165490540080496, 1.6342258216848173, 1.651902589361585, 1.6695793570383528, 1.6872561247151203, 1.7049328923918878, 1.7226096600686556, 1.7402864277454233, 1.757963195422191, 1.7756399630989588, 1.7933167307757265, 1.810993498452494, 1.8286702661292618, 1.8463470338060293, 1.8640238014827972, 1.8817005691595647, 1.8993773368363325, 1.9170541045131002, 1.934730872189868, 1.9524076398666357, 1.970084407543403, 1.9877611752201707, 2.0054379428969384, 2.023114710573706, 2.040791478250474, 2.0584682459272416, 2.0761450136040094, 2.093821781280777, 2.1114985489575444, 2.129175316634312, 2.14685208431108, 2.1645288519878476, 2.1822056196646153, 2.199882387341383, 2.217559155018151, 2.235235922694918, 2.2529126903716863, 2.2705894580484536, 2.2882662257252213, 2.305942993401989, 2.323619761078757, 2.3412965287555245, 2.3589732964322923, 2.37665006410906, 2.3943268317858273, 2.412003599462595, 2.4296803671393628, 2.4473571348161305, 2.465033902492898, 2.482710670169666, 2.5003874378464337, 2.518064205523201, 2.535740973199969, 2.5534177408767365, 2.571094508553504, 2.588771276230272, 2.6064480439070397, 2.6241248115838074, 2.641801579260575, 2.6594783469373424, 2.67715511461411, 2.694831882290878, 2.7125086499676456],
         "y_axis": [0.0, 0.010101010101010102, 0.020202020202020204, 0.030303030303030304, 0.04040404040404041, 0.05050505050505051, 0.06060606060606061, 0.07070707070707072, 0.08080808080808081, 0.09090909090909091, 0.10101010101010102, 0.11111111111111112, 0.12121212121212122, 0.13131313131313133, 0.14141414141414144, 0.15151515151515152, 0.16161616161616163, 0.17171717171717174, 0.18181818181818182, 0.19191919191919193, 0.20202020202020204, 0.21212121212121213, 0.22222222222222224, 0.23232323232323235, 0.24242424242424243, 0.25252525252525254, 0.26262626262626265, 0.27272727272727276, 0.2828282828282829, 0.29292929292929293, 0.30303030303030304, 0.31313131313131315, 0.32323232323232326, 0.33333333333333337, 0.3434343434343435, 0.3535353535353536, 0.36363636363636365, 0.37373737373737376, 0.38383838383838387, 0.393939393939394, 0.4040404040404041, 0.4141414141414142, 0.42424242424242425, 0.43434343434343436, 0.4444444444444445, 0.4545454545454546, 0.4646464646464647, 0.4747474747474748, 0.48484848484848486, 0.494949494949495, 0.5050505050505051, 0.5151515151515152, 0.5252525252525253, 0.5353535353535354, 0.5454545454545455, 0.5555555555555556, 0.5656565656565657, 0.5757575757575758, 0.5858585858585859, 0.595959595959596, 0.6060606060606061, 0.6161616161616162, 0.6262626262626263, 0.6363636363636365, 0.6464646464646465, 0.6565656565656566, 0.6666666666666667, 0.6767676767676768, 0.686868686868687, 0.696969696969697, 0.7070707070707072, 0.7171717171717172, 0.7272727272727273, 0.7373737373737375, 0.7474747474747475, 0.7575757575757577, 0.7676767676767677, 0.7777777777777778, 0.787878787878788, 0.797979797979798, 0.8080808080808082, 0.8181818181818182, 0.8282828282828284, 0.8383838383838385, 0.8484848484848485, 0.8585858585858587, 0.8686868686868687, 0.8787878787878789, 0.888888888888889, 0.8989898989898991, 0.9090909090909092, 0.9191919191919192, 0.9292929292929294, 0.9393939393939394, 0.9494949494949496, 0.9595959595959597, 0.9696969696969697, 0.9797979797979799, 0.98989898989899, 1.0]
    },
     "metadata": {
         "error_code": 0,
         "model": "MockCurves",
         "load_case": "Dummy",
         "description": "",
         "job_name": "",
         "persistent_result_files": "",
         "n_cpus": 1,
         "date": "2026-03-26 14:57:23.684778",
         "cpu_time": 0.0009560585021972656,
         "user": "sebastien.bocquet",
         "machine": "IPF7101",
         "vims_git_version": "d0050d8de498c8354552cdde540fb3e524454871",
         "directory_archive_root": "/home/sebastien.bocquet/PycharmProjects/vimseo/docs/runnable_examples/model_runs/archive/calibration_curves",
         "directory_archive_job": "/home/sebastien.bocquet/PycharmProjects/vimseo/docs/runnable_examples/model_runs/archive/calibration_curves/MockCurves/Dummy/8",
         "directory_scratch_root": "/home/sebastien.bocquet/PycharmProjects/vimseo/docs/runnable_examples/model_runs/scratch/calibration_curves",
         "directory_scratch_job": ""
    }
}