{
     "inputs": {
         "length": 604.0387269650171,
         "width": 29.692566397811422,
         "height": 40.51002459982011,
         "imposed_dplt": -15.38749215700359,
         "relative_dplt_location": 0.9038032670047909,
         "young_modulus": 202542.86656834578,
         "nu_p": 0.2973903891686186
    },
     "outputs": {
         "reaction_forces": -9452.44134504662,
         "moment": [5160391.860939162, 0.0, 0.0],
         "moment_grid": [0.0, 545.9321748283973, 604.0387269650171],
         "dplt": [0.0, -0.002872235006769368, -0.011445979407523779, -0.025656792272932757, -0.045440232673665794, -0.07073185968039238, -0.10146723236378202, -0.13758190979450421, -0.17901145104322846, -0.22569141518062424, -0.2775573612773611, -0.33454484840410864, -0.396589435631536, -0.4636266820303129, -0.5355921466711091, -0.6124213886245936, -0.694049966961436, -0.7804134407523065, -0.8714473690678733, -0.9670873109788072, -1.067268825555777, -1.171927471869452, -1.2809988089905022, -1.3944183959895966, -1.5121217919374053, -1.6340445559045977, -1.760122246961843, -1.8902904241798102, -2.0244846466291704, -2.1626404733805913, -2.304693463504743, -2.450579176072296, -2.6002331701539187, -2.7535910048202807, -2.9105882391420526, -3.0711604321899015, -3.235243143034499, -3.402771930746514, -3.573682354396616, -3.747909973055474, -3.9253903457937596, -4.106059031682139, -4.289851589791283, -4.476703579191862, -4.6665505589545475, -4.859328088150004, -5.054971725848904, -5.2534170311219155, -5.454599563039708, -5.658454880672954, -5.864918543092322, -6.073926109368479, -6.285413138572096, -6.499315189773842, -6.715567822044386, -6.9341065944544, -7.154867066074553, -7.377784795975511, -7.602795343227947, -7.829834266902531, -8.058837126069928, -8.289739479800808, -8.52247688716585, -8.756984907235715, -8.993199099081071, -9.231055021772594, -9.470488234380943, -9.711434295976801, -9.95382876563083, -10.197607202413696, -10.442705165396076, -10.689058213648636, -10.936601906242046, -11.18527180224698, -11.435003460734096, -11.685732440774073, -11.937394301437575, -12.189924601795278, -12.443258900917844, -12.697332757875952, -12.952081731740266, -13.207441381581448, -13.46334726647018, -13.71972263768245, -13.976487219431789, -14.233577799001845, -14.490936608442558, -14.748511310106029, -15.006254996646483, -15.264126191020287, -15.522088846485964, -15.780112346604165, -16.038171505237695, -16.296246566551485, -16.554323205012626, -16.812392525390337, -17.07045106275598, -17.32850078248307, -17.586549080247245, -17.844608782026313],
         "dplt_grid": [0.0, 6.10140128247492, 12.20280256494984, 18.30420384742476, 24.40560512989968, 30.5070064123746, 36.60840769484952, 42.70980897732444, 48.81121025979936, 54.91261154227428, 61.0140128247492, 67.11541410722413, 73.21681538969904, 79.31821667217396, 85.41961795464888, 91.5210192371238, 97.62242051959872, 103.72382180207364, 109.82522308454855, 115.92662436702348, 122.0280256494984, 128.1294269319733, 134.23082821444825, 140.33222949692316, 146.43363077939807, 152.535032061873, 158.63643334434792, 164.73783462682283, 170.83923590929777, 176.94063719177268, 183.0420384742476, 189.14343975672253, 195.24484103919744, 201.34624232167235, 207.4476436041473, 213.5490448866222, 219.6504461690971, 225.75184745157205, 231.85324873404696, 237.95465001652187, 244.0560512989968, 250.15745258147172, 256.2588538639466, 262.36025514642154, 268.4616564288965, 274.5630577113714, 280.6644589938463, 286.76586027632123, 292.86726155879614, 298.96866284127105, 305.070064123746, 311.17146540622093, 317.27286668869584, 323.37426797117075, 329.47566925364566, 335.5770705361206, 341.67847181859554, 347.77987310107045, 353.88127438354536, 359.98267566602027, 366.0840769484952, 372.1854782309701, 378.28687951344506, 384.38828079591997, 390.4896820783949, 396.5910833608698, 402.6924846433447, 408.79388592581967, 414.8952872082946, 420.9966884907695, 427.0980897732444, 433.1994910557193, 439.3008923381942, 445.4022936206692, 451.5036949031441, 457.605096185619, 463.7064974680939, 469.8078987505688, 475.90930003304373, 482.0107013155187, 488.1121025979936, 494.2135038804685, 500.31490516294343, 506.41630644541834, 512.5177077278933, 518.6191090103682, 524.7205102928431, 530.821911575318, 536.923312857793, 543.0247141402679, 549.1261154227428, 555.2275167052177, 561.3289179876926, 567.4303192701675, 573.5317205526425, 579.6331218351174, 585.7345231175923, 591.8359244000673, 597.9373256825421, 604.0387269650171],
         "dplt_at_force_location": -15.387051441310936,
         "maximum_dplt": -17.844608782026313,
         "location_max_dplt": 604.0387269650171
    },
     "metadata": {
         "error_code": 0,
         "model": "BendingTestAnalytical",
         "load_case": "Cantilever",
         "description": "",
         "job_name": "",
         "persistent_result_files": "",
         "n_cpus": 1,
         "date": "2026-03-17 09:07:45.459830",
         "cpu_time": 0.020348310470581055,
         "user": "sebastien.bocquet",
         "machine": "B20191729",
         "vims_git_version": "1b6e7132b9faba0cc93317d127a381ee76a8cb8e",
         "directory_archive_root": "C:\\Users\\sebastien.bocquet\\PycharmProjects\\vimseo\\docs\\runnable_examples\\model_runs\\archive\\uq",
         "directory_archive_job": "C:\\Users\\sebastien.bocquet\\PycharmProjects\\vimseo\\docs\\runnable_examples\\model_runs\\archive\\uq\\BendingTestAnalytical\\Cantilever\\56",
         "directory_scratch_root": "C:\\Users\\sebastien.bocquet\\PycharmProjects\\vimseo\\docs\\runnable_examples\\model_runs\\scratch\\uq",
         "directory_scratch_job": ""
    }
}