{
     "inputs": {
         "length": 597.7127685546875,
         "width": 31.052978515625,
         "height": 39.801025390625,
         "imposed_dplt": -5.1507568359375,
         "relative_dplt_location": 1.0,
         "young_modulus": 213166.6260986328,
         "nu_p": 0.3056640625
    },
     "outputs": {
         "reaction_forces": -2516.7420928550437,
         "moment": [1504288.8840585065, 0.0],
         "moment_grid": [0.0, 597.7127685546875],
         "dplt": [0.0, -0.0007856464983667408, -0.0031319691488944355, -0.007023042684724307, -0.012442941838997567, -0.019375741344855424, -0.027805515935439104, -0.0377163403438898, -0.049092289303348746, -0.06191743754695715, -0.07617585980785622, -0.09185163081918718, -0.10892882531409127, -0.12739151802570967, -0.14722378368718358, -0.16840969703165423, -0.19093333279226282, -0.21477876570215068, -0.23993007049445886, -0.26637132190232893, -0.2940865946589016, -0.3230599634973183, -0.3532755031507202, -0.38471728835224867, -0.4173693938350448, -0.45121589433224985, -0.486240864577005, -0.5224283793024516, -0.5597625132417303, -0.598227341127983, -0.6378069376943509, -0.6784853776739748, -0.7202467357999962, -0.763075086805556, -0.8069545054237959, -0.8518690663878568, -0.8978028444308799, -0.9447399142860061, -0.9926643506863774, -1.0415602283651344, -1.0914116220554189, -1.1422026064903714, -1.1939172564031333, -1.2465396465268466, -1.300053851594651, -1.3544439463396891, -1.4096940054951017, -1.4657881037940301, -1.5227103159696145, -1.580444716754997, -1.6389753808833194, -1.698286383087722, -1.7583617981013466, -1.819185700657333, -1.880742165488825, -1.9430152673289616, -2.0059890809108847, -2.0696476809677358, -2.133975142232656, -2.1989555394387863, -2.2645729473192677, -2.3308114406072415, -2.3976550940358496, -2.465087982338233, -2.533094180247533, -2.6016577624968886, -2.6707628038194446, -2.7403933789483395, -2.8105335626167167, -2.8811674295577157, -2.9522790545044773, -3.0238525121901443, -3.095871877347859, -3.168321224710759, -3.241184629011988, -3.3144461649846853, -3.388089907361995, -3.462099930877057, -3.536460310263011, -3.611155120253, -3.686168435580164, -3.761484330977646, -3.8370868811785868, -3.912960160916126, -3.9890882449234057, -4.065455207933568, -4.142045124679751, -4.2188420698951, -4.295830118312754, -4.372993344665854, -4.450315823687545, -4.527781630110961, -4.605374838669249, -4.6830795240955485, -4.760879761123003, -4.838759624484749, -4.916703188913929, -4.994694529143687, -5.0727177199071605, -5.150756835937498],
         "dplt_grid": [0.0, 6.037502712673611, 12.075005425347221, 18.112508138020832, 24.150010850694443, 30.187513563368054, 36.225016276041664, 42.26251898871527, 48.300021701388886, 54.3375244140625, 60.37502712673611, 66.41252983940971, 72.45003255208333, 78.48753526475694, 84.52503797743054, 90.56254069010416, 96.60004340277777, 102.63754611545139, 108.675048828125, 114.7125515407986, 120.75005425347221, 126.78755696614583, 132.82505967881943, 138.86256239149304, 144.90006510416666, 150.93756781684027, 156.97507052951389, 163.0125732421875, 169.0500759548611, 175.0875786675347, 181.12508138020831, 187.16258409288193, 193.20008680555554, 199.23758951822916, 205.27509223090277, 211.31259494357639, 217.35009765625, 223.3876003689236, 229.4251030815972, 235.46260579427081, 241.50010850694443, 247.53761121961804, 253.57511393229166, 259.61261664496527, 265.65011935763886, 271.6876220703125, 277.7251247829861, 283.76262749565973, 289.8001302083333, 295.8376329210069, 301.87513563368054, 307.91263834635413, 313.95014105902777, 319.98764377170136, 326.025146484375, 332.0626491970486, 338.1001519097222, 344.1376546223958, 350.1751573350694, 356.21266004774304, 362.25016276041663, 368.28766547309027, 374.32516818576386, 380.3626708984375, 386.4001736111111, 392.4376763237847, 398.4751790364583, 404.5126817491319, 410.55018446180554, 416.58768717447913, 422.62518988715277, 428.66269259982636, 434.7001953125, 440.7376980251736, 446.7752007378472, 452.8127034505208, 458.8502061631944, 464.88770887586804, 470.92521158854163, 476.96271430121527, 483.00021701388886, 489.03771972656244, 495.0752224392361, 501.1127251519097, 507.1502278645833, 513.187730577257, 519.2252332899305, 525.2627360026041, 531.3002387152777, 537.3377414279513, 543.375244140625, 549.4127468532986, 555.4502495659722, 561.4877522786458, 567.5252549913195, 573.562757703993, 579.6002604166666, 585.6377631293402, 591.6752658420138, 597.7127685546875],
         "dplt_at_force_location": -5.150756835937498,
         "maximum_dplt": -5.150756835937498,
         "location_max_dplt": 597.7127685546875
    },
     "metadata": {
         "error_code": 0,
         "model": "BendingTestAnalytical",
         "load_case": "Cantilever",
         "description": "",
         "job_name": "",
         "persistent_result_files": "",
         "n_cpus": 1,
         "date": "2026-05-11 16:23:52.276898",
         "cpu_time": 0.003476381301879883,
         "user": "sebastien.bocquet",
         "machine": "IPF7101",
         "vims_git_version": "bd04719587923889b30edb372ef71eeaeb4c168d",
         "directory_archive_root": "/home/sebastien.bocquet/PycharmProjects/vimseo/docs/runnable_examples/model_runs/archive/generate_reference_data",
         "directory_archive_job": "/home/sebastien.bocquet/PycharmProjects/vimseo/docs/runnable_examples/model_runs/archive/generate_reference_data/BendingTestAnalytical/Cantilever/6",
         "directory_scratch_root": "/home/sebastien.bocquet/PycharmProjects/vimseo/docs/runnable_examples/model_runs/scratch/generate_reference_data",
         "directory_scratch_job": ""
    }
}