{
     "inputs": {
         "length": 595.3766432815928,
         "width": 29.72567331004757,
         "height": 39.955663340596324,
         "imposed_dplt": -5.059313591875855,
         "relative_dplt_location": 0.9292019134797876,
         "young_modulus": 207888.33881424673,
         "nu_p": 0.3092149179183565
    },
     "outputs": {
         "reaction_forces": -2944.5762630763734,
         "moment": [1629013.5452366709, 0.0, 0.0],
         "moment_grid": [0.0, 553.225116178429, 595.3766432815928],
         "dplt": [0.0, -0.0008935435725098191, -0.0035611760149284787, -0.007983399914589804, -0.014140717858827605, -0.022013632434975693, -0.031582646230367904, -0.04282826183233804, -0.055730981828219915, -0.07027130880534738, -0.0864297453510542, -0.10418679405267418, -0.12352295749754127, -0.1444187382729891, -0.1668546389663516, -0.19081116216496258, -0.21626881045615576, -0.24320808642726502, -0.27160949266562434, -0.3014535317585667, -0.3327207062934271, -0.36539151885753884, -0.39944647203823563, -0.43486606842285164, -0.47163081059872025, -0.5097212011531755, -0.5491177426735512, -0.589800937747181, -0.631751288961399, -0.674949298903539, -0.7193754701609345, -0.7650103053209194, -0.8118343069708278, -0.8598279776979931, -0.9089718200897495, -0.9592463367334308, -1.0106320302163705, -1.063109403125903, -1.1166589580493613, -1.1712611975740796, -1.2268966242873918, -1.2835457407766313, -1.3411890496291334, -1.3998070534322296, -1.4593802547732553, -1.5198891562395442, -1.5813142604184298, -1.643636069897246, -1.7068350872633264, -1.770891815104005, -1.835786756006615, -1.9015004125584913, -1.968013287346968, -2.035305882959377, -2.103358701983053, -2.1721522470053305, -2.2416670206135434, -2.311883525395025, -2.3827822639371092, -2.45434373882713, -2.52654845265242, -2.5993769080003144, -2.672809607458146, -2.7468270536132513, -2.8214097490529593, -2.8965381963646077, -2.972192898135529, -3.048354356953058, -3.125003075404526, -3.2021195560772706, -3.2796843015586217, -3.3576778144359163, -3.436080597296487, -3.5148731527276653, -3.5940359833167888, -3.673549591651189, -3.753394480318202, -3.8335511519051573, -3.9140001089993954, -3.994721854188242, -4.075696890059038, -4.156905719199112, -4.238328844195802, -4.31994676763644, -4.401739992108359, -4.483689020198893, -4.565773182106816, -4.647969821646793, -4.730258960275299, -4.812622559690944, -4.895044483206293, -4.977510495747876, -5.060008263856191, -5.142527355685692, -5.2250592410048045, -5.30759729119591, -5.390136779255361, -5.472674879793463, -5.555210669034496, -5.637745124816694],
         "dplt_grid": [0.0, 6.013905487692857, 12.027810975385714, 18.041716463078572, 24.055621950771428, 30.069527438464284, 36.083432926157144, 42.09733841385, 48.111243901542856, 54.125149389235716, 60.13905487692857, 66.15296036462142, 72.16686585231429, 78.18077134000714, 84.1946768277, 90.20858231539286, 96.22248780308571, 102.23639329077857, 108.25029877847143, 114.26420426616428, 120.27810975385714, 126.29201524155, 132.30592072924284, 138.31982621693572, 144.33373170462858, 150.34763719232143, 156.36154268001428, 162.37544816770713, 168.3893536554, 174.40325914309287, 180.41716463078572, 186.43107011847857, 192.44497560617143, 198.45888109386428, 204.47278658155713, 210.48669206924998, 216.50059755694286, 222.51450304463572, 228.52840853232857, 234.54231402002142, 240.55621950771427, 246.57012499540713, 252.5840304831, 258.59793597079283, 264.6118414584857, 270.6257469461786, 276.63965243387145, 282.6535579215643, 288.66746340925715, 294.68136889695, 300.69527438464286, 306.7091798723357, 312.72308536002856, 318.7369908477214, 324.75089633541427, 330.7648018231071, 336.7787073108, 342.7926127984928, 348.80651828618574, 354.8204237738786, 360.83432926157144, 366.8482347492643, 372.86214023695715, 378.87604572465, 384.88995121234285, 390.9038567000357, 396.91776218772856, 402.9316676754214, 408.94557316311426, 414.9594786508071, 420.97338413849997, 426.9872896261929, 433.00119511388573, 439.0151006015786, 445.02900608927143, 451.0429115769643, 457.05681706465714, 463.07072255235, 469.08462804004284, 475.0985335277357, 481.11243901542855, 487.1263445031214, 493.14024999081425, 499.1541554785071, 505.1680609662, 511.18196645389287, 517.1958719415857, 523.2097774292786, 529.2236829169714, 535.2375884046643, 541.2514938923572, 547.26539938005, 553.2793048677429, 559.2932103554357, 565.3071158431286, 571.3210213308214, 577.3349268185143, 583.3488323062071, 589.3627377939, 595.3766432815928],
         "dplt_at_force_location": -5.059264912312961,
         "maximum_dplt": -5.637745124816694,
         "location_max_dplt": 595.3766432815928
    },
     "metadata": {
         "error_code": 0,
         "model": "BendingTestAnalytical",
         "load_case": "Cantilever",
         "description": "",
         "job_name": "",
         "persistent_result_files": "",
         "n_cpus": 1,
         "date": "2026-03-17 09:07:37.026811",
         "cpu_time": 0.021249055862426758,
         "user": "sebastien.bocquet",
         "machine": "B20191729",
         "vims_git_version": "1b6e7132b9faba0cc93317d127a381ee76a8cb8e",
         "directory_archive_root": "C:\\Users\\sebastien.bocquet\\PycharmProjects\\vimseo\\docs\\runnable_examples\\model_runs\\archive\\sensitivity",
         "directory_archive_job": "C:\\Users\\sebastien.bocquet\\PycharmProjects\\vimseo\\docs\\runnable_examples\\model_runs\\archive\\sensitivity\\BendingTestAnalytical\\Cantilever\\39",
         "directory_scratch_root": "C:\\Users\\sebastien.bocquet\\PycharmProjects\\vimseo\\docs\\runnable_examples\\model_runs\\scratch\\sensitivity",
         "directory_scratch_job": ""
    }
}