{
     "inputs": {
         "young_modulus": 220000.0,
         "Cantilever:length": 600.0,
         "Cantilever:width": 29.47705078125,
         "Cantilever:height": 39.377685546875,
         "Cantilever:imposed_dplt": -5.0565185546875,
         "Cantilever:relative_dplt_location": 1.0,
         "Cantilever:nu_p": 0.3
    },
     "outputs": {
         "length": 600.0,
         "width": 29.47705078125,
         "height": 39.377685546875,
         "imposed_dplt": -5.0565185546875,
         "relative_dplt_location": 1.0,
         "nu_p": 0.3,
         "reaction_forces": -2317.368679065896,
         "moment": [1390421.2074395374, 0.0],
         "moment_grid": [0.0, 600.0],
         "dplt": [0.0, -0.0007712723048191844, -0.0030746666205629636, -0.00689454904916068, -0.012215285692541676, -0.019021242652635294, -0.027296786031370864, -0.03702628193067774, -0.048194096452485256, -0.06078459569872276, -0.07478214577131957, -0.09017111277220505, -0.10693586280330852, -0.1250607619665594, -0.14453017636388693, -0.16532847209722046, -0.1874400152684893, -0.21084917197962294, -0.23554030833255063, -0.2614977904292018, -0.28870598437150563, -0.3171492562613914, -0.3468119722007888, -0.37767849829162686, -0.40973320063583485, -0.4429604453353425, -0.47734459849207883, -0.5128700262079733, -0.5495210945849553, -0.587282169724954, -0.626137617729899, -0.6660718047017193, -0.7070690967423445, -0.7491138599537037, -0.7921904604377268, -0.8362832642963425, -0.8813766376314804, -0.9274549465450699, -0.9745025571390402, -1.0225038355153206, -1.0714431477758406, -1.1213048600225295, -1.1720733383573165, -1.2237329488821314, -1.2762680576989034, -1.3296630309095612, -1.3839022346160348, -1.4389700349202528, -1.4948507979241452, -1.5515288897296418, -1.608988676438671, -1.6672145241531626, -1.7261907989750458, -1.78590186700625, -1.8463320943487047, -1.9074658471043389, -1.969287491375082, -2.031781393262864, -2.094931918869613, -2.1587234342972588, -2.2231403056477315, -2.2881668990229596, -2.353787580524874, -2.4199867162554005, -2.4867486723164736, -2.5540578148100175, -2.621898509837964, -2.690255123502243, -2.7591120219047833, -2.828453571147513, -2.898264137332364, -2.9685280865612627, -3.0392297849361403, -3.1103535985589255, -3.1818838935315497, -3.253805035955937, -3.3261013919340225, -3.3987573275677314, -3.4717572089589974, -3.545085402209745, -3.618726273421907, -3.6926641886974103, -3.7668835141381862, -3.841368615846164, -3.9161038599232714, -3.99107361247144, -4.066262239592598, -4.141654107388672, -4.2172335819615965, -4.2929850294132965, -4.3688928158457045, -4.444941307360746, -4.521114870060355, -4.597397870046458, -4.6737746734209855, -4.750229646285865, -4.826747154743028, -4.903311564894405, -4.97990724284192, -5.056518554687507],
         "dplt_grid": [0.0, 6.0606060606060606, 12.121212121212121, 18.18181818181818, 24.242424242424242, 30.303030303030305, 36.36363636363636, 42.42424242424242, 48.484848484848484, 54.54545454545455, 60.60606060606061, 66.66666666666667, 72.72727272727272, 78.78787878787878, 84.84848484848484, 90.9090909090909, 96.96969696969697, 103.03030303030303, 109.0909090909091, 115.15151515151516, 121.21212121212122, 127.27272727272727, 133.33333333333334, 139.3939393939394, 145.45454545454544, 151.5151515151515, 157.57575757575756, 163.63636363636363, 169.6969696969697, 175.75757575757575, 181.8181818181818, 187.87878787878788, 193.93939393939394, 200.0, 206.06060606060606, 212.12121212121212, 218.1818181818182, 224.24242424242425, 230.3030303030303, 236.36363636363637, 242.42424242424244, 248.48484848484847, 254.54545454545453, 260.6060606060606, 266.6666666666667, 272.72727272727275, 278.7878787878788, 284.8484848484849, 290.9090909090909, 296.96969696969694, 303.030303030303, 309.09090909090907, 315.1515151515151, 321.2121212121212, 327.27272727272725, 333.3333333333333, 339.3939393939394, 345.45454545454544, 351.5151515151515, 357.57575757575756, 363.6363636363636, 369.6969696969697, 375.75757575757575, 381.8181818181818, 387.8787878787879, 393.93939393939394, 400.0, 406.06060606060606, 412.1212121212121, 418.1818181818182, 424.24242424242425, 430.3030303030303, 436.3636363636364, 442.42424242424244, 448.4848484848485, 454.54545454545456, 460.6060606060606, 466.6666666666667, 472.72727272727275, 478.7878787878788, 484.8484848484849, 490.9090909090909, 496.96969696969694, 503.030303030303, 509.09090909090907, 515.1515151515151, 521.2121212121212, 527.2727272727273, 533.3333333333334, 539.3939393939394, 545.4545454545455, 551.5151515151515, 557.5757575757576, 563.6363636363636, 569.6969696969697, 575.7575757575758, 581.8181818181818, 587.8787878787879, 593.9393939393939, 600.0],
         "dplt_at_force_location": -5.056518554687507,
         "maximum_dplt": -5.056518554687507,
         "location_max_dplt": 600.0
    },
     "metadata": {
         "error_code": 0,
         "model": "BendingTestAnalytical",
         "load_case": "Cantilever",
         "description": "",
         "job_name": "",
         "persistent_result_files": "",
         "n_cpus": 1,
         "date": "2026-06-16 18:10:21.784986",
         "cpu_time": 0.3021583557128906,
         "user": "sebastien.bocquet",
         "machine": "PCBM20250036",
         "vims_git_version": "3de96ae2320a30b8a84551033e41da0fca6276ac",
         "directory_archive_root": "C:\\Users\\sebastien.bocquet\\Dev\\vimseo\\docs\\runnable_examples\\model_runs\\archive\\calibration_scalars",
         "directory_archive_job": "C:\\Users\\sebastien.bocquet\\Dev\\vimseo\\docs\\runnable_examples\\model_runs\\archive\\calibration_scalars\\BendingTestAnalytical\\Cantilever\\489",
         "directory_scratch_root": "C:\\Users\\sebastien.bocquet\\Dev\\vimseo\\docs\\runnable_examples\\model_runs\\scratch\\calibration_scalars",
         "directory_scratch_job": ""
    }
}