{
     "inputs": {
         "young_modulus": 228846.72309824295,
         "Cantilever:length": 600.0,
         "Cantilever:width": 30.57470703125,
         "Cantilever:height": 39.9837646484375,
         "Cantilever:imposed_dplt": -5.054931640625,
         "Cantilever:relative_dplt_location": 1.0,
         "Cantilever:nu_p": 0.3
    },
     "outputs": {
         "length": 600.0,
         "width": 30.57470703125,
         "height": 39.9837646484375,
         "imposed_dplt": -5.054931640625,
         "relative_dplt_location": 1.0,
         "nu_p": 0.3,
         "reaction_forces": -2616.7341009222764,
         "moment": [1570040.4605533658, 0.0],
         "moment_grid": [0.0, 600.0],
         "dplt": [0.0, -0.0007710302523371668, -0.0030737016816143785, -0.00689238529623021, -0.012211452104583237, -0.019015273115072024, -0.027288219336095137, -0.03701466177605117, -0.048178971443338665, -0.06076551934635621, -0.07475867649350237, -0.09014281389317572, -0.10690230255377482, -0.12502151348369828, -0.1444848176913446, -0.16527658618511243, -0.18738118997340028, -0.2107830000646068, -0.23546638746713053, -0.2614157231893693, -0.28861537823972294, -0.3170497236265895, -0.34670313035836764, -0.37755996944345577, -0.4096046118902523, -0.44282142870715624, -0.4771947909025659, -0.5127090694848798, -0.5493486354624967, -0.5870978598438149, -0.6259411136372334, -0.6658627678511503, -0.7068471934939644, -0.7488787615740743, -0.7919418430998786, -0.8360208090797756, -0.8811000305221642, -0.9271638784354429, -0.9741967238280099, -1.0221829377082643, -1.0711068910846042, -1.1209529549654285, -1.171705500359136, -1.2233488982741245, -1.2758675197187932, -1.3292457357015406, -1.3834679172307651, -1.4385184353148652, -1.4943816609622396, -1.5510419651812868, -1.6084837189804053, -1.6666912933679947, -1.725649059352452, -1.7853413879421767, -1.8457526501455672, -1.9068672169710215, -1.9686694594269394, -2.0311437485217185, -2.0942744552637573, -2.1580459506614544, -2.22244260572321, -2.2874487914574195, -2.3530488788724853, -2.4192272389768017, -2.485968242778772, -2.5532562612867906, -2.621075665509258, -2.689410826454573, -2.758246115131134, -2.8275659025473376, -2.897354559711587, -2.967596457632275, -3.0382759673178046, -3.1093774597765718, -3.1808853060169775, -3.2527838770474173, -3.3250575438762935, -3.3976906775119997, -3.47066764896294, -3.5439728292375086, -3.617590589344107, -3.6915053002911313, -3.7657013330869815, -3.840163058740057, -3.9148748482587536, -3.9898210726514742, -4.064986102926614, -4.1403543100925715, -4.215910065157746, -4.291637739130537, -4.367521703019343, -4.44354632783256, -4.51969598457859, -4.595955044265828, -4.672307877902677, -4.748738856497531, -4.825232351058792, -4.901772732594858, -4.978344372114125, -5.054931640624994],
         "dplt_grid": [0.0, 6.0606060606060606, 12.121212121212121, 18.18181818181818, 24.242424242424242, 30.303030303030305, 36.36363636363636, 42.42424242424242, 48.484848484848484, 54.54545454545455, 60.60606060606061, 66.66666666666667, 72.72727272727272, 78.78787878787878, 84.84848484848484, 90.9090909090909, 96.96969696969697, 103.03030303030303, 109.0909090909091, 115.15151515151516, 121.21212121212122, 127.27272727272727, 133.33333333333334, 139.3939393939394, 145.45454545454544, 151.5151515151515, 157.57575757575756, 163.63636363636363, 169.6969696969697, 175.75757575757575, 181.8181818181818, 187.87878787878788, 193.93939393939394, 200.0, 206.06060606060606, 212.12121212121212, 218.1818181818182, 224.24242424242425, 230.3030303030303, 236.36363636363637, 242.42424242424244, 248.48484848484847, 254.54545454545453, 260.6060606060606, 266.6666666666667, 272.72727272727275, 278.7878787878788, 284.8484848484849, 290.9090909090909, 296.96969696969694, 303.030303030303, 309.09090909090907, 315.1515151515151, 321.2121212121212, 327.27272727272725, 333.3333333333333, 339.3939393939394, 345.45454545454544, 351.5151515151515, 357.57575757575756, 363.6363636363636, 369.6969696969697, 375.75757575757575, 381.8181818181818, 387.8787878787879, 393.93939393939394, 400.0, 406.06060606060606, 412.1212121212121, 418.1818181818182, 424.24242424242425, 430.3030303030303, 436.3636363636364, 442.42424242424244, 448.4848484848485, 454.54545454545456, 460.6060606060606, 466.6666666666667, 472.72727272727275, 478.7878787878788, 484.8484848484849, 490.9090909090909, 496.96969696969694, 503.030303030303, 509.09090909090907, 515.1515151515151, 521.2121212121212, 527.2727272727273, 533.3333333333334, 539.3939393939394, 545.4545454545455, 551.5151515151515, 557.5757575757576, 563.6363636363636, 569.6969696969697, 575.7575757575758, 581.8181818181818, 587.8787878787879, 593.9393939393939, 600.0],
         "dplt_at_force_location": -5.054931640624994,
         "maximum_dplt": -5.054931640624994,
         "location_max_dplt": 600.0
    },
     "metadata": {
         "error_code": 0,
         "model": "BendingTestAnalytical",
         "load_case": "Cantilever",
         "description": "",
         "job_name": "",
         "persistent_result_files": "",
         "n_cpus": 1,
         "date": "2026-06-16 18:11:36.850294",
         "cpu_time": 0.16919541358947754,
         "user": "sebastien.bocquet",
         "machine": "PCBM20250036",
         "vims_git_version": "5cd5cf5ab4caf1fa2c2190f0396e06b5b5639fd0",
         "directory_archive_root": "C:\\Users\\sebastien.bocquet\\Dev\\vimseo\\docs\\runnable_examples\\model_runs\\archive\\calibration_scalars",
         "directory_archive_job": "C:\\Users\\sebastien.bocquet\\Dev\\vimseo\\docs\\runnable_examples\\model_runs\\archive\\calibration_scalars\\BendingTestAnalytical\\Cantilever\\751",
         "directory_scratch_root": "C:\\Users\\sebastien.bocquet\\Dev\\vimseo\\docs\\runnable_examples\\model_runs\\scratch\\calibration_scalars",
         "directory_scratch_job": ""
    }
}