{
     "inputs": {
         "young_modulus": 220096.72309824295,
         "Cantilever:length": 600.0,
         "Cantilever:width": 29.61376953125,
         "Cantilever:height": 39.2391357421875,
         "Cantilever:imposed_dplt": -4.9503173828125,
         "Cantilever:relative_dplt_location": 1.0,
         "Cantilever:nu_p": 0.3
    },
     "outputs": {
         "length": 600.0,
         "width": 29.61376953125,
         "height": 39.2391357421875,
         "imposed_dplt": -4.9503173828125,
         "relative_dplt_location": 1.0,
         "nu_p": 0.3,
         "reaction_forces": -2256.2377964660564,
         "moment": [1353742.6778796338, 0.0],
         "moment_grid": [0.0, 600.0],
         "dplt": [0.0, -0.0007550734079456439, -0.003010089937080604, -0.006749744045351934, -0.011958730190706682, -0.018621742831091893, -0.026723476424454603, -0.03624862542874189, -0.04718188430190077, -0.059507947501878294, -0.07321150948662153, -0.08827726471407749, -0.10468990764219324, -0.12243413272891586, -0.14149463443219237, -0.1618561072099698, -0.18350324552019523, -0.2064207438208157, -0.23059329656977828, -0.25600559822503, -0.28264234324451787, -0.3104882260861889, -0.3395279412079904, -0.3697461830678691, -0.40112764612377205, -0.4336570248336466, -0.4673190136554396, -0.5020983070470981, -0.5379795994665691, -0.5749475853717997, -0.6129869592207371, -0.6520824154713282, -0.6922186485815198, -0.7333803530092595, -0.775552223212494, -0.8187189536491701, -0.8628652387772356, -0.9079757730546368, -0.9540352509393211, -1.0010283668892355, -1.0489398153623268, -1.0977542908165425, -1.1474564877098294, -1.1980311005001347, -1.249462823645405, -1.3017363516035882, -1.3548363788326303, -1.408747599790479, -1.4634547089350807, -1.518942400724384, -1.5751953696163339, -1.632198310068879, -1.689935916539966, -1.7483928834875415, -1.8075539053695526, -1.8674036766439468, -1.927926891768671, -1.989108245201672, -2.0509324314008968, -2.113384144824293, -2.176448079929808, -2.240108931175387, -2.3043513930189783, -2.369160159918528, -2.4345199263319857, -2.500415386717295, -2.5668312355324066, -2.633752167235264, -2.701162876283817, -2.7690480571360103, -2.837392404249794, -2.9061806120831113, -2.9753973750939124, -3.0450273877401424, -3.1150553444797504, -3.1854659397706806, -3.2562438680708836, -3.3273738238383026, -3.398840501530888, -3.470628595606584, -3.542722800523341, -3.6151078107391017, -3.6877683207118164, -3.7606890248994316, -3.833854617759894, -3.9072497937511517, -3.9808592473311495, -4.054667672957835, -4.128659765089159, -4.202820218183062, -4.277133726697497, -4.3515849850904065, -4.42615868781974, -4.500839529343445, -4.575612204119468, -4.650461406605754, -4.725371831260252, -4.800328172540912, -4.875315124905674, -4.950317382812492],
         "dplt_grid": [0.0, 6.0606060606060606, 12.121212121212121, 18.18181818181818, 24.242424242424242, 30.303030303030305, 36.36363636363636, 42.42424242424242, 48.484848484848484, 54.54545454545455, 60.60606060606061, 66.66666666666667, 72.72727272727272, 78.78787878787878, 84.84848484848484, 90.9090909090909, 96.96969696969697, 103.03030303030303, 109.0909090909091, 115.15151515151516, 121.21212121212122, 127.27272727272727, 133.33333333333334, 139.3939393939394, 145.45454545454544, 151.5151515151515, 157.57575757575756, 163.63636363636363, 169.6969696969697, 175.75757575757575, 181.8181818181818, 187.87878787878788, 193.93939393939394, 200.0, 206.06060606060606, 212.12121212121212, 218.1818181818182, 224.24242424242425, 230.3030303030303, 236.36363636363637, 242.42424242424244, 248.48484848484847, 254.54545454545453, 260.6060606060606, 266.6666666666667, 272.72727272727275, 278.7878787878788, 284.8484848484849, 290.9090909090909, 296.96969696969694, 303.030303030303, 309.09090909090907, 315.1515151515151, 321.2121212121212, 327.27272727272725, 333.3333333333333, 339.3939393939394, 345.45454545454544, 351.5151515151515, 357.57575757575756, 363.6363636363636, 369.6969696969697, 375.75757575757575, 381.8181818181818, 387.8787878787879, 393.93939393939394, 400.0, 406.06060606060606, 412.1212121212121, 418.1818181818182, 424.24242424242425, 430.3030303030303, 436.3636363636364, 442.42424242424244, 448.4848484848485, 454.54545454545456, 460.6060606060606, 466.6666666666667, 472.72727272727275, 478.7878787878788, 484.8484848484849, 490.9090909090909, 496.96969696969694, 503.030303030303, 509.09090909090907, 515.1515151515151, 521.2121212121212, 527.2727272727273, 533.3333333333334, 539.3939393939394, 545.4545454545455, 551.5151515151515, 557.5757575757576, 563.6363636363636, 569.6969696969697, 575.7575757575758, 581.8181818181818, 587.8787878787879, 593.9393939393939, 600.0],
         "dplt_at_force_location": -4.950317382812492,
         "maximum_dplt": -4.950317382812492,
         "location_max_dplt": 600.0
    },
     "metadata": {
         "error_code": 0,
         "model": "BendingTestAnalytical",
         "load_case": "Cantilever",
         "description": "",
         "job_name": "",
         "persistent_result_files": "",
         "n_cpus": 1,
         "date": "2026-03-17 09:07:00.712516",
         "cpu_time": 0.09054708480834961,
         "user": "sebastien.bocquet",
         "machine": "B20191729",
         "vims_git_version": "1b6e7132b9faba0cc93317d127a381ee76a8cb8e",
         "directory_archive_root": "C:\\Users\\sebastien.bocquet\\PycharmProjects\\vimseo\\docs\\runnable_examples\\model_runs\\archive\\calibration_scalars",
         "directory_archive_job": "C:\\Users\\sebastien.bocquet\\PycharmProjects\\vimseo\\docs\\runnable_examples\\model_runs\\archive\\calibration_scalars\\BendingTestAnalytical\\Cantilever\\317",
         "directory_scratch_root": "C:\\Users\\sebastien.bocquet\\PycharmProjects\\vimseo\\docs\\runnable_examples\\model_runs\\scratch\\calibration_scalars",
         "directory_scratch_job": ""
    }
}