{
     "inputs": {
         "young_modulus": 224778.13720703125,
         "Cantilever:length": 600.0,
         "Cantilever:width": 29.6859130859375,
         "Cantilever:height": 39.2109375,
         "Cantilever:imposed_dplt": -5.0167236328125,
         "Cantilever:relative_dplt_location": 1.0,
         "Cantilever:nu_p": 0.3
    },
     "outputs": {
         "length": 600.0,
         "width": 29.6859130859375,
         "height": 39.2109375,
         "imposed_dplt": -5.0167236328125,
         "relative_dplt_location": 1.0,
         "nu_p": 0.3,
         "reaction_forces": -2335.783529648295,
         "moment": [1401470.117788977, 0.0],
         "moment_grid": [0.0, 600.0],
         "dplt": [0.0, -0.0007652023733470306, -0.0030504689207753195, -0.006840288783365677, -0.012119151102198907, -0.018871545018355817, -0.027081959672917183, -0.03673488420696386, -0.04781480776157661, -0.06030621947783624, -0.07419360849682356, -0.08946146395961939, -0.10609427500730449, -0.12407653078095972, -0.1433927204216659, -0.1640273330705037, -0.18596485786855407, -0.20918978395689775, -0.23368660047661555, -0.259439796568788, -0.28643386137449645, -0.31465328403482135, -0.34408255369084373, -0.3747061594836442, -0.40650859055430344, -0.4394743360439026, -0.4735878850935223, -0.5088337268442433, -0.5451963504371466, -0.5826602450133127, -0.6212098997138227, -0.6608298036797572, -0.701504446052197, -0.7432183159722232, -0.7859559025809162, -0.8297016950193568, -0.8744401824286261, -0.9201558539498049, -0.9668331987239738, -1.0144567058922138, -1.0630108645956053, -1.1124801639752295, -1.1628490931721671, -1.2141021413274988, -1.266223797582306, -1.3191985510776687, -1.3730108909546679, -1.4276453063543846, -1.4830862864178989, -1.539318320286293, -1.5963258971006464, -1.654093506002041, -1.7126056361315565, -1.7718467766302746, -1.8318014166392758, -1.8924540452996406, -1.95378915175245, -2.0157912251387855, -2.0784447545997264, -2.1417342292763544, -2.2056441383097507, -2.270158970840995, -2.3352632160111697, -2.4009413629613534, -2.4671779008326298, -2.533957318766076, -2.6012641059027772, -2.66908275138381, -2.7373977443502593, -2.8061935739432005, -2.87545472930372, -2.945165699572895, -3.015310973891809, -3.0858750414015392, -3.156842391243171, -3.2281975125577804, -3.2999248944864514, -3.372009026170263, -3.444434396750299, -3.5171854953676367, -3.5902468111633588, -3.663602833278545, -3.737238050854277, -3.8111369530316352, -3.8852840289517006, -3.9596637677555546, -4.0342606585842775, -4.109059190578949, -4.184043852880652, -4.259199134630466, -4.334509524969471, -4.409959513038749, -4.48553358797938, -4.561216238932446, -4.636991955039028, -4.712845225440205, -4.7887605392770585, -4.864722385690672, -4.940715253822121, -5.01672363281249],
         "dplt_grid": [0.0, 6.0606060606060606, 12.121212121212121, 18.18181818181818, 24.242424242424242, 30.303030303030305, 36.36363636363636, 42.42424242424242, 48.484848484848484, 54.54545454545455, 60.60606060606061, 66.66666666666667, 72.72727272727272, 78.78787878787878, 84.84848484848484, 90.9090909090909, 96.96969696969697, 103.03030303030303, 109.0909090909091, 115.15151515151516, 121.21212121212122, 127.27272727272727, 133.33333333333334, 139.3939393939394, 145.45454545454544, 151.5151515151515, 157.57575757575756, 163.63636363636363, 169.6969696969697, 175.75757575757575, 181.8181818181818, 187.87878787878788, 193.93939393939394, 200.0, 206.06060606060606, 212.12121212121212, 218.1818181818182, 224.24242424242425, 230.3030303030303, 236.36363636363637, 242.42424242424244, 248.48484848484847, 254.54545454545453, 260.6060606060606, 266.6666666666667, 272.72727272727275, 278.7878787878788, 284.8484848484849, 290.9090909090909, 296.96969696969694, 303.030303030303, 309.09090909090907, 315.1515151515151, 321.2121212121212, 327.27272727272725, 333.3333333333333, 339.3939393939394, 345.45454545454544, 351.5151515151515, 357.57575757575756, 363.6363636363636, 369.6969696969697, 375.75757575757575, 381.8181818181818, 387.8787878787879, 393.93939393939394, 400.0, 406.06060606060606, 412.1212121212121, 418.1818181818182, 424.24242424242425, 430.3030303030303, 436.3636363636364, 442.42424242424244, 448.4848484848485, 454.54545454545456, 460.6060606060606, 466.6666666666667, 472.72727272727275, 478.7878787878788, 484.8484848484849, 490.9090909090909, 496.96969696969694, 503.030303030303, 509.09090909090907, 515.1515151515151, 521.2121212121212, 527.2727272727273, 533.3333333333334, 539.3939393939394, 545.4545454545455, 551.5151515151515, 557.5757575757576, 563.6363636363636, 569.6969696969697, 575.7575757575758, 581.8181818181818, 587.8787878787879, 593.9393939393939, 600.0],
         "dplt_at_force_location": -5.01672363281249,
         "maximum_dplt": -5.01672363281249,
         "location_max_dplt": 600.0
    },
     "metadata": {
         "error_code": 0,
         "model": "BendingTestAnalytical",
         "load_case": "Cantilever",
         "description": "",
         "job_name": "",
         "persistent_result_files": "",
         "n_cpus": 1,
         "date": "2026-03-26 14:57:33.504557",
         "cpu_time": 0.005246877670288086,
         "user": "sebastien.bocquet",
         "machine": "IPF7101",
         "vims_git_version": "d0050d8de498c8354552cdde540fb3e524454871",
         "directory_archive_root": "/home/sebastien.bocquet/PycharmProjects/vimseo/docs/runnable_examples/model_runs/archive/calibration_coupled",
         "directory_archive_job": "/home/sebastien.bocquet/PycharmProjects/vimseo/docs/runnable_examples/model_runs/archive/calibration_coupled/BendingTestAnalytical/Cantilever/134",
         "directory_scratch_root": "/home/sebastien.bocquet/PycharmProjects/vimseo/docs/runnable_examples/model_runs/scratch/calibration_coupled",
         "directory_scratch_job": ""
    }
}