{
     "inputs": {
         "length": 601.0212099778505,
         "width": 30.49439084981611,
         "height": 39.642057002857946,
         "imposed_dplt": -4.9688010391103195,
         "relative_dplt_location": 0.9051456950182121,
         "young_modulus": 214628.48703392604,
         "nu_p": 0.294345009599235
    },
     "outputs": {
         "reaction_forces": -3145.883396428901,
         "moment": [1711397.5658448413, 0.0, 0.0],
         "moment_grid": [0.0, 544.0117608260882, 601.0212099778505],
         "dplt": [0.0, -0.0009247343185258118, -0.0036851264196535376, -0.008260460021708627, -0.014630018843016514, -0.02277308660190265, -0.032668947016692484, -0.044296883805711444, -0.05763618068728498, -0.07266612137973853, -0.08936598960139756, -0.10771506907058752, -0.1276926435056338, -0.14927799662486183, -0.17245041214659715, -0.19718917378916515, -0.22347356527089124, -0.25128287031010094, -0.28059637262511955, -0.3113933559342728, -0.3436531039558858, -0.3773549004082842, -0.41247802900979336, -0.4490017734787388, -0.48690541753344585, -0.5261682448922399, -0.5667695392734466, -0.6086885843953913, -0.6519046639763995, -0.6963970617347965, -0.7421450613889078, -0.789127946657059, -0.8373250012575754, -0.8867155089087826, -0.9372787533290057, -0.9889940182365701, -1.0418405873498018, -1.0957977443870257, -1.1508447730665676, -1.206960957106753, -1.2641255802259068, -1.322317926142355, -1.3815172785744227, -1.4417029212404355, -1.5028541378587192, -1.564950212147598, -1.6279704278253995, -1.6918940686104467, -1.756700418221067, -1.8223687603755847, -1.8888783787923251, -1.9562085571896148, -2.0243385792857778, -2.093247728799142, -2.16291528944803, -2.233320544950767, -2.3044427790256816, -2.3762612753910974, -2.4487553177653405, -2.5219041898667345, -2.5956871754136057, -2.6700835581242814, -2.745072621717085, -2.820633649910343, -2.89674592642238, -2.973388734971521, -3.050541359276093, -3.12818308305442, -3.206293190024831, -3.284850963905646, -3.3638356884151928, -3.4432266472717976, -3.523003124193786, -3.603144402899483, -3.6836297671072127, -3.7644385005353023, -3.845549886902076, -3.92694320992586, -4.008597753324982, -4.090492800817762, -4.172607636122529, -4.254921542957607, -4.337413805041325, -4.420061892254711, -4.502838523845931, -4.585722482070193, -4.668694781653645, -4.7517382196660485, -4.83483737552077, -4.917978610974795, -5.001150070128716, -5.084341679426743, -5.167545147656693, -5.250753965949993, -5.333963407781689, -5.417170528970432, -5.500374167678492, -5.583574944411741, -5.666775262019672, -5.749979305695384],
         "dplt_grid": [0.0, 6.070921312907581, 12.141842625815162, 18.212763938722745, 24.283685251630324, 30.354606564537903, 36.42552787744549, 42.49644919035307, 48.56737050326065, 54.63829181616823, 60.709213129075806, 66.78013444198339, 72.85105575489098, 78.92197706779855, 84.99289838070614, 91.06381969361371, 97.1347410065213, 103.20566231942888, 109.27658363233645, 115.34750494524404, 121.41842625815161, 127.4893475710592, 133.56026888396678, 139.63119019687437, 145.70211150978196, 151.77303282268952, 157.8439541355971, 163.9148754485047, 169.98579676141227, 176.05671807431986, 182.12763938722742, 188.198560700135, 194.2694820130426, 200.34040332595018, 206.41132463885776, 212.48224595176532, 218.5531672646729, 224.6240885775805, 230.69500989048808, 236.76593120339567, 242.83685251630322, 248.9077738292108, 254.9786951421184, 261.04961645502596, 267.12053776793357, 273.1914590808411, 279.26238039374874, 285.3333017066563, 291.4042230195639, 297.4751443324715, 303.54606564537903, 309.61698695828665, 315.6879082711942, 321.7588295841018, 327.8297508970094, 333.90067220991693, 339.97159352282455, 346.0425148357321, 352.1134361486397, 358.1843574615473, 364.25527877445484, 370.32620008736245, 376.39712140027, 382.4680427131776, 388.5389640260852, 394.60988533899274, 400.68080665190035, 406.7517279648079, 412.8226492777155, 418.8935705906231, 424.96449190353064, 431.03541321643826, 437.1063345293458, 443.17725584225343, 449.248177155161, 455.31909846806855, 461.39001978097616, 467.4609410938837, 473.53186240679133, 479.6027837196989, 485.67370503260645, 491.74462634551406, 497.8155476584216, 503.88646897132924, 509.9573902842368, 516.0283115971444, 522.0992329100519, 528.1701542229596, 534.2410755358671, 540.3119968487747, 546.3829181616823, 552.4538394745898, 558.5247607874975, 564.595682100405, 570.6666034133126, 576.7375247262202, 582.8084460391278, 588.8793673520354, 594.950288664943, 601.0212099778505],
         "dplt_at_force_location": -4.968665278229737,
         "maximum_dplt": -5.749979305695384,
         "location_max_dplt": 601.0212099778505
    },
     "metadata": {
         "error_code": 0,
         "model": "BendingTestAnalytical",
         "load_case": "Cantilever",
         "description": "",
         "job_name": "",
         "persistent_result_files": "",
         "n_cpus": 1,
         "date": "2026-03-17 09:07:36.352646",
         "cpu_time": 0.017091035842895508,
         "user": "sebastien.bocquet",
         "machine": "B20191729",
         "vims_git_version": "1b6e7132b9faba0cc93317d127a381ee76a8cb8e",
         "directory_archive_root": "C:\\Users\\sebastien.bocquet\\PycharmProjects\\vimseo\\docs\\runnable_examples\\model_runs\\archive\\sensitivity",
         "directory_archive_job": "C:\\Users\\sebastien.bocquet\\PycharmProjects\\vimseo\\docs\\runnable_examples\\model_runs\\archive\\sensitivity\\BendingTestAnalytical\\Cantilever\\28",
         "directory_scratch_root": "C:\\Users\\sebastien.bocquet\\PycharmProjects\\vimseo\\docs\\runnable_examples\\model_runs\\scratch\\sensitivity",
         "directory_scratch_job": ""
    }
}