{
     "inputs": {
         "young_modulus": 220217.92700239795,
         "Cantilever:length": 600.0,
         "Cantilever:width": 29.499755859375,
         "Cantilever:height": 40.2801513671875,
         "Cantilever:imposed_dplt": -5.006591796875,
         "Cantilever:relative_dplt_location": 1.0,
         "Cantilever:nu_p": 0.3
    },
     "outputs": {
         "length": 600.0,
         "width": 29.499755859375,
         "height": 40.2801513671875,
         "imposed_dplt": -5.006591796875,
         "relative_dplt_location": 1.0,
         "nu_p": 0.3,
         "reaction_forces": -2460.2135979697878,
         "moment": [1476128.1587818726, 0.0],
         "moment_grid": [0.0, 600.0],
         "dplt": [0.0, -0.0007636569613464516, -0.003044308156718957, -0.006826474053117256, -0.012094675117541085, -0.018833431816990175, -0.02702726461846424, -0.036660693988963065, -0.04771824039548633, -0.060184424305033804, -0.07404376618460519, -0.08928078650120026, -0.1058800057218187, -0.1238259443134603, -0.14310312274312478, -0.1636960614778118, -0.18558928098452124, -0.20876730173025276, -0.23321464418200596, -0.2589158288067808, -0.2858553760715769, -0.31401780644339394, -0.3433876403892318, -0.3739493983760901, -0.40568760087096833, -0.43858676834086685, -0.4726314212527849, -0.5078060800737224, -0.544095265270679, -0.5814834973106545, -0.6199552966606487, -0.6594951837876613, -0.7000876791586916, -0.7417173032407403, -0.7843685765008059, -0.8280260194058893, -0.8726741524229893, -0.9182974960191064, -0.9648805706612398, -1.0124078968163894, -1.0608639949515548, -1.1102333855337363, -1.160500589029933, -1.2116501259071448, -1.2636665166323722, -1.3165342816726133, -1.3702379414948693, -1.424762016566139, -1.4800910273534222, -1.5362094943237194, -1.5931019379440303, -1.6507528786813541, -1.7091468370026903, -1.768268333375039, -1.8281018882654003, -1.888632022140773, -1.9498432554681582, -2.011720108714554, -2.0742471023469613, -2.13740875683238, -2.201189592637809, -2.265574130230248, -2.3305468900766986, -2.396092392644157, -2.4621951583996267, -2.5288397078101044, -2.596010561342592, -2.663692239464088, -2.731869262641593, -2.8005261513421043, -2.8696474260326266, -2.9392176071801543, -3.0092212152516904, -3.079642770714233, -3.150466794034784, -3.22167780568034, -3.2932603261179034, -3.365198875814472, -3.437477975237048, -3.510082144852628, -3.5829959051282154, -3.6562037765308046, -3.7296902795273996, -3.803439934585001, -3.8774372621706052, -3.951666782751214, -4.026113016793826, -4.100760484765441, -4.1755937071330615, -4.2505972043636815, -4.325755496924306, -4.4010531052819335, -4.476474549903562, -4.552004351256193, -4.627627029806827, -4.703327106022459, -4.7790891003700935, -4.85489753331673, -4.930736925329366, -5.006591796875003],
         "dplt_grid": [0.0, 6.0606060606060606, 12.121212121212121, 18.18181818181818, 24.242424242424242, 30.303030303030305, 36.36363636363636, 42.42424242424242, 48.484848484848484, 54.54545454545455, 60.60606060606061, 66.66666666666667, 72.72727272727272, 78.78787878787878, 84.84848484848484, 90.9090909090909, 96.96969696969697, 103.03030303030303, 109.0909090909091, 115.15151515151516, 121.21212121212122, 127.27272727272727, 133.33333333333334, 139.3939393939394, 145.45454545454544, 151.5151515151515, 157.57575757575756, 163.63636363636363, 169.6969696969697, 175.75757575757575, 181.8181818181818, 187.87878787878788, 193.93939393939394, 200.0, 206.06060606060606, 212.12121212121212, 218.1818181818182, 224.24242424242425, 230.3030303030303, 236.36363636363637, 242.42424242424244, 248.48484848484847, 254.54545454545453, 260.6060606060606, 266.6666666666667, 272.72727272727275, 278.7878787878788, 284.8484848484849, 290.9090909090909, 296.96969696969694, 303.030303030303, 309.09090909090907, 315.1515151515151, 321.2121212121212, 327.27272727272725, 333.3333333333333, 339.3939393939394, 345.45454545454544, 351.5151515151515, 357.57575757575756, 363.6363636363636, 369.6969696969697, 375.75757575757575, 381.8181818181818, 387.8787878787879, 393.93939393939394, 400.0, 406.06060606060606, 412.1212121212121, 418.1818181818182, 424.24242424242425, 430.3030303030303, 436.3636363636364, 442.42424242424244, 448.4848484848485, 454.54545454545456, 460.6060606060606, 466.6666666666667, 472.72727272727275, 478.7878787878788, 484.8484848484849, 490.9090909090909, 496.96969696969694, 503.030303030303, 509.09090909090907, 515.1515151515151, 521.2121212121212, 527.2727272727273, 533.3333333333334, 539.3939393939394, 545.4545454545455, 551.5151515151515, 557.5757575757576, 563.6363636363636, 569.6969696969697, 575.7575757575758, 581.8181818181818, 587.8787878787879, 593.9393939393939, 600.0],
         "dplt_at_force_location": -5.006591796875003,
         "maximum_dplt": -5.006591796875003,
         "location_max_dplt": 600.0
    },
     "metadata": {
         "error_code": 0,
         "model": "BendingTestAnalytical",
         "load_case": "Cantilever",
         "description": "",
         "job_name": "",
         "persistent_result_files": "",
         "n_cpus": 1,
         "date": "2026-06-16 18:11:18.373484",
         "cpu_time": 0.2498188018798828,
         "user": "sebastien.bocquet",
         "machine": "PCBM20250036",
         "vims_git_version": "5cd5cf5ab4caf1fa2c2190f0396e06b5b5639fd0",
         "directory_archive_root": "C:\\Users\\sebastien.bocquet\\Dev\\vimseo\\docs\\runnable_examples\\model_runs\\archive\\calibration_scalars",
         "directory_archive_job": "C:\\Users\\sebastien.bocquet\\Dev\\vimseo\\docs\\runnable_examples\\model_runs\\archive\\calibration_scalars\\BendingTestAnalytical\\Cantilever\\684",
         "directory_scratch_root": "C:\\Users\\sebastien.bocquet\\Dev\\vimseo\\docs\\runnable_examples\\model_runs\\scratch\\calibration_scalars",
         "directory_scratch_job": ""
    }
}