{
     "inputs": {
         "length": 589.2335496814638,
         "width": 30.124479290230795,
         "height": 39.730575512188146,
         "imposed_dplt": -15.313802952847595,
         "relative_dplt_location": 0.8951950310591784,
         "young_modulus": 214239.69482776153,
         "nu_p": 0.29405102594536214
    },
     "outputs": {
         "reaction_forces": -10558.488043034413,
         "moment": [5569380.142268361, 0.0, 0.0],
         "moment_grid": [0.0, 527.478945808208, 589.2335496814638],
         "dplt": [0.0, -0.0029136142510428242, -0.011610456821675134, -0.026024527438152728, -0.04608982582673138, -0.07174035171366683, -0.10291010482521484, -0.13953308488763114, -0.18154329162717162, -0.22887472477009185, -0.2814613840426477, -0.339237269171095, -0.4021363798816894, -0.4700927159006866, -0.5430402769543428, -0.6209130627689134, -0.7036450730706543, -0.791170307585821, -0.8834227660406696, -0.9803364481614563, -1.0818453536744361, -1.187883482305865, -1.2983848337819985, -1.413283407829093, -1.5325132041734035, -1.6560082225411867, -1.7837024626586977, -1.9155299242521924, -2.051424607047926, -2.1913205107721554, -2.335151635151136, -2.482851979911123, -2.634355544778373, -2.7895963294791413, -2.9485083337396834, -3.111025557286255, -3.2770819998451133, -3.446611661142512, -3.6195485409047086, -3.7958266388579576, -3.975379954728516, -4.158142488242638, -4.344048239126582, -4.5330312071066, -4.725025391908948, -4.919964793259888, -5.11778341088567, -5.3184152445125505, -5.521794293866786, -5.727854558674631, -5.936530038662344, -6.1477547335561775, -6.361462643082391, -6.577587766967238, -6.796064104936974, -7.016825656717855, -7.239806422036136, -7.464940400618076, -7.692161592189926, -7.921403996477947, -8.152601613208388, -8.385688442107513, -8.62059848290157, -8.857265735316824, -9.09562419907952, -9.335607873915919, -9.577150759552278, -9.820186855714857, -10.064650162129901, -10.310474678523669, -10.55759440462242, -10.805943340152412, -11.055455484839896, -11.306064838411125, -11.557705400592363, -11.810311171109861, -12.063816149689872, -12.31815433605866, -12.573259729942475, -12.829066331067573, -13.085508139160208, -13.342519153946643, -13.600033375153128, -13.857984802505914, -14.116307435731267, -14.374933329071096, -14.63376663178098, -14.892741513465447, -15.151811125551452, -15.41093552199746, -15.67008165929342, -15.929223396460774, -16.188341495052477, -16.447423619152968, -16.70646433537818, -16.965465112875542, -17.224434323324004, -17.483387240933975, -17.742346042447384, -18.00133980713765],
         "dplt_grid": [0.0, 5.951854037186504, 11.903708074373007, 17.85556211155951, 23.807416148746015, 29.759270185932518, 35.71112422311902, 41.66297826030552, 47.61483229749203, 53.566686334678536, 59.518540371865036, 65.47039440905154, 71.42224844623804, 77.37410248342455, 83.32595652061104, 89.27781055779755, 95.22966459498406, 101.18151863217057, 107.13337266935707, 113.08522670654357, 119.03708074373007, 124.98893478091658, 130.94078881810307, 136.89264285528958, 142.8444968924761, 148.7963509296626, 154.7482049668491, 160.7000590040356, 166.6519130412221, 172.6037670784086, 178.5556211155951, 184.5074751527816, 190.45932918996812, 196.41118322715462, 202.36303726434113, 208.31489130152764, 214.26674533871414, 220.21859937590062, 226.17045341308713, 232.12230745027364, 238.07416148746015, 244.02601552464665, 249.97786956183316, 255.92972359901967, 261.88157763620615, 267.8334316733927, 273.78528571057916, 279.7371397477657, 285.6889937849522, 291.64084782213865, 297.5927018593252, 303.54455589651167, 309.4964099336982, 315.4482639708847, 321.4001180080712, 327.3519720452577, 333.3038260824442, 339.2556801196307, 345.2075341568172, 351.1593881940037, 357.1112422311902, 363.06309626837674, 369.0149503055632, 374.96680434274975, 380.91865837993623, 386.8705124171227, 392.82236645430925, 398.7742204914957, 404.72607452868226, 410.67792856586874, 416.6297826030553, 422.58163664024175, 428.5334906774283, 434.48534471461477, 440.43719875180125, 446.3890527889878, 452.34090682617426, 458.2927608633608, 464.2446149005473, 470.1964689377338, 476.1483229749203, 482.10017701210677, 488.0520310492933, 494.0038850864798, 499.9557391236663, 505.9075931608528, 511.85944719803933, 517.8113012352259, 523.7631552724123, 529.7150093095988, 535.6668633467854, 541.6187173839718, 547.5705714211583, 553.5224254583449, 559.4742794955314, 565.4261335327178, 571.3779875699043, 577.3298416070909, 583.2816956442773, 589.2335496814638],
         "dplt_at_force_location": -15.313584578645573,
         "maximum_dplt": -18.00133980713765,
         "location_max_dplt": 589.2335496814638
    },
     "metadata": {
         "error_code": 0,
         "model": "BendingTestAnalytical",
         "load_case": "Cantilever",
         "description": "",
         "job_name": "",
         "persistent_result_files": "",
         "n_cpus": 1,
         "date": "2026-03-17 09:07:47.016591",
         "cpu_time": 0.02747178077697754,
         "user": "sebastien.bocquet",
         "machine": "B20191729",
         "vims_git_version": "1b6e7132b9faba0cc93317d127a381ee76a8cb8e",
         "directory_archive_root": "C:\\Users\\sebastien.bocquet\\PycharmProjects\\vimseo\\docs\\runnable_examples\\model_runs\\archive\\uq",
         "directory_archive_job": "C:\\Users\\sebastien.bocquet\\PycharmProjects\\vimseo\\docs\\runnable_examples\\model_runs\\archive\\uq\\BendingTestAnalytical\\Cantilever\\79",
         "directory_scratch_root": "C:\\Users\\sebastien.bocquet\\PycharmProjects\\vimseo\\docs\\runnable_examples\\model_runs\\scratch\\uq",
         "directory_scratch_job": ""
    }
}