{
     "inputs": {
         "length": 593.5366527832912,
         "width": 29.630165944878435,
         "height": 39.850572641576754,
         "imposed_dplt": -5.076473903278821,
         "relative_dplt_location": 0.9292019134797876,
         "young_modulus": 207203.19596418255,
         "nu_p": 0.3116883275084404
    },
     "outputs": {
         "reaction_forces": -2939.4324457253815,
         "moment": [1621142.241931579, 0.0, 0.0],
         "moment_grid": [0.0, 551.5153934866225, 593.5366527832912],
         "dplt": [0.0, -0.0008965743168347023, -0.0035732549043404876, -0.008010478218019899, -0.014188680713375462, -0.022088298845909685, -0.03168976907112509, -0.0429735278445242, -0.05592001162160953, -0.07050965685788362, -0.08672290000884897, -0.10454017753000812, -0.12394192587686353, -0.14490858150491778, -0.1674205808696735, -0.1914583604266331, -0.21700235663129905, -0.2440330059391741, -0.27253074480576056, -0.3024760096865615, -0.33384923703707864, -0.36663086331281486, -0.4008013249692727, -0.4363410584619546, -0.47323050024636304, -0.5114500867780007, -0.5509802545123701, -0.5918014399049738, -0.6338940794113141, -0.6772386094868936, -0.7218154665872152, -0.7676050871677806, -0.8145879076840934, -0.8627443645916553, -0.912054894345969, -0.9624999334025373, -1.0140599182168626, -1.0667152852444473, -1.1204464709407937, -1.175233911761405, -1.2310580441617833, -1.287899304597431, -1.3457381295238509, -1.4045549553965453, -1.4643302186710168, -1.5250443558027678, -1.586677803247302, -1.6492109974601201, -1.7126243748967251, -1.7768983720126208, -1.8420134252633085, -1.9079499711042907, -1.97468844599107, -2.04220928637915, -2.1104929287240317, -2.1795198094812185, -2.2492703651062134, -2.3197250320545173, -2.3908642467816343, -2.462668445743066, -2.5351180653943155, -2.6081935421908846, -2.6818753125882764, -2.756143813041993, -2.830979480007538, -2.906362749940413, -2.982274059296122, -3.058693844530165, -3.135602542098045, -3.2129805884552654, -3.290808420057329, -3.3690664733597373, -3.447735184817995, -3.526794990887603, -3.6062263280240625, -3.686009632682878, -3.766125341319551, -3.8465538903895844, -3.9272757163484817, -4.008271255651744, -4.089520944754875, -4.171005220113376, -4.2527045181827505, -4.334599275418499, -4.416669928276128, -4.498896913211135, -4.581259525169278, -4.663735002357431, -4.746303277402876, -4.828946239717741, -4.911647689855916, -4.994393339513053, -5.07717081152656, -5.159969639875614, -5.2427812696811475, -5.32559905720586, -5.408418269854207, -5.491236086172408, -5.574051595848446, -5.65686579971206],
         "dplt_grid": [0.0, 5.995319725083749, 11.990639450167498, 17.985959175251246, 23.981278900334996, 29.976598625418745, 35.97191835050249, 41.967238075586245, 47.96255780066999, 53.95787752575374, 59.95319725083749, 65.94851697592124, 71.94383670100498, 77.93915642608873, 83.93447615117249, 89.92979587625624, 95.92511560133998, 101.92043532642373, 107.91575505150747, 113.91107477659124, 119.90639450167498, 125.90171422675873, 131.89703395184247, 137.89235367692623, 143.88767340200997, 149.88299312709373, 155.87831285217746, 161.87363257726122, 167.86895230234498, 173.8642720274287, 179.85959175251247, 185.8549114775962, 191.85023120267996, 197.84555092776372, 203.84087065284746, 209.83619037793122, 215.83151010301495, 221.8268298280987, 227.82214955318247, 233.8174692782662, 239.81278900334996, 245.8081087284337, 251.80342845351745, 257.7987481786012, 263.79406790368495, 269.7893876287687, 275.78470735385247, 281.7800270789362, 287.77534680401993, 293.7706665291037, 299.76598625418745, 305.7613059792712, 311.7566257043549, 317.7519454294387, 323.74726515452244, 329.74258487960617, 335.73790460468996, 341.7332243297737, 347.7285440548574, 353.7238637799412, 359.71918350502494, 365.7145032301087, 371.7098229551924, 377.7051426802762, 383.70046240535993, 389.69578213044366, 395.69110185552745, 401.6864215806112, 407.6817413056949, 413.67706103077865, 419.67238075586243, 425.66770048094617, 431.6630202060299, 437.6583399311137, 443.6536596561974, 449.64897938128115, 455.64429910636494, 461.6396188314487, 467.6349385565324, 473.63025828161614, 479.6255780066999, 485.62089773178366, 491.6162174568674, 497.6115371819512, 503.6068569070349, 509.60217663211864, 515.5974963572024, 521.5928160822862, 527.5881358073699, 533.5834555324536, 539.5787752575374, 545.5740949826212, 551.5694147077049, 557.5647344327887, 563.5600541578724, 569.5553738829561, 575.5506936080399, 581.5460133331236, 587.5413330582074, 593.5366527832912],
         "dplt_at_force_location": -5.076424939692974,
         "maximum_dplt": -5.65686579971206,
         "location_max_dplt": 593.5366527832912
    },
     "metadata": {
         "error_code": 0,
         "model": "BendingTestAnalytical",
         "load_case": "Cantilever",
         "description": "",
         "job_name": "",
         "persistent_result_files": "",
         "n_cpus": 1,
         "date": "2026-03-17 09:07:36.653572",
         "cpu_time": 0.012849092483520508,
         "user": "sebastien.bocquet",
         "machine": "B20191729",
         "vims_git_version": "1b6e7132b9faba0cc93317d127a381ee76a8cb8e",
         "directory_archive_root": "C:\\Users\\sebastien.bocquet\\PycharmProjects\\vimseo\\docs\\runnable_examples\\model_runs\\archive\\sensitivity",
         "directory_archive_job": "C:\\Users\\sebastien.bocquet\\PycharmProjects\\vimseo\\docs\\runnable_examples\\model_runs\\archive\\sensitivity\\BendingTestAnalytical\\Cantilever\\33",
         "directory_scratch_root": "C:\\Users\\sebastien.bocquet\\PycharmProjects\\vimseo\\docs\\runnable_examples\\model_runs\\scratch\\sensitivity",
         "directory_scratch_job": ""
    }
}