{
     "inputs": {
         "length": 593.5366527832912,
         "width": 29.630165944878435,
         "height": 39.850572641576754,
         "imposed_dplt": -5.076473903278821,
         "relative_dplt_location": 0.9292019134797876,
         "young_modulus": 207203.19596418255,
         "nu_p": 0.3116883275084404
    },
     "outputs": {
         "reaction_forces": -2939.4324457253815,
         "moment": [1621142.241931579, 0.0, 0.0],
         "moment_grid": [0.0, 551.5153934866225, 593.5366527832912],
         "dplt": [0.0, -0.0008965743168347018, -0.003573254904340487, -0.008010478218019894, -0.01418868071337545, -0.02208829884590967, -0.03168976907112507, -0.042973527844524184, -0.05592001162160951, -0.07050965685788362, -0.08672290000884898, -0.10454017753000815, -0.1239419258768636, -0.1449085815049179, -0.16742058086967365, -0.1914583604266333, -0.2170023566312993, -0.24403300593917437, -0.27253074480576084, -0.30247600968656163, -0.33384923703707875, -0.36663086331281497, -0.4008013249692728, -0.4363410584619547, -0.4732305002463632, -0.511450086778001, -0.5509802545123703, -0.591801439904974, -0.6338940794113144, -0.677238609486894, -0.7218154665872154, -0.7676050871677811, -0.8145879076840938, -0.8627443645916557, -0.9120548943459694, -0.9624999334025379, -1.0140599182168628, -1.0667152852444477, -1.1204464709407944, -1.1752339117614055, -1.2310580441617838, -1.2878993045974312, -1.3457381295238513, -1.4045549553965457, -1.4643302186710174, -1.5250443558027686, -1.5866778032473023, -1.6492109974601203, -1.7126243748967254, -1.7768983720126212, -1.8420134252633085, -1.9079499711042907, -1.97468844599107, -2.04220928637915, -2.1104929287240317, -2.1795198094812185, -2.249270365106213, -2.319725032054517, -2.390864246781634, -2.4626684457430654, -2.5351180653943146, -2.6081935421908837, -2.681875312588276, -2.7561438130419926, -2.8309794800075374, -2.9063627499404117, -2.982274059296121, -3.058693844530163, -3.135602542098044, -3.212980588455264, -3.2908084200573278, -3.3690664733597364, -3.4477351848179927, -3.526794990887601, -3.606226328024061, -3.686009632682876, -3.7661253413195497, -3.846553890389584, -3.9272757163484795, -4.00827125565174, -4.089520944754873, -4.171005220113375, -4.252704518182748, -4.334599275418498, -4.416669928276126, -4.498896913211134, -4.5812595251692745, -4.663735002357427, -4.746303277402872, -4.828946239717737, -4.911647689855912, -4.994393339513049, -5.077170811526557, -5.15996963987561, -5.242781269681144, -5.325599057205856, -5.408418269854202, -5.491236086172404, -5.574051595848442, -5.6568657997120555],
         "dplt_grid": [0.0, 5.995319725083749, 11.990639450167498, 17.985959175251246, 23.981278900334996, 29.976598625418745, 35.97191835050249, 41.967238075586245, 47.96255780066999, 53.95787752575374, 59.95319725083749, 65.94851697592124, 71.94383670100498, 77.93915642608873, 83.93447615117249, 89.92979587625624, 95.92511560133998, 101.92043532642373, 107.91575505150747, 113.91107477659124, 119.90639450167498, 125.90171422675873, 131.89703395184247, 137.89235367692623, 143.88767340200997, 149.88299312709373, 155.87831285217746, 161.87363257726122, 167.86895230234498, 173.8642720274287, 179.85959175251247, 185.8549114775962, 191.85023120267996, 197.84555092776372, 203.84087065284746, 209.83619037793122, 215.83151010301495, 221.8268298280987, 227.82214955318247, 233.8174692782662, 239.81278900334996, 245.8081087284337, 251.80342845351745, 257.7987481786012, 263.79406790368495, 269.7893876287687, 275.78470735385247, 281.7800270789362, 287.77534680401993, 293.7706665291037, 299.76598625418745, 305.7613059792712, 311.7566257043549, 317.7519454294387, 323.74726515452244, 329.74258487960617, 335.73790460468996, 341.7332243297737, 347.7285440548574, 353.7238637799412, 359.71918350502494, 365.7145032301087, 371.7098229551924, 377.7051426802762, 383.70046240535993, 389.69578213044366, 395.69110185552745, 401.6864215806112, 407.6817413056949, 413.67706103077865, 419.67238075586243, 425.66770048094617, 431.6630202060299, 437.6583399311137, 443.6536596561974, 449.64897938128115, 455.64429910636494, 461.6396188314487, 467.6349385565324, 473.63025828161614, 479.6255780066999, 485.62089773178366, 491.6162174568674, 497.6115371819512, 503.6068569070349, 509.60217663211864, 515.5974963572024, 521.5928160822862, 527.5881358073699, 533.5834555324536, 539.5787752575374, 545.5740949826212, 551.5694147077049, 557.5647344327887, 563.5600541578724, 569.5553738829561, 575.5506936080399, 581.5460133331236, 587.5413330582074, 593.5366527832912],
         "dplt_at_force_location": -5.076424939692971,
         "maximum_dplt": -5.6568657997120555,
         "location_max_dplt": 593.5366527832912
    },
     "metadata": {
         "error_code": 0,
         "model": "BendingTestAnalytical",
         "load_case": "Cantilever",
         "description": "",
         "job_name": "",
         "persistent_result_files": "",
         "n_cpus": 1,
         "date": "2026-03-26 14:57:51.756389",
         "cpu_time": 0.003767251968383789,
         "user": "sebastien.bocquet",
         "machine": "IPF7101",
         "vims_git_version": "d0050d8de498c8354552cdde540fb3e524454871",
         "directory_archive_root": "/home/sebastien.bocquet/PycharmProjects/vimseo/docs/runnable_examples/model_runs/archive/sensitivity",
         "directory_archive_job": "/home/sebastien.bocquet/PycharmProjects/vimseo/docs/runnable_examples/model_runs/archive/sensitivity/BendingTestAnalytical/Cantilever/33",
         "directory_scratch_root": "/home/sebastien.bocquet/PycharmProjects/vimseo/docs/runnable_examples/model_runs/scratch/sensitivity",
         "directory_scratch_job": ""
    }
}