{
     "inputs": {
         "length": 579.4890028419346,
         "width": 30.09565703818518,
         "height": 38.48457138308755,
         "imposed_dplt": -5.015580424820959,
         "relative_dplt_location": 0.8940035270645703,
         "young_modulus": 204923.6215213991,
         "nu_p": 0.29717411486231177
    },
     "outputs": {
         "reaction_forces": -3170.0326003065247,
         "moment": [1642283.6125062758, 0.0, 0.0],
         "moment_grid": [0.0, 518.0652124358204, 579.4890028419346],
         "dplt": [0.0, -0.000956808165381702, -0.0038127640147614964, -0.008546164577991422, -0.015135306884923512, -0.023558487965409793, -0.033794004849302284, -0.04582015456645302, -0.059615234146714026, -0.07515754061993729, -0.09242537101597496, -0.11139702236467892, -0.13205079169590128, -0.1543649760394941, -0.17831787242530944, -0.2038877778831992, -0.23105298944301542, -0.2597918041346103, -0.2900825189878356, -0.32190343103254393, -0.3552328372985867, -0.3900490348158161, -0.4263303206140844, -0.46405499172324327, -0.5032013451731449, -0.5437476779936413, -0.5856722872145848, -0.6289534698658268, -0.6735695229772201, -0.7194987435786162, -0.7667194286998671, -0.8152098753708251, -0.864948380621342, -0.9159132414812702, -0.9680827549804613, -1.0214352181487674, -1.0759489280160408, -1.1316021816121338, -1.1883732759668977, -1.2462405081101848, -1.305182175071847, -1.3651765738817367, -1.4262020015697057, -1.4882367551656062, -1.55125913169929, -1.6152474282006093, -1.6801799416994156, -1.746034969225562, -1.8127908078089003, -1.8804257544792815, -1.9489181062665581, -2.0182461602005826, -2.0883882133112066, -2.159322562628283, -2.2310275051816615, -2.3034813380011983, -2.3766623581167408, -2.450548862558144, -2.5251191483552584, -2.600351512537937, -2.6762242521360324, -2.752715664179394, -2.8298040456978772, -2.90746769372133, -2.9856849052796095, -3.064433977402564, -3.1436932071200463, -3.2234408914619097, -3.303655327458005, -3.3843148121381823, -3.465397642532298, -3.546882115670202, -3.628746528581746, -3.7109691782967817, -3.7935283618451634, -3.8764023762567397, -3.959569518561364, -4.043008085788888, -4.126696374969168, -4.21061268313205, -4.294735307307389, -4.379042544525038, -4.463512691814846, -4.5481240462066665, -4.632854904730351, -4.717683564415755, -4.802588163542052, -4.887542290267373, -4.972528510933357, -5.0575354211348955, -5.142553446359348, -5.227574841986543, -5.312593693288773, -5.3976059154308, -5.482609253469856, -5.567603282355639, -5.652589406930315, -5.737570861928518, -5.82255271197735, -5.907541851596379],
         "dplt_grid": [0.0, 5.853424271130653, 11.706848542261305, 17.560272813391958, 23.41369708452261, 29.267121355653263, 35.120545626783915, 40.97396989791457, 46.82739416904522, 52.68081844017587, 58.534242711306526, 64.38766698243718, 70.24109125356783, 76.09451552469848, 81.94793979582914, 87.80136406695979, 93.65478833809044, 99.50821260922109, 105.36163688035174, 111.2150611514824, 117.06848542261305, 122.9219096937437, 128.77533396487436, 134.628758236005, 140.48218250713566, 146.3356067782663, 152.18903104939696, 158.0424553205276, 163.8958795916583, 169.74930386278893, 175.60272813391958, 181.45615240505023, 187.30957667618088, 193.16300094731153, 199.01642521844218, 204.86984948957283, 210.72327376070348, 216.57669803183416, 222.4301223029648, 228.28354657409545, 234.1369708452261, 239.99039511635675, 245.8438193874874, 251.69724365861805, 257.5506679297487, 263.40409220087935, 269.25751647201, 275.11094074314065, 280.9643650142713, 286.817789285402, 292.6712135565326, 298.5246378276633, 304.3780620987939, 310.2314863699246, 316.0849106410552, 321.9383349121859, 327.7917591833166, 333.6451834544472, 339.49860772557787, 345.3520319967085, 351.20545626783917, 357.0588805389698, 362.91230481010047, 368.7657290812311, 374.61915335236176, 380.47257762349244, 386.32600189462306, 392.17942616575374, 398.03285043688436, 403.88627470801504, 409.73969897914566, 415.59312325027634, 421.44654752140696, 427.29997179253763, 433.1533960636683, 439.00682033479893, 444.8602446059296, 450.71366887706023, 456.5670931481909, 462.4205174193215, 468.2739416904522, 474.1273659615829, 479.9807902327135, 485.8342145038442, 491.6876387749748, 497.5410630461055, 503.3944873172361, 509.2479115883668, 515.1013358594975, 520.9547601306281, 526.8081844017587, 532.6616086728894, 538.51503294402, 544.3684572151507, 550.2218814862813, 556.075305757412, 561.9287300285426, 567.7821542996733, 573.635578570804, 579.4890028419346],
         "dplt_at_force_location": -5.015571690156595,
         "maximum_dplt": -5.907541851596379,
         "location_max_dplt": 579.4890028419346
    },
     "metadata": {
         "error_code": 0,
         "model": "BendingTestAnalytical",
         "load_case": "Cantilever",
         "description": "",
         "job_name": "",
         "persistent_result_files": "",
         "n_cpus": 1,
         "date": "2026-03-26 14:57:51.605657",
         "cpu_time": 0.003406047821044922,
         "user": "sebastien.bocquet",
         "machine": "IPF7101",
         "vims_git_version": "d0050d8de498c8354552cdde540fb3e524454871",
         "directory_archive_root": "/home/sebastien.bocquet/PycharmProjects/vimseo/docs/runnable_examples/model_runs/archive/sensitivity",
         "directory_archive_job": "/home/sebastien.bocquet/PycharmProjects/vimseo/docs/runnable_examples/model_runs/archive/sensitivity/BendingTestAnalytical/Cantilever/21",
         "directory_scratch_root": "/home/sebastien.bocquet/PycharmProjects/vimseo/docs/runnable_examples/model_runs/scratch/sensitivity",
         "directory_scratch_job": ""
    }
}