{
     "inputs": {
         "x": 1.484375,
         "Dummy:x_1": 0.9944541492686033
    },
     "outputs": {
         "x_1": 0.9944541492686033,
         "y": [0.9944541492686033, 1.0094478361372903, 1.0244415230059771, 1.039435209874664, 1.0544288967433508, 1.0694225836120377, 1.0844162704807245, 1.0994099573494114, 1.1144036442180982, 1.129397331086785, 1.144391017955472, 1.1593847048241588, 1.1743783916928456, 1.1893720785615327, 1.2043657654302196, 1.2193594522989064, 1.2343531391675933, 1.2493468260362801, 1.264340512904967, 1.2793341997736538, 1.2943278866423407, 1.3093215735110275, 1.3243152603797146, 1.3393089472484014, 1.3543026341170883, 1.3692963209857751, 1.384290007854462, 1.3992836947231488, 1.4142773815918357, 1.4292710684605225, 1.4442647553292094, 1.4592584421978962, 1.474252129066583, 1.48924581593527, 1.5042395028039568, 1.5192331896726436, 1.5342268765413305, 1.5492205634100173, 1.5642142502787044, 1.5792079371473913, 1.5942016240160781, 1.609195310884765, 1.6241889977534518, 1.6391826846221387, 1.6541763714908257, 1.6691700583595126, 1.6841637452281994, 1.6991574320968863, 1.7141511189655732, 1.72914480583426, 1.7441384927029469, 1.7591321795716337, 1.7741258664403206, 1.7891195533090074, 1.8041132401776943, 1.819106927046381, 1.834100613915068, 1.8490943007837548, 1.8640879876524417, 1.8790816745211285, 1.8940753613898154, 1.9090690482585024, 1.924062735127189, 1.9390564219958764, 1.954050108864563, 1.9690437957332498, 1.984037482601937, 1.9990311694706238, 2.0140248563393106, 2.0290185432079975, 2.0440122300766843, 2.059005916945371, 2.073999603814058, 2.088993290682745, 2.1039869775514317, 2.1189806644201186, 2.1339743512888054, 2.1489680381574923, 2.163961725026179, 2.178955411894866, 2.193949098763553, 2.2089427856322397, 2.2239364725009265, 2.2389301593696134, 2.2539238462383, 2.268917533106987, 2.283911219975674, 2.298904906844361, 2.313898593713048, 2.328892280581735, 2.3438859674504218, 2.3588796543191086, 2.3738733411877955, 2.3888670280564823, 2.403860714925169, 2.418854401793856, 2.433848088662543, 2.4488417755312297, 2.4638354623999166, 2.4788291492686034],
         "y_axis": [0.0, 0.010101010101010102, 0.020202020202020204, 0.030303030303030304, 0.04040404040404041, 0.05050505050505051, 0.06060606060606061, 0.07070707070707072, 0.08080808080808081, 0.09090909090909091, 0.10101010101010102, 0.11111111111111112, 0.12121212121212122, 0.13131313131313133, 0.14141414141414144, 0.15151515151515152, 0.16161616161616163, 0.17171717171717174, 0.18181818181818182, 0.19191919191919193, 0.20202020202020204, 0.21212121212121213, 0.22222222222222224, 0.23232323232323235, 0.24242424242424243, 0.25252525252525254, 0.26262626262626265, 0.27272727272727276, 0.2828282828282829, 0.29292929292929293, 0.30303030303030304, 0.31313131313131315, 0.32323232323232326, 0.33333333333333337, 0.3434343434343435, 0.3535353535353536, 0.36363636363636365, 0.37373737373737376, 0.38383838383838387, 0.393939393939394, 0.4040404040404041, 0.4141414141414142, 0.42424242424242425, 0.43434343434343436, 0.4444444444444445, 0.4545454545454546, 0.4646464646464647, 0.4747474747474748, 0.48484848484848486, 0.494949494949495, 0.5050505050505051, 0.5151515151515152, 0.5252525252525253, 0.5353535353535354, 0.5454545454545455, 0.5555555555555556, 0.5656565656565657, 0.5757575757575758, 0.5858585858585859, 0.595959595959596, 0.6060606060606061, 0.6161616161616162, 0.6262626262626263, 0.6363636363636365, 0.6464646464646465, 0.6565656565656566, 0.6666666666666667, 0.6767676767676768, 0.686868686868687, 0.696969696969697, 0.7070707070707072, 0.7171717171717172, 0.7272727272727273, 0.7373737373737375, 0.7474747474747475, 0.7575757575757577, 0.7676767676767677, 0.7777777777777778, 0.787878787878788, 0.797979797979798, 0.8080808080808082, 0.8181818181818182, 0.8282828282828284, 0.8383838383838385, 0.8484848484848485, 0.8585858585858587, 0.8686868686868687, 0.8787878787878789, 0.888888888888889, 0.8989898989898991, 0.9090909090909092, 0.9191919191919192, 0.9292929292929294, 0.9393939393939394, 0.9494949494949496, 0.9595959595959597, 0.9696969696969697, 0.9797979797979799, 0.98989898989899, 1.0]
    },
     "metadata": {
         "error_code": 0,
         "model": "MockCurves",
         "load_case": "Dummy",
         "description": "",
         "job_name": "",
         "persistent_result_files": "",
         "n_cpus": 1,
         "date": "2026-03-26 14:57:24.010373",
         "cpu_time": 0.0011000633239746094,
         "user": "sebastien.bocquet",
         "machine": "IPF7101",
         "vims_git_version": "d0050d8de498c8354552cdde540fb3e524454871",
         "directory_archive_root": "/home/sebastien.bocquet/PycharmProjects/vimseo/docs/runnable_examples/model_runs/archive/calibration_curves",
         "directory_archive_job": "/home/sebastien.bocquet/PycharmProjects/vimseo/docs/runnable_examples/model_runs/archive/calibration_curves/MockCurves/Dummy/15",
         "directory_scratch_root": "/home/sebastien.bocquet/PycharmProjects/vimseo/docs/runnable_examples/model_runs/scratch/calibration_curves",
         "directory_scratch_job": ""
    }
}