{
     "inputs": {
         "young_modulus": 215910.80442290206,
         "Cantilever:length": 600.0,
         "Cantilever:width": 30.4969482421875,
         "Cantilever:height": 40.7369384765625,
         "Cantilever:imposed_dplt": -5.064697265625,
         "Cantilever:relative_dplt_location": 1.0,
         "Cantilever:nu_p": 0.3
    },
     "outputs": {
         "length": 600.0,
         "width": 30.4969482421875,
         "height": 40.7369384765625,
         "imposed_dplt": -5.064697265625,
         "relative_dplt_location": 1.0,
         "nu_p": 0.3,
         "reaction_forces": -2609.370019966409,
         "moment": [1565622.0119798454, 0.0],
         "moment_grid": [0.0, 600.0],
         "dplt": [0.0, -0.0007725198060726644, -0.003079639767451836, -0.006905700698879294, -0.01223504341509681, -0.01905200873084615, -0.027340937460869068, -0.037086170419907354, -0.04827204842270277, -0.060882912283997066, -0.07490310281853202, -0.09031696084104941, -0.10710882716629098, -0.1252630426089986, -0.14476394798391395, -0.16559588410577875, -0.1877431917893349, -0.2111902118493241, -0.23592128510048815, -0.2619207523575688, -0.2891729544353078, -0.317662232148447, -0.3473729263117282, -0.378289377739893, -0.41039592724768315, -0.4436769156498407, -0.4781166837611073, -0.5136995723962245, -0.5504099223699345, -0.5882320744969786, -0.6271503695920989, -0.667149148470037, -0.7082127519455347, -0.7503255208333338, -0.7934717959481761, -0.8376359181048032, -0.8828022281179572, -0.9289550668023796, -0.9760787749728119, -1.0241576934439967, -1.0731761630306749, -1.1231185245475888, -1.17396911880948, -1.2257122866310903, -1.2783323688271617, -1.3318137062124353, -1.3861406396016536, -1.441297509809558, -1.4972686576508898, -1.5540384239403915, -1.6115911494928048, -1.669911175122872, -1.7289828416453334, -1.7887904898749316, -1.849318460626409, -1.9105510947145063, -1.972472732953966, -2.035067716159529, -2.098320385145938, -2.162215080727934, -2.2267361437202604, -2.291867914937656, -2.3575947351948656, -2.423900945306629, -2.49077088608769, -2.558188898352787, -2.626139322916665, -2.6946065005940643, -2.7635747721997275, -2.833028478548395, -2.90295196045481, -2.973329558733713, -3.044145614199847, -3.115384467667952, -3.1870304599527732, -3.2590679318690476, -3.331481224231522, -3.4042546778549334, -3.4773726335540274, -3.550819432143543, -3.6245794144382253, -3.698636921252811, -3.7729762934020465, -3.847581871700672, -3.9224379969634287, -3.99752901000506, -4.072839251640306, -4.148353062683908, -4.22405478395061, -4.299928756255151, -4.375959320412275, -4.452130817236724, -4.528427587543238, -4.604833972146559, -4.6813343118614315, -4.757912947502592, -4.8345542198847875, -4.911242469822759, -4.9879620381312435, -5.06469726562499],
         "dplt_grid": [0.0, 6.0606060606060606, 12.121212121212121, 18.18181818181818, 24.242424242424242, 30.303030303030305, 36.36363636363636, 42.42424242424242, 48.484848484848484, 54.54545454545455, 60.60606060606061, 66.66666666666667, 72.72727272727272, 78.78787878787878, 84.84848484848484, 90.9090909090909, 96.96969696969697, 103.03030303030303, 109.0909090909091, 115.15151515151516, 121.21212121212122, 127.27272727272727, 133.33333333333334, 139.3939393939394, 145.45454545454544, 151.5151515151515, 157.57575757575756, 163.63636363636363, 169.6969696969697, 175.75757575757575, 181.8181818181818, 187.87878787878788, 193.93939393939394, 200.0, 206.06060606060606, 212.12121212121212, 218.1818181818182, 224.24242424242425, 230.3030303030303, 236.36363636363637, 242.42424242424244, 248.48484848484847, 254.54545454545453, 260.6060606060606, 266.6666666666667, 272.72727272727275, 278.7878787878788, 284.8484848484849, 290.9090909090909, 296.96969696969694, 303.030303030303, 309.09090909090907, 315.1515151515151, 321.2121212121212, 327.27272727272725, 333.3333333333333, 339.3939393939394, 345.45454545454544, 351.5151515151515, 357.57575757575756, 363.6363636363636, 369.6969696969697, 375.75757575757575, 381.8181818181818, 387.8787878787879, 393.93939393939394, 400.0, 406.06060606060606, 412.1212121212121, 418.1818181818182, 424.24242424242425, 430.3030303030303, 436.3636363636364, 442.42424242424244, 448.4848484848485, 454.54545454545456, 460.6060606060606, 466.6666666666667, 472.72727272727275, 478.7878787878788, 484.8484848484849, 490.9090909090909, 496.96969696969694, 503.030303030303, 509.09090909090907, 515.1515151515151, 521.2121212121212, 527.2727272727273, 533.3333333333334, 539.3939393939394, 545.4545454545455, 551.5151515151515, 557.5757575757576, 563.6363636363636, 569.6969696969697, 575.7575757575758, 581.8181818181818, 587.8787878787879, 593.9393939393939, 600.0],
         "dplt_at_force_location": -5.06469726562499,
         "maximum_dplt": -5.06469726562499,
         "location_max_dplt": 600.0
    },
     "metadata": {
         "error_code": 0,
         "model": "BendingTestAnalytical",
         "load_case": "Cantilever",
         "description": "",
         "job_name": "",
         "persistent_result_files": "",
         "n_cpus": 1,
         "date": "2026-03-17 09:07:07.858970",
         "cpu_time": 0.09290432929992676,
         "user": "sebastien.bocquet",
         "machine": "B20191729",
         "vims_git_version": "1b6e7132b9faba0cc93317d127a381ee76a8cb8e",
         "directory_archive_root": "C:\\Users\\sebastien.bocquet\\PycharmProjects\\vimseo\\docs\\runnable_examples\\model_runs\\archive\\calibration_scalars",
         "directory_archive_job": "C:\\Users\\sebastien.bocquet\\PycharmProjects\\vimseo\\docs\\runnable_examples\\model_runs\\archive\\calibration_scalars\\BendingTestAnalytical\\Cantilever\\363",
         "directory_scratch_root": "C:\\Users\\sebastien.bocquet\\PycharmProjects\\vimseo\\docs\\runnable_examples\\model_runs\\scratch\\calibration_scalars",
         "directory_scratch_job": ""
    }
}