{
     "inputs": {
         "young_modulus": 227500.0,
         "Cantilever:length": 600.0,
         "Cantilever:width": 30.5047607421875,
         "Cantilever:height": 40.207763671875,
         "Cantilever:imposed_dplt": -5.025146484375,
         "Cantilever:relative_dplt_location": 1.0,
         "Cantilever:nu_p": 0.3
    },
     "outputs": {
         "length": 600.0,
         "width": 30.5047607421875,
         "height": 40.207763671875,
         "imposed_dplt": -5.025146484375,
         "relative_dplt_location": 1.0,
         "nu_p": 0.3,
         "reaction_forces": -2623.6975121011383,
         "moment": [1574218.507260683, 0.0],
         "moment_grid": [0.0, 600.0],
         "dplt": [0.0, -0.0007664871134438979, -0.0030555905198101285, -0.006851773318150513, -0.012139498607516864, -0.018903229486960996, -0.027127429055534703, -0.03679656041228983, -0.04789508665627816, -0.06040747088655152, -0.07431817620216172, -0.08961166570216056, -0.10627240248559985, -0.12428484965153146, -0.14363347029900714, -0.1643027275270787, -0.186277084434798, -0.20954100412121687, -0.23407894968538698, -0.2598753842263603, -0.2869147708431886, -0.31518157263492363, -0.3446602527006174, -0.37533527413932155, -0.40719110005008774, -0.44021219353196817, -0.47438301768401436, -0.5096880356052783, -0.5461117103948117, -0.5836385051516663, -0.6222528829748941, -0.6619393069635467, -0.7026822402166761, -0.7444661458333341, -0.7872754869125727, -0.8310947265534427, -0.8759083278549973, -0.9217007539162876, -0.9684564678363654, -1.0161599327142827, -1.0647956116490909, -1.1143479677398422, -1.1648014640855886, -1.2161405637853817, -1.2683497299382733, -1.321413425643315, -1.3753161139995589, -1.4300422581060566, -1.4855763210618598, -1.5419027659660207, -1.5990060559175907, -1.6568706540156226, -1.715481023359167, -1.7748216270472765, -1.834876928179002, -1.8956313898533963, -1.9570694751695106, -2.0191756472263975, -2.0819343691231076, -2.1453301039586936, -2.2093473148322076, -2.2739704648426997, -2.339184017089224, -2.4049724346708308, -2.471320180686573, -2.5382117182355013, -2.6056315104166674, -2.673564020329124, -2.7419937110719235, -2.810905045744115, -2.8802824874447537, -2.950110499272889, -3.020373544327574, -3.0910560857078586, -3.1621425865127986, -3.233617509841441, -3.305465318792841, -3.377670476466048, -3.4502174459601176, -3.5230906903740973, -3.5962746728070423, -3.6697538563580006, -3.7435127041260268, -3.8175356792101733, -3.891807244709489, -3.966311863723031, -4.041033999349846, -4.1159581146889845, -4.1910686728395055, -4.266350136900453, -4.341786969970886, -4.41736363514985, -4.4930645955364, -4.5688743142295865, -4.6447772543284644, -4.720757878932082, -4.796800651139491, -4.872890034049746, -4.949010490761897, -5.025146484374998],
         "dplt_grid": [0.0, 6.0606060606060606, 12.121212121212121, 18.18181818181818, 24.242424242424242, 30.303030303030305, 36.36363636363636, 42.42424242424242, 48.484848484848484, 54.54545454545455, 60.60606060606061, 66.66666666666667, 72.72727272727272, 78.78787878787878, 84.84848484848484, 90.9090909090909, 96.96969696969697, 103.03030303030303, 109.0909090909091, 115.15151515151516, 121.21212121212122, 127.27272727272727, 133.33333333333334, 139.3939393939394, 145.45454545454544, 151.5151515151515, 157.57575757575756, 163.63636363636363, 169.6969696969697, 175.75757575757575, 181.8181818181818, 187.87878787878788, 193.93939393939394, 200.0, 206.06060606060606, 212.12121212121212, 218.1818181818182, 224.24242424242425, 230.3030303030303, 236.36363636363637, 242.42424242424244, 248.48484848484847, 254.54545454545453, 260.6060606060606, 266.6666666666667, 272.72727272727275, 278.7878787878788, 284.8484848484849, 290.9090909090909, 296.96969696969694, 303.030303030303, 309.09090909090907, 315.1515151515151, 321.2121212121212, 327.27272727272725, 333.3333333333333, 339.3939393939394, 345.45454545454544, 351.5151515151515, 357.57575757575756, 363.6363636363636, 369.6969696969697, 375.75757575757575, 381.8181818181818, 387.8787878787879, 393.93939393939394, 400.0, 406.06060606060606, 412.1212121212121, 418.1818181818182, 424.24242424242425, 430.3030303030303, 436.3636363636364, 442.42424242424244, 448.4848484848485, 454.54545454545456, 460.6060606060606, 466.6666666666667, 472.72727272727275, 478.7878787878788, 484.8484848484849, 490.9090909090909, 496.96969696969694, 503.030303030303, 509.09090909090907, 515.1515151515151, 521.2121212121212, 527.2727272727273, 533.3333333333334, 539.3939393939394, 545.4545454545455, 551.5151515151515, 557.5757575757576, 563.6363636363636, 569.6969696969697, 575.7575757575758, 581.8181818181818, 587.8787878787879, 593.9393939393939, 600.0],
         "dplt_at_force_location": -5.025146484374998,
         "maximum_dplt": -5.025146484374998,
         "location_max_dplt": 600.0
    },
     "metadata": {
         "error_code": 0,
         "model": "BendingTestAnalytical",
         "load_case": "Cantilever",
         "description": "",
         "job_name": "",
         "persistent_result_files": "",
         "n_cpus": 1,
         "date": "2026-06-16 18:09:12.117536",
         "cpu_time": 0.09765839576721191,
         "user": "sebastien.bocquet",
         "machine": "PCBM20250036",
         "vims_git_version": "3de96ae2320a30b8a84551033e41da0fca6276ac",
         "directory_archive_root": "C:\\Users\\sebastien.bocquet\\Dev\\vimseo\\docs\\runnable_examples\\model_runs\\archive\\calibration_coupled",
         "directory_archive_job": "C:\\Users\\sebastien.bocquet\\Dev\\vimseo\\docs\\runnable_examples\\model_runs\\archive\\calibration_coupled\\BendingTestAnalytical\\Cantilever\\163",
         "directory_scratch_root": "C:\\Users\\sebastien.bocquet\\Dev\\vimseo\\docs\\runnable_examples\\model_runs\\scratch\\calibration_coupled",
         "directory_scratch_job": ""
    }
}