{
     "inputs": {
         "young_modulus": 224726.5625,
         "Cantilever:length": 600.0,
         "Cantilever:width": 30.2572021484375,
         "Cantilever:height": 39.7552490234375,
         "Cantilever:imposed_dplt": -4.914306640625,
         "Cantilever:relative_dplt_location": 1.0,
         "Cantilever:nu_p": 0.3
    },
     "outputs": {
         "length": 600.0,
         "width": 30.2572021484375,
         "height": 39.7552490234375,
         "imposed_dplt": -4.914306640625,
         "relative_dplt_location": 1.0,
         "nu_p": 0.3,
         "reaction_forces": -2430.049495687557,
         "moment": [1458029.6974125342, 0.0],
         "moment_grid": [0.0, 600.0],
         "dplt": [0.0, -0.0007495806785459949, -0.0029881932455549766, -0.00670064349808345, -0.011871737233187917, -0.018486280247924876, -0.026529078339350816, -0.035984937304522256, -0.04683866294049568, -0.05907506104432758, -0.07267893741307446, -0.08763509784379284, -0.10392834813353917, -0.12154349407937, -0.14046534147834186, -0.1606786961275111, -0.18216836382393442, -0.20491915036466823, -0.2289158615467689, -0.2541433031672936, -0.2805862810232979, -0.30822960091183865, -0.33705806862997256, -0.3670564899747559, -0.398209670743245, -0.4305024167324968, -0.46391953373956757, -0.49844582756151384, -0.5340661039953922, -0.5707651688382589, -0.6085278278871706, -0.647338886939184, -0.6871831517913551, -0.7280454282407408, -0.7699105220843978, -0.8127632391193818, -0.85658838514275, -0.9013707659515588, -0.9470951873428646, -0.9937464551137236, -1.0413093750611928, -1.0897687529823286, -1.139109394674187, -1.1893161059338253, -1.2403736925582998, -1.2922669603446664, -1.344980715089982, -1.398499762591303, -1.4528089086456855, -1.5078929590501873, -1.5637367196018637, -1.6203249960977721, -1.6776425943349678, -1.7356743201105083, -1.79440497922145, -1.853819377464849, -1.9139023206377621, -1.9746386145372457, -2.0360130649603563, -2.09801047770415, -2.160615658565684, -2.223813413342014, -2.287588547830199, -2.3519258678272905, -2.4168101791303505, -2.482226287536431, -2.548158998842592, -2.614593118845887, -2.6815134533433764, -2.748904808132112, -2.816751989009154, -2.8850398017715566, -2.9537530522163777, -3.022876546140673, -3.0923950893415, -3.162293487615913, -3.2325565467609714, -3.303169072573729, -3.374115870851245, -3.4453817473905737, -3.5169515079887734, -3.5888099584428974, -3.660941904550005, -3.7333321521071543, -3.8059655069113973, -3.878826774759794, -3.9519007614493997, -4.02517227277727, -4.098626114540465, -4.1722470925360335, -4.246020012561041, -4.319929680412538, -4.393960901887584, -4.468098482783236, -4.542327228896547, -4.616631946024575, -4.690997439964378, -4.765408516513011, -4.839849981467531, -4.914306640624996],
         "dplt_grid": [0.0, 6.0606060606060606, 12.121212121212121, 18.18181818181818, 24.242424242424242, 30.303030303030305, 36.36363636363636, 42.42424242424242, 48.484848484848484, 54.54545454545455, 60.60606060606061, 66.66666666666667, 72.72727272727272, 78.78787878787878, 84.84848484848484, 90.9090909090909, 96.96969696969697, 103.03030303030303, 109.0909090909091, 115.15151515151516, 121.21212121212122, 127.27272727272727, 133.33333333333334, 139.3939393939394, 145.45454545454544, 151.5151515151515, 157.57575757575756, 163.63636363636363, 169.6969696969697, 175.75757575757575, 181.8181818181818, 187.87878787878788, 193.93939393939394, 200.0, 206.06060606060606, 212.12121212121212, 218.1818181818182, 224.24242424242425, 230.3030303030303, 236.36363636363637, 242.42424242424244, 248.48484848484847, 254.54545454545453, 260.6060606060606, 266.6666666666667, 272.72727272727275, 278.7878787878788, 284.8484848484849, 290.9090909090909, 296.96969696969694, 303.030303030303, 309.09090909090907, 315.1515151515151, 321.2121212121212, 327.27272727272725, 333.3333333333333, 339.3939393939394, 345.45454545454544, 351.5151515151515, 357.57575757575756, 363.6363636363636, 369.6969696969697, 375.75757575757575, 381.8181818181818, 387.8787878787879, 393.93939393939394, 400.0, 406.06060606060606, 412.1212121212121, 418.1818181818182, 424.24242424242425, 430.3030303030303, 436.3636363636364, 442.42424242424244, 448.4848484848485, 454.54545454545456, 460.6060606060606, 466.6666666666667, 472.72727272727275, 478.7878787878788, 484.8484848484849, 490.9090909090909, 496.96969696969694, 503.030303030303, 509.09090909090907, 515.1515151515151, 521.2121212121212, 527.2727272727273, 533.3333333333334, 539.3939393939394, 545.4545454545455, 551.5151515151515, 557.5757575757576, 563.6363636363636, 569.6969696969697, 575.7575757575758, 581.8181818181818, 587.8787878787879, 593.9393939393939, 600.0],
         "dplt_at_force_location": -4.914306640624996,
         "maximum_dplt": -4.914306640624996,
         "location_max_dplt": 600.0
    },
     "metadata": {
         "error_code": 0,
         "model": "BendingTestAnalytical",
         "load_case": "Cantilever",
         "description": "",
         "job_name": "",
         "persistent_result_files": "",
         "n_cpus": 1,
         "date": "2026-06-16 18:09:38.891308",
         "cpu_time": 0.15338826179504395,
         "user": "sebastien.bocquet",
         "machine": "PCBM20250036",
         "vims_git_version": "3de96ae2320a30b8a84551033e41da0fca6276ac",
         "directory_archive_root": "C:\\Users\\sebastien.bocquet\\Dev\\vimseo\\docs\\runnable_examples\\model_runs\\archive\\calibration_coupled",
         "directory_archive_job": "C:\\Users\\sebastien.bocquet\\Dev\\vimseo\\docs\\runnable_examples\\model_runs\\archive\\calibration_coupled\\BendingTestAnalytical\\Cantilever\\221",
         "directory_scratch_root": "C:\\Users\\sebastien.bocquet\\Dev\\vimseo\\docs\\runnable_examples\\model_runs\\scratch\\calibration_coupled",
         "directory_scratch_job": ""
    }
}