{
     "inputs": {
         "length": 570.2029160768499,
         "width": 30.01771151444841,
         "height": 38.48457138308755,
         "imposed_dplt": -5.015580424820959,
         "relative_dplt_location": 0.8940035270645703,
         "young_modulus": 204923.6215213991,
         "nu_p": 0.2962120057385269
    },
     "outputs": {
         "reaction_forces": -3318.828208225172,
         "moment": [1691817.2115620314, 0.0, 0.0],
         "moment_grid": [0.0, 509.76341811520695, 570.2029160768499],
         "dplt": [0.0, -0.0009568081653817024, -0.0038127640147614956, -0.008546164577991426, -0.015135306884923524, -0.02355848796540981, -0.03379400484930231, -0.04582015456645305, -0.05961523414671407, -0.07515754061993739, -0.09242537101597499, -0.11139702236467895, -0.13205079169590134, -0.15436497603949415, -0.17831787242530936, -0.20388777788319906, -0.2310529894430153, -0.25979180413461017, -0.2900825189878356, -0.3219034310325435, -0.35523283729858657, -0.39004903481581604, -0.42633032061408416, -0.46405499172324305, -0.5032013451731447, -0.5437476779936413, -0.5856722872145848, -0.628953469865827, -0.6735695229772198, -0.719498743578616, -0.766719428699867, -0.815209875370825, -0.8649483806213422, -0.9159132414812703, -0.9680827549804615, -1.0214352181487678, -1.0759489280160413, -1.1316021816121338, -1.1883732759668975, -1.2462405081101848, -1.305182175071847, -1.3651765738817365, -1.4262020015697057, -1.4882367551656062, -1.5512591316992896, -1.6152474282006093, -1.6801799416994159, -1.7460349692255623, -1.8127908078088992, -1.8804257544792804, -1.9489181062665573, -2.0182461602005817, -2.088388213311206, -2.159322562628282, -2.231027505181662, -2.3034813380011965, -2.3766623581167394, -2.4505488625581426, -2.525119148355257, -2.6003515125379355, -2.6762242521360298, -2.7527156641793917, -2.829804045697874, -2.907467693721329, -2.9856849052796077, -3.064433977402561, -3.1436932071200427, -3.223440891461906, -3.303655327458002, -3.3843148121381805, -3.4653976425322943, -3.546882115670198, -3.6287465285817424, -3.7109691782967777, -3.7935283618451576, -3.876402376256734, -3.9595695185613593, -4.043008085788886, -4.126696374969163, -4.210612683132045, -4.294735307307383, -4.37904254452503, -4.463512691814839, -4.548124046206659, -4.632854904730345, -4.717683564415746, -4.802588322292718, -4.887544777056936, -4.972532958485235, -5.057541966546851, -5.142562666148382, -5.227587630912638, -5.312611143178651, -5.397629194001661, -5.482639483153132, -5.567641419120733, -5.6526361191083545, -5.7376264090361015, -5.822616823540295, -5.907613605973469],
         "dplt_grid": [0.0, 5.759625414917675, 11.51925082983535, 17.278876244753025, 23.0385016596707, 28.798127074588376, 34.55775248950605, 40.31737790442372, 46.0770033193414, 51.83662873425908, 57.59625414917675, 63.35587956409442, 69.1155049790121, 74.87513039392978, 80.63475580884744, 86.39438122376512, 92.1540066386828, 97.91363205360048, 103.67325746851816, 109.43288288343582, 115.1925082983535, 120.95213371327118, 126.71175912818885, 132.47138454310652, 138.2310099580242, 143.99063537294188, 149.75026078785956, 155.50988620277724, 161.2695116176949, 167.02913703261257, 172.78876244753025, 178.54838786244792, 184.3080132773656, 190.06763869228328, 195.82726410720096, 201.58688952211864, 207.34651493703632, 213.10614035195397, 218.86576576687165, 224.62539118178933, 230.385016596707, 236.14464201162468, 241.90426742654236, 247.66389284146004, 253.4235182563777, 259.1831436712954, 264.94276908621305, 270.70239450113075, 276.4620199160484, 282.22164533096606, 287.98127074588376, 293.7408961608014, 299.5005215757191, 305.26014699063677, 311.0197724055545, 316.7793978204721, 322.5390232353898, 328.2986486503075, 334.05827406522513, 339.81789948014284, 345.5775248950605, 351.3371503099782, 357.09677572489585, 362.85640113981356, 368.6160265547312, 374.37565196964886, 380.13527738456656, 385.8949027994842, 391.6545282144019, 397.41415362931957, 403.1737790442373, 408.93340445915493, 414.69302987407264, 420.4526552889903, 426.21228070390794, 431.97190611882564, 437.7315315337433, 443.491156948661, 449.25078236357865, 455.01040777849636, 460.770033193414, 466.52965860833166, 472.28928402324937, 478.048909438167, 483.8085348530847, 489.5681602680024, 495.3277856829201, 501.08741109783773, 506.8470365127554, 512.606661927673, 518.3662873425908, 524.1259127575084, 529.8855381724261, 535.6451635873437, 541.4047890022615, 547.1644144171792, 552.9240398320968, 558.6836652470145, 564.4432906619321, 570.2029160768499],
         "dplt_at_force_location": -5.015577199958202,
         "maximum_dplt": -5.907613605973469,
         "location_max_dplt": 570.2029160768499
    },
     "metadata": {
         "error_code": 0,
         "model": "BendingTestAnalytical",
         "load_case": "Cantilever",
         "description": "",
         "job_name": "",
         "persistent_result_files": "",
         "n_cpus": 1,
         "date": "2026-03-26 14:57:51.572569",
         "cpu_time": 0.0034227371215820312,
         "user": "sebastien.bocquet",
         "machine": "IPF7101",
         "vims_git_version": "d0050d8de498c8354552cdde540fb3e524454871",
         "directory_archive_root": "/home/sebastien.bocquet/PycharmProjects/vimseo/docs/runnable_examples/model_runs/archive/sensitivity",
         "directory_archive_job": "/home/sebastien.bocquet/PycharmProjects/vimseo/docs/runnable_examples/model_runs/archive/sensitivity/BendingTestAnalytical/Cantilever/18",
         "directory_scratch_root": "/home/sebastien.bocquet/PycharmProjects/vimseo/docs/runnable_examples/model_runs/scratch/sensitivity",
         "directory_scratch_job": ""
    }
}