{
     "inputs": {
         "young_modulus": 224777.83203125,
         "Cantilever:length": 600.0,
         "Cantilever:width": 29.6859130859375,
         "Cantilever:height": 39.2109375,
         "Cantilever:imposed_dplt": -5.0167236328125,
         "Cantilever:relative_dplt_location": 1.0,
         "Cantilever:nu_p": 0.3
    },
     "outputs": {
         "length": 600.0,
         "width": 29.6859130859375,
         "height": 39.2109375,
         "imposed_dplt": -5.0167236328125,
         "relative_dplt_location": 1.0,
         "nu_p": 0.3,
         "reaction_forces": -2335.780358412105,
         "moment": [1401468.215047263, 0.0],
         "moment_grid": [0.0, 600.0],
         "dplt": [0.0, -0.0007652023733470311, -0.0030504689207753195, -0.006840288783365684, -0.012119151102198925, -0.018871545018355848, -0.02708195967291723, -0.0367348842069639, -0.04781480776157664, -0.06030621947783627, -0.07419360849682356, -0.08946146395961936, -0.10609427500730445, -0.12407653078095962, -0.14339272042166573, -0.16402733307050346, -0.18596485786855377, -0.2091897839568974, -0.23368660047661516, -0.25943979656878785, -0.2864338613744963, -0.3146532840348212, -0.3440825536908435, -0.37470615948364394, -0.4065085905543031, -0.4394743360439023, -0.47358788509352195, -0.508833726844243, -0.5451963504371462, -0.5826602450133123, -0.6212098997138222, -0.6608298036797566, -0.7015044460521964, -0.7432183159722224, -0.7859559025809154, -0.8297016950193561, -0.8744401824286255, -0.9201558539498041, -0.9668331987239732, -1.0144567058922132, -1.0630108645956045, -1.1124801639752286, -1.1628490931721662, -1.2141021413274986, -1.2662237975823056, -1.319198551077668, -1.3730108909546672, -1.4276453063543841, -1.4830862864178984, -1.5393183202862923, -1.596325897100646, -1.6540935060020407, -1.7126056361315563, -1.771846776630274, -1.8318014166392755, -1.8924540452996403, -1.9537891517524502, -2.015791225138785, -2.078444754599727, -2.1417342292763544, -2.2056441383097516, -2.270158970840996, -2.3352632160111706, -2.4009413629613547, -2.4671779008326307, -2.5339573187660784, -2.601264105902779, -2.669082751383812, -2.7373977443502606, -2.806193573943203, -2.8754547293037223, -2.9451656995728976, -3.015310973891811, -3.0858750414015423, -3.1568423912431736, -3.2281975125577835, -3.2999248944864554, -3.372009026170267, -3.4444343967503035, -3.5171854953676407, -3.5902468111633636, -3.6636028332785493, -3.7372380508542817, -3.811136953031641, -3.8852840289517063, -3.959663767755561, -4.034260658584284, -4.109059190578955, -4.1840438528806585, -4.259199134630471, -4.334509524969478, -4.409959513038754, -4.485533587979387, -4.561216238932453, -4.6369919550390355, -4.712845225440212, -4.788760539277066, -4.86472238569068, -4.940715253822129, -5.0167236328125],
         "dplt_grid": [0.0, 6.0606060606060606, 12.121212121212121, 18.18181818181818, 24.242424242424242, 30.303030303030305, 36.36363636363636, 42.42424242424242, 48.484848484848484, 54.54545454545455, 60.60606060606061, 66.66666666666667, 72.72727272727272, 78.78787878787878, 84.84848484848484, 90.9090909090909, 96.96969696969697, 103.03030303030303, 109.0909090909091, 115.15151515151516, 121.21212121212122, 127.27272727272727, 133.33333333333334, 139.3939393939394, 145.45454545454544, 151.5151515151515, 157.57575757575756, 163.63636363636363, 169.6969696969697, 175.75757575757575, 181.8181818181818, 187.87878787878788, 193.93939393939394, 200.0, 206.06060606060606, 212.12121212121212, 218.1818181818182, 224.24242424242425, 230.3030303030303, 236.36363636363637, 242.42424242424244, 248.48484848484847, 254.54545454545453, 260.6060606060606, 266.6666666666667, 272.72727272727275, 278.7878787878788, 284.8484848484849, 290.9090909090909, 296.96969696969694, 303.030303030303, 309.09090909090907, 315.1515151515151, 321.2121212121212, 327.27272727272725, 333.3333333333333, 339.3939393939394, 345.45454545454544, 351.5151515151515, 357.57575757575756, 363.6363636363636, 369.6969696969697, 375.75757575757575, 381.8181818181818, 387.8787878787879, 393.93939393939394, 400.0, 406.06060606060606, 412.1212121212121, 418.1818181818182, 424.24242424242425, 430.3030303030303, 436.3636363636364, 442.42424242424244, 448.4848484848485, 454.54545454545456, 460.6060606060606, 466.6666666666667, 472.72727272727275, 478.7878787878788, 484.8484848484849, 490.9090909090909, 496.96969696969694, 503.030303030303, 509.09090909090907, 515.1515151515151, 521.2121212121212, 527.2727272727273, 533.3333333333334, 539.3939393939394, 545.4545454545455, 551.5151515151515, 557.5757575757576, 563.6363636363636, 569.6969696969697, 575.7575757575758, 581.8181818181818, 587.8787878787879, 593.9393939393939, 600.0],
         "dplt_at_force_location": -5.0167236328125,
         "maximum_dplt": -5.0167236328125,
         "location_max_dplt": 600.0
    },
     "metadata": {
         "error_code": 0,
         "model": "BendingTestAnalytical",
         "load_case": "Cantilever",
         "description": "",
         "job_name": "",
         "persistent_result_files": "",
         "n_cpus": 1,
         "date": "2026-03-26 14:57:32.972433",
         "cpu_time": 0.00520777702331543,
         "user": "sebastien.bocquet",
         "machine": "IPF7101",
         "vims_git_version": "d0050d8de498c8354552cdde540fb3e524454871",
         "directory_archive_root": "/home/sebastien.bocquet/PycharmProjects/vimseo/docs/runnable_examples/model_runs/archive/calibration_coupled",
         "directory_archive_job": "/home/sebastien.bocquet/PycharmProjects/vimseo/docs/runnable_examples/model_runs/archive/calibration_coupled/BendingTestAnalytical/Cantilever/116",
         "directory_scratch_root": "/home/sebastien.bocquet/PycharmProjects/vimseo/docs/runnable_examples/model_runs/scratch/calibration_coupled",
         "directory_scratch_job": ""
    }
}