{
     "inputs": {
         "young_modulus": 224777.83203125,
         "Cantilever:length": 600.0,
         "Cantilever:width": 29.6859130859375,
         "Cantilever:height": 39.2109375,
         "Cantilever:imposed_dplt": -5.0167236328125,
         "Cantilever:relative_dplt_location": 1.0,
         "Cantilever:nu_p": 0.3
    },
     "outputs": {
         "length": 600.0,
         "width": 29.6859130859375,
         "height": 39.2109375,
         "imposed_dplt": -5.0167236328125,
         "relative_dplt_location": 1.0,
         "nu_p": 0.3,
         "reaction_forces": -2335.780358412105,
         "moment": [1401468.215047263, 0.0],
         "moment_grid": [0.0, 600.0],
         "dplt": [0.0, -0.0007652023733470311, -0.0030504689207753216, -0.00684028878336569, -0.012119151102198938, -0.018871545018355862, -0.02708195967291725, -0.03673488420696392, -0.04781480776157667, -0.0603062194778363, -0.07419360849682359, -0.08946146395961935, -0.10609427500730442, -0.12407653078095955, -0.14339272042166562, -0.16402733307050338, -0.18596485786855363, -0.20918978395689725, -0.23368660047661494, -0.25943979656878774, -0.28643386137449617, -0.314653284034821, -0.34408255369084334, -0.37470615948364383, -0.40650859055430294, -0.43947433604390207, -0.4735878850935217, -0.5088337268442427, -0.5451963504371459, -0.5826602450133118, -0.6212098997138218, -0.6608298036797562, -0.701504446052196, -0.7432183159722219, -0.7859559025809149, -0.8297016950193554, -0.8744401824286249, -0.9201558539498036, -0.9668331987239724, -1.0144567058922123, -1.063010864595604, -1.112480163975228, -1.1628490931721656, -1.2141021413274977, -1.2662237975823047, -1.3191985510776674, -1.3730108909546666, -1.427645306354383, -1.4830862864178977, -1.5393183202862917, -1.5963258971006453, -1.6540935060020399, -1.7126056361315558, -1.7718467766302735, -1.8318014166392749, -1.89245404529964, -1.9537891517524493, -2.0157912251387846, -2.078444754599726, -2.1417342292763544, -2.2056441383097507, -2.2701589708409946, -2.33526321601117, -2.400941362961354, -2.467177900832631, -2.5339573187660784, -2.6012641059027786, -2.6690827513838125, -2.737397744350261, -2.8061935739432027, -2.8754547293037236, -2.9451656995728985, -3.015310973891812, -3.0858750414015432, -3.156842391243175, -3.2281975125577853, -3.299924894486457, -3.372009026170268, -3.444434396750305, -3.5171854953676434, -3.5902468111633654, -3.663602833278552, -3.737238050854284, -3.8111369530316432, -3.885284028951709, -3.959663767755563, -4.034260658584286, -4.109059190578958, -4.184043852880661, -4.2591991346304745, -4.334509524969482, -4.40995951303876, -4.485533587979392, -4.561216238932458, -4.63699195503904, -4.712845225440217, -4.788760539277072, -4.864722385690683, -4.940715253822134, -5.016723632812505],
         "dplt_grid": [0.0, 6.0606060606060606, 12.121212121212121, 18.18181818181818, 24.242424242424242, 30.303030303030305, 36.36363636363636, 42.42424242424242, 48.484848484848484, 54.54545454545455, 60.60606060606061, 66.66666666666667, 72.72727272727272, 78.78787878787878, 84.84848484848484, 90.9090909090909, 96.96969696969697, 103.03030303030303, 109.0909090909091, 115.15151515151516, 121.21212121212122, 127.27272727272727, 133.33333333333334, 139.3939393939394, 145.45454545454544, 151.5151515151515, 157.57575757575756, 163.63636363636363, 169.6969696969697, 175.75757575757575, 181.8181818181818, 187.87878787878788, 193.93939393939394, 200.0, 206.06060606060606, 212.12121212121212, 218.1818181818182, 224.24242424242425, 230.3030303030303, 236.36363636363637, 242.42424242424244, 248.48484848484847, 254.54545454545453, 260.6060606060606, 266.6666666666667, 272.72727272727275, 278.7878787878788, 284.8484848484849, 290.9090909090909, 296.96969696969694, 303.030303030303, 309.09090909090907, 315.1515151515151, 321.2121212121212, 327.27272727272725, 333.3333333333333, 339.3939393939394, 345.45454545454544, 351.5151515151515, 357.57575757575756, 363.6363636363636, 369.6969696969697, 375.75757575757575, 381.8181818181818, 387.8787878787879, 393.93939393939394, 400.0, 406.06060606060606, 412.1212121212121, 418.1818181818182, 424.24242424242425, 430.3030303030303, 436.3636363636364, 442.42424242424244, 448.4848484848485, 454.54545454545456, 460.6060606060606, 466.6666666666667, 472.72727272727275, 478.7878787878788, 484.8484848484849, 490.9090909090909, 496.96969696969694, 503.030303030303, 509.09090909090907, 515.1515151515151, 521.2121212121212, 527.2727272727273, 533.3333333333334, 539.3939393939394, 545.4545454545455, 551.5151515151515, 557.5757575757576, 563.6363636363636, 569.6969696969697, 575.7575757575758, 581.8181818181818, 587.8787878787879, 593.9393939393939, 600.0],
         "dplt_at_force_location": -5.016723632812505,
         "maximum_dplt": -5.016723632812505,
         "location_max_dplt": 600.0
    },
     "metadata": {
         "error_code": 0,
         "model": "BendingTestAnalytical",
         "load_case": "Cantilever",
         "description": "",
         "job_name": "",
         "persistent_result_files": "",
         "n_cpus": 1,
         "date": "2026-03-17 09:06:11.399918",
         "cpu_time": 0.03260302543640137,
         "user": "sebastien.bocquet",
         "machine": "B20191729",
         "vims_git_version": "1b6e7132b9faba0cc93317d127a381ee76a8cb8e",
         "directory_archive_root": "C:\\Users\\sebastien.bocquet\\PycharmProjects\\vimseo\\docs\\runnable_examples\\model_runs\\archive\\calibration_coupled",
         "directory_archive_job": "C:\\Users\\sebastien.bocquet\\PycharmProjects\\vimseo\\docs\\runnable_examples\\model_runs\\archive\\calibration_coupled\\BendingTestAnalytical\\Cantilever\\116",
         "directory_scratch_root": "C:\\Users\\sebastien.bocquet\\PycharmProjects\\vimseo\\docs\\runnable_examples\\model_runs\\scratch\\calibration_coupled",
         "directory_scratch_job": ""
    }
}