{
     "inputs": {
         "length": 619.5687976807732,
         "width": 30.13877079823317,
         "height": 41.373576861244565,
         "imposed_dplt": -14.970508162203497,
         "relative_dplt_location": 0.9262972942007195,
         "young_modulus": 204469.88234529947,
         "nu_p": 0.29346444135831196
    },
     "outputs": {
         "reaction_forces": -8641.334945737808,
         "moment": [4959304.475356711, 0.0, 0.0],
         "moment_grid": [0.0, 573.9049008628932, 619.5687976807732],
         "dplt": [0.0, -0.002660572671308069, -0.010603465836892497, -0.02377044222424364, -0.042103264560851825, -0.06554369557420738, -0.09403349799180064, -0.12751443454112193, -0.16592826794966148, -0.20921676094490982, -0.25732167625435715, -0.31018477660549376, -0.36774782472581014, -0.4299525833427965, -0.49674081518394325, -0.5680542829767404, -0.643834749448679, -0.7240239773272487, -0.8085637293399401, -0.897395768214244, -0.9904618566776501, -1.087703757457649, -1.1890632332817308, -1.2944820468773859, -1.403901960972105, -1.5172647382933784, -1.6345121415686954, -1.7555859335255477, -1.880427876891425, -2.0089797343938174, -2.1411832687602157, -2.2769802427181096, -2.416312418994991, -2.5591215603183484, -2.7053494294156724, -2.8549377890144543, -3.0078284018421835, -3.163963030626351, -3.3232834380944474, -3.4857313869739617, -3.6512486399923856, -3.819776959877208, -3.9912581093559205, -4.165633851156015, -4.342845948004977, -4.522836162630301, -4.705546257759474, -4.890917996119991, -5.07889314043934, -5.26941345344501, -5.462420697864492, -5.657856636425275, -5.855663031854854, -6.055781646880715, -6.258154244230351, -6.4627225866312505, -6.669428436810905, -6.8782135574968, -7.089019711416434, -7.301788661297294, -7.516462169866865, -7.732981999852648, -7.951289913982125, -8.171327674982788, -8.393037045582128, -8.616359788507635, -8.841237666486801, -9.067612442247116, -9.295425878516067, -9.524619738021148, -9.755135783489846, -9.98691577764966, -10.219901483228064, -10.454034662952562, -10.689257079550645, -10.925510495749794, -11.162736674277507, -11.400877377861267, -11.63987436922857, -11.87966941110691, -12.120204266223766, -12.361420697306643, -12.603260467083011, -12.845665338280385, -13.088576947435563, -13.331932080262094, -13.575665816440514, -13.81971833512256, -14.064034802795094, -14.308565373280095, -14.553265187734684, -14.7980943746511, -15.043018049856714, -15.28800631651403, -15.533034265120666, -15.778081973509387, -16.023134506848063, -16.268181917639712, -16.51321924572248, -16.758246518269615],
         "dplt_grid": [0.0, 6.258270683644174, 12.516541367288347, 18.77481205093252, 25.033082734576695, 31.29135341822087, 37.54962410186504, 43.80789478550922, 50.06616546915339, 56.32443615279756, 62.58270683644174, 68.84097752008591, 75.09924820373008, 81.35751888737425, 87.61578957101844, 93.87406025466261, 100.13233093830678, 106.39060162195095, 112.64887230559512, 118.9071429892393, 125.16541367288347, 131.42368435652764, 137.68195504017183, 143.94022572381598, 150.19849640746017, 156.45676709110435, 162.7150377747485, 168.9733084583927, 175.23157914203688, 181.48984982568103, 187.74812050932522, 194.00639119296937, 200.26466187661356, 206.52293256025774, 212.7812032439019, 219.03947392754608, 225.29774461119024, 231.55601529483442, 237.8142859784786, 244.07255666212276, 250.33082734576695, 256.5890980294111, 262.8473687130553, 269.1056393966995, 275.36391008034366, 281.62218076398784, 287.88045144763197, 294.13872213127615, 300.39699281492034, 306.6552634985645, 312.9135341822087, 319.17180486585283, 325.430075549497, 331.6883462331412, 337.9466169167854, 344.2048876004296, 350.46315828407376, 356.7214289677179, 362.97969965136207, 369.23797033500625, 375.49624101865044, 381.7545117022946, 388.01278238593875, 394.27105306958293, 400.5293237532271, 406.7875944368713, 413.0458651205155, 419.3041358041596, 425.5624064878038, 431.820677171448, 438.07894785509217, 444.33721853873635, 450.5954892223805, 456.85375990602466, 463.11203058966885, 469.37030127331303, 475.6285719569572, 481.8868426406014, 488.14511332424553, 494.4033840078897, 500.6616546915339, 506.9199253751781, 513.1781960588222, 519.4364667424665, 525.6947374261106, 531.9530081097548, 538.211278793399, 544.4695494770431, 550.7278201606873, 556.9860908443314, 563.2443615279757, 569.5026322116198, 575.7609028952639, 582.0191735789082, 588.2774442625523, 594.5357149461965, 600.7939856298407, 607.0522563134848, 613.310526997129, 619.5687976807732],
         "dplt_at_force_location": -14.97038155617718,
         "maximum_dplt": -16.758246518269615,
         "location_max_dplt": 619.5687976807732
    },
     "metadata": {
         "error_code": 0,
         "model": "BendingTestAnalytical",
         "load_case": "Cantilever",
         "description": "",
         "job_name": "",
         "persistent_result_files": "",
         "n_cpus": 1,
         "date": "2026-03-17 09:07:47.389380",
         "cpu_time": 0.0289003849029541,
         "user": "sebastien.bocquet",
         "machine": "B20191729",
         "vims_git_version": "1b6e7132b9faba0cc93317d127a381ee76a8cb8e",
         "directory_archive_root": "C:\\Users\\sebastien.bocquet\\PycharmProjects\\vimseo\\docs\\runnable_examples\\model_runs\\archive\\uq",
         "directory_archive_job": "C:\\Users\\sebastien.bocquet\\PycharmProjects\\vimseo\\docs\\runnable_examples\\model_runs\\archive\\uq\\BendingTestAnalytical\\Cantilever\\84",
         "directory_scratch_root": "C:\\Users\\sebastien.bocquet\\PycharmProjects\\vimseo\\docs\\runnable_examples\\model_runs\\scratch\\uq",
         "directory_scratch_job": ""
    }
}