{
     "inputs": {
         "length": 619.5687976807732,
         "width": 30.13877079823317,
         "height": 41.373576861244565,
         "imposed_dplt": -14.970508162203497,
         "relative_dplt_location": 0.9262972942007195,
         "young_modulus": 204469.88234529947,
         "nu_p": 0.29346444135831196
    },
     "outputs": {
         "reaction_forces": -8641.334945737808,
         "moment": [4959304.475356711, 0.0, 0.0],
         "moment_grid": [0.0, 573.9049008628932, 619.5687976807732],
         "dplt": [0.0, -0.0026605726713080685, -0.010603465836892497, -0.023770442224243637, -0.04210326456085181, -0.06554369557420736, -0.09403349799180061, -0.1275144345411219, -0.16592826794966148, -0.2092167609449098, -0.2573216762543572, -0.31018477660549393, -0.3677478247258103, -0.4299525833427968, -0.4967408151839436, -0.5680542829767409, -0.6438347494486796, -0.7240239773272494, -0.8085637293399405, -0.8973957682142444, -0.9904618566776504, -1.0877037574576491, -1.1890632332817312, -1.294482046877386, -1.4039019609721053, -1.5172647382933786, -1.6345121415686958, -1.755585933525548, -1.8804278768914253, -2.008979734393818, -2.141183268760216, -2.27698024271811, -2.416312418994991, -2.5591215603183484, -2.7053494294156724, -2.8549377890144547, -3.007828401842184, -3.1639630306263515, -3.3232834380944474, -3.4857313869739617, -3.651248639992386, -3.8197769598772084, -3.9912581093559214, -4.165633851156014, -4.342845948004976, -4.522836162630302, -4.705546257759476, -4.890917996119991, -5.07889314043934, -5.269413453445009, -5.462420697864492, -5.657856636425277, -5.855663031854855, -6.055781646880717, -6.258154244230353, -6.462722586631251, -6.669428436810905, -6.878213557496802, -7.089019711416436, -7.301788661297295, -7.516462169866869, -7.732981999852653, -7.9512899139821265, -8.17132767498279, -8.393037045582131, -8.61635978850764, -8.841237666486807, -9.06761244224712, -9.295425878516069, -9.524619738021151, -9.75513578348985, -9.986915777649664, -10.219901483228071, -10.454034662952566, -10.68925707955065, -10.9255104957498, -11.162736674277514, -11.400877377861272, -11.639874369228579, -11.879669411106914, -12.120204266223775, -12.361420697306649, -12.603260467083022, -12.845665338280392, -13.088576947435564, -13.331932080262096, -13.575665816440516, -13.81971833512256, -14.064034802795096, -14.308565373280096, -14.553265187734686, -14.798094374651102, -15.043018049856716, -15.288006316514032, -15.53303426512067, -15.778081973509389, -16.023134506848066, -16.268181917639716, -16.513219245722482, -16.75824651826962],
         "dplt_grid": [0.0, 6.258270683644174, 12.516541367288347, 18.77481205093252, 25.033082734576695, 31.29135341822087, 37.54962410186504, 43.80789478550922, 50.06616546915339, 56.32443615279756, 62.58270683644174, 68.84097752008591, 75.09924820373008, 81.35751888737425, 87.61578957101844, 93.87406025466261, 100.13233093830678, 106.39060162195095, 112.64887230559512, 118.9071429892393, 125.16541367288347, 131.42368435652764, 137.68195504017183, 143.94022572381598, 150.19849640746017, 156.45676709110435, 162.7150377747485, 168.9733084583927, 175.23157914203688, 181.48984982568103, 187.74812050932522, 194.00639119296937, 200.26466187661356, 206.52293256025774, 212.7812032439019, 219.03947392754608, 225.29774461119024, 231.55601529483442, 237.8142859784786, 244.07255666212276, 250.33082734576695, 256.5890980294111, 262.8473687130553, 269.1056393966995, 275.36391008034366, 281.62218076398784, 287.88045144763197, 294.13872213127615, 300.39699281492034, 306.6552634985645, 312.9135341822087, 319.17180486585283, 325.430075549497, 331.6883462331412, 337.9466169167854, 344.2048876004296, 350.46315828407376, 356.7214289677179, 362.97969965136207, 369.23797033500625, 375.49624101865044, 381.7545117022946, 388.01278238593875, 394.27105306958293, 400.5293237532271, 406.7875944368713, 413.0458651205155, 419.3041358041596, 425.5624064878038, 431.820677171448, 438.07894785509217, 444.33721853873635, 450.5954892223805, 456.85375990602466, 463.11203058966885, 469.37030127331303, 475.6285719569572, 481.8868426406014, 488.14511332424553, 494.4033840078897, 500.6616546915339, 506.9199253751781, 513.1781960588222, 519.4364667424665, 525.6947374261106, 531.9530081097548, 538.211278793399, 544.4695494770431, 550.7278201606873, 556.9860908443314, 563.2443615279757, 569.5026322116198, 575.7609028952639, 582.0191735789082, 588.2774442625523, 594.5357149461965, 600.7939856298407, 607.0522563134848, 613.310526997129, 619.5687976807732],
         "dplt_at_force_location": -14.970381556177182,
         "maximum_dplt": -16.75824651826962,
         "location_max_dplt": 619.5687976807732
    },
     "metadata": {
         "error_code": 0,
         "model": "BendingTestAnalytical",
         "load_case": "Cantilever",
         "description": "",
         "job_name": "",
         "persistent_result_files": "",
         "n_cpus": 1,
         "date": "2026-03-26 14:57:55.939523",
         "cpu_time": 0.00416254997253418,
         "user": "sebastien.bocquet",
         "machine": "IPF7101",
         "vims_git_version": "d0050d8de498c8354552cdde540fb3e524454871",
         "directory_archive_root": "/home/sebastien.bocquet/PycharmProjects/vimseo/docs/runnable_examples/model_runs/archive/uq",
         "directory_archive_job": "/home/sebastien.bocquet/PycharmProjects/vimseo/docs/runnable_examples/model_runs/archive/uq/BendingTestAnalytical/Cantilever/84",
         "directory_scratch_root": "/home/sebastien.bocquet/PycharmProjects/vimseo/docs/runnable_examples/model_runs/scratch/uq",
         "directory_scratch_job": ""
    }
}