{
     "inputs": {
         "length": 610.4868285929979,
         "width": 30.955938296242557,
         "height": 41.31635041742191,
         "imposed_dplt": -4.823626543282125,
         "relative_dplt_location": 0.905264664348054,
         "young_modulus": 209521.61627982376,
         "nu_p": 0.3013194326110375
    },
     "outputs": {
         "reaction_forces": -3268.110620623938,
         "moment": [1806128.3739168774, 0.0, 0.0],
         "moment_grid": [0.0, 552.6521539751482, 610.4868285929979],
         "dplt": [0.0, -0.0008974806644218785, -0.0035765206031100933, -0.008017016734198511, -0.014198865975821005, -0.022101965246111435, -0.031706211463203696, -0.04299150154523164, -0.05593773241032913, -0.07052480097663007, -0.0867326041622683, -0.10454103888537773, -0.12393000206409217, -0.14487939061654548, -0.1673691014608717, -0.1913790315152045, -0.21688907769767776, -0.24387913692642532, -0.2723291061195813, -0.3022188821952793, -0.3335283620716534, -0.3662374426668373, -0.40032602089896485, -0.4357739936861701, -0.47256125794658677, -0.5106677105983488, -0.5500732485595901, -0.5907577687484444, -0.6327011680830458, -0.6758833434815279, -0.7202841918620247, -0.76588361014267, -0.8126614952415978, -0.8605977440769419, -0.9096722535668362, -0.9598649206294143, -1.0111556421828107, -1.063524315145159, -1.1169508364345924, -1.1714151029692457, -1.2268970116672522, -1.283376459446746, -1.3408333432258615, -1.399247559922731, -1.4585990064554901, -1.518867579742271, -1.58003317670121, -1.6420756942504384, -1.7049750293080916, -1.768711078792303, -1.8332637396212061, -1.8986129087129358, -1.964738482985625, -2.0316203593574085, -2.0992384347464177, -2.16757260607079, -2.2366027702486573, -2.3063088241981538, -2.376670664837414, -2.4476681890845695, -2.5192812938577576, -2.591489876075108, -2.664273832654759, -2.737613060514842, -2.811487456573491, -2.8858769177488406, -2.960761340959023, -3.0361206231221742, -3.111934661156427, -3.188183351979915, -3.2648465925107724, -3.3419042796671343, -3.4193363103671333, -3.4971225815289033, -3.5752429900705778, -3.6536774329102903, -3.7324058069661765, -3.8114080091563696, -3.8906639363990028, -3.970153485612209, -4.0498565537141245, -4.1297530376228835, -4.209822834256617, -4.290042799435142, -4.370387576871365, -4.450837163243023, -4.531373292183798, -4.611979388723489, -4.692640569288004, -4.773343641699373, -4.854077105175737, -4.934831150331356, -5.015597659176604, -5.096370205117968, -5.177144052958055, -5.257916158895586, -5.338685170525396, -5.419451426838436, -5.500216958221773, -5.580985486458587],
         "dplt_grid": [0.0, 6.166533622151494, 12.333067244302988, 18.499600866454482, 24.666134488605977, 30.83266811075747, 36.999201732908965, 43.16573535506046, 49.33226897721195, 55.498802599363444, 61.66533622151494, 67.83186984366644, 73.99840346581793, 80.16493708796942, 86.33147071012093, 92.49800433227242, 98.6645379544239, 104.8310715765754, 110.99760519872689, 117.16413882087839, 123.33067244302988, 129.4972060651814, 135.66373968733288, 141.83027330948437, 147.99680693163586, 154.16334055378735, 160.32987417593884, 166.49640779809033, 172.66294142024185, 178.82947504239334, 184.99600866454483, 191.16254228669632, 197.3290759088478, 203.4956095309993, 209.6621431531508, 215.82867677530228, 221.99521039745377, 228.1617440196053, 234.32827764175678, 240.49481126390828, 246.66134488605977, 252.82787850821126, 258.9944121303628, 265.16094575251424, 271.32747937466576, 277.4940129968172, 283.66054661896874, 289.8270802411202, 295.9936138632717, 302.16014748542324, 308.3266811075747, 314.4932147297262, 320.6597483518777, 326.8262819740292, 332.99281559618066, 339.1593492183322, 345.3258828404837, 351.49241646263516, 357.6589500847867, 363.82548370693814, 369.99201732908966, 376.1585509512411, 382.32508457339264, 388.4916181955441, 394.6581518176956, 400.82468543984714, 406.9912190619986, 413.1577526841501, 419.3242863063016, 425.4908199284531, 431.65735355060457, 437.8238871727561, 443.99042079490755, 450.15695441705907, 456.3234880392106, 462.49002166136205, 468.65655528351357, 474.82308890566503, 480.98962252781655, 487.156156149968, 493.32268977211953, 499.48922339427105, 505.6557570164225, 511.82229063857403, 517.9888242607256, 524.155357882877, 530.3218915050285, 536.48842512718, 542.6549587493315, 548.821492371483, 554.9880259936344, 561.154559615786, 567.3210932379375, 573.487626860089, 579.6541604822404, 585.8206941043919, 591.9872277265434, 598.153761348695, 604.3202949708465, 610.4868285929979],
         "dplt_at_force_location": -4.823495412146043,
         "maximum_dplt": -5.580985486458587,
         "location_max_dplt": 610.4868285929979
    },
     "metadata": {
         "error_code": 0,
         "model": "BendingTestAnalytical",
         "load_case": "Cantilever",
         "description": "",
         "job_name": "",
         "persistent_result_files": "",
         "n_cpus": 1,
         "date": "2026-03-26 14:57:51.551076",
         "cpu_time": 0.0034644603729248047,
         "user": "sebastien.bocquet",
         "machine": "IPF7101",
         "vims_git_version": "d0050d8de498c8354552cdde540fb3e524454871",
         "directory_archive_root": "/home/sebastien.bocquet/PycharmProjects/vimseo/docs/runnable_examples/model_runs/archive/sensitivity",
         "directory_archive_job": "/home/sebastien.bocquet/PycharmProjects/vimseo/docs/runnable_examples/model_runs/archive/sensitivity/BendingTestAnalytical/Cantilever/16",
         "directory_scratch_root": "/home/sebastien.bocquet/PycharmProjects/vimseo/docs/runnable_examples/model_runs/scratch/sensitivity",
         "directory_scratch_job": ""
    }
}