{
     "inputs": {
         "length": 617.6761912799526,
         "width": 29.205770386403735,
         "height": 40.06308532386511,
         "imposed_dplt": -15.027527012269385,
         "relative_dplt_location": 0.8700801263906894,
         "young_modulus": 210175.28980394898,
         "nu_p": 0.3013018652037531
    },
     "outputs": {
         "reaction_forces": -9553.240075400203,
         "moment": [5134176.5919387415, 0.0, 0.0],
         "moment_grid": [0.0, 537.4277785773809, 617.6761912799526],
         "dplt": [0.0, -0.0030262584318671262, -0.012058008145144457, -0.027024710766345973, -0.047855827921985596, -0.07448082123857726, -0.1068291523426349, -0.14483028286067243, -0.18841367441920376, -0.23750878864474292, -0.2920450871638036, -0.3519520316029002, -0.41715908358854625, -0.4875957047472557, -0.563191356705543, -0.6438755010899218, -0.7295775995269054, -0.8202271136430088, -0.9157553956137656, -1.01615679648299, -1.1213843851359953, -1.2313565764593606, -1.3459921958041696, -1.4652104789860139, -1.5889310722849872, -1.717074032445689, -1.8495598266772262, -1.9863093326532075, -2.127243838511749, -2.2722850428554713, -2.4213550547515004, -2.574376393731466, -2.7312719897915065, -2.8919651833922613, -3.0563797254588767, -3.224439777381006, -3.3960699110128045, -3.571195108672933, -3.749740763144561, -3.931632677675359, -4.116797065977504, -4.3051605522276795, -4.496650171067073, -4.691193367601376, -4.888717997400786, -5.0891523265000105, -5.2924250313982535, -5.498465199059228, -5.707202326911155, -5.918566322846756, -6.13248750522326, -6.348896602862403, -6.567724755050422, -6.788903511538063, -7.012364832540573, -7.23804108873771, -7.4658650612737265, -7.695769941757397, -7.927689332261986, -8.161557245325268, -8.397308103949527, -8.634876741601543, -8.874198402212608, -9.115208740178527, -9.357843820359587, -9.602040118080605, -9.847734519130885, -10.094864319764241, -10.343367226699009, -10.593181357118, -10.844245238668556, -11.096497809462505, -11.349878418076202, -11.604326823550474, -11.85978319539069, -12.116188113566707, -12.37348256851288, -12.631607961128084, -12.890506102775687, -13.150119215283565, -13.410389930944111, -13.671261292514203, -13.932676753215242, -14.194580176733117, -14.456915837218252, -14.719628419285533, -14.982663018014383, -15.245965138948728, -15.50948069809698, -15.77315602193208, -16.036937847391457, -16.30076441350204, -16.564592016101315, -16.82841961870059, -17.092247221299864, -17.356074823899135, -17.619902426498413, -17.883730029097684, -18.147557631696962, -18.411385234296237],
         "dplt_grid": [0.0, 6.2391534472722485, 12.478306894544497, 18.717460341816746, 24.956613789088994, 31.19576723636124, 37.43492068363349, 43.67407413090574, 49.91322757817799, 56.15238102545024, 62.39153447272248, 68.63068791999473, 74.86984136726699, 81.10899481453923, 87.34814826181147, 93.58730170908373, 99.82645515635598, 106.06560860362822, 112.30476205090048, 118.54391549817272, 124.78306894544497, 131.02222239271723, 137.26137583998946, 143.5005292872617, 149.73968273453397, 155.9788361818062, 162.21798962907846, 168.45714307635072, 174.69629652362295, 180.9354499708952, 187.17460341816746, 193.4137568654397, 199.65291031271195, 205.8920637599842, 212.13121720725644, 218.3703706545287, 224.60952410180096, 230.8486775490732, 237.08783099634545, 243.3269844436177, 249.56613789088993, 255.8052913381622, 262.04444478543445, 268.2835982327067, 274.5227516799789, 280.76190512725117, 287.0010585745234, 293.2402120217957, 299.47936546906794, 305.7185189163402, 311.9576723636124, 318.19682581088466, 324.4359792581569, 330.6751327054292, 336.91428615270144, 343.1534395999737, 349.3925930472459, 355.63174649451815, 361.8708999417904, 368.11005338906267, 374.34920683633493, 380.5883602836072, 386.8275137308794, 393.06666717815165, 399.3058206254239, 405.54497407269616, 411.7841275199684, 418.0232809672406, 424.2624344145129, 430.50158786178514, 436.7407413090574, 442.97989475632966, 449.2190482036019, 455.4582016508741, 461.6973550981464, 467.93650854541863, 474.1756619926909, 480.41481543996315, 486.6539688872354, 492.8931223345076, 499.13227578177987, 505.3714292290521, 511.6105826763244, 517.8497361235966, 524.0888895708689, 530.3280430181411, 536.5671964654134, 542.8063499126856, 549.0455033599578, 555.2846568072301, 561.5238102545023, 567.7629637017747, 574.0021171490469, 580.2412705963192, 586.4804240435914, 592.7195774908636, 598.9587309381359, 605.1978843854081, 611.4370378326804, 617.6761912799526],
         "dplt_at_force_location": -15.018980941148373,
         "maximum_dplt": -18.411385234296237,
         "location_max_dplt": 617.6761912799526
    },
     "metadata": {
         "error_code": 0,
         "model": "BendingTestAnalytical",
         "load_case": "Cantilever",
         "description": "",
         "job_name": "",
         "persistent_result_files": "",
         "n_cpus": 1,
         "date": "2026-03-17 09:07:46.808367",
         "cpu_time": 0.023791074752807617,
         "user": "sebastien.bocquet",
         "machine": "B20191729",
         "vims_git_version": "1b6e7132b9faba0cc93317d127a381ee76a8cb8e",
         "directory_archive_root": "C:\\Users\\sebastien.bocquet\\PycharmProjects\\vimseo\\docs\\runnable_examples\\model_runs\\archive\\uq",
         "directory_archive_job": "C:\\Users\\sebastien.bocquet\\PycharmProjects\\vimseo\\docs\\runnable_examples\\model_runs\\archive\\uq\\BendingTestAnalytical\\Cantilever\\76",
         "directory_scratch_root": "C:\\Users\\sebastien.bocquet\\PycharmProjects\\vimseo\\docs\\runnable_examples\\model_runs\\scratch\\uq",
         "directory_scratch_job": ""
    }
}