{
     "inputs": {
         "young_modulus": 224785.15625,
         "Cantilever:length": 600.0,
         "Cantilever:width": 30.5047607421875,
         "Cantilever:height": 40.207763671875,
         "Cantilever:imposed_dplt": -5.025146484375,
         "Cantilever:relative_dplt_location": 1.0,
         "Cantilever:nu_p": 0.3
    },
     "outputs": {
         "length": 600.0,
         "width": 30.5047607421875,
         "height": 40.207763671875,
         "imposed_dplt": -5.025146484375,
         "relative_dplt_location": 1.0,
         "nu_p": 0.3,
         "reaction_forces": -2592.387934990728,
         "moment": [1555432.7609944367, 0.0],
         "moment_grid": [0.0, 600.0],
         "dplt": [0.0, -0.0007664871134438982, -0.0030555905198101294, -0.006851773318150517, -0.012139498607516872, -0.018903229486961007, -0.02712742905553472, -0.03679656041228983, -0.04789508665627816, -0.06040747088655151, -0.07431817620216169, -0.0896116657021605, -0.10627240248559978, -0.12428484965153135, -0.14363347029900703, -0.16430272752707856, -0.18627708443479782, -0.20954100412121665, -0.2340789496853868, -0.2598753842263601, -0.28691477084318834, -0.3151815726349234, -0.3446602527006171, -0.3753352741393212, -0.4071911000500874, -0.44021219353196783, -0.47438301768401403, -0.5096880356052779, -0.5461117103948112, -0.5836385051516658, -0.6222528829748937, -0.6619393069635463, -0.7026822402166757, -0.7444661458333335, -0.7872754869125718, -0.8310947265534421, -0.8759083278549966, -0.9217007539162869, -0.9684564678363645, -1.0161599327142818, -1.06479561164909, -1.1143479677398416, -1.1648014640855875, -1.2161405637853808, -1.2683497299382722, -1.321413425643314, -1.3753161139995576, -1.4300422581060555, -1.4855763210618584, -1.5419027659660196, -1.5990060559175896, -1.6568706540156215, -1.715481023359166, -1.7748216270472748, -1.834876928179001, -1.895631389853395, -1.9570694751695092, -2.019175647226396, -2.0819343691231063, -2.1453301039586923, -2.2093473148322063, -2.273970464842699, -2.339184017089223, -2.4049724346708294, -2.471320180686572, -2.5382117182354995, -2.6056315104166665, -2.673564020329122, -2.7419937110719212, -2.8109050457441134, -2.880282487444752, -2.950110499272887, -3.020373544327572, -3.091056085707857, -3.162142586512797, -3.2336175098414395, -3.3054653187928396, -3.3776704764660463, -3.4502174459601154, -3.5230906903740955, -3.59627467280704, -3.669753856357998, -3.7435127041260245, -3.8175356792101702, -3.8918072447094874, -3.9663118637230275, -4.041033999349842, -4.115958114688983, -4.191068672839503, -4.266350136900451, -4.341786969970882, -4.4173636351498455, -4.493064595536397, -4.568874314229583, -4.64477725432846, -4.720757878932077, -4.796800651139487, -4.872890034049743, -4.949010490761893, -5.025146484374994],
         "dplt_grid": [0.0, 6.0606060606060606, 12.121212121212121, 18.18181818181818, 24.242424242424242, 30.303030303030305, 36.36363636363636, 42.42424242424242, 48.484848484848484, 54.54545454545455, 60.60606060606061, 66.66666666666667, 72.72727272727272, 78.78787878787878, 84.84848484848484, 90.9090909090909, 96.96969696969697, 103.03030303030303, 109.0909090909091, 115.15151515151516, 121.21212121212122, 127.27272727272727, 133.33333333333334, 139.3939393939394, 145.45454545454544, 151.5151515151515, 157.57575757575756, 163.63636363636363, 169.6969696969697, 175.75757575757575, 181.8181818181818, 187.87878787878788, 193.93939393939394, 200.0, 206.06060606060606, 212.12121212121212, 218.1818181818182, 224.24242424242425, 230.3030303030303, 236.36363636363637, 242.42424242424244, 248.48484848484847, 254.54545454545453, 260.6060606060606, 266.6666666666667, 272.72727272727275, 278.7878787878788, 284.8484848484849, 290.9090909090909, 296.96969696969694, 303.030303030303, 309.09090909090907, 315.1515151515151, 321.2121212121212, 327.27272727272725, 333.3333333333333, 339.3939393939394, 345.45454545454544, 351.5151515151515, 357.57575757575756, 363.6363636363636, 369.6969696969697, 375.75757575757575, 381.8181818181818, 387.8787878787879, 393.93939393939394, 400.0, 406.06060606060606, 412.1212121212121, 418.1818181818182, 424.24242424242425, 430.3030303030303, 436.3636363636364, 442.42424242424244, 448.4848484848485, 454.54545454545456, 460.6060606060606, 466.6666666666667, 472.72727272727275, 478.7878787878788, 484.8484848484849, 490.9090909090909, 496.96969696969694, 503.030303030303, 509.09090909090907, 515.1515151515151, 521.2121212121212, 527.2727272727273, 533.3333333333334, 539.3939393939394, 545.4545454545455, 551.5151515151515, 557.5757575757576, 563.6363636363636, 569.6969696969697, 575.7575757575758, 581.8181818181818, 587.8787878787879, 593.9393939393939, 600.0],
         "dplt_at_force_location": -5.025146484374994,
         "maximum_dplt": -5.025146484374994,
         "location_max_dplt": 600.0
    },
     "metadata": {
         "error_code": 0,
         "model": "BendingTestAnalytical",
         "load_case": "Cantilever",
         "description": "",
         "job_name": "",
         "persistent_result_files": "",
         "n_cpus": 1,
         "date": "2026-06-16 18:09:46.110617",
         "cpu_time": 0.17412877082824707,
         "user": "sebastien.bocquet",
         "machine": "PCBM20250036",
         "vims_git_version": "3de96ae2320a30b8a84551033e41da0fca6276ac",
         "directory_archive_root": "C:\\Users\\sebastien.bocquet\\Dev\\vimseo\\docs\\runnable_examples\\model_runs\\archive\\calibration_coupled",
         "directory_archive_job": "C:\\Users\\sebastien.bocquet\\Dev\\vimseo\\docs\\runnable_examples\\model_runs\\archive\\calibration_coupled\\BendingTestAnalytical\\Cantilever\\235",
         "directory_scratch_root": "C:\\Users\\sebastien.bocquet\\Dev\\vimseo\\docs\\runnable_examples\\model_runs\\scratch\\calibration_coupled",
         "directory_scratch_job": ""
    }
}