{
     "inputs": {
         "young_modulus": 224777.83203125,
         "Cantilever:length": 600.0,
         "Cantilever:width": 29.4056396484375,
         "Cantilever:height": 40.0960693359375,
         "Cantilever:imposed_dplt": -5.01708984375,
         "Cantilever:relative_dplt_location": 1.0,
         "Cantilever:nu_p": 0.3
    },
     "outputs": {
         "length": 600.0,
         "width": 29.4056396484375,
         "height": 40.0960693359375,
         "imposed_dplt": -5.01708984375,
         "relative_dplt_location": 1.0,
         "nu_p": 0.3,
         "reaction_forces": -2474.1592274823697,
         "moment": [1484495.5364894217, 0.0],
         "moment_grid": [0.0, 600.0],
         "dplt": [0.0, -0.0007652582316121118, -0.0030506915989942257, -0.006840788110965024, -0.012120035776343182, -0.018872922603947368, -0.027083936602596243, -0.0367375657811085, -0.047818298148302775, -0.060310621712997774, -0.07419902448401214, -0.08946799447016458, -0.10610201968027373, -0.12408558812315829, -0.14340318780763697, -0.16403930674252834, -0.18597843293665117, -0.20920505439882417, -0.2337036591378659, -0.2594587351625954, -0.28645477048183077, -0.31467625310439085, -0.3441076710390946, -0.37473351229476043, -0.40653826488020695, -0.43950641680425306, -0.4736224560757174, -0.5088708707034185, -0.5452361486961753, -0.582702778062806, -0.6212552468121298, -0.6608780429529653, -0.7015556544941307, -0.7432725694444451, -0.7860132758127271, -0.8297622616077951, -0.8745040148384682, -0.9202230235135649, -0.9669037756419037, -1.0145307592323034, -1.0630884622935828, -1.1125613728345602, -1.1629339788640547, -1.214190768390885, -1.2663162294238697, -1.3192948499718269, -1.3731111180435762, -1.4277495216479352, -1.483194548793723, -1.5394306874897592, -1.596442425744861, -1.6542142515678486, -1.7127306529675397, -1.7719761179527527, -1.8319351345323072, -1.8925921907150212, -1.9539317745097136, -2.0159383739252026, -2.078596476970308, -2.141890571653847, -2.2058051459846397, -2.2703246879715038, -2.335433685623259, -2.4011166269487223, -2.4673579999567146, -2.5341422926560515, -2.6014539930555545, -2.6692775891640412, -2.737597568990331, -2.8063984205432404, -2.875664631831591, -2.9453806908641993, -3.0155310856498856, -3.086100304197466, -3.157072834515763, -3.228433164613591, -3.300165782499773, -3.3722551761831236, -3.444685833672465, -3.517442242976613, -3.5905088921043884, -3.663870269064608, -3.7375108618660917, -3.811415158517659, -3.885567647028126, -3.9599528154063144, -4.034555151661041, -4.109359143801124, -4.184349279835385, -4.259510047772638, -4.334825935621707, -4.410281431391406, -4.485861023090555, -4.561549198727975, -4.6373304463124825, -4.713189253852895, -4.789110109358034, -4.865077500836718, -4.941075916297762, -5.017089843749992],
         "dplt_grid": [0.0, 6.0606060606060606, 12.121212121212121, 18.18181818181818, 24.242424242424242, 30.303030303030305, 36.36363636363636, 42.42424242424242, 48.484848484848484, 54.54545454545455, 60.60606060606061, 66.66666666666667, 72.72727272727272, 78.78787878787878, 84.84848484848484, 90.9090909090909, 96.96969696969697, 103.03030303030303, 109.0909090909091, 115.15151515151516, 121.21212121212122, 127.27272727272727, 133.33333333333334, 139.3939393939394, 145.45454545454544, 151.5151515151515, 157.57575757575756, 163.63636363636363, 169.6969696969697, 175.75757575757575, 181.8181818181818, 187.87878787878788, 193.93939393939394, 200.0, 206.06060606060606, 212.12121212121212, 218.1818181818182, 224.24242424242425, 230.3030303030303, 236.36363636363637, 242.42424242424244, 248.48484848484847, 254.54545454545453, 260.6060606060606, 266.6666666666667, 272.72727272727275, 278.7878787878788, 284.8484848484849, 290.9090909090909, 296.96969696969694, 303.030303030303, 309.09090909090907, 315.1515151515151, 321.2121212121212, 327.27272727272725, 333.3333333333333, 339.3939393939394, 345.45454545454544, 351.5151515151515, 357.57575757575756, 363.6363636363636, 369.6969696969697, 375.75757575757575, 381.8181818181818, 387.8787878787879, 393.93939393939394, 400.0, 406.06060606060606, 412.1212121212121, 418.1818181818182, 424.24242424242425, 430.3030303030303, 436.3636363636364, 442.42424242424244, 448.4848484848485, 454.54545454545456, 460.6060606060606, 466.6666666666667, 472.72727272727275, 478.7878787878788, 484.8484848484849, 490.9090909090909, 496.96969696969694, 503.030303030303, 509.09090909090907, 515.1515151515151, 521.2121212121212, 527.2727272727273, 533.3333333333334, 539.3939393939394, 545.4545454545455, 551.5151515151515, 557.5757575757576, 563.6363636363636, 569.6969696969697, 575.7575757575758, 581.8181818181818, 587.8787878787879, 593.9393939393939, 600.0],
         "dplt_at_force_location": -5.017089843749992,
         "maximum_dplt": -5.017089843749992,
         "location_max_dplt": 600.0
    },
     "metadata": {
         "error_code": 0,
         "model": "BendingTestAnalytical",
         "load_case": "Cantilever",
         "description": "",
         "job_name": "",
         "persistent_result_files": "",
         "n_cpus": 1,
         "date": "2026-03-17 09:06:11.570232",
         "cpu_time": 0.03353476524353027,
         "user": "sebastien.bocquet",
         "machine": "B20191729",
         "vims_git_version": "1b6e7132b9faba0cc93317d127a381ee76a8cb8e",
         "directory_archive_root": "C:\\Users\\sebastien.bocquet\\PycharmProjects\\vimseo\\docs\\runnable_examples\\model_runs\\archive\\calibration_coupled",
         "directory_archive_job": "C:\\Users\\sebastien.bocquet\\PycharmProjects\\vimseo\\docs\\runnable_examples\\model_runs\\archive\\calibration_coupled\\BendingTestAnalytical\\Cantilever\\117",
         "directory_scratch_root": "C:\\Users\\sebastien.bocquet\\PycharmProjects\\vimseo\\docs\\runnable_examples\\model_runs\\scratch\\calibration_coupled",
         "directory_scratch_job": ""
    }
}