{
     "inputs": {
         "young_modulus": 220000.01907348633,
         "Cantilever:length": 600.0,
         "Cantilever:width": 30.4969482421875,
         "Cantilever:height": 40.7369384765625,
         "Cantilever:imposed_dplt": -5.064697265625,
         "Cantilever:relative_dplt_location": 1.0,
         "Cantilever:nu_p": 0.3
    },
     "outputs": {
         "length": 600.0,
         "width": 30.4969482421875,
         "height": 40.7369384765625,
         "imposed_dplt": -5.064697265625,
         "relative_dplt_location": 1.0,
         "nu_p": 0.3,
         "reaction_forces": -2658.789844708215,
         "moment": [1595273.906824929, 0.0],
         "moment_grid": [0.0, 600.0],
         "dplt": [0.0, -0.0007725198060726641, -0.003079639767451837, -0.006905700698879283, -0.012235043415096776, -0.019052008730846084, -0.027340937460868978, -0.03708617041990725, -0.04827204842270264, -0.06088291228399695, -0.07490310281853192, -0.09031696084104936, -0.10710882716629098, -0.12526304260899865, -0.14476394798391407, -0.16559588410577894, -0.18774319178933513, -0.21119021184932443, -0.23592128510048846, -0.2619207523575693, -0.2891729544353084, -0.3176622321484475, -0.3473729263117288, -0.3782893777398936, -0.4103959272476837, -0.44367691564984124, -0.47811668376110783, -0.513699572396225, -0.5504099223699349, -0.5882320744969791, -0.6271503695920992, -0.6671491484700374, -0.708212751945535, -0.7503255208333341, -0.7934717959481763, -0.8376359181048036, -0.8828022281179575, -0.92895506680238, -0.9760787749728124, -1.024157693443997, -1.0731761630306755, -1.1231185245475892, -1.1739691188094803, -1.2257122866310908, -1.2783323688271622, -1.3318137062124358, -1.386140639601654, -1.4412975098095582, -1.4972686576508902, -1.5540384239403922, -1.6115911494928055, -1.6699111751228726, -1.7289828416453341, -1.7887904898749327, -1.8493184606264104, -1.9105510947145072, -1.972472732953967, -2.035067716159531, -2.0983203851459398, -2.1622150807279366, -2.2267361437202617, -2.2918679149376584, -2.357594735194868, -2.423900945306631, -2.490770886087692, -2.5581888983527894, -2.6261393229166683, -2.6946065005940674, -2.7635747721997306, -2.8330284785483975, -2.9029519604548133, -2.9733295587337163, -3.0441456141998504, -3.115384467667956, -3.1870304599527777, -3.2590679318690525, -3.3314812242315264, -3.4042546778549383, -3.477372633554033, -3.550819432143549, -3.624579414438231, -3.698636921252817, -3.7729762934020523, -3.847581871700678, -3.9224379969634353, -3.9975290100050667, -4.072839251640313, -4.148353062683915, -4.224054783950618, -4.299928756255159, -4.375959320412285, -4.452130817236733, -4.528427587543248, -4.60483397214657, -4.681334311861441, -4.757912947502603, -4.834554219884798, -4.91124246982277, -4.987962038131254, -5.064697265624999],
         "dplt_grid": [0.0, 6.0606060606060606, 12.121212121212121, 18.18181818181818, 24.242424242424242, 30.303030303030305, 36.36363636363636, 42.42424242424242, 48.484848484848484, 54.54545454545455, 60.60606060606061, 66.66666666666667, 72.72727272727272, 78.78787878787878, 84.84848484848484, 90.9090909090909, 96.96969696969697, 103.03030303030303, 109.0909090909091, 115.15151515151516, 121.21212121212122, 127.27272727272727, 133.33333333333334, 139.3939393939394, 145.45454545454544, 151.5151515151515, 157.57575757575756, 163.63636363636363, 169.6969696969697, 175.75757575757575, 181.8181818181818, 187.87878787878788, 193.93939393939394, 200.0, 206.06060606060606, 212.12121212121212, 218.1818181818182, 224.24242424242425, 230.3030303030303, 236.36363636363637, 242.42424242424244, 248.48484848484847, 254.54545454545453, 260.6060606060606, 266.6666666666667, 272.72727272727275, 278.7878787878788, 284.8484848484849, 290.9090909090909, 296.96969696969694, 303.030303030303, 309.09090909090907, 315.1515151515151, 321.2121212121212, 327.27272727272725, 333.3333333333333, 339.3939393939394, 345.45454545454544, 351.5151515151515, 357.57575757575756, 363.6363636363636, 369.6969696969697, 375.75757575757575, 381.8181818181818, 387.8787878787879, 393.93939393939394, 400.0, 406.06060606060606, 412.1212121212121, 418.1818181818182, 424.24242424242425, 430.3030303030303, 436.3636363636364, 442.42424242424244, 448.4848484848485, 454.54545454545456, 460.6060606060606, 466.6666666666667, 472.72727272727275, 478.7878787878788, 484.8484848484849, 490.9090909090909, 496.96969696969694, 503.030303030303, 509.09090909090907, 515.1515151515151, 521.2121212121212, 527.2727272727273, 533.3333333333334, 539.3939393939394, 545.4545454545455, 551.5151515151515, 557.5757575757576, 563.6363636363636, 569.6969696969697, 575.7575757575758, 581.8181818181818, 587.8787878787879, 593.9393939393939, 600.0],
         "dplt_at_force_location": -5.064697265624999,
         "maximum_dplt": -5.064697265624999,
         "location_max_dplt": 600.0
    },
     "metadata": {
         "error_code": 0,
         "model": "BendingTestAnalytical",
         "load_case": "Cantilever",
         "description": "",
         "job_name": "",
         "persistent_result_files": "",
         "n_cpus": 1,
         "date": "2026-03-26 14:57:38.273906",
         "cpu_time": 0.006858348846435547,
         "user": "sebastien.bocquet",
         "machine": "IPF7101",
         "vims_git_version": "d0050d8de498c8354552cdde540fb3e524454871",
         "directory_archive_root": "/home/sebastien.bocquet/PycharmProjects/vimseo/docs/runnable_examples/model_runs/archive/calibration_scalars",
         "directory_archive_job": "/home/sebastien.bocquet/PycharmProjects/vimseo/docs/runnable_examples/model_runs/archive/calibration_scalars/BendingTestAnalytical/Cantilever/129",
         "directory_scratch_root": "/home/sebastien.bocquet/PycharmProjects/vimseo/docs/runnable_examples/model_runs/scratch/calibration_scalars",
         "directory_scratch_job": ""
    }
}