{
     "inputs": {
         "young_modulus": 224778.13720703125,
         "Cantilever:length": 600.0,
         "Cantilever:width": 29.8599853515625,
         "Cantilever:height": 40.7510986328125,
         "Cantilever:imposed_dplt": -4.935791015625,
         "Cantilever:relative_dplt_location": 1.0,
         "Cantilever:nu_p": 0.3
    },
     "outputs": {
         "length": 600.0,
         "width": 29.8599853515625,
         "height": 40.7510986328125,
         "imposed_dplt": -4.935791015625,
         "relative_dplt_location": 1.0,
         "nu_p": 0.3,
         "reaction_forces": -2594.804507422512,
         "moment": [1556882.7044535072, 0.0],
         "moment_grid": [0.0, 600.0],
         "dplt": [0.0, -0.0007528576967640888, -0.0030012570343973875, -0.006729937383911431, -0.011923638116317761, -0.018567098602627913, -0.026645058213853427, -0.036142256321005845, -0.04704343229509669, -0.05933332550713752, -0.07299667532813985, -0.08801822112911523, -0.10438270228107518, -0.1220748581550313, -0.1410794281219951, -0.16138115155297802, -0.18296476781899176, -0.2058150162910478, -0.22991663634015755, -0.255254367337333, -0.28181294865358514, -0.3095771196599256, -0.33853161972736634, -0.3686611882269184, -0.39995056452959343, -0.4323844880064032, -0.4659476980283591, -0.5006249339664727, -0.5364009351917556, -0.5732604410752189, -0.6111881909878748, -0.6501689243007345, -0.6901873803848095, -0.7312282986111115, -0.7732764183506519, -0.8163164789744423, -0.8603332198534942, -0.9053113803588192, -0.9512356998614286, -0.9980909177323344, -1.0458617733425477, -1.0945330060630805, -1.1440893552649436, -1.194515560319149, -1.2457963605967088, -1.297916495468634, -1.3508607043059353, -1.4046137264796252, -1.4591603013607148, -1.5144851683202165, -1.5705730667291413, -1.6274087359585012, -1.6849769153793064, -1.7432623443625697, -1.8022497622793021, -1.8619239085005153, -1.9222695223972202, -1.98327134334043, -2.044914110701155, -2.107182563850406, -2.1700614421591964, -2.233535484998536, -2.297589431739438, -2.3622080217529113, -2.4273759944099718, -2.493078089081626, -2.5592990451388897, -2.6260236019527716, -2.693236498894285, -2.7609224753344397, -2.8290662706442493, -2.897652624194724, -2.9666662753568755, -3.0360919635017147, -3.105914428000255, -3.1761184082235063, -3.2466886435424813, -3.317609873328189, -3.388866836951645, -3.460444273783858, -3.5323269231958405, -3.604499524558603, -3.676946817243157, -3.7496535406205163, -3.822604434061691, -3.8957842369376934, -3.9691776886195336, -4.042769528478223, -4.116544495884775, -4.190487330210198, -4.26458277082551, -4.3388155571017135, -4.413170428409828, -4.487632124120859, -4.562185383605821, -4.636814946235726, -4.711505551381585, -4.7862419384144115, -4.861008846705211, -4.935791015625002],
         "dplt_grid": [0.0, 6.0606060606060606, 12.121212121212121, 18.18181818181818, 24.242424242424242, 30.303030303030305, 36.36363636363636, 42.42424242424242, 48.484848484848484, 54.54545454545455, 60.60606060606061, 66.66666666666667, 72.72727272727272, 78.78787878787878, 84.84848484848484, 90.9090909090909, 96.96969696969697, 103.03030303030303, 109.0909090909091, 115.15151515151516, 121.21212121212122, 127.27272727272727, 133.33333333333334, 139.3939393939394, 145.45454545454544, 151.5151515151515, 157.57575757575756, 163.63636363636363, 169.6969696969697, 175.75757575757575, 181.8181818181818, 187.87878787878788, 193.93939393939394, 200.0, 206.06060606060606, 212.12121212121212, 218.1818181818182, 224.24242424242425, 230.3030303030303, 236.36363636363637, 242.42424242424244, 248.48484848484847, 254.54545454545453, 260.6060606060606, 266.6666666666667, 272.72727272727275, 278.7878787878788, 284.8484848484849, 290.9090909090909, 296.96969696969694, 303.030303030303, 309.09090909090907, 315.1515151515151, 321.2121212121212, 327.27272727272725, 333.3333333333333, 339.3939393939394, 345.45454545454544, 351.5151515151515, 357.57575757575756, 363.6363636363636, 369.6969696969697, 375.75757575757575, 381.8181818181818, 387.8787878787879, 393.93939393939394, 400.0, 406.06060606060606, 412.1212121212121, 418.1818181818182, 424.24242424242425, 430.3030303030303, 436.3636363636364, 442.42424242424244, 448.4848484848485, 454.54545454545456, 460.6060606060606, 466.6666666666667, 472.72727272727275, 478.7878787878788, 484.8484848484849, 490.9090909090909, 496.96969696969694, 503.030303030303, 509.09090909090907, 515.1515151515151, 521.2121212121212, 527.2727272727273, 533.3333333333334, 539.3939393939394, 545.4545454545455, 551.5151515151515, 557.5757575757576, 563.6363636363636, 569.6969696969697, 575.7575757575758, 581.8181818181818, 587.8787878787879, 593.9393939393939, 600.0],
         "dplt_at_force_location": -4.935791015625002,
         "maximum_dplt": -4.935791015625002,
         "location_max_dplt": 600.0
    },
     "metadata": {
         "error_code": 0,
         "model": "BendingTestAnalytical",
         "load_case": "Cantilever",
         "description": "",
         "job_name": "",
         "persistent_result_files": "",
         "n_cpus": 1,
         "date": "2026-06-16 18:10:06.230708",
         "cpu_time": 0.07957339286804199,
         "user": "sebastien.bocquet",
         "machine": "PCBM20250036",
         "vims_git_version": "3de96ae2320a30b8a84551033e41da0fca6276ac",
         "directory_archive_root": "C:\\Users\\sebastien.bocquet\\Dev\\vimseo\\docs\\runnable_examples\\model_runs\\archive\\calibration_coupled",
         "directory_archive_job": "C:\\Users\\sebastien.bocquet\\Dev\\vimseo\\docs\\runnable_examples\\model_runs\\archive\\calibration_coupled\\BendingTestAnalytical\\Cantilever\\282",
         "directory_scratch_root": "C:\\Users\\sebastien.bocquet\\Dev\\vimseo\\docs\\runnable_examples\\model_runs\\scratch\\calibration_coupled",
         "directory_scratch_job": ""
    }
}