{
     "inputs": {
         "young_modulus": 220505.3483839161,
         "Cantilever:length": 600.0,
         "Cantilever:width": 30.5316162109375,
         "Cantilever:height": 39.9625244140625,
         "Cantilever:imposed_dplt": -5.0740966796875,
         "Cantilever:relative_dplt_location": 1.0,
         "Cantilever:nu_p": 0.3
    },
     "outputs": {
         "length": 600.0,
         "width": 30.5316162109375,
         "height": 39.9625244140625,
         "imposed_dplt": -5.0740966796875,
         "relative_dplt_location": 1.0,
         "nu_p": 0.3,
         "reaction_forces": -2523.3219264164377,
         "moment": [1513993.1558498626, 0.0],
         "moment_grid": [0.0, 600.0],
         "dplt": [0.0, -0.0007739535015430813, -0.0030853551750703876, -0.00691851677392903, -0.012257750051466105, -0.019087366761028717, -0.02739167865596393, -0.0371549974896189, -0.04836163501534069, -0.06099590298647638, -0.0750421131563731, -0.09048457727837796, -0.107307607105838, -0.1254955143921004, -0.14503261089051223, -0.16590320835442052, -0.18809161853717252, -0.2115821531921152, -0.23635912407259574, -0.2624068429319611, -0.2897096215235586, -0.3182517716007352, -0.34801760491683814, -0.3789914332252144, -0.4111575682792108, -0.444500321832175, -0.4790040056374538, -0.5146529314483943, -0.5514314110183437, -0.5893237561006489, -0.6283142784486573, -0.6683872898157158, -0.7095271019551713, -0.7517180266203715, -0.7949443755646628, -0.8391904605413926, -0.8844405933039082, -0.9306790856055563, -0.9778902491996844, -1.0260583958396394, -1.0751678372787683, -1.1252028852704183, -1.1761478515679364, -1.2279870479246704, -1.2807047860939669, -1.3342853778291721, -1.3887131348836341, -1.4439723690106998, -1.5000473919637163, -1.5569225154960304, -1.6145820513609899, -1.6730103113119419, -1.7321916071022327, -1.7921102504852098, -1.8527505532142203, -1.9140968270426115, -1.9761333837237303, -2.0388445350109237, -2.102214592657539, -2.166227868416922, -2.230868674042423, -2.2961213212873854, -2.3619701219051596, -2.42839938764909, -2.495393430272525, -2.562936561528811, -2.631013093171297, -2.6996073369533273, -2.7687036046282523, -2.8382862079494147, -2.908339458670166, -2.97884766854385, -3.0497951493238165, -3.1211662127634097, -3.192945170615981, -3.2651163346348717, -3.3376640165734344, -3.4105725281850114, -3.483826181222955, -3.557409287440607, -3.631306158591319, -3.705501106428435, -3.7799784427053025, -3.8547224791752708, -3.9297175275916842, -4.004947899707893, -4.080397907277241, -4.156051862053077, -4.231894075788749, -4.3079088602376014, -4.3840805271529835, -4.4603933882882405, -4.536831755396721, -4.6133799402317734, -4.690022254546742, -4.766743010094975, -4.84352651862982, -4.9203570919046244, -4.997219041672733, -5.074096679687496],
         "dplt_grid": [0.0, 6.0606060606060606, 12.121212121212121, 18.18181818181818, 24.242424242424242, 30.303030303030305, 36.36363636363636, 42.42424242424242, 48.484848484848484, 54.54545454545455, 60.60606060606061, 66.66666666666667, 72.72727272727272, 78.78787878787878, 84.84848484848484, 90.9090909090909, 96.96969696969697, 103.03030303030303, 109.0909090909091, 115.15151515151516, 121.21212121212122, 127.27272727272727, 133.33333333333334, 139.3939393939394, 145.45454545454544, 151.5151515151515, 157.57575757575756, 163.63636363636363, 169.6969696969697, 175.75757575757575, 181.8181818181818, 187.87878787878788, 193.93939393939394, 200.0, 206.06060606060606, 212.12121212121212, 218.1818181818182, 224.24242424242425, 230.3030303030303, 236.36363636363637, 242.42424242424244, 248.48484848484847, 254.54545454545453, 260.6060606060606, 266.6666666666667, 272.72727272727275, 278.7878787878788, 284.8484848484849, 290.9090909090909, 296.96969696969694, 303.030303030303, 309.09090909090907, 315.1515151515151, 321.2121212121212, 327.27272727272725, 333.3333333333333, 339.3939393939394, 345.45454545454544, 351.5151515151515, 357.57575757575756, 363.6363636363636, 369.6969696969697, 375.75757575757575, 381.8181818181818, 387.8787878787879, 393.93939393939394, 400.0, 406.06060606060606, 412.1212121212121, 418.1818181818182, 424.24242424242425, 430.3030303030303, 436.3636363636364, 442.42424242424244, 448.4848484848485, 454.54545454545456, 460.6060606060606, 466.6666666666667, 472.72727272727275, 478.7878787878788, 484.8484848484849, 490.9090909090909, 496.96969696969694, 503.030303030303, 509.09090909090907, 515.1515151515151, 521.2121212121212, 527.2727272727273, 533.3333333333334, 539.3939393939394, 545.4545454545455, 551.5151515151515, 557.5757575757576, 563.6363636363636, 569.6969696969697, 575.7575757575758, 581.8181818181818, 587.8787878787879, 593.9393939393939, 600.0],
         "dplt_at_force_location": -5.074096679687496,
         "maximum_dplt": -5.074096679687496,
         "location_max_dplt": 600.0
    },
     "metadata": {
         "error_code": 0,
         "model": "BendingTestAnalytical",
         "load_case": "Cantilever",
         "description": "",
         "job_name": "",
         "persistent_result_files": "",
         "n_cpus": 1,
         "date": "2026-03-26 14:57:45.842272",
         "cpu_time": 0.00811147689819336,
         "user": "sebastien.bocquet",
         "machine": "IPF7101",
         "vims_git_version": "d0050d8de498c8354552cdde540fb3e524454871",
         "directory_archive_root": "/home/sebastien.bocquet/PycharmProjects/vimseo/docs/runnable_examples/model_runs/archive/calibration_scalars",
         "directory_archive_job": "/home/sebastien.bocquet/PycharmProjects/vimseo/docs/runnable_examples/model_runs/archive/calibration_scalars/BendingTestAnalytical/Cantilever/416",
         "directory_scratch_root": "/home/sebastien.bocquet/PycharmProjects/vimseo/docs/runnable_examples/model_runs/scratch/calibration_scalars",
         "directory_scratch_job": ""
    }
}