{
     "inputs": {
         "length": 599.22900390625,
         "width": 31.419677734375,
         "height": 38.02001953125,
         "imposed_dplt": -4.8223876953125,
         "relative_dplt_location": 1.0,
         "young_modulus": 208084.81787109375,
         "nu_p": 0.3017578125
    },
     "outputs": {
         "reaction_forces": -2013.273518945894,
         "moment": [1206411.885348779, 0.0],
         "moment_grid": [0.0, 599.22900390625],
         "dplt": [0.0, -0.0007355602540106197, -0.0029323010126099027, -0.006575312270648982, -0.011649684022978996, -0.018140506264451076, -0.02603286898991636, -0.035311862194226, -0.045962575872231154, -0.05797010001878289, -0.0713195246287324, -0.08599593969693077, -0.10198443521822922, -0.11927010118747883, -0.13783802759953062, -0.157673304449236, -0.17876102173144592, -0.20108626944101152, -0.22463413757278378, -0.24938971612161415, -0.2753380950823537, -0.3024643644498535, -0.3307536142189645, -0.3601909343845382, -0.3907614149414256, -0.4224501458844777, -0.45524221720854574, -0.4891227189084807, -0.524076740979134, -0.5600893734153567, -0.5971457062119998, -0.6352308293639145, -0.674329832865952, -0.7144278067129635, -0.7555098408997999, -0.7975610254213122, -0.8405664502723522, -0.8845112054477703, -0.9293803809424181, -0.9751590667511466, -1.021832352868807, -1.0693853292902507, -1.1178030860103276, -1.1670707130238904, -1.2171733003257894, -1.2680959379108763, -1.319823715774001, -1.3723417239100164, -1.4256350523137722, -1.47968879098012, -1.5344880299039114, -1.5900178590799965, -1.6462633685032277, -1.703209648168455, -1.7608417880705303, -1.8191448782043045, -1.8781040085646286, -1.9377042691463542, -1.9979307499443322, -2.058768540953413, -2.1202027321684485, -2.1822184135842897, -2.2448006751957874, -2.3079346069977933, -2.371605298985159, -2.4357978411527337, -2.5004973234953707, -2.565688836007921, -2.631357468685234, -2.6974883115221617, -2.764066454513555, -2.831076987654266, -2.898505000939144, -2.9663355843630423, -3.0345538279208113, -3.103144821607301, -3.1720936554173638, -3.2413854193458516, -3.3110052033876127, -3.3809380975375007, -3.451169191790367, -3.5216835761410596, -3.5924663405844326, -3.6635025751153374, -3.734777369728625, -3.806275814419142, -3.8779829991817447, -3.9498840140112836, -4.0219639489026076, -4.0942078938505695, -4.166600938850021, -4.2391281738958115, -4.3117746889827915, -4.384525574105815, -4.457365919259733, -4.530280814439393, -4.603255349639649, -4.676274614855353, -4.7493237000813515, -4.822387695312503],
         "dplt_grid": [0.0, 6.052818221275253, 12.105636442550505, 18.158454663825758, 24.21127288510101, 30.264091106376263, 36.316909327651516, 42.36972754892677, 48.42254577020202, 54.47536399147727, 60.528182212752526, 66.58100043402777, 72.63381865530303, 78.68663687657829, 84.73945509785354, 90.79227331912878, 96.84509154040404, 102.8979097616793, 108.95072798295455, 115.00354620422979, 121.05636442550505, 127.10918264678031, 133.16200086805554, 139.2148190893308, 145.26763731060606, 151.32045553188132, 157.37327375315658, 163.4260919744318, 169.47891019570707, 175.53172841698233, 181.58454663825756, 187.63736485953282, 193.69018308080808, 199.74300130208334, 205.7958195233586, 211.84863774463383, 217.9014559659091, 223.95427418718435, 230.00709240845958, 236.05991062973484, 242.1127288510101, 248.16554707228536, 254.21836529356062, 260.27118351483585, 266.3240017361111, 272.3768199573864, 278.4296381786616, 284.4824563999369, 290.5352746212121, 296.58809284248736, 302.64091106376264, 308.6937292850379, 314.74654750631316, 320.7993657275884, 326.8521839488636, 332.9050021701389, 338.95782039141415, 345.0106386126894, 351.06345683396466, 357.1162750552399, 363.1690932765151, 369.2219114977904, 375.27472971906565, 381.32754794034093, 387.38036616161617, 393.4331843828914, 399.4860026041667, 405.5388208254419, 411.5916390467172, 417.64445726799244, 423.69727548926767, 429.75009371054296, 435.8029119318182, 441.8557301530934, 447.9085483743687, 453.96136659564394, 460.01418481691917, 466.06700303819446, 472.1198212594697, 478.172639480745, 484.2254577020202, 490.27827592329544, 496.3310941445707, 502.38391236584596, 508.43673058712125, 514.4895488083964, 520.5423670296717, 526.595185250947, 532.6480034722222, 538.7008216934975, 544.7536399147727, 550.806458136048, 556.8592763573232, 562.9120945785985, 568.9649127998738, 575.017731021149, 581.0705492424242, 587.1233674636995, 593.1761856849747, 599.22900390625],
         "dplt_at_force_location": -4.822387695312503,
         "maximum_dplt": -4.822387695312503,
         "location_max_dplt": 599.22900390625
    },
     "metadata": {
         "error_code": 0,
         "model": "BendingTestAnalytical",
         "load_case": "Cantilever",
         "description": "",
         "job_name": "",
         "persistent_result_files": "",
         "n_cpus": 1,
         "date": "2026-05-11 13:41:49.747793",
         "cpu_time": 0.007516622543334961,
         "user": "sebastien.bocquet",
         "machine": "PCBM20250036",
         "vims_git_version": "bd04719587923889b30edb372ef71eeaeb4c168d",
         "directory_archive_root": "C:\\Users\\sebastien.bocquet\\Dev\\vimseo\\docs\\runnable_examples\\model_runs\\archive\\generate_reference_data",
         "directory_archive_job": "C:\\Users\\sebastien.bocquet\\Dev\\vimseo\\docs\\runnable_examples\\model_runs\\archive\\generate_reference_data\\BendingTestAnalytical\\Cantilever\\2",
         "directory_scratch_root": "C:\\Users\\sebastien.bocquet\\Dev\\vimseo\\docs\\runnable_examples\\model_runs\\scratch\\generate_reference_data",
         "directory_scratch_job": ""
    }
}