{
     "inputs": {
         "length": 581.2330076248401,
         "width": 30.172625028599306,
         "height": 39.6809625008425,
         "imposed_dplt": -15.1836901134725,
         "relative_dplt_location": 0.8641941055336186,
         "young_modulus": 214111.9305673264,
         "nu_p": 0.30308641336390996
    },
     "outputs": {
         "reaction_forces": -12090.191757401908,
         "moment": [6072880.821479493, 0.0, 0.0],
         "moment_grid": [0.0, 502.2981391309636, 581.2330076248401],
         "dplt": [0.0, -0.0030994185928197478, -0.012349182622766363, -0.02767655446707093, -0.04900879650296451, -0.0762731711076782, -0.10939694065844306, -0.1483073675324902, -0.19293171410705065, -0.24319724275935556, -0.29903121586663606, -0.360360895806123, -0.42711354495504766, -0.49921642569064134, -0.5765968003901342, -0.6591819314307584, -0.7468990811897446, -0.8396755120443238, -0.9374384863717264, -1.0401152665491837, -1.1476331149539283, -1.25991929396319, -1.3769010659541998, -1.4985056933041896, -1.6246604383903898, -1.7552925635900318, -1.8903293312803464, -2.029698003838564, -2.1733258436419174, -2.3211401130676363, -2.473068074492952, -2.629036990295096, -2.7889741228513, -2.9528067345387936, -3.120462087734808, -3.2918674448165746, -3.4669500681613257, -3.645637220146291, -3.827856163148701, -4.013534159545788, -4.202598471714785, -4.394976362032917, -4.590595092877422, -4.789381926625525, -4.991264125654462, -5.196168952341463, -5.404023669063756, -5.614755538198578, -5.828291822123152, -6.044559783214714, -6.2634866838504974, -6.484999786407727, -6.70902635326364, -6.935493646795463, -7.164328929380429, -7.39545946339577, -7.6288125112187135, -7.864315335226494, -8.101895197796345, -8.341479361305488, -8.582995088131163, -8.8263696406506, -9.071530281241028, -9.318404272279679, -9.566918876143784, -9.817001355210568, -10.068578971857274, -10.321578988461127, -10.575928667399356, -10.83155527104919, -11.088386061787872, -11.34634830199262, -11.605369254040667, -11.865376180309251, -12.1262963431756, -12.388057005016943, -12.650585428210515, -12.913808875133547, -13.177654608163255, -13.442049889676891, -13.706921982051682, -13.972198147664848, -14.23780564889363, -14.503654119621316, -14.769667330779813, -15.035802961819648, -15.30202358033332, -15.56829660224626, -15.834594291816831, -16.100893761636346, -16.36717697262904, -16.633430734052087, -16.8996467034956, -17.165821386882637, -17.431956138469175, -17.69805716084414, -17.964135504929395, -18.23020706997973, -18.496292603582877, -18.762417701659512],
         "dplt_grid": [0.0, 5.871040481058991, 11.742080962117981, 17.613121443176972, 23.484161924235963, 29.355202405294953, 35.226242886353944, 41.097283367412935, 46.968323848471925, 52.839364329530916, 58.71040481058991, 64.58144529164889, 70.45248577270789, 76.32352625376689, 82.19456673482587, 88.06560721588485, 93.93664769694385, 99.80768817800285, 105.67872865906183, 111.54976914012082, 117.42080962117981, 123.29185010223881, 129.16289058329778, 135.03393106435678, 140.90497154541578, 146.77601202647477, 152.64705250753377, 158.51809298859274, 164.38913346965174, 170.26017395071074, 176.1312144317697, 182.0022549128287, 187.8732953938877, 193.7443358749467, 199.6153763560057, 205.48641683706467, 211.35745731812366, 217.22849779918266, 223.09953828024163, 228.97057876130063, 234.84161924235963, 240.71265972341862, 246.58370020447762, 252.4547406855366, 258.32578116659556, 264.1968216476546, 270.06786212871356, 275.9389026097726, 281.80994309083155, 287.6809835718905, 293.55202405294955, 299.4230645340085, 305.29410501506754, 311.1651454961265, 317.0361859771855, 322.9072264582445, 328.7782669393035, 334.64930742036245, 340.5203479014215, 346.39138838248044, 352.2624288635394, 358.13346934459844, 364.0045098256574, 369.87555030671643, 375.7465907877754, 381.6176312688344, 387.4886717498934, 393.35971223095237, 399.2307527120114, 405.10179319307036, 410.97283367412933, 416.84387415518836, 422.71491463624733, 428.5859551173063, 434.4569955983653, 440.3280360794243, 446.19907656048326, 452.0701170415423, 457.94115752260126, 463.8121980036603, 469.68323848471925, 475.5542789657782, 481.42531944683725, 487.2963599278962, 493.16740040895525, 499.0384408900142, 504.9094813710732, 510.7805218521322, 516.6515623331911, 522.5226028142501, 528.3936432953092, 534.2646837763682, 540.1357242574271, 546.0067647384861, 551.8778052195452, 557.7488457006041, 563.6198861816631, 569.4909266627221, 575.361967143781, 581.2330076248401],
         "dplt_at_force_location": -15.183613027969447,
         "maximum_dplt": -18.762417701659512,
         "location_max_dplt": 581.2330076248401
    },
     "metadata": {
         "error_code": 0,
         "model": "BendingTestAnalytical",
         "load_case": "Cantilever",
         "description": "",
         "job_name": "",
         "persistent_result_files": "",
         "n_cpus": 1,
         "date": "2026-03-26 14:57:55.757576",
         "cpu_time": 0.00409245491027832,
         "user": "sebastien.bocquet",
         "machine": "IPF7101",
         "vims_git_version": "d0050d8de498c8354552cdde540fb3e524454871",
         "directory_archive_root": "/home/sebastien.bocquet/PycharmProjects/vimseo/docs/runnable_examples/model_runs/archive/uq",
         "directory_archive_job": "/home/sebastien.bocquet/PycharmProjects/vimseo/docs/runnable_examples/model_runs/archive/uq/BendingTestAnalytical/Cantilever/69",
         "directory_scratch_root": "/home/sebastien.bocquet/PycharmProjects/vimseo/docs/runnable_examples/model_runs/scratch/uq",
         "directory_scratch_job": ""
    }
}