{
     "inputs": {
         "young_modulus": 219999.84741210938,
         "Cantilever:length": 600.0,
         "Cantilever:width": 29.499755859375,
         "Cantilever:height": 40.2801513671875,
         "Cantilever:imposed_dplt": -5.006591796875,
         "Cantilever:relative_dplt_location": 1.0,
         "Cantilever:nu_p": 0.3
    },
     "outputs": {
         "length": 600.0,
         "width": 29.499755859375,
         "height": 40.2801513671875,
         "imposed_dplt": -5.006591796875,
         "relative_dplt_location": 1.0,
         "nu_p": 0.3,
         "reaction_forces": -2457.777273276468,
         "moment": [1474666.3639658808, 0.0],
         "moment_grid": [0.0, 600.0],
         "dplt": [0.0, -0.0007636569613464515, -0.00304430815671896, -0.006826474053117267, -0.012094675117541106, -0.01883343181699021, -0.027027264618464296, -0.03666069398896312, -0.04771824039548639, -0.060184424305033825, -0.0740437661846052, -0.08928078650120022, -0.10588000572181863, -0.12382594431346015, -0.14310312274312456, -0.1636960614778115, -0.18558928098452085, -0.20876730173025224, -0.23321464418200538, -0.25891582880678066, -0.28585537607157674, -0.3140178064433938, -0.34338764038923175, -0.3739493983760901, -0.40568760087096845, -0.43858676834086696, -0.4726314212527851, -0.5078060800737226, -0.5440952652706794, -0.581483497310655, -0.6199552966606493, -0.6594951837876618, -0.7000876791586925, -0.7417173032407409, -0.784368576500807, -0.8280260194058904, -0.8726741524229906, -0.9182974960191077, -0.9648805706612413, -1.012407896816391, -1.0608639949515566, -1.1102333855337378, -1.1605005890299347, -1.2116501259071468, -1.263666516632374, -1.3165342816726153, -1.370237941494871, -1.4247620165661408, -1.4800910273534242, -1.5362094943237217, -1.5931019379440319, -1.650752878681356, -1.7091468370026923, -1.7682683333750409, -1.828101888265402, -1.888632022140775, -1.94984325546816, -2.011720108714556, -2.074247102346963, -2.137408756832382, -2.2011895926378107, -2.2655741302302497, -2.3305468900766995, -2.396092392644158, -2.4621951583996275, -2.5288397078101044, -2.596010561342592, -2.663692239464088, -2.7318692626415926, -2.8005261513421043, -2.8696474260326257, -2.9392176071801535, -3.0092212152516895, -3.079642770714232, -3.150466794034782, -3.221677805680338, -3.293260326117902, -3.36519887581447, -3.4374779752370457, -3.510082144852625, -3.582995905128212, -3.6562037765308024, -3.729690279527397, -3.8034399345849974, -3.8774372621706004, -3.95166678275121, -4.026113016793823, -4.100760484765438, -4.175593707133058, -4.250597204363678, -4.3257554969243035, -4.40105310528193, -4.476474549903559, -4.552004351256189, -4.627627029806822, -4.703327106022454, -4.779089100370088, -4.854897533316724, -4.93073692532936, -5.006591796874997],
         "dplt_grid": [0.0, 6.0606060606060606, 12.121212121212121, 18.18181818181818, 24.242424242424242, 30.303030303030305, 36.36363636363636, 42.42424242424242, 48.484848484848484, 54.54545454545455, 60.60606060606061, 66.66666666666667, 72.72727272727272, 78.78787878787878, 84.84848484848484, 90.9090909090909, 96.96969696969697, 103.03030303030303, 109.0909090909091, 115.15151515151516, 121.21212121212122, 127.27272727272727, 133.33333333333334, 139.3939393939394, 145.45454545454544, 151.5151515151515, 157.57575757575756, 163.63636363636363, 169.6969696969697, 175.75757575757575, 181.8181818181818, 187.87878787878788, 193.93939393939394, 200.0, 206.06060606060606, 212.12121212121212, 218.1818181818182, 224.24242424242425, 230.3030303030303, 236.36363636363637, 242.42424242424244, 248.48484848484847, 254.54545454545453, 260.6060606060606, 266.6666666666667, 272.72727272727275, 278.7878787878788, 284.8484848484849, 290.9090909090909, 296.96969696969694, 303.030303030303, 309.09090909090907, 315.1515151515151, 321.2121212121212, 327.27272727272725, 333.3333333333333, 339.3939393939394, 345.45454545454544, 351.5151515151515, 357.57575757575756, 363.6363636363636, 369.6969696969697, 375.75757575757575, 381.8181818181818, 387.8787878787879, 393.93939393939394, 400.0, 406.06060606060606, 412.1212121212121, 418.1818181818182, 424.24242424242425, 430.3030303030303, 436.3636363636364, 442.42424242424244, 448.4848484848485, 454.54545454545456, 460.6060606060606, 466.6666666666667, 472.72727272727275, 478.7878787878788, 484.8484848484849, 490.9090909090909, 496.96969696969694, 503.030303030303, 509.09090909090907, 515.1515151515151, 521.2121212121212, 527.2727272727273, 533.3333333333334, 539.3939393939394, 545.4545454545455, 551.5151515151515, 557.5757575757576, 563.6363636363636, 569.6969696969697, 575.7575757575758, 581.8181818181818, 587.8787878787879, 593.9393939393939, 600.0],
         "dplt_at_force_location": -5.006591796874997,
         "maximum_dplt": -5.006591796874997,
         "location_max_dplt": 600.0
    },
     "metadata": {
         "error_code": 0,
         "model": "BendingTestAnalytical",
         "load_case": "Cantilever",
         "description": "",
         "job_name": "",
         "persistent_result_files": "",
         "n_cpus": 1,
         "date": "2026-06-16 18:10:49.833980",
         "cpu_time": 0.14790725708007812,
         "user": "sebastien.bocquet",
         "machine": "PCBM20250036",
         "vims_git_version": "3de96ae2320a30b8a84551033e41da0fca6276ac",
         "directory_archive_root": "C:\\Users\\sebastien.bocquet\\Dev\\vimseo\\docs\\runnable_examples\\model_runs\\archive\\calibration_scalars",
         "directory_archive_job": "C:\\Users\\sebastien.bocquet\\Dev\\vimseo\\docs\\runnable_examples\\model_runs\\archive\\calibration_scalars\\BendingTestAnalytical\\Cantilever\\594",
         "directory_scratch_root": "C:\\Users\\sebastien.bocquet\\Dev\\vimseo\\docs\\runnable_examples\\model_runs\\scratch\\calibration_scalars",
         "directory_scratch_job": ""
    }
}