{
     "inputs": {
         "young_modulus": 220409.22309824295,
         "Cantilever:length": 600.0,
         "Cantilever:width": 29.47705078125,
         "Cantilever:height": 39.377685546875,
         "Cantilever:imposed_dplt": -5.0565185546875,
         "Cantilever:relative_dplt_location": 1.0,
         "Cantilever:nu_p": 0.3
    },
     "outputs": {
         "length": 600.0,
         "width": 29.47705078125,
         "height": 39.377685546875,
         "imposed_dplt": -5.0565185546875,
         "relative_dplt_location": 1.0,
         "nu_p": 0.3,
         "reaction_forces": -2321.6792281141625,
         "moment": [1393007.5368684975, 0.0],
         "moment_grid": [0.0, 600.0],
         "dplt": [0.0, -0.000771272304819185, -0.0030746666205629636, -0.006894549049160682, -0.012215285692541683, -0.019021242652635308, -0.027296786031370878, -0.037026281930677765, -0.0481940964524853, -0.06078459569872281, -0.07478214577131963, -0.09017111277220513, -0.1069358628033086, -0.12506076196655946, -0.14453017636388704, -0.16532847209722057, -0.18744001526848947, -0.21084917197962316, -0.23554030833255085, -0.2614977904292018, -0.28870598437150563, -0.31714925626139145, -0.34681197220078885, -0.3776784982916269, -0.40973320063583496, -0.44296044533534257, -0.477344598492079, -0.5128700262079735, -0.5495210945849556, -0.5872821697249542, -0.6261376177298992, -0.6660718047017196, -0.7070690967423447, -0.7491138599537042, -0.792190460437727, -0.8362832642963429, -0.8813766376314809, -0.9274549465450703, -0.9745025571390407, -1.022503835515321, -1.0714431477758413, -1.1213048600225302, -1.1720733383573172, -1.223732948882132, -1.2762680576989038, -1.3296630309095618, -1.3839022346160352, -1.4389700349202534, -1.4948507979241457, -1.5515288897296422, -1.6089886764386712, -1.6672145241531633, -1.7261907989750465, -1.7859018670062505, -1.8463320943487052, -1.9074658471043393, -1.9692874913750822, -2.031781393262864, -2.094931918869613, -2.158723434297259, -2.2231403056477324, -2.28816689902296, -2.353787580524874, -2.4199867162554005, -2.486748672316473, -2.554057814810017, -2.6218985098379637, -2.6902551235022427, -2.7591120219047833, -2.828453571147513, -2.8982641373323634, -2.9685280865612618, -3.0392297849361394, -3.110353598558924, -3.1818838935315474, -3.253805035955936, -3.326101391934021, -3.3987573275677296, -3.471757208958995, -3.5450854022097436, -3.618726273421905, -3.6926641886974085, -3.766883514138184, -3.841368615846161, -3.916103859923268, -3.991073612471437, -4.066262239592595, -4.141654107388669, -4.217233581961592, -4.292985029413292, -4.368892815845699, -4.444941307360742, -4.521114870060352, -4.5973978700464535, -4.673774673420982, -4.75022964628586, -4.826747154743023, -4.903311564894399, -4.9799072428419136, -5.056518554687502],
         "dplt_grid": [0.0, 6.0606060606060606, 12.121212121212121, 18.18181818181818, 24.242424242424242, 30.303030303030305, 36.36363636363636, 42.42424242424242, 48.484848484848484, 54.54545454545455, 60.60606060606061, 66.66666666666667, 72.72727272727272, 78.78787878787878, 84.84848484848484, 90.9090909090909, 96.96969696969697, 103.03030303030303, 109.0909090909091, 115.15151515151516, 121.21212121212122, 127.27272727272727, 133.33333333333334, 139.3939393939394, 145.45454545454544, 151.5151515151515, 157.57575757575756, 163.63636363636363, 169.6969696969697, 175.75757575757575, 181.8181818181818, 187.87878787878788, 193.93939393939394, 200.0, 206.06060606060606, 212.12121212121212, 218.1818181818182, 224.24242424242425, 230.3030303030303, 236.36363636363637, 242.42424242424244, 248.48484848484847, 254.54545454545453, 260.6060606060606, 266.6666666666667, 272.72727272727275, 278.7878787878788, 284.8484848484849, 290.9090909090909, 296.96969696969694, 303.030303030303, 309.09090909090907, 315.1515151515151, 321.2121212121212, 327.27272727272725, 333.3333333333333, 339.3939393939394, 345.45454545454544, 351.5151515151515, 357.57575757575756, 363.6363636363636, 369.6969696969697, 375.75757575757575, 381.8181818181818, 387.8787878787879, 393.93939393939394, 400.0, 406.06060606060606, 412.1212121212121, 418.1818181818182, 424.24242424242425, 430.3030303030303, 436.3636363636364, 442.42424242424244, 448.4848484848485, 454.54545454545456, 460.6060606060606, 466.6666666666667, 472.72727272727275, 478.7878787878788, 484.8484848484849, 490.9090909090909, 496.96969696969694, 503.030303030303, 509.09090909090907, 515.1515151515151, 521.2121212121212, 527.2727272727273, 533.3333333333334, 539.3939393939394, 545.4545454545455, 551.5151515151515, 557.5757575757576, 563.6363636363636, 569.6969696969697, 575.7575757575758, 581.8181818181818, 587.8787878787879, 593.9393939393939, 600.0],
         "dplt_at_force_location": -5.056518554687502,
         "maximum_dplt": -5.056518554687502,
         "location_max_dplt": 600.0
    },
     "metadata": {
         "error_code": 0,
         "model": "BendingTestAnalytical",
         "load_case": "Cantilever",
         "description": "",
         "job_name": "",
         "persistent_result_files": "",
         "n_cpus": 1,
         "date": "2026-06-16 18:11:53.750902",
         "cpu_time": 0.2413632869720459,
         "user": "sebastien.bocquet",
         "machine": "PCBM20250036",
         "vims_git_version": "5cd5cf5ab4caf1fa2c2190f0396e06b5b5639fd0",
         "directory_archive_root": "C:\\Users\\sebastien.bocquet\\Dev\\vimseo\\docs\\runnable_examples\\model_runs\\archive\\calibration_scalars",
         "directory_archive_job": "C:\\Users\\sebastien.bocquet\\Dev\\vimseo\\docs\\runnable_examples\\model_runs\\archive\\calibration_scalars\\BendingTestAnalytical\\Cantilever\\807",
         "directory_scratch_root": "C:\\Users\\sebastien.bocquet\\Dev\\vimseo\\docs\\runnable_examples\\model_runs\\scratch\\calibration_scalars",
         "directory_scratch_job": ""
    }
}