{
     "inputs": {
         "length": 616.5067680415682,
         "width": 30.69864984390738,
         "height": 41.633536193882314,
         "imposed_dplt": -14.990502784902732,
         "relative_dplt_location": 0.8932869868668917,
         "young_modulus": 213485.74171036418,
         "nu_p": 0.3015046505049352
    },
     "outputs": {
         "reaction_forces": -10611.766596413174,
         "moment": [5844085.286238029, 0.0, 0.0],
         "moment_grid": [0.0, 550.7174732068981, 616.5067680415682],
         "dplt": [0.0, -0.0028642769385425013, -0.011413759901442045, -0.025583427109606732, -0.04530825678394466, -0.07052322714536388, -0.10116331641477241, -0.13716350281307843, -0.17845876456118992, -0.224984079880015, -0.2766744269904618, -0.3334647841134382, -0.3952901294698526, -0.46208544128061285, -0.5337856977666269, -0.6103258771488032, -0.6916409576480498, -0.7776659174852741, -0.8683357348813855, -0.9635853880572909, -1.063349855233899, -1.1675641146321172, -1.2761631444728545, -1.3890819229770186, -1.506255428365517, -1.6276186388592586, -1.7531065326791513, -1.882654088046103, -2.0161962831810207, -2.1536680963048154, -2.2950045056383925, -2.44014048940266, -2.589011025818529, -2.741551093106904, -2.8976956694886944, -3.0573797331848085, -3.220538262416155, -3.3871062354036408, -3.557018630368175, -3.7302104255306645, -3.9066165991120183, -4.0861721293331446, -4.26881199441495, -4.454471172578344, -4.643084642044235, -4.83458738103353, -5.028914367767138, -5.226000580465966, -5.425780997350921, -5.628190596642915, -5.833164356562853, -6.040637255331645, -6.250544271170197, -6.462820382299419, -6.677400566940217, -6.8942198033135, -7.113213069640175, -7.334315344141154, -7.557461605037342, -7.782586830549647, -8.009625998898978, -8.238514088306244, -8.469186076992347, -8.701576943178203, -8.935621665084717, -9.1712552209328, -9.408412588943353, -9.647028747337288, -9.88703867433551, -10.128377348158939, -10.370979747028468, -10.614780849165012, -10.85971563278948, -11.105719076122778, -11.352726157385817, -11.6006718547995, -11.849491146584743, -12.099119010962443, -12.349490426153515, -12.60054037037887, -12.852203821859408, -13.104415758816039, -13.357111159469678, -13.610225002041233, -13.863692264751595, -14.117442069879802, -14.371379615164804, -14.625448027739179, -14.879602773461102, -15.133805965545445, -15.38802636456377, -15.642239378444327, -15.896427062472066, -16.15057811928862, -16.404687898892327, -16.658758398638202, -16.91279826323796, -17.166822784760015, -17.42085390262946, -17.67492020362809],
         "dplt_grid": [0.0, 6.227341091328972, 12.454682182657944, 18.682023273986914, 24.909364365315888, 31.13670545664486, 37.36404654797383, 43.5913876393028, 49.818728730631776, 56.04606982196075, 62.27341091328972, 68.50075200461869, 74.72809309594766, 80.95543418727664, 87.1827752786056, 93.41011636993458, 99.63745746126355, 105.86479855259252, 112.0921396439215, 118.31948073525047, 124.54682182657945, 130.7741629179084, 137.00150400923738, 143.22884510056636, 149.4561861918953, 155.6835272832243, 161.91086837455327, 168.13820946588226, 174.3655505572112, 180.5928916485402, 186.82023273986917, 193.04757383119812, 199.2749149225271, 205.50225601385608, 211.72959710518504, 217.95693819651402, 224.184279287843, 230.41162037917195, 236.63896147050093, 242.8663025618299, 249.0936436531589, 255.32098474448784, 261.5483258358168, 267.7756669271458, 274.00300801847476, 280.23034910980374, 286.4576902011327, 292.6850312924617, 298.9123723837906, 305.1397134751196, 311.3670545664486, 317.59439565777757, 323.82173674910655, 330.04907784043553, 336.2764189317645, 342.50376002309343, 348.7311011144224, 354.9584422057514, 361.1857832970804, 367.41312438840936, 373.64046547973834, 379.86780657106726, 386.09514766239624, 392.3224887537252, 398.5498298450542, 404.7771709363832, 411.00451202771217, 417.23185311904115, 423.4591942103701, 429.68653530169905, 435.91387639302803, 442.141217484357, 448.368558575686, 454.595899667015, 460.8232407583439, 467.0505818496729, 473.27792294100186, 479.50526403233084, 485.7326051236598, 491.9599462149888, 498.1872873063178, 504.4146283976467, 510.6419694889757, 516.8693105803047, 523.0966516716336, 529.3239927629626, 535.5513338542916, 541.7786749456205, 548.0060160369495, 554.2333571282785, 560.4606982196075, 566.6880393109365, 572.9153804022654, 579.1427214935944, 585.3700625849234, 591.5974036762524, 597.8247447675813, 604.0520858589102, 610.2794269502392, 616.5067680415682],
         "dplt_at_force_location": -14.990285817426793,
         "maximum_dplt": -17.67492020362809,
         "location_max_dplt": 616.5067680415682
    },
     "metadata": {
         "error_code": 0,
         "model": "BendingTestAnalytical",
         "load_case": "Cantilever",
         "description": "",
         "job_name": "",
         "persistent_result_files": "",
         "n_cpus": 1,
         "date": "2026-03-26 14:57:55.702279",
         "cpu_time": 0.0040400028228759766,
         "user": "sebastien.bocquet",
         "machine": "IPF7101",
         "vims_git_version": "d0050d8de498c8354552cdde540fb3e524454871",
         "directory_archive_root": "/home/sebastien.bocquet/PycharmProjects/vimseo/docs/runnable_examples/model_runs/archive/uq",
         "directory_archive_job": "/home/sebastien.bocquet/PycharmProjects/vimseo/docs/runnable_examples/model_runs/archive/uq/BendingTestAnalytical/Cantilever/64",
         "directory_scratch_root": "/home/sebastien.bocquet/PycharmProjects/vimseo/docs/runnable_examples/model_runs/scratch/uq",
         "directory_scratch_job": ""
    }
}