{
     "inputs": {
         "x": 1.25,
         "Dummy:x_1": 0.9625086499676455
    },
     "outputs": {
         "x_1": 0.9625086499676455,
         "y": [0.9625086499676455, 0.9751349125939082, 0.9877611752201708, 1.0003874378464335, 1.013013700472696, 1.0256399630989586, 1.0382662257252213, 1.0508924883514839, 1.0635187509777466, 1.0761450136040092, 1.0887712762302717, 1.1013975388565345, 1.114023801482797, 1.1266500641090595, 1.1392763267353223, 1.1519025893615848, 1.1645288519878476, 1.1771551146141102, 1.1897813772403727, 1.2024076398666355, 1.215033902492898, 1.2276601651191608, 1.2402864277454233, 1.2529126903716858, 1.2655389529979486, 1.2781652156242111, 1.290791478250474, 1.3034177408767365, 1.316044003502999, 1.3286702661292615, 1.3412965287555243, 1.353922791381787, 1.3665490540080496, 1.3791753166343121, 1.391801579260575, 1.4044278418868374, 1.4170541045131002, 1.4296803671393628, 1.4423066297656253, 1.454932892391888, 1.4675591550181506, 1.4801854176444134, 1.492811680270676, 1.5054379428969384, 1.518064205523201, 1.5306904681494637, 1.5433167307757265, 1.555942993401989, 1.5685692560282516, 1.5811955186545141, 1.593821781280777, 1.6064480439070397, 1.6190743065333022, 1.6317005691595647, 1.6443268317858273, 1.6569530944120898, 1.6695793570383528, 1.6822056196646153, 1.694831882290878, 1.7074581449171404, 1.720084407543403, 1.732710670169666, 1.7453369327959285, 1.757963195422191, 1.7705894580484536, 1.7832157206747161, 1.795841983300979, 1.8084682459272416, 1.8210945085535042, 1.8337207711797667, 1.8463470338060295, 1.858973296432292, 1.8715995590585548, 1.8842258216848173, 1.8968520843110799, 1.9094783469373426, 1.9221046095636052, 1.9347308721898677, 1.9473571348161305, 1.959983397442393, 1.9726096600686556, 1.985235922694918, 1.997862185321181, 2.0104884479474436, 2.023114710573706, 2.0357409731999687, 2.0483672358262313, 2.0609934984524942, 2.073619761078757, 2.0862460237050193, 2.098872286331282, 2.1114985489575444, 2.1241248115838074, 2.13675107421007, 2.1493773368363325, 2.162003599462595, 2.1746298620888576, 2.1872561247151205, 2.199882387341383, 2.2125086499676456],
         "y_axis": [0.0, 0.010101010101010102, 0.020202020202020204, 0.030303030303030304, 0.04040404040404041, 0.05050505050505051, 0.06060606060606061, 0.07070707070707072, 0.08080808080808081, 0.09090909090909091, 0.10101010101010102, 0.11111111111111112, 0.12121212121212122, 0.13131313131313133, 0.14141414141414144, 0.15151515151515152, 0.16161616161616163, 0.17171717171717174, 0.18181818181818182, 0.19191919191919193, 0.20202020202020204, 0.21212121212121213, 0.22222222222222224, 0.23232323232323235, 0.24242424242424243, 0.25252525252525254, 0.26262626262626265, 0.27272727272727276, 0.2828282828282829, 0.29292929292929293, 0.30303030303030304, 0.31313131313131315, 0.32323232323232326, 0.33333333333333337, 0.3434343434343435, 0.3535353535353536, 0.36363636363636365, 0.37373737373737376, 0.38383838383838387, 0.393939393939394, 0.4040404040404041, 0.4141414141414142, 0.42424242424242425, 0.43434343434343436, 0.4444444444444445, 0.4545454545454546, 0.4646464646464647, 0.4747474747474748, 0.48484848484848486, 0.494949494949495, 0.5050505050505051, 0.5151515151515152, 0.5252525252525253, 0.5353535353535354, 0.5454545454545455, 0.5555555555555556, 0.5656565656565657, 0.5757575757575758, 0.5858585858585859, 0.595959595959596, 0.6060606060606061, 0.6161616161616162, 0.6262626262626263, 0.6363636363636365, 0.6464646464646465, 0.6565656565656566, 0.6666666666666667, 0.6767676767676768, 0.686868686868687, 0.696969696969697, 0.7070707070707072, 0.7171717171717172, 0.7272727272727273, 0.7373737373737375, 0.7474747474747475, 0.7575757575757577, 0.7676767676767677, 0.7777777777777778, 0.787878787878788, 0.797979797979798, 0.8080808080808082, 0.8181818181818182, 0.8282828282828284, 0.8383838383838385, 0.8484848484848485, 0.8585858585858587, 0.8686868686868687, 0.8787878787878789, 0.888888888888889, 0.8989898989898991, 0.9090909090909092, 0.9191919191919192, 0.9292929292929294, 0.9393939393939394, 0.9494949494949496, 0.9595959595959597, 0.9696969696969697, 0.9797979797979799, 0.98989898989899, 1.0]
    },
     "metadata": {
         "error_code": 0,
         "model": "MockCurves",
         "load_case": "Dummy",
         "description": "",
         "job_name": "",
         "persistent_result_files": "",
         "n_cpus": 1,
         "date": "2026-03-17 09:05:33.071303",
         "cpu_time": 0.0035686492919921875,
         "user": "sebastien.bocquet",
         "machine": "B20191729",
         "vims_git_version": "1b6e7132b9faba0cc93317d127a381ee76a8cb8e",
         "directory_archive_root": "C:\\Users\\sebastien.bocquet\\PycharmProjects\\vimseo\\docs\\runnable_examples\\model_runs\\archive\\calibration_curves",
         "directory_archive_job": "C:\\Users\\sebastien.bocquet\\PycharmProjects\\vimseo\\docs\\runnable_examples\\model_runs\\archive\\calibration_curves\\MockCurves\\Dummy\\4",
         "directory_scratch_root": "C:\\Users\\sebastien.bocquet\\PycharmProjects\\vimseo\\docs\\runnable_examples\\model_runs\\scratch\\calibration_curves",
         "directory_scratch_job": ""
    }
}