{
     "inputs": {
         "young_modulus": 219998.47412109375,
         "Cantilever:length": 600.0,
         "Cantilever:width": 30.32763671875,
         "Cantilever:height": 39.7525634765625,
         "Cantilever:imposed_dplt": -4.9739990234375,
         "Cantilever:relative_dplt_location": 1.0,
         "Cantilever:nu_p": 0.3
    },
     "outputs": {
         "length": 600.0,
         "width": 30.32763671875,
         "height": 39.7525634765625,
         "imposed_dplt": -4.9739990234375,
         "relative_dplt_location": 1.0,
         "nu_p": 0.3,
         "reaction_forces": -2412.934929204734,
         "moment": [1447760.9575228405, 0.0],
         "moment_grid": [0.0, 600.0],
         "dplt": [0.0, -0.0007586855757542271, -0.0030244897952364396, -0.006782033896775954, -0.012015939118702077, -0.01871082669934411, -0.026851317877031353, -0.03642203389009313, -0.047407595976858716, -0.059792625375657445, -0.0735617433248186, -0.0886995710626715, -0.10519072982754545, -0.12301984085776974, -0.14217152539167374, -0.16263040466758666, -0.1843810999238379, -0.2074082323987567, -0.23169642333067236, -0.25723029395791436, -0.28399446551881175, -0.31197355925169395, -0.34115219639489036, -0.37151499818673017, -0.4030465858655425, -0.4357315806696571, -0.469554603837403, -0.5045002766071095, -0.540553220217106, -0.5776980559057218, -0.6159194049112862, -0.6552018884721285, -0.6955301278265777, -0.7368887442129636, -0.7792623588696154, -0.822635593034862, -0.8669930679470331, -0.9123194048444581, -0.9585992249654658, -1.005817149548386, -1.0539577998315477, -1.1030057970532807, -1.1529457624519135, -1.2037623172657765, -1.2554400827331975, -1.3079636800925072, -1.3613177305820343, -1.4154868554401074, -1.470455675905057, -1.5262088132152125, -1.582730888608902, -1.640006523324456, -1.6980203386002033, -1.7567569556744729, -1.8162009957855947, -1.8763370801718975, -1.937149830071711, -1.9986238667233642, -2.060743811365187, -2.123494285235507, -2.1868599095726564, -2.2508253056149616, -2.3153750946007543, -2.3804938977683605, -2.4461663363561144, -2.51237703160234, -2.579110604745371, -2.6463516770235342, -2.71408486967516, -2.7822948039385764, -2.8509661010521157, -2.920083382254102, -2.98963126878287, -3.059594381876746, -3.129957342774061, -3.2007047727131415, -3.2718212929323203, -3.3432915246699233, -3.4151000891642838, -3.487231607653727, -3.559670701376586, -3.632401991571185, -3.7054100994758583, -3.7786796463289347, -3.8521952533687402, -3.925941541833608, -3.9999031329618653, -4.074064647991839, -4.148410708161864, -4.222925934710265, -4.297594948875374, -4.372402371895518, -4.4473328250090285, -4.522370929454234, -4.597501306469464, -4.672708577293046, -4.747977363163311, -4.8232922853185904, -4.898637964997207, -4.973999023437498],
         "dplt_grid": [0.0, 6.0606060606060606, 12.121212121212121, 18.18181818181818, 24.242424242424242, 30.303030303030305, 36.36363636363636, 42.42424242424242, 48.484848484848484, 54.54545454545455, 60.60606060606061, 66.66666666666667, 72.72727272727272, 78.78787878787878, 84.84848484848484, 90.9090909090909, 96.96969696969697, 103.03030303030303, 109.0909090909091, 115.15151515151516, 121.21212121212122, 127.27272727272727, 133.33333333333334, 139.3939393939394, 145.45454545454544, 151.5151515151515, 157.57575757575756, 163.63636363636363, 169.6969696969697, 175.75757575757575, 181.8181818181818, 187.87878787878788, 193.93939393939394, 200.0, 206.06060606060606, 212.12121212121212, 218.1818181818182, 224.24242424242425, 230.3030303030303, 236.36363636363637, 242.42424242424244, 248.48484848484847, 254.54545454545453, 260.6060606060606, 266.6666666666667, 272.72727272727275, 278.7878787878788, 284.8484848484849, 290.9090909090909, 296.96969696969694, 303.030303030303, 309.09090909090907, 315.1515151515151, 321.2121212121212, 327.27272727272725, 333.3333333333333, 339.3939393939394, 345.45454545454544, 351.5151515151515, 357.57575757575756, 363.6363636363636, 369.6969696969697, 375.75757575757575, 381.8181818181818, 387.8787878787879, 393.93939393939394, 400.0, 406.06060606060606, 412.1212121212121, 418.1818181818182, 424.24242424242425, 430.3030303030303, 436.3636363636364, 442.42424242424244, 448.4848484848485, 454.54545454545456, 460.6060606060606, 466.6666666666667, 472.72727272727275, 478.7878787878788, 484.8484848484849, 490.9090909090909, 496.96969696969694, 503.030303030303, 509.09090909090907, 515.1515151515151, 521.2121212121212, 527.2727272727273, 533.3333333333334, 539.3939393939394, 545.4545454545455, 551.5151515151515, 557.5757575757576, 563.6363636363636, 569.6969696969697, 575.7575757575758, 581.8181818181818, 587.8787878787879, 593.9393939393939, 600.0],
         "dplt_at_force_location": -4.973999023437498,
         "maximum_dplt": -4.973999023437498,
         "location_max_dplt": 600.0
    },
     "metadata": {
         "error_code": 0,
         "model": "BendingTestAnalytical",
         "load_case": "Cantilever",
         "description": "",
         "job_name": "",
         "persistent_result_files": "",
         "n_cpus": 1,
         "date": "2026-06-16 18:12:43.757612",
         "cpu_time": 0.29376888275146484,
         "user": "sebastien.bocquet",
         "machine": "PCBM20250036",
         "vims_git_version": "5cd5cf5ab4caf1fa2c2190f0396e06b5b5639fd0",
         "directory_archive_root": "C:\\Users\\sebastien.bocquet\\Dev\\vimseo\\docs\\runnable_examples\\model_runs\\archive\\calibration_scalars",
         "directory_archive_job": "C:\\Users\\sebastien.bocquet\\Dev\\vimseo\\docs\\runnable_examples\\model_runs\\archive\\calibration_scalars\\BendingTestAnalytical\\Cantilever\\952",
         "directory_scratch_root": "C:\\Users\\sebastien.bocquet\\Dev\\vimseo\\docs\\runnable_examples\\model_runs\\scratch\\calibration_scalars",
         "directory_scratch_job": ""
    }
}