{
     "inputs": {
         "young_modulus": 229905.42700239795,
         "Cantilever:length": 600.0,
         "Cantilever:width": 30.1756591796875,
         "Cantilever:height": 39.9495849609375,
         "Cantilever:imposed_dplt": -5.0394287109375,
         "Cantilever:relative_dplt_location": 1.0,
         "Cantilever:nu_p": 0.3
    },
     "outputs": {
         "length": 600.0,
         "width": 30.1756591796875,
         "height": 39.9495849609375,
         "imposed_dplt": -5.0394287109375,
         "relative_dplt_location": 1.0,
         "nu_p": 0.3,
         "reaction_forces": -2579.9445252460796,
         "moment": [1547966.7151476478, 0.0],
         "moment_grid": [0.0, 600.0],
         "dplt": [0.0, -0.0007686655857820631, -0.0030642749703474123, -0.006871247094524792, -0.012174000899142947, -0.018956955325030618, -0.027204529313016527, -0.03690114180392945, -0.048031211738598104, -0.06057915805785124, -0.0745293997025176, -0.08986635561342594, -0.10657444473140495, -0.1246380859972834, -0.14404169835189012, -0.16476970073605368, -0.18680651209060295, -0.21013655135636666, -0.23474423747417347, -0.2606139893848524, -0.2877302260292318, -0.31607736634814054, -0.3456398292824076, -0.3764020337728614, -0.4083483987603307, -0.4414633431856445, -0.4757312859896314, -0.5111366461131202, -0.5476638424969394, -0.585297294081918, -0.6240214198088847, -0.6638206386186684, -0.7046793694520973, -0.7465820312500006, -0.7895130429532071, -0.8334568235025451, -0.8783977918388439, -0.924320366902932, -0.9712089676356377, -1.0190480129777904, -1.0678219218702183, -1.1175151132537509, -1.168112006069216, -1.2195970192574432, -1.2719545717592606, -1.3251690825154974, -1.3792249704669821, -1.4341066545545431, -1.4897985537190095, -1.5462850869012101, -1.6035506730419737, -1.6615797310821296, -1.720356679962505, -1.77986593862393, -1.8400919260072324, -1.901019061053242, -1.9626317627027865, -2.024914449896696, -2.087851541575797, -2.15142745668092, -2.2156266141528946, -2.280433432932546, -2.3458323319607075, -2.4118077301782033, -2.478344046525866, -2.545425699944522, -2.6130371093750013, -2.6811626937581314, -2.749786872034744, -2.8188940631456623, -2.8884686860317204, -2.958495159633744, -3.0289579028925635, -3.0998413347490064, -3.1711298741439027, -3.24280794001808, -3.314859951312368, -3.3872703269675926, -3.4600234859245886, -3.5331038471241785, -3.606495829507195, -3.680183852014464, -3.7541523335868145, -3.8283856931650795, -3.902868349690083, -3.977584722102656, -4.052519229343627, -4.127656290353824, -4.202980324074076, -4.27847574944521, -4.35412698540806, -4.429918450903448, -4.505834564872209, -4.581859746255166, -4.657978413993153, -4.734174987026996, -4.810433884297521, -4.886739524745565, -4.963076327311946, -5.039428710937501],
         "dplt_grid": [0.0, 6.0606060606060606, 12.121212121212121, 18.18181818181818, 24.242424242424242, 30.303030303030305, 36.36363636363636, 42.42424242424242, 48.484848484848484, 54.54545454545455, 60.60606060606061, 66.66666666666667, 72.72727272727272, 78.78787878787878, 84.84848484848484, 90.9090909090909, 96.96969696969697, 103.03030303030303, 109.0909090909091, 115.15151515151516, 121.21212121212122, 127.27272727272727, 133.33333333333334, 139.3939393939394, 145.45454545454544, 151.5151515151515, 157.57575757575756, 163.63636363636363, 169.6969696969697, 175.75757575757575, 181.8181818181818, 187.87878787878788, 193.93939393939394, 200.0, 206.06060606060606, 212.12121212121212, 218.1818181818182, 224.24242424242425, 230.3030303030303, 236.36363636363637, 242.42424242424244, 248.48484848484847, 254.54545454545453, 260.6060606060606, 266.6666666666667, 272.72727272727275, 278.7878787878788, 284.8484848484849, 290.9090909090909, 296.96969696969694, 303.030303030303, 309.09090909090907, 315.1515151515151, 321.2121212121212, 327.27272727272725, 333.3333333333333, 339.3939393939394, 345.45454545454544, 351.5151515151515, 357.57575757575756, 363.6363636363636, 369.6969696969697, 375.75757575757575, 381.8181818181818, 387.8787878787879, 393.93939393939394, 400.0, 406.06060606060606, 412.1212121212121, 418.1818181818182, 424.24242424242425, 430.3030303030303, 436.3636363636364, 442.42424242424244, 448.4848484848485, 454.54545454545456, 460.6060606060606, 466.6666666666667, 472.72727272727275, 478.7878787878788, 484.8484848484849, 490.9090909090909, 496.96969696969694, 503.030303030303, 509.09090909090907, 515.1515151515151, 521.2121212121212, 527.2727272727273, 533.3333333333334, 539.3939393939394, 545.4545454545455, 551.5151515151515, 557.5757575757576, 563.6363636363636, 569.6969696969697, 575.7575757575758, 581.8181818181818, 587.8787878787879, 593.9393939393939, 600.0],
         "dplt_at_force_location": -5.039428710937501,
         "maximum_dplt": -5.039428710937501,
         "location_max_dplt": 600.0
    },
     "metadata": {
         "error_code": 0,
         "model": "BendingTestAnalytical",
         "load_case": "Cantilever",
         "description": "",
         "job_name": "",
         "persistent_result_files": "",
         "n_cpus": 1,
         "date": "2026-06-16 18:11:08.750960",
         "cpu_time": 0.2048337459564209,
         "user": "sebastien.bocquet",
         "machine": "PCBM20250036",
         "vims_git_version": "5cd5cf5ab4caf1fa2c2190f0396e06b5b5639fd0",
         "directory_archive_root": "C:\\Users\\sebastien.bocquet\\Dev\\vimseo\\docs\\runnable_examples\\model_runs\\archive\\calibration_scalars",
         "directory_archive_job": "C:\\Users\\sebastien.bocquet\\Dev\\vimseo\\docs\\runnable_examples\\model_runs\\archive\\calibration_scalars\\BendingTestAnalytical\\Cantilever\\650",
         "directory_scratch_root": "C:\\Users\\sebastien.bocquet\\Dev\\vimseo\\docs\\runnable_examples\\model_runs\\scratch\\calibration_scalars",
         "directory_scratch_job": ""
    }
}