{
     "inputs": {
         "length": 613.1609783363249,
         "width": 29.632516605927766,
         "height": 40.788779871498626,
         "imposed_dplt": -14.801394451582976,
         "relative_dplt_location": 0.8745158132385554,
         "young_modulus": 207054.05894733357,
         "nu_p": 0.30969768362041655
    },
     "outputs": {
         "reaction_forces": -9992.877025779033,
         "moment": [5358370.24224778, 0.0, 0.0],
         "moment_grid": [0.0, 536.2189716159394, 613.1609783363249],
         "dplt": [0.0, -0.0029506170613781144, -0.011756851526679477, -0.026350278317654668, -0.046662472356054224, -0.07262500856362865, -0.1041694618621285, -0.14122740717330431, -0.18373041941890653, -0.23161007352068572, -0.2847979444003925, -0.3432256069797774, -0.40682463618059067, -0.47552660692458326, -0.5492630941335058, -0.6279656727291085, -0.7115659176331417, -0.7999954037673566, -0.8931858511986261, -0.9911117547433907, -1.0937324936302382, -1.2009710125270008, -1.3127505776784663, -1.4289947769063782, -1.549627519609436, -1.6745730367632958, -1.8037558809205687, -1.937100926210822, -2.074533368340579, -2.215978724593319, -2.361362833829476, -2.5106118564864417, -2.6636522745785625, -2.8204108916971413, -2.980814833010436, -3.1447915452636614, -3.312268796778988, -3.483174677455543, -3.6574375987694068, -3.834986293773617, -4.01574981709817, -4.199657544950013, -4.386639175113054, -4.576624726948152, -4.769544541393126, -4.965329280962747, -5.163909929748749, -5.365217793419813, -5.569184499221581, -5.775741995976652, -5.984822554084575, -6.196358765521863, -6.410283543841976, -6.626530124175339, -6.845032063229324, -7.065723239288266, -7.28853785221345, -7.513410423443126, -7.740275795992494, -7.969069134453697, -8.199725924995864, -8.432181975365047, -8.66637341488428, -8.902236694453538, -9.139708586549762, -9.378726185226837, -9.61922690611561, -9.86114848642389, -10.104428984936428, -10.349006782014941, -10.594820579598101, -10.84180940120154, -11.089912591917829, -11.339069818416512, -11.58922106894409, -11.840306653323998, -12.092267202956652, -12.345043670819411, -12.598577331466602, -12.852809781029483, -13.107682937216293, -13.363139039312216, -13.619120648179393, -13.875570646256918, -14.13243223756085, -14.389648947684192, -14.647164623796913, -14.904923434645934, -15.162869870555129, -15.420948743425331, -15.679104708285843, -15.937276706685447, -16.195448705085045, -16.453620703484646, -16.711792701884246, -16.96996470028385, -17.22813669868345, -17.486308697083047, -17.744480695482654, -18.00265269388225],
         "dplt_grid": [0.0, 6.193545235720453, 12.387090471440906, 18.58063570716136, 24.774180942881813, 30.967726178602266, 37.16127141432272, 43.354816650043176, 49.548361885763626, 55.741907121484076, 61.93545235720453, 68.12899759292499, 74.32254282864544, 80.51608806436589, 86.70963330008635, 92.9031785358068, 99.09672377152725, 105.2902690072477, 111.48381424296815, 117.67735947868862, 123.87090471440906, 130.06444995012953, 136.25799518584998, 142.45154042157043, 148.64508565729088, 154.83863089301133, 161.03217612873178, 167.22572136445223, 173.4192666001727, 179.61281183589315, 185.8063570716136, 191.99990230733405, 198.1934475430545, 204.38699277877495, 210.5805380144954, 216.77408325021585, 222.9676284859363, 229.16117372165678, 235.35471895737723, 241.54826419309768, 247.74180942881813, 253.93535466453858, 260.12889990025906, 266.3224451359795, 272.51599037169996, 278.7095356074204, 284.90308084314086, 291.0966260788613, 297.29017131458176, 303.48371655030223, 309.67726178602265, 315.87080702174313, 322.06435225746355, 328.25789749318403, 334.45144272890445, 340.64498796462493, 346.8385332003454, 353.03207843606583, 359.2256236717863, 365.41916890750673, 371.6127141432272, 377.80625937894763, 383.9998046146681, 390.19334985038853, 396.386895086109, 402.5804403218295, 408.7739855575499, 414.9675307932704, 421.1610760289908, 427.3546212647113, 433.5481665004317, 439.7417117361522, 445.9352569718726, 452.1288022075931, 458.32234744331356, 464.515892679034, 470.70943791475446, 476.9029831504749, 483.09652838619536, 489.2900736219158, 495.48361885763626, 501.67716409335674, 507.87070932907716, 514.0642545647976, 520.2577998005181, 526.4513450362385, 532.644890271959, 538.8384355076794, 545.0319807433999, 551.2255259791203, 557.4190712148408, 563.6126164505613, 569.8061616862817, 575.9997069220021, 582.1932521577226, 588.3867973934431, 594.5803426291635, 600.7738878648839, 606.9674331006045, 613.1609783363249],
         "dplt_at_force_location": -14.795908343595531,
         "maximum_dplt": -18.00265269388225,
         "location_max_dplt": 613.1609783363249
    },
     "metadata": {
         "error_code": 0,
         "model": "BendingTestAnalytical",
         "load_case": "Cantilever",
         "description": "",
         "job_name": "",
         "persistent_result_files": "",
         "n_cpus": 1,
         "date": "2026-03-26 14:57:55.540444",
         "cpu_time": 0.0036067962646484375,
         "user": "sebastien.bocquet",
         "machine": "IPF7101",
         "vims_git_version": "d0050d8de498c8354552cdde540fb3e524454871",
         "directory_archive_root": "/home/sebastien.bocquet/PycharmProjects/vimseo/docs/runnable_examples/model_runs/archive/uq",
         "directory_archive_job": "/home/sebastien.bocquet/PycharmProjects/vimseo/docs/runnable_examples/model_runs/archive/uq/BendingTestAnalytical/Cantilever/49",
         "directory_scratch_root": "/home/sebastien.bocquet/PycharmProjects/vimseo/docs/runnable_examples/model_runs/scratch/uq",
         "directory_scratch_job": ""
    }
}