{
     "inputs": {
         "young_modulus": 230000.0,
         "Cantilever:length": 600.0,
         "Cantilever:width": 29.499755859375,
         "Cantilever:height": 40.2801513671875,
         "Cantilever:imposed_dplt": -5.006591796875,
         "Cantilever:relative_dplt_location": 1.0,
         "Cantilever:nu_p": 0.3
    },
     "outputs": {
         "length": 600.0,
         "width": 29.499755859375,
         "height": 40.2801513671875,
         "imposed_dplt": -5.006591796875,
         "relative_dplt_location": 1.0,
         "nu_p": 0.3,
         "reaction_forces": -2569.4962042163334,
         "moment": [1541697.7225298, 0.0],
         "moment_grid": [0.0, 600.0],
         "dplt": [0.0, -0.0007636569613464512, -0.003044308156718957, -0.006826474053117258, -0.012094675117541085, -0.018833431816990175, -0.02702726461846424, -0.036660693988963045, -0.047718240395486305, -0.06018442430503374, -0.0740437661846051, -0.08928078650120012, -0.10588000572181852, -0.12382594431346007, -0.14310312274312445, -0.1636960614778114, -0.18558928098452068, -0.2087673017302521, -0.23321464418200522, -0.2589158288067807, -0.2858553760715768, -0.31401780644339383, -0.3433876403892318, -0.37394939837609015, -0.40568760087096856, -0.4385867683408671, -0.4726314212527853, -0.5078060800737229, -0.5440952652706796, -0.5814834973106552, -0.6199552966606495, -0.6594951837876621, -0.7000876791586927, -0.7417173032407413, -0.7843685765008074, -0.8280260194058906, -0.8726741524229908, -0.9182974960191082, -0.9648805706612417, -1.0124078968163914, -1.060863994951557, -1.1102333855337385, -1.1605005890299351, -1.2116501259071473, -1.2636665166323742, -1.3165342816726155, -1.3702379414948713, -1.424762016566141, -1.4800910273534247, -1.536209494323722, -1.5931019379440325, -1.6507528786813561, -1.7091468370026923, -1.7682683333750409, -1.8281018882654023, -1.8886320221407753, -1.9498432554681595, -2.0117201087145564, -2.0742471023469635, -2.1374087568323814, -2.2011895926378107, -2.2655741302302492, -2.3305468900766995, -2.3960923926441575, -2.4621951583996267, -2.5288397078101044, -2.5960105613425912, -2.6636922394640874, -2.731869262641592, -2.8005261513421034, -2.869647426032625, -2.9392176071801526, -3.009221215251688, -3.0796427707142313, -3.1504667940347817, -3.221677805680337, -3.2932603261179003, -3.365198875814468, -3.4374779752370435, -3.510082144852624, -3.5829959051282096, -3.656203776530799, -3.7296902795273934, -3.8034399345849947, -3.8774372621705977, -3.951666782751207, -4.026113016793819, -4.100760484765435, -4.175593707133054, -4.250597204363674, -4.3257554969243, -4.401053105281925, -4.476474549903554, -4.552004351256183, -4.627627029806817, -4.70332710602245, -4.779089100370084, -4.85489753331672, -4.930736925329356, -5.006591796874992],
         "dplt_grid": [0.0, 6.0606060606060606, 12.121212121212121, 18.18181818181818, 24.242424242424242, 30.303030303030305, 36.36363636363636, 42.42424242424242, 48.484848484848484, 54.54545454545455, 60.60606060606061, 66.66666666666667, 72.72727272727272, 78.78787878787878, 84.84848484848484, 90.9090909090909, 96.96969696969697, 103.03030303030303, 109.0909090909091, 115.15151515151516, 121.21212121212122, 127.27272727272727, 133.33333333333334, 139.3939393939394, 145.45454545454544, 151.5151515151515, 157.57575757575756, 163.63636363636363, 169.6969696969697, 175.75757575757575, 181.8181818181818, 187.87878787878788, 193.93939393939394, 200.0, 206.06060606060606, 212.12121212121212, 218.1818181818182, 224.24242424242425, 230.3030303030303, 236.36363636363637, 242.42424242424244, 248.48484848484847, 254.54545454545453, 260.6060606060606, 266.6666666666667, 272.72727272727275, 278.7878787878788, 284.8484848484849, 290.9090909090909, 296.96969696969694, 303.030303030303, 309.09090909090907, 315.1515151515151, 321.2121212121212, 327.27272727272725, 333.3333333333333, 339.3939393939394, 345.45454545454544, 351.5151515151515, 357.57575757575756, 363.6363636363636, 369.6969696969697, 375.75757575757575, 381.8181818181818, 387.8787878787879, 393.93939393939394, 400.0, 406.06060606060606, 412.1212121212121, 418.1818181818182, 424.24242424242425, 430.3030303030303, 436.3636363636364, 442.42424242424244, 448.4848484848485, 454.54545454545456, 460.6060606060606, 466.6666666666667, 472.72727272727275, 478.7878787878788, 484.8484848484849, 490.9090909090909, 496.96969696969694, 503.030303030303, 509.09090909090907, 515.1515151515151, 521.2121212121212, 527.2727272727273, 533.3333333333334, 539.3939393939394, 545.4545454545455, 551.5151515151515, 557.5757575757576, 563.6363636363636, 569.6969696969697, 575.7575757575758, 581.8181818181818, 587.8787878787879, 593.9393939393939, 600.0],
         "dplt_at_force_location": -5.006591796874992,
         "maximum_dplt": -5.006591796874992,
         "location_max_dplt": 600.0
    },
     "metadata": {
         "error_code": 0,
         "model": "BendingTestAnalytical",
         "load_case": "Cantilever",
         "description": "",
         "job_name": "",
         "persistent_result_files": "",
         "n_cpus": 1,
         "date": "2026-06-16 18:10:25.468081",
         "cpu_time": 0.3018195629119873,
         "user": "sebastien.bocquet",
         "machine": "PCBM20250036",
         "vims_git_version": "3de96ae2320a30b8a84551033e41da0fca6276ac",
         "directory_archive_root": "C:\\Users\\sebastien.bocquet\\Dev\\vimseo\\docs\\runnable_examples\\model_runs\\archive\\calibration_scalars",
         "directory_archive_job": "C:\\Users\\sebastien.bocquet\\Dev\\vimseo\\docs\\runnable_examples\\model_runs\\archive\\calibration_scalars\\BendingTestAnalytical\\Cantilever\\498",
         "directory_scratch_root": "C:\\Users\\sebastien.bocquet\\Dev\\vimseo\\docs\\runnable_examples\\model_runs\\scratch\\calibration_scalars",
         "directory_scratch_job": ""
    }
}