{
     "inputs": {
         "young_modulus": 219280.42700239795,
         "Cantilever:length": 600.0,
         "Cantilever:width": 29.599609375,
         "Cantilever:height": 40.2264404296875,
         "Cantilever:imposed_dplt": -5.0703125,
         "Cantilever:relative_dplt_location": 1.0,
         "Cantilever:nu_p": 0.3
    },
     "outputs": {
         "length": 600.0,
         "width": 29.599609375,
         "height": 40.2264404296875,
         "imposed_dplt": -5.0703125,
         "relative_dplt_location": 1.0,
         "nu_p": 0.3,
         "reaction_forces": -2479.371732493263,
         "moment": [1487623.0394959578, 0.0],
         "moment_grid": [0.0, 600.0],
         "dplt": [0.0, -0.0007733762994705756, -0.003083054166808373, -0.006913357055402513, -0.012248608418642108, -0.019073131709916258, -0.02737125038261406, -0.03712728789012465, -0.0483255676858371, -0.06095041322314054, -0.07498614795542409, -0.09041709533607682, -0.10722757881848785, -0.12540192185604637, -0.14492444790214137, -0.165779480410162, -0.18795134283349746, -0.21142435862553677, -0.23618285123966912, -0.2622111441292836, -0.2894935607477693, -0.31801442454851514, -0.34775805898491063, -0.37870878751034454, -0.4108509335782059, -0.44416882064188423, -0.4786467721547684, -0.5142691115702476, -0.5510201623417108, -0.5888842479225471, -0.6278456917661459, -0.6678888173258961, -0.7089979480551867, -0.751157407407407, -0.7943515188359461, -0.8385646057941929, -0.8837809917355368, -0.9299850001133668, -0.9771609543810719, -1.0252931779920413, -1.0743659943996642, -1.1243637270573292, -1.175270699418426, -1.2270712349363442, -1.2797496570644715, -1.333290289256198, -1.387677454964913, -1.4428954776440044, -1.4989286807468614, -1.555761387726875, -1.613377922037433, -1.6717626071319245, -1.7308997664637387, -1.7907737234862648, -1.8513688016528915, -1.912669324417009, -1.9746596152320053, -2.03732399755127, -2.1006467948281915, -2.1646123305161598, -2.229204928068564, -2.294408910938792, -2.360208602580235, -2.4265883264462804, -2.493532405990318, -2.561025164665736, -2.6290509259259256, -2.6975940132242733, -2.7666387500141707, -2.8361694597490046, -2.9061704658821657, -2.9766260918670424, -3.0475206611570242, -3.1188384972054997, -3.190563923465859, -3.2626812633914897, -3.335174840435783, -3.4080289780521253, -3.481227999693908, -3.554756228814519, -3.6285979888673494, -3.702737603305784, -3.777159395583216, -3.851847689153033, -3.9267868074686234, -4.00196107398338, -4.077354812150687, -4.152952345423935, -4.228737997256516, -4.304696091101813, -4.380810950413222, -4.457066898644128, -4.533448259247922, -4.60993935567799, -4.686524511387726, -4.763188049830514, -4.839914294459747, -4.916687568728813, -4.993492196091099, -5.070312499999998],
         "dplt_grid": [0.0, 6.0606060606060606, 12.121212121212121, 18.18181818181818, 24.242424242424242, 30.303030303030305, 36.36363636363636, 42.42424242424242, 48.484848484848484, 54.54545454545455, 60.60606060606061, 66.66666666666667, 72.72727272727272, 78.78787878787878, 84.84848484848484, 90.9090909090909, 96.96969696969697, 103.03030303030303, 109.0909090909091, 115.15151515151516, 121.21212121212122, 127.27272727272727, 133.33333333333334, 139.3939393939394, 145.45454545454544, 151.5151515151515, 157.57575757575756, 163.63636363636363, 169.6969696969697, 175.75757575757575, 181.8181818181818, 187.87878787878788, 193.93939393939394, 200.0, 206.06060606060606, 212.12121212121212, 218.1818181818182, 224.24242424242425, 230.3030303030303, 236.36363636363637, 242.42424242424244, 248.48484848484847, 254.54545454545453, 260.6060606060606, 266.6666666666667, 272.72727272727275, 278.7878787878788, 284.8484848484849, 290.9090909090909, 296.96969696969694, 303.030303030303, 309.09090909090907, 315.1515151515151, 321.2121212121212, 327.27272727272725, 333.3333333333333, 339.3939393939394, 345.45454545454544, 351.5151515151515, 357.57575757575756, 363.6363636363636, 369.6969696969697, 375.75757575757575, 381.8181818181818, 387.8787878787879, 393.93939393939394, 400.0, 406.06060606060606, 412.1212121212121, 418.1818181818182, 424.24242424242425, 430.3030303030303, 436.3636363636364, 442.42424242424244, 448.4848484848485, 454.54545454545456, 460.6060606060606, 466.6666666666667, 472.72727272727275, 478.7878787878788, 484.8484848484849, 490.9090909090909, 496.96969696969694, 503.030303030303, 509.09090909090907, 515.1515151515151, 521.2121212121212, 527.2727272727273, 533.3333333333334, 539.3939393939394, 545.4545454545455, 551.5151515151515, 557.5757575757576, 563.6363636363636, 569.6969696969697, 575.7575757575758, 581.8181818181818, 587.8787878787879, 593.9393939393939, 600.0],
         "dplt_at_force_location": -5.070312499999998,
         "maximum_dplt": -5.070312499999998,
         "location_max_dplt": 600.0
    },
     "metadata": {
         "error_code": 0,
         "model": "BendingTestAnalytical",
         "load_case": "Cantilever",
         "description": "",
         "job_name": "",
         "persistent_result_files": "",
         "n_cpus": 1,
         "date": "2026-03-26 14:57:41.774527",
         "cpu_time": 0.005322694778442383,
         "user": "sebastien.bocquet",
         "machine": "IPF7101",
         "vims_git_version": "d0050d8de498c8354552cdde540fb3e524454871",
         "directory_archive_root": "/home/sebastien.bocquet/PycharmProjects/vimseo/docs/runnable_examples/model_runs/archive/calibration_scalars",
         "directory_archive_job": "/home/sebastien.bocquet/PycharmProjects/vimseo/docs/runnable_examples/model_runs/archive/calibration_scalars/BendingTestAnalytical/Cantilever/196",
         "directory_scratch_root": "/home/sebastien.bocquet/PycharmProjects/vimseo/docs/runnable_examples/model_runs/scratch/calibration_scalars",
         "directory_scratch_job": ""
    }
}