{
     "inputs": {
         "young_modulus": 219905.42700239795,
         "Cantilever:length": 600.0,
         "Cantilever:width": 30.1756591796875,
         "Cantilever:height": 39.9495849609375,
         "Cantilever:imposed_dplt": -5.0394287109375,
         "Cantilever:relative_dplt_location": 1.0,
         "Cantilever:nu_p": 0.3
    },
     "outputs": {
         "length": 600.0,
         "width": 30.1756591796875,
         "height": 39.9495849609375,
         "imposed_dplt": -5.0394287109375,
         "relative_dplt_location": 1.0,
         "nu_p": 0.3,
         "reaction_forces": -2467.7268817182835,
         "moment": [1480636.1290309702, 0.0],
         "moment_grid": [0.0, 600.0],
         "dplt": [0.0, -0.0007686655857820638, -0.0030642749703474106, -0.00687124709452479, -0.012174000899142943, -0.01895695532503061, -0.02720452931301652, -0.03690114180392945, -0.04803121173859809, -0.06057915805785123, -0.07452939970251758, -0.08986635561342589, -0.10657444473140486, -0.12463808599728335, -0.14404169835189, -0.16476970073605357, -0.18680651209060284, -0.2101365513563666, -0.2347442374741734, -0.2606139893848523, -0.28773022602923176, -0.3160773663481405, -0.34563982928240755, -0.3764020337728614, -0.4083483987603307, -0.4414633431856445, -0.47573128598963144, -0.5111366461131202, -0.5476638424969394, -0.5852972940819181, -0.6240214198088848, -0.6638206386186685, -0.7046793694520974, -0.7465820312500009, -0.7895130429532072, -0.8334568235025454, -0.878397791838844, -0.9243203669029321, -0.9712089676356379, -1.0190480129777906, -1.0678219218702187, -1.1175151132537509, -1.168112006069216, -1.2195970192574432, -1.271954571759261, -1.3251690825154974, -1.3792249704669821, -1.4341066545545431, -1.4897985537190093, -1.5462850869012101, -1.6035506730419737, -1.6615797310821294, -1.720356679962505, -1.7798659386239295, -1.8400919260072324, -1.9010190610532416, -1.9626317627027858, -2.0249144498966953, -2.0878515415757963, -2.1514274566809197, -2.2156266141528933, -2.2804334329325453, -2.3458323319607066, -2.411807730178202, -2.478344046525865, -2.5454256999445204, -2.613037109375, -2.6811626937581297, -2.749786872034741, -2.8188940631456605, -2.888468686031718, -2.958495159633742, -3.028957902892561, -3.099841334749003, -3.171129874143899, -3.242807940018076, -3.3148599513123638, -3.387270326967589, -3.4600234859245838, -3.533103847124173, -3.6064958295071903, -3.6801838520144585, -3.7541523335868106, -3.828385693165074, -3.902868349690077, -3.97758472210265, -4.05251922934362, -4.1276562903538165, -4.202980324074067, -4.278475749445203, -4.354126985408051, -4.4299184509034415, -4.505834564872201, -4.581859746255157, -4.657978413993144, -4.734174987026986, -4.810433884297511, -4.886739524745554, -4.963076327311935, -5.039428710937491],
         "dplt_grid": [0.0, 6.0606060606060606, 12.121212121212121, 18.18181818181818, 24.242424242424242, 30.303030303030305, 36.36363636363636, 42.42424242424242, 48.484848484848484, 54.54545454545455, 60.60606060606061, 66.66666666666667, 72.72727272727272, 78.78787878787878, 84.84848484848484, 90.9090909090909, 96.96969696969697, 103.03030303030303, 109.0909090909091, 115.15151515151516, 121.21212121212122, 127.27272727272727, 133.33333333333334, 139.3939393939394, 145.45454545454544, 151.5151515151515, 157.57575757575756, 163.63636363636363, 169.6969696969697, 175.75757575757575, 181.8181818181818, 187.87878787878788, 193.93939393939394, 200.0, 206.06060606060606, 212.12121212121212, 218.1818181818182, 224.24242424242425, 230.3030303030303, 236.36363636363637, 242.42424242424244, 248.48484848484847, 254.54545454545453, 260.6060606060606, 266.6666666666667, 272.72727272727275, 278.7878787878788, 284.8484848484849, 290.9090909090909, 296.96969696969694, 303.030303030303, 309.09090909090907, 315.1515151515151, 321.2121212121212, 327.27272727272725, 333.3333333333333, 339.3939393939394, 345.45454545454544, 351.5151515151515, 357.57575757575756, 363.6363636363636, 369.6969696969697, 375.75757575757575, 381.8181818181818, 387.8787878787879, 393.93939393939394, 400.0, 406.06060606060606, 412.1212121212121, 418.1818181818182, 424.24242424242425, 430.3030303030303, 436.3636363636364, 442.42424242424244, 448.4848484848485, 454.54545454545456, 460.6060606060606, 466.6666666666667, 472.72727272727275, 478.7878787878788, 484.8484848484849, 490.9090909090909, 496.96969696969694, 503.030303030303, 509.09090909090907, 515.1515151515151, 521.2121212121212, 527.2727272727273, 533.3333333333334, 539.3939393939394, 545.4545454545455, 551.5151515151515, 557.5757575757576, 563.6363636363636, 569.6969696969697, 575.7575757575758, 581.8181818181818, 587.8787878787879, 593.9393939393939, 600.0],
         "dplt_at_force_location": -5.039428710937491,
         "maximum_dplt": -5.039428710937491,
         "location_max_dplt": 600.0
    },
     "metadata": {
         "error_code": 0,
         "model": "BendingTestAnalytical",
         "load_case": "Cantilever",
         "description": "",
         "job_name": "",
         "persistent_result_files": "",
         "n_cpus": 1,
         "date": "2026-06-16 18:11:07.016228",
         "cpu_time": 0.2301928997039795,
         "user": "sebastien.bocquet",
         "machine": "PCBM20250036",
         "vims_git_version": "5cd5cf5ab4caf1fa2c2190f0396e06b5b5639fd0",
         "directory_archive_root": "C:\\Users\\sebastien.bocquet\\Dev\\vimseo\\docs\\runnable_examples\\model_runs\\archive\\calibration_scalars",
         "directory_archive_job": "C:\\Users\\sebastien.bocquet\\Dev\\vimseo\\docs\\runnable_examples\\model_runs\\archive\\calibration_scalars\\BendingTestAnalytical\\Cantilever\\644",
         "directory_scratch_root": "C:\\Users\\sebastien.bocquet\\Dev\\vimseo\\docs\\runnable_examples\\model_runs\\scratch\\calibration_scalars",
         "directory_scratch_job": ""
    }
}