{
     "inputs": {
         "length": 651.0465165211369,
         "width": 30.0,
         "height": 43.48446100303782,
         "imposed_dplt": 13.678710172375489,
         "relative_dplt_location": 0.517097521240301,
         "young_modulus": 210000.0,
         "nu_p": 0.3
    },
     "outputs": {
         "reaction_forces": 46427.42032314553,
         "moment": [-15630001.827874474, 0.0, 0.0],
         "moment_grid": [0.0, 336.6545399052126, 651.0465165211369],
         "dplt": [0.0, 0.0077782879266495115, 0.030909235289508653, 0.06908696746294343, 0.12200560982131974, 0.18935928773900337, 0.2708421265903602, 0.36614825174975624, 0.47497178859155714, 0.597006862490129, 0.7319475988198377, 0.879488122955049, 1.0393225602701286, 1.2111450361394434, 1.3946496759373588, 1.5895306050382398, 1.7954819488164542, 2.0121967459960586, 2.2392409479865307, 2.4761909818553582, 2.722703166847256, 2.978439768899673, 3.2430690006427927, 3.516265021399533, 3.797707937185546, 4.087083800709215, 4.3840846113716605, 4.688408315266738, 4.999758805181032, 5.317845920593864, 5.642385447677293, 5.973099119296106, 6.309714615007826, 6.6519655610627115, 6.999591530403757, 7.352338042666682, 7.709956564179951, 8.072204507964756, 8.438845233735027, 8.80964804789742, 9.18438820355134, 9.562846900488907, 9.94481128519499, 10.330074450847189, 10.718435437315833, 11.109699231163987, 11.503676765647452, 11.900184920714763, 12.299046523007185, 12.700090345858722, 13.10315110929611, 13.508069480038824, 13.914692071499058, 14.322871443781759, 14.732466103684597, 15.143340504697969, 15.555365047005031, 15.968416077481647, 16.382375889696423, 16.79713272391071, 17.212580767078578, 17.62862015284684, 18.045156961555048, 18.462103220235456, 18.8793769026131, 19.296901929105726, 19.714608166823798, 20.13243142957054, 20.550313477841907, 20.968202018826567, 21.386050706405946, 21.803819141154197, 22.2214728703382, 22.638983387917573, 23.05632813454466, 23.473490497564566, 23.890459811015102, 24.30723135562683, 24.723806358823033, 25.14019199471973, 25.556401384125675, 25.972453594542362, 26.388373640164026, 26.80419248187762, 27.219947027262833, 27.635680130592092, 28.05144059283057, 28.467233672924717, 28.88302676171513, 29.29881985050554, 29.714612939295954, 30.130406028086366, 30.54619911687677, 30.961992205667183, 31.377785294457595, 31.79357838324801, 32.20937147203842, 32.625164560828836, 33.040957649619244, 33.45675073840965],
         "dplt_grid": [0.0, 6.576227439607444, 13.152454879214888, 19.728682318822333, 26.304909758429776, 32.88113719803722, 39.457364637644666, 46.03359207725211, 52.60981951685955, 59.186046956466996, 65.76227439607445, 72.33850183568188, 78.91472927528933, 85.49095671489677, 92.06718415450422, 98.64341159411165, 105.2196390337191, 111.79586647332656, 118.37209391293399, 124.94832135254144, 131.5245487921489, 138.10077623175633, 144.67700367136376, 151.2532311109712, 157.82945855057866, 164.4056859901861, 170.98191342979354, 177.558140869401, 184.13436830900844, 190.71059574861587, 197.2868231882233, 203.86305062783077, 210.4392780674382, 217.01550550704565, 223.5917329466531, 230.16796038626055, 236.74418782586798, 243.32041526547542, 249.89664270508288, 256.4728701446903, 263.0490975842978, 269.6253250239052, 276.20155246351266, 282.7777799031201, 289.3540073427275, 295.930234782335, 302.5064622219424, 309.08268966154986, 315.65891710115733, 322.23514454076474, 328.8113719803722, 335.38759941997967, 341.9638268595871, 348.54005429919454, 355.116281738802, 361.6925091784094, 368.2687366180169, 374.84496405762434, 381.42119149723175, 387.9974189368392, 394.5736463764466, 401.1498738160541, 407.72610125566155, 414.30232869526895, 420.8785561348764, 427.4547835744839, 434.0310110140913, 440.60723845369876, 447.1834658933062, 453.7596933329136, 460.3359207725211, 466.9121482121285, 473.48837565173596, 480.06460309134343, 486.64083053095084, 493.2170579705583, 499.79328541016577, 506.3695128497732, 512.9457402893806, 519.5219677289881, 526.0981951685956, 532.6744226082029, 539.2506500478104, 545.8268774874178, 552.4031049270253, 558.9793323666328, 565.5555598062402, 572.1317872458476, 578.708014685455, 585.2842421250625, 591.86046956467, 598.4366970042774, 605.0129244438848, 611.5891518834923, 618.1653793230997, 624.7416067627072, 631.3178342023147, 637.8940616419221, 644.4702890815295, 651.0465165211369],
         "dplt_at_force_location": 13.586407193881952,
         "maximum_dplt": 33.45675073840965,
         "location_max_dplt": 651.0465165211369
    },
     "metadata": {
         "error_code": 0,
         "model": "BendingTestAnalytical",
         "load_case": "Cantilever",
         "description": "",
         "job_name": "",
         "persistent_result_files": "",
         "n_cpus": 1,
         "date": "2026-03-17 09:05:03.112370",
         "cpu_time": 0.012574911117553711,
         "user": "sebastien.bocquet",
         "machine": "B20191729",
         "vims_git_version": "1b6e7132b9faba0cc93317d127a381ee76a8cb8e",
         "directory_archive_root": "C:\\Users\\sebastien.bocquet\\PycharmProjects\\vimseo\\docs\\runnable_examples\\model_runs\\archive\\verification_vs_model",
         "directory_archive_job": "C:\\Users\\sebastien.bocquet\\PycharmProjects\\vimseo\\docs\\runnable_examples\\model_runs\\archive\\verification_vs_model\\BendingTestAnalytical\\Cantilever\\12",
         "directory_scratch_root": "C:\\Users\\sebastien.bocquet\\PycharmProjects\\vimseo\\docs\\runnable_examples\\model_runs\\scratch\\verification_vs_model",
         "directory_scratch_job": ""
    }
}