{
     "inputs": {
         "young_modulus": 216896.2904293925,
         "Cantilever:length": 600.0,
         "Cantilever:width": 30.4969482421875,
         "Cantilever:height": 40.7369384765625,
         "Cantilever:imposed_dplt": -5.064697265625,
         "Cantilever:relative_dplt_location": 1.0,
         "Cantilever:nu_p": 0.3
    },
     "outputs": {
         "length": 600.0,
         "width": 30.4969482421875,
         "height": 40.7369384765625,
         "imposed_dplt": -5.064697265625,
         "relative_dplt_location": 1.0,
         "nu_p": 0.3,
         "reaction_forces": -2621.280019780017,
         "moment": [1572768.0118680103, 0.0],
         "moment_grid": [0.0, 600.0],
         "dplt": [0.0, -0.0007725198060726643, -0.003079639767451836, -0.006905700698879285, -0.012235043415096784, -0.019052008730846105, -0.02734093746086901, -0.03708617041990728, -0.04827204842270268, -0.06088291228399699, -0.07490310281853195, -0.0903169608410494, -0.10710882716629101, -0.12526304260899865, -0.14476394798391407, -0.16559588410577894, -0.1877431917893351, -0.2111902118493244, -0.23592128510048846, -0.2619207523575692, -0.2891729544353082, -0.3176622321484474, -0.3473729263117286, -0.37828937773989346, -0.4103959272476836, -0.44367691564984113, -0.4781166837611076, -0.5136995723962249, -0.5504099223699348, -0.5882320744969789, -0.6271503695920991, -0.6671491484700373, -0.7082127519455349, -0.7503255208333338, -0.7934717959481762, -0.8376359181048034, -0.8828022281179573, -0.9289550668023797, -0.976078774972812, -1.0241576934439969, -1.073176163030675, -1.1231185245475888, -1.17396911880948, -1.2257122866310906, -1.278332368827162, -1.3318137062124356, -1.3861406396016538, -1.4412975098095582, -1.4972686576508898, -1.554038423940392, -1.6115911494928052, -1.6699111751228723, -1.728982841645334, -1.7887904898749323, -1.8493184606264097, -1.9105510947145066, -1.9724727329539664, -2.03506771615953, -2.0983203851459384, -2.1622150807279352, -2.2267361437202613, -2.291867914937657, -2.3575947351948674, -2.4239009453066305, -2.4907708860876916, -2.5581888983527894, -2.626139322916667, -2.6946065005940665, -2.76357477219973, -2.8330284785483966, -2.9029519604548124, -2.9733295587337154, -3.04414561419985, -3.115384467667955, -3.1870304599527763, -3.2590679318690507, -3.331481224231525, -3.4042546778549365, -3.4773726335540314, -3.5508194321435473, -3.624579414438229, -3.6986369212528163, -3.7729762934020505, -3.8475818717006773, -3.922437996963433, -3.9975290100050644, -4.072839251640311, -4.148353062683913, -4.224054783950615, -4.299928756255158, -4.375959320412282, -4.452130817236731, -4.528427587543244, -4.604833972146566, -4.681334311861439, -4.7579129475026, -4.8345542198847955, -4.911242469822767, -4.9879620381312515, -5.064697265624998],
         "dplt_grid": [0.0, 6.0606060606060606, 12.121212121212121, 18.18181818181818, 24.242424242424242, 30.303030303030305, 36.36363636363636, 42.42424242424242, 48.484848484848484, 54.54545454545455, 60.60606060606061, 66.66666666666667, 72.72727272727272, 78.78787878787878, 84.84848484848484, 90.9090909090909, 96.96969696969697, 103.03030303030303, 109.0909090909091, 115.15151515151516, 121.21212121212122, 127.27272727272727, 133.33333333333334, 139.3939393939394, 145.45454545454544, 151.5151515151515, 157.57575757575756, 163.63636363636363, 169.6969696969697, 175.75757575757575, 181.8181818181818, 187.87878787878788, 193.93939393939394, 200.0, 206.06060606060606, 212.12121212121212, 218.1818181818182, 224.24242424242425, 230.3030303030303, 236.36363636363637, 242.42424242424244, 248.48484848484847, 254.54545454545453, 260.6060606060606, 266.6666666666667, 272.72727272727275, 278.7878787878788, 284.8484848484849, 290.9090909090909, 296.96969696969694, 303.030303030303, 309.09090909090907, 315.1515151515151, 321.2121212121212, 327.27272727272725, 333.3333333333333, 339.3939393939394, 345.45454545454544, 351.5151515151515, 357.57575757575756, 363.6363636363636, 369.6969696969697, 375.75757575757575, 381.8181818181818, 387.8787878787879, 393.93939393939394, 400.0, 406.06060606060606, 412.1212121212121, 418.1818181818182, 424.24242424242425, 430.3030303030303, 436.3636363636364, 442.42424242424244, 448.4848484848485, 454.54545454545456, 460.6060606060606, 466.6666666666667, 472.72727272727275, 478.7878787878788, 484.8484848484849, 490.9090909090909, 496.96969696969694, 503.030303030303, 509.09090909090907, 515.1515151515151, 521.2121212121212, 527.2727272727273, 533.3333333333334, 539.3939393939394, 545.4545454545455, 551.5151515151515, 557.5757575757576, 563.6363636363636, 569.6969696969697, 575.7575757575758, 581.8181818181818, 587.8787878787879, 593.9393939393939, 600.0],
         "dplt_at_force_location": -5.064697265624998,
         "maximum_dplt": -5.064697265624998,
         "location_max_dplt": 600.0
    },
     "metadata": {
         "error_code": 0,
         "model": "BendingTestAnalytical",
         "load_case": "Cantilever",
         "description": "",
         "job_name": "",
         "persistent_result_files": "",
         "n_cpus": 1,
         "date": "2026-03-26 14:57:42.713032",
         "cpu_time": 0.0060138702392578125,
         "user": "sebastien.bocquet",
         "machine": "IPF7101",
         "vims_git_version": "d0050d8de498c8354552cdde540fb3e524454871",
         "directory_archive_root": "/home/sebastien.bocquet/PycharmProjects/vimseo/docs/runnable_examples/model_runs/archive/calibration_scalars",
         "directory_archive_job": "/home/sebastien.bocquet/PycharmProjects/vimseo/docs/runnable_examples/model_runs/archive/calibration_scalars/BendingTestAnalytical/Cantilever/249",
         "directory_scratch_root": "/home/sebastien.bocquet/PycharmProjects/vimseo/docs/runnable_examples/model_runs/scratch/calibration_scalars",
         "directory_scratch_job": ""
    }
}