{
     "inputs": {
         "length": 601.3907525204455,
         "width": 29.964835075465967,
         "height": 38.24940216995169,
         "imposed_dplt": -14.910506435080208,
         "relative_dplt_location": 0.9201069799646892,
         "young_modulus": 217545.68308988842,
         "nu_p": 0.2960987176895889
    },
     "outputs": {
         "reaction_forces": -8025.7108018563495,
         "moment": [4440977.546190147, 0.0, 0.0],
         "moment_grid": [0.0, 553.3438290802789, 601.3907525204455],
         "dplt": [0.0, -0.0026856193582575753, -0.01070302245276294, -0.023993026813115062, -0.042496449968912886, -0.06615410944975532, -0.09490682278524135, -0.1286954075049698, -0.1674606811385397, -0.21114346121554997, -0.2596845652655996, -0.3130248108182874, -0.3711050154032124, -0.4338659965499736, -0.50124857178817, -0.5731935586474001, -0.6496417746572635, -0.7305340373473588, -0.815811164247285, -0.905413972886642, -0.9992832807950272, -1.09735990550204, -1.1995846645372796, -1.305898375430345, -1.416241855710835, -1.530555922908348, -1.648781394552484, -1.7708590881728412, -1.8967298212990191, -2.026334411460616, -2.1596136761872313, -2.2965084330084635, -2.4369594994539123, -2.580907693053176, -2.728293831335854, -2.8790587318315444, -3.033143212069847, -3.1904880895803602, -3.351034181892684, -3.5147223065364157, -3.681493281041155, -3.8512879229365016, -4.024047049752053, -4.199711479017409, -4.3782220282621696, -4.559519515015933, -4.743544756808296, -4.93023857116886, -5.119541775627223, -5.311395187712985, -5.505739624955743, -5.7025159048850975, -5.9016648450306475, -6.103127262921992, -6.306843976088728, -6.512755802060455, -6.720803558366775, -6.930928062537286, -7.143070132101583, -7.357170584589267, -7.573170237529941, -7.791009908453198, -8.010630414888642, -8.231972574365864, -8.454977204414474, -8.679585122564065, -8.905737146344231, -9.13337409328458, -9.36243678091471, -9.592866026764215, -9.824602648362692, -10.057587463239747, -10.291761288924976, -10.527064942947982, -10.763439242838352, -11.000825006125698, -11.239163050339611, -11.478394193009697, -11.718459251665541, -11.959299043836761, -12.200854387052948, -12.443066098843694, -12.6858749967386, -12.929221657762868, -13.17304042032509, -13.41726511559885, -13.66183499532814, -13.90669409745223, -14.151791246105622, -14.397080051618083, -14.642518910514633, -14.888071005515542, -15.133704305536343, -15.379391565687815, -15.625110327275992, -15.870842917802173, -16.116576450962896, -16.362302826649962, -16.608018730950423, -16.853725636146585],
         "dplt_grid": [0.0, 6.074654065863086, 12.149308131726173, 18.22396219758926, 24.298616263452345, 30.37327032931543, 36.44792439517852, 42.522578461041604, 48.59723252690469, 54.67188659276778, 60.74654065863086, 66.82119472449395, 72.89584879035704, 78.97050285622012, 85.04515692208321, 91.1198109879463, 97.19446505380938, 103.26911911967247, 109.34377318553555, 115.41842725139864, 121.49308131726173, 127.56773538312481, 133.6423894489879, 139.71704351485099, 145.79169758071407, 151.86635164657716, 157.94100571244024, 164.01565977830333, 170.09031384416642, 176.1649679100295, 182.2396219758926, 188.31427604175568, 194.38893010761876, 200.46358417348185, 206.53823823934493, 212.61289230520802, 218.6875463710711, 224.7622004369342, 230.83685450279728, 236.91150856866037, 242.98616263452345, 249.06081670038654, 255.13547076624963, 261.2101248321127, 267.2847788979758, 273.3594329638389, 279.43408702970197, 285.50874109556503, 291.58339516142814, 297.65804922729126, 303.7327032931543, 309.8073573590174, 315.8820114248805, 321.9566654907436, 328.03131955660666, 334.1059736224697, 340.18062768833283, 346.25528175419595, 352.329935820059, 358.40458988592206, 364.4792439517852, 370.5538980176483, 376.62855208351135, 382.7032061493744, 388.7778602152375, 394.85251428110064, 400.9271683469637, 407.00182241282675, 413.07647647868987, 419.151130544553, 425.22578461041604, 431.3004386762791, 437.3750927421422, 443.44974680800533, 449.5244008738684, 455.59905493973145, 461.67370900559456, 467.7483630714577, 473.82301713732073, 479.8976712031838, 485.9723252690469, 492.04697933491, 498.1216334007731, 504.19628746663614, 510.27094153249925, 516.3455955983624, 522.4202496642254, 528.4949037300885, 534.5695577959516, 540.6442118618147, 546.7188659276778, 552.7935199935408, 558.8681740594039, 564.942828125267, 571.0174821911301, 577.0921362569932, 583.1667903228563, 589.2414443887194, 595.3160984545825, 601.3907525204455],
         "dplt_at_force_location": -14.910323175851712,
         "maximum_dplt": -16.853725636146585,
         "location_max_dplt": 601.3907525204455
    },
     "metadata": {
         "error_code": 0,
         "model": "BendingTestAnalytical",
         "load_case": "Cantilever",
         "description": "",
         "job_name": "",
         "persistent_result_files": "",
         "n_cpus": 1,
         "date": "2026-03-26 14:57:55.081985",
         "cpu_time": 0.0033445358276367188,
         "user": "sebastien.bocquet",
         "machine": "IPF7101",
         "vims_git_version": "d0050d8de498c8354552cdde540fb3e524454871",
         "directory_archive_root": "/home/sebastien.bocquet/PycharmProjects/vimseo/docs/runnable_examples/model_runs/archive/uq",
         "directory_archive_job": "/home/sebastien.bocquet/PycharmProjects/vimseo/docs/runnable_examples/model_runs/archive/uq/BendingTestAnalytical/Cantilever/8",
         "directory_scratch_root": "/home/sebastien.bocquet/PycharmProjects/vimseo/docs/runnable_examples/model_runs/scratch/uq",
         "directory_scratch_job": ""
    }
}