{
     "inputs": {
         "length": 623.7996055327083,
         "width": 29.753267591626837,
         "height": 39.637018362907256,
         "imposed_dplt": -14.849625672871408,
         "relative_dplt_location": 0.9089248999336159,
         "young_modulus": 207942.34840047572,
         "nu_p": 0.298559224537653
    },
     "outputs": {
         "reaction_forces": -7847.237022304322,
         "moment": [4449281.330775686, 0.0, 0.0],
         "moment_grid": [0.0, 566.9869940374459, 623.7996055327083],
         "dplt": [0.0, -0.0027407447753191472, -0.010922217060896461, -0.02448327379616179, -0.04336277192054494, -0.06749956837347575, -0.09683252009438398, -0.13130048402269945, -0.17084231709785197, -0.21539687625927145, -0.26490301844638753, -0.31929960059863016, -0.37852547965542915, -0.4425195125562143, -0.5112205562404154, -0.5845674676474623, -0.6624991037167849, -0.744954321387813, -0.8318719775999761, -0.9231909292927046, -1.018850033405428, -1.1187881468775762, -1.2229441266485792, -1.3312568296578662, -1.443665112844867, -1.5601078331490124, -1.6805238475097313, -1.804852012866454, -1.9330311861586105, -2.06500022432563, -2.2006979843069425, -2.3400633230419783, -2.4830350974701663, -2.6295521645309368, -2.7795533811637196, -2.932977604307945, -3.0897636909030424, -3.249850497888441, -3.4131768822035724, -3.579681700787864, -3.7493038105807472, -3.9219820685216518, -4.0976553315500075, -4.2762624566052425, -4.45774230062679, -4.642033720554076, -4.829075573326533, -5.01880671588359, -5.211166005164675, -5.406092298109223, -5.603524451656658, -5.803401322746413, -6.005661768317916, -6.210244645310601, -6.417088810663891, -6.626133121317222, -6.83731643421002, -7.050577606281716, -7.265855494471741, -7.483088955719524, -7.702216846964494, -7.923178025146081, -8.145911347203713, -8.37035567007683, -8.596449850704845, -8.8241327460272, -9.053343212983323, -9.284020108512639, -9.516102289554587, -9.749528613048586, -9.984237935934072, -10.220169115150473, -10.457261007637221, -10.695452470333743, -10.934682360179469, -11.174889534113833, -11.416012849076262, -11.657991162006184, -11.90076332984303, -12.14426820952623, -12.388444657995215, -12.633230575104326, -12.878555757201594, -13.124352435154629, -13.3705578113298, -13.617113452991562, -13.86396529230248, -14.111063626323205, -14.358363117012495, -14.605822791227187, -14.853406040722229, -15.101080622150661, -15.34881865706362, -15.59659663191033, -15.844395398038122, -16.09220017169242, -16.340000534016742, -16.587790431052714, -16.835568173740032, -17.083336437916508],
         "dplt_grid": [0.0, 6.301006116492003, 12.602012232984006, 18.903018349476007, 25.20402446596801, 31.505030582460016, 37.80603669895201, 44.10704281544402, 50.40804893193602, 56.70905504842803, 63.01006116492003, 69.31106728141204, 75.61207339790403, 81.91307951439603, 88.21408563088804, 94.51509174738004, 100.81609786387205, 107.11710398036405, 113.41811009685605, 119.71911621334806, 126.02012232984006, 132.32112844633207, 138.62213456282407, 144.92314067931608, 151.22414679580805, 157.52515291230006, 163.82615902879206, 170.12716514528407, 176.42817126177607, 182.72917737826808, 189.03018349476008, 195.33118961125209, 201.6321957277441, 207.9332018442361, 214.2342079607281, 220.5352140772201, 226.8362201937121, 233.1372263102041, 239.43823242669612, 245.73923854318812, 252.04024465968013, 258.3412507761721, 264.64225689266414, 270.9432630091561, 277.24426912564815, 283.5452752421401, 289.84628135863215, 296.14728747512413, 302.4482935916161, 308.74929970810814, 315.0503058246001, 321.35131194109215, 327.6523180575841, 333.95332417407616, 340.25433029056813, 346.55533640706017, 352.85634252355214, 359.1573486400442, 365.45835475653615, 371.7593608730282, 378.06036698952016, 384.3613731060122, 390.66237922250417, 396.9633853389962, 403.2643914554882, 409.56539757198016, 415.8664036884722, 422.16740980496417, 428.4684159214562, 434.7694220379482, 441.0704281544402, 447.3714342709322, 453.6724403874242, 459.9734465039162, 466.2744526204082, 472.5754587369002, 478.87646485339224, 485.1774709698842, 491.47847708637624, 497.7794832028682, 504.08048931936025, 510.38149543585223, 516.6825015523442, 522.9835076688362, 529.2845137853283, 535.5855199018202, 541.8865260183122, 548.1875321348042, 554.4885382512963, 560.7895443677883, 567.0905504842802, 573.3915566007722, 579.6925627172643, 585.9935688337563, 592.2945749502483, 598.5955810667402, 604.8965871832322, 611.1975932997243, 617.4985994162163, 623.7996055327083],
         "dplt_at_force_location": -14.849337033147979,
         "maximum_dplt": -17.083336437916508,
         "location_max_dplt": 623.7996055327083
    },
     "metadata": {
         "error_code": 0,
         "model": "BendingTestAnalytical",
         "load_case": "Cantilever",
         "description": "",
         "job_name": "",
         "persistent_result_files": "",
         "n_cpus": 1,
         "date": "2026-03-17 09:07:42.633828",
         "cpu_time": 0.011726856231689453,
         "user": "sebastien.bocquet",
         "machine": "B20191729",
         "vims_git_version": "1b6e7132b9faba0cc93317d127a381ee76a8cb8e",
         "directory_archive_root": "C:\\Users\\sebastien.bocquet\\PycharmProjects\\vimseo\\docs\\runnable_examples\\model_runs\\archive\\uq",
         "directory_archive_job": "C:\\Users\\sebastien.bocquet\\PycharmProjects\\vimseo\\docs\\runnable_examples\\model_runs\\archive\\uq\\BendingTestAnalytical\\Cantilever\\10",
         "directory_scratch_root": "C:\\Users\\sebastien.bocquet\\PycharmProjects\\vimseo\\docs\\runnable_examples\\model_runs\\scratch\\uq",
         "directory_scratch_job": ""
    }
}