{
     "inputs": {
         "young_modulus": 224785.15625,
         "Cantilever:length": 600.0,
         "Cantilever:width": 30.04931640625,
         "Cantilever:height": 40.17333984375,
         "Cantilever:imposed_dplt": -5.0364990234375,
         "Cantilever:relative_dplt_location": 1.0,
         "Cantilever:nu_p": 0.3
    },
     "outputs": {
         "length": 600.0,
         "width": 30.04931640625,
         "height": 40.17333984375,
         "imposed_dplt": -5.0364990234375,
         "relative_dplt_location": 1.0,
         "nu_p": 0.3,
         "reaction_forces": -2552.8838348464033,
         "moment": [1531730.300907842, 0.0],
         "moment_grid": [0.0, 600.0],
         "dplt": [0.0, -0.0007682187196614133, -0.0030624935445961753, -0.006867252473730072, -0.012166923505988886, -0.0189459346402984, -0.02718871387558437, -0.03687968921077262, -0.04800328864478891, -0.06054394017655901, -0.0744860718050087, -0.08981411152906377, -0.10651248734765, -0.12456562725969321, -0.14395795926411914, -0.1646739113598536, -0.1866979115458223, -0.21001438782095116, -0.23460776818416584, -0.2604624806343923, -0.28756295317055613, -0.3158936137915831, -0.3454388904963992, -0.37618321128393006, -0.4081110041531012, -0.441206697102839, -0.47545471813206885, -0.5108394952397166, -0.547345456424708, -0.5849570296859689, -0.623658643022425, -0.6634347244330022, -0.7042697019166263, -0.7461480034722229, -0.789054057098718, -0.8329722907950371, -0.8778871325601062, -0.9237830103928509, -0.9706443522921971, -1.018455586257071, -1.0672011402863975, -1.116865442379103, -1.167432920534113, -1.2188880027503537, -1.2712151170267505, -1.3243986913622292, -1.3784231537557157, -1.4332729322061355, -1.4889324547124145, -1.545386149273479, -1.6026184438882543, -1.6606137665556662, -1.7193565452746407, -1.7788312080441033, -1.8390221828629802, -1.8999138977301968, -1.9614907806446786, -2.0237372596053524, -2.086637762611143, -2.150176717660976, -2.214338552753779, -2.2791076958884746, -2.344468575063993, -2.4104056182792544, -2.47690325353319, -2.543945908824722, -2.6115180121527786, -2.679603991516283, -2.7481882749141637, -2.817255290345344, -2.886789465808752, -2.9567752293033114, -3.0271970088279487, -3.0980392323815904, -3.1692863279631625, -3.2409227235715874, -3.3129328472057966, -3.3853011268647104, -3.4580119905472593, -3.5310498662523644, -3.6043991819789563, -3.6780443657259556, -3.751969845492293, -3.8261600492768912, -3.9005994050786765, -3.9752723408965767, -4.050163284729515, -4.125256664576417, -4.200536908436213, -4.2759884443078215, -4.351595700190174, -4.427343104082194, -4.503215083982808, -4.579196067890942, -4.655270483805521, -4.73142275972547, -4.8076373236497165, -4.883898603577186, -4.960191027506802, -5.0364990234374964],
         "dplt_grid": [0.0, 6.0606060606060606, 12.121212121212121, 18.18181818181818, 24.242424242424242, 30.303030303030305, 36.36363636363636, 42.42424242424242, 48.484848484848484, 54.54545454545455, 60.60606060606061, 66.66666666666667, 72.72727272727272, 78.78787878787878, 84.84848484848484, 90.9090909090909, 96.96969696969697, 103.03030303030303, 109.0909090909091, 115.15151515151516, 121.21212121212122, 127.27272727272727, 133.33333333333334, 139.3939393939394, 145.45454545454544, 151.5151515151515, 157.57575757575756, 163.63636363636363, 169.6969696969697, 175.75757575757575, 181.8181818181818, 187.87878787878788, 193.93939393939394, 200.0, 206.06060606060606, 212.12121212121212, 218.1818181818182, 224.24242424242425, 230.3030303030303, 236.36363636363637, 242.42424242424244, 248.48484848484847, 254.54545454545453, 260.6060606060606, 266.6666666666667, 272.72727272727275, 278.7878787878788, 284.8484848484849, 290.9090909090909, 296.96969696969694, 303.030303030303, 309.09090909090907, 315.1515151515151, 321.2121212121212, 327.27272727272725, 333.3333333333333, 339.3939393939394, 345.45454545454544, 351.5151515151515, 357.57575757575756, 363.6363636363636, 369.6969696969697, 375.75757575757575, 381.8181818181818, 387.8787878787879, 393.93939393939394, 400.0, 406.06060606060606, 412.1212121212121, 418.1818181818182, 424.24242424242425, 430.3030303030303, 436.3636363636364, 442.42424242424244, 448.4848484848485, 454.54545454545456, 460.6060606060606, 466.6666666666667, 472.72727272727275, 478.7878787878788, 484.8484848484849, 490.9090909090909, 496.96969696969694, 503.030303030303, 509.09090909090907, 515.1515151515151, 521.2121212121212, 527.2727272727273, 533.3333333333334, 539.3939393939394, 545.4545454545455, 551.5151515151515, 557.5757575757576, 563.6363636363636, 569.6969696969697, 575.7575757575758, 581.8181818181818, 587.8787878787879, 593.9393939393939, 600.0],
         "dplt_at_force_location": -5.0364990234374964,
         "maximum_dplt": -5.0364990234374964,
         "location_max_dplt": 600.0
    },
     "metadata": {
         "error_code": 0,
         "model": "BendingTestAnalytical",
         "load_case": "Cantilever",
         "description": "",
         "job_name": "",
         "persistent_result_files": "",
         "n_cpus": 1,
         "date": "2026-03-26 14:57:32.343394",
         "cpu_time": 0.00475311279296875,
         "user": "sebastien.bocquet",
         "machine": "IPF7101",
         "vims_git_version": "d0050d8de498c8354552cdde540fb3e524454871",
         "directory_archive_root": "/home/sebastien.bocquet/PycharmProjects/vimseo/docs/runnable_examples/model_runs/archive/calibration_coupled",
         "directory_archive_job": "/home/sebastien.bocquet/PycharmProjects/vimseo/docs/runnable_examples/model_runs/archive/calibration_coupled/BendingTestAnalytical/Cantilever/94",
         "directory_scratch_root": "/home/sebastien.bocquet/PycharmProjects/vimseo/docs/runnable_examples/model_runs/scratch/calibration_coupled",
         "directory_scratch_job": ""
    }
}