{
     "inputs": {
         "x": 1.5001220703125,
         "Dummy:x_1": 0.9625086499676455
    },
     "outputs": {
         "x_1": 0.9625086499676455,
         "y": [0.9625086499676455, 0.9776613981526202, 0.992814146337595, 1.0079668945225697, 1.0231196427075444, 1.0382723908925193, 1.053425139077494, 1.0685778872624687, 1.0837306354474434, 1.0988833836324183, 1.114036131817393, 1.1291888800023677, 1.1443416281873424, 1.1594943763723173, 1.174647124557292, 1.1897998727422667, 1.2049526209272414, 1.2201053691122161, 1.235258117297191, 1.2504108654821657, 1.2655636136671404, 1.2807163618521153, 1.29586911003709, 1.3110218582220647, 1.3261746064070394, 1.3413273545920141, 1.356480102776989, 1.3716328509619637, 1.3867855991469384, 1.4019383473319131, 1.4170910955168878, 1.4322438437018628, 1.4473965918868374, 1.4625493400718121, 1.477702088256787, 1.4928548364417618, 1.5080075846267365, 1.5231603328117111, 1.5383130809966858, 1.5534658291816608, 1.5686185773666355, 1.5837713255516102, 1.598924073736585, 1.6140768219215595, 1.6292295701065345, 1.6443823182915092, 1.6595350664764839, 1.6746878146614588, 1.6898405628464332, 1.7049933110314082, 1.720146059216383, 1.7352988074013578, 1.7504515555863325, 1.7656043037713072, 1.7807570519562819, 1.7959098001412568, 1.8110625483262315, 1.8262152965112062, 1.8413680446961809, 1.8565207928811556, 1.8716735410661305, 1.8868262892511052, 1.9019790374360799, 1.9171317856210548, 1.9322845338060293, 1.9474372819910042, 1.962590030175979, 1.9777427783609536, 1.9928955265459285, 2.008048274730903, 2.023201022915878, 2.038353771100853, 2.0535065192858273, 2.068659267470802, 2.0838120156557767, 2.0989647638407516, 2.1141175120257265, 2.129270260210701, 2.144423008395676, 2.159575756580651, 2.1747285047656253, 2.1898812529506, 2.205034001135575, 2.2201867493205496, 2.2353394975055245, 2.250492245690499, 2.265644993875474, 2.280797742060449, 2.2959504902454233, 2.311103238430398, 2.3262559866153727, 2.3414087348003476, 2.3565614829853225, 2.371714231170297, 2.386866979355272, 2.402019727540247, 2.4171724757252213, 2.4323252239101962, 2.4474779720951707, 2.4626307202801456],
         "y_axis": [0.0, 0.010101010101010102, 0.020202020202020204, 0.030303030303030304, 0.04040404040404041, 0.05050505050505051, 0.06060606060606061, 0.07070707070707072, 0.08080808080808081, 0.09090909090909091, 0.10101010101010102, 0.11111111111111112, 0.12121212121212122, 0.13131313131313133, 0.14141414141414144, 0.15151515151515152, 0.16161616161616163, 0.17171717171717174, 0.18181818181818182, 0.19191919191919193, 0.20202020202020204, 0.21212121212121213, 0.22222222222222224, 0.23232323232323235, 0.24242424242424243, 0.25252525252525254, 0.26262626262626265, 0.27272727272727276, 0.2828282828282829, 0.29292929292929293, 0.30303030303030304, 0.31313131313131315, 0.32323232323232326, 0.33333333333333337, 0.3434343434343435, 0.3535353535353536, 0.36363636363636365, 0.37373737373737376, 0.38383838383838387, 0.393939393939394, 0.4040404040404041, 0.4141414141414142, 0.42424242424242425, 0.43434343434343436, 0.4444444444444445, 0.4545454545454546, 0.4646464646464647, 0.4747474747474748, 0.48484848484848486, 0.494949494949495, 0.5050505050505051, 0.5151515151515152, 0.5252525252525253, 0.5353535353535354, 0.5454545454545455, 0.5555555555555556, 0.5656565656565657, 0.5757575757575758, 0.5858585858585859, 0.595959595959596, 0.6060606060606061, 0.6161616161616162, 0.6262626262626263, 0.6363636363636365, 0.6464646464646465, 0.6565656565656566, 0.6666666666666667, 0.6767676767676768, 0.686868686868687, 0.696969696969697, 0.7070707070707072, 0.7171717171717172, 0.7272727272727273, 0.7373737373737375, 0.7474747474747475, 0.7575757575757577, 0.7676767676767677, 0.7777777777777778, 0.787878787878788, 0.797979797979798, 0.8080808080808082, 0.8181818181818182, 0.8282828282828284, 0.8383838383838385, 0.8484848484848485, 0.8585858585858587, 0.8686868686868687, 0.8787878787878789, 0.888888888888889, 0.8989898989898991, 0.9090909090909092, 0.9191919191919192, 0.9292929292929294, 0.9393939393939394, 0.9494949494949496, 0.9595959595959597, 0.9696969696969697, 0.9797979797979799, 0.98989898989899, 1.0]
    },
     "metadata": {
         "error_code": 0,
         "model": "MockCurves",
         "load_case": "Dummy",
         "description": "",
         "job_name": "",
         "persistent_result_files": "",
         "n_cpus": 1,
         "date": "2026-03-17 09:05:36.334367",
         "cpu_time": 0.010503292083740234,
         "user": "sebastien.bocquet",
         "machine": "B20191729",
         "vims_git_version": "1b6e7132b9faba0cc93317d127a381ee76a8cb8e",
         "directory_archive_root": "C:\\Users\\sebastien.bocquet\\PycharmProjects\\vimseo\\docs\\runnable_examples\\model_runs\\archive\\calibration_curves",
         "directory_archive_job": "C:\\Users\\sebastien.bocquet\\PycharmProjects\\vimseo\\docs\\runnable_examples\\model_runs\\archive\\calibration_curves\\MockCurves\\Dummy\\30",
         "directory_scratch_root": "C:\\Users\\sebastien.bocquet\\PycharmProjects\\vimseo\\docs\\runnable_examples\\model_runs\\scratch\\calibration_curves",
         "directory_scratch_job": ""
    }
}