{
     "inputs": {
         "young_modulus": 214396.2904293925,
         "Cantilever:length": 600.0,
         "Cantilever:width": 30.1181640625,
         "Cantilever:height": 39.6412353515625,
         "Cantilever:imposed_dplt": -4.913818359375,
         "Cantilever:relative_dplt_location": 1.0,
         "Cantilever:nu_p": 0.3
    },
     "outputs": {
         "length": 600.0,
         "width": 30.1181640625,
         "height": 39.6412353515625,
         "imposed_dplt": -4.913818359375,
         "relative_dplt_location": 1.0,
         "nu_p": 0.3,
         "reaction_forces": -2287.66621172947,
         "moment": [1372599.727037682, 0.0],
         "moment_grid": [0.0, 600.0],
         "dplt": [0.0, -0.0007495062008592205, -0.0029878963412631036, -0.006699977727950992, -0.011870557667662226, -0.018484443467136145, -0.026526442433112085, -0.0359813618723294, -0.04683400909152742, -0.05906919139744549, -0.07267171609682294, -0.08762639049639914, -0.10391802190291341, -0.12153141762310504, -0.14045138496371348, -0.16066273123147795, -0.1821502637331379, -0.2048987897754326, -0.2288931166651014, -0.2541180517088838, -0.28055840221351885, -0.30819897548574604, -0.33702457883230474, -0.36702001955993424, -0.39817010497537375, -0.43045964238536283, -0.4638734390966408, -0.49839630241594696, -0.5340130396500207, -0.570708458105601, -0.6084673650894277, -0.6472745679082401, -0.6871148738687771, -0.7279730902777783, -0.7698340244419832, -0.812682483668131, -0.8565032752629611, -0.9012812065332125, -0.947001084785625, -0.9936477173269378, -1.0412059114638899, -1.0896604745032212, -1.1389962137516705, -1.1891979365159777, -1.2402504501028822, -1.2921385618191223, -1.3448470789714382, -1.3983608088665689, -1.4526645588112537, -1.5077431361122329, -1.5635813480762446, -1.620164002010029, -1.6774759052203247, -1.7355018650138712, -1.7942266886974088, -1.8536351835776754, -1.9137121569614117, -1.974442416155356, -2.0358107684662476, -2.097802021200827, -2.160400981665833, -2.2235924571680035, -2.2873612550140807, -2.3516921825108006, -2.4165700469649054, -2.481979655683132, -2.5479058159722228, -2.6143333351389137, -2.6812470204899475, -2.74863167933206, -2.816472118971994, -2.8847531467164855, -2.9534595698722765, -3.022576195746104, -3.092087831644711, -3.1619792848748323, -3.2322353627432108, -3.3028408725565828, -3.3737806216216915, -3.445039417245272, -3.5166020667340683, -3.588453377394814, -3.6605781565342532, -3.732961211459123, -3.8055873494761636, -3.878441377892115, -3.951508104013716, -4.024772335147704, -4.098218878600822, -4.171832541679803, -4.245598131691395, -4.319500455942331, -4.393524321739353, -4.467654536389199, -4.54187590719861, -4.616173241474321, -4.690531346523078, -4.764935029651617, -4.839369098166674, -4.9138183593749964],
         "dplt_grid": [0.0, 6.0606060606060606, 12.121212121212121, 18.18181818181818, 24.242424242424242, 30.303030303030305, 36.36363636363636, 42.42424242424242, 48.484848484848484, 54.54545454545455, 60.60606060606061, 66.66666666666667, 72.72727272727272, 78.78787878787878, 84.84848484848484, 90.9090909090909, 96.96969696969697, 103.03030303030303, 109.0909090909091, 115.15151515151516, 121.21212121212122, 127.27272727272727, 133.33333333333334, 139.3939393939394, 145.45454545454544, 151.5151515151515, 157.57575757575756, 163.63636363636363, 169.6969696969697, 175.75757575757575, 181.8181818181818, 187.87878787878788, 193.93939393939394, 200.0, 206.06060606060606, 212.12121212121212, 218.1818181818182, 224.24242424242425, 230.3030303030303, 236.36363636363637, 242.42424242424244, 248.48484848484847, 254.54545454545453, 260.6060606060606, 266.6666666666667, 272.72727272727275, 278.7878787878788, 284.8484848484849, 290.9090909090909, 296.96969696969694, 303.030303030303, 309.09090909090907, 315.1515151515151, 321.2121212121212, 327.27272727272725, 333.3333333333333, 339.3939393939394, 345.45454545454544, 351.5151515151515, 357.57575757575756, 363.6363636363636, 369.6969696969697, 375.75757575757575, 381.8181818181818, 387.8787878787879, 393.93939393939394, 400.0, 406.06060606060606, 412.1212121212121, 418.1818181818182, 424.24242424242425, 430.3030303030303, 436.3636363636364, 442.42424242424244, 448.4848484848485, 454.54545454545456, 460.6060606060606, 466.6666666666667, 472.72727272727275, 478.7878787878788, 484.8484848484849, 490.9090909090909, 496.96969696969694, 503.030303030303, 509.09090909090907, 515.1515151515151, 521.2121212121212, 527.2727272727273, 533.3333333333334, 539.3939393939394, 545.4545454545455, 551.5151515151515, 557.5757575757576, 563.6363636363636, 569.6969696969697, 575.7575757575758, 581.8181818181818, 587.8787878787879, 593.9393939393939, 600.0],
         "dplt_at_force_location": -4.9138183593749964,
         "maximum_dplt": -4.9138183593749964,
         "location_max_dplt": 600.0
    },
     "metadata": {
         "error_code": 0,
         "model": "BendingTestAnalytical",
         "load_case": "Cantilever",
         "description": "",
         "job_name": "",
         "persistent_result_files": "",
         "n_cpus": 1,
         "date": "2026-03-26 14:57:42.206168",
         "cpu_time": 0.005827188491821289,
         "user": "sebastien.bocquet",
         "machine": "IPF7101",
         "vims_git_version": "d0050d8de498c8354552cdde540fb3e524454871",
         "directory_archive_root": "/home/sebastien.bocquet/PycharmProjects/vimseo/docs/runnable_examples/model_runs/archive/calibration_scalars",
         "directory_archive_job": "/home/sebastien.bocquet/PycharmProjects/vimseo/docs/runnable_examples/model_runs/archive/calibration_scalars/BendingTestAnalytical/Cantilever/222",
         "directory_scratch_root": "/home/sebastien.bocquet/PycharmProjects/vimseo/docs/runnable_examples/model_runs/scratch/calibration_scalars",
         "directory_scratch_job": ""
    }
}