{
     "inputs": {
         "young_modulus": 195505.3483839161,
         "Cantilever:length": 600.0,
         "Cantilever:width": 30.57470703125,
         "Cantilever:height": 39.9837646484375,
         "Cantilever:imposed_dplt": -5.054931640625,
         "Cantilever:relative_dplt_location": 1.0,
         "Cantilever:nu_p": 0.3
    },
     "outputs": {
         "length": 600.0,
         "width": 30.57470703125,
         "height": 39.9837646484375,
         "imposed_dplt": -5.054931640625,
         "relative_dplt_location": 1.0,
         "nu_p": 0.3,
         "reaction_forces": -2235.494155663577,
         "moment": [1341296.4933981462, 0.0],
         "moment_grid": [0.0, 600.0],
         "dplt": [0.0, -0.0007710302523371671, -0.003073701681614375, -0.0068923852962302105, -0.012211452104583248, -0.01901527311507204, -0.027288219336095168, -0.03701466177605121, -0.04817897144333871, -0.06076551934635625, -0.07475867649350242, -0.09014281389317577, -0.10690230255377485, -0.1250215134836983, -0.1444848176913447, -0.1652765861851125, -0.18738118997340042, -0.210783000064607, -0.2354663874671307, -0.26141572318936906, -0.2886153782397228, -0.3170497236265893, -0.3467031303583674, -0.3775599694434556, -0.4096046118902521, -0.442821428707156, -0.47719479090256567, -0.5127090694848797, -0.5493486354624966, -0.5870978598438148, -0.6259411136372333, -0.6658627678511503, -0.7068471934939644, -0.7488787615740742, -0.7919418430998786, -0.8360208090797756, -0.881100030522164, -0.9271638784354428, -0.9741967238280098, -1.0221829377082643, -1.0711068910846042, -1.1209529549654287, -1.1717055003591357, -1.2233488982741245, -1.2758675197187936, -1.3292457357015408, -1.3834679172307651, -1.4385184353148652, -1.4943816609622398, -1.551041965181287, -1.6084837189804055, -1.666691293367995, -1.725649059352452, -1.785341387942177, -1.8457526501455672, -1.9068672169710217, -1.9686694594269394, -2.0311437485217185, -2.0942744552637573, -2.158045950661455, -2.22244260572321, -2.2874487914574195, -2.3530488788724853, -2.419227238976802, -2.485968242778772, -2.553256261286791, -2.6210756655092586, -2.6894108264545724, -2.7582461151311337, -2.827565902547338, -2.8973545597115864, -2.9675964576322755, -3.0382759673178046, -3.1093774597765718, -3.1808853060169775, -3.252783877047417, -3.325057543876293, -3.3976906775119993, -3.4706676489629396, -3.5439728292375086, -3.617590589344107, -3.69150530029113, -3.765701333086981, -3.840163058740057, -3.9148748482587536, -3.9898210726514742, -4.064986102926613, -4.140354310092571, -4.215910065157748, -4.291637739130536, -4.367521703019341, -4.443546327832559, -4.519695984578588, -4.595955044265828, -4.672307877902676, -4.748738856497531, -4.825232351058791, -4.901772732594857, -4.978344372114123, -5.054931640624994],
         "dplt_grid": [0.0, 6.0606060606060606, 12.121212121212121, 18.18181818181818, 24.242424242424242, 30.303030303030305, 36.36363636363636, 42.42424242424242, 48.484848484848484, 54.54545454545455, 60.60606060606061, 66.66666666666667, 72.72727272727272, 78.78787878787878, 84.84848484848484, 90.9090909090909, 96.96969696969697, 103.03030303030303, 109.0909090909091, 115.15151515151516, 121.21212121212122, 127.27272727272727, 133.33333333333334, 139.3939393939394, 145.45454545454544, 151.5151515151515, 157.57575757575756, 163.63636363636363, 169.6969696969697, 175.75757575757575, 181.8181818181818, 187.87878787878788, 193.93939393939394, 200.0, 206.06060606060606, 212.12121212121212, 218.1818181818182, 224.24242424242425, 230.3030303030303, 236.36363636363637, 242.42424242424244, 248.48484848484847, 254.54545454545453, 260.6060606060606, 266.6666666666667, 272.72727272727275, 278.7878787878788, 284.8484848484849, 290.9090909090909, 296.96969696969694, 303.030303030303, 309.09090909090907, 315.1515151515151, 321.2121212121212, 327.27272727272725, 333.3333333333333, 339.3939393939394, 345.45454545454544, 351.5151515151515, 357.57575757575756, 363.6363636363636, 369.6969696969697, 375.75757575757575, 381.8181818181818, 387.8787878787879, 393.93939393939394, 400.0, 406.06060606060606, 412.1212121212121, 418.1818181818182, 424.24242424242425, 430.3030303030303, 436.3636363636364, 442.42424242424244, 448.4848484848485, 454.54545454545456, 460.6060606060606, 466.6666666666667, 472.72727272727275, 478.7878787878788, 484.8484848484849, 490.9090909090909, 496.96969696969694, 503.030303030303, 509.09090909090907, 515.1515151515151, 521.2121212121212, 527.2727272727273, 533.3333333333334, 539.3939393939394, 545.4545454545455, 551.5151515151515, 557.5757575757576, 563.6363636363636, 569.6969696969697, 575.7575757575758, 581.8181818181818, 587.8787878787879, 593.9393939393939, 600.0],
         "dplt_at_force_location": -5.054931640624994,
         "maximum_dplt": -5.054931640624994,
         "location_max_dplt": 600.0
    },
     "metadata": {
         "error_code": 0,
         "model": "BendingTestAnalytical",
         "load_case": "Cantilever",
         "description": "",
         "job_name": "",
         "persistent_result_files": "",
         "n_cpus": 1,
         "date": "2026-06-16 18:12:14.834461",
         "cpu_time": 0.27652525901794434,
         "user": "sebastien.bocquet",
         "machine": "PCBM20250036",
         "vims_git_version": "5cd5cf5ab4caf1fa2c2190f0396e06b5b5639fd0",
         "directory_archive_root": "C:\\Users\\sebastien.bocquet\\Dev\\vimseo\\docs\\runnable_examples\\model_runs\\archive\\calibration_scalars",
         "directory_archive_job": "C:\\Users\\sebastien.bocquet\\Dev\\vimseo\\docs\\runnable_examples\\model_runs\\archive\\calibration_scalars\\BendingTestAnalytical\\Cantilever\\871",
         "directory_scratch_root": "C:\\Users\\sebastien.bocquet\\Dev\\vimseo\\docs\\runnable_examples\\model_runs\\scratch\\calibration_scalars",
         "directory_scratch_job": ""
    }
}