{
     "inputs": {
         "young_modulus": 225625.0,
         "Cantilever:length": 600.0,
         "Cantilever:width": 29.966064453125,
         "Cantilever:height": 40.191162109375,
         "Cantilever:imposed_dplt": -5.030029296875,
         "Cantilever:relative_dplt_location": 1.0,
         "Cantilever:nu_p": 0.3
    },
     "outputs": {
         "length": 600.0,
         "width": 29.966064453125,
         "height": 40.191162109375,
         "imposed_dplt": -5.030029296875,
         "relative_dplt_location": 1.0,
         "nu_p": 0.3,
         "reaction_forces": -2555.4382557710046,
         "moment": [1533262.9534626028, 0.0],
         "moment_grid": [0.0, 600.0],
         "dplt": [0.0, -0.0007672318903116466, -0.0030585595627288576, -0.00685843101947505, -0.012151294262773636, -0.01892159729484803, -0.027153788117921625, -0.03683231473421788, -0.04794162514596016, -0.060466167355371886, -0.0743903893646765, -0.08969873917609737, -0.10637566479185795, -0.12440561421418164, -0.14377303544529188, -0.16446237648741197, -0.18645808534276545, -0.2097446100135757, -0.23430639850206614, -0.26012789881046017, -0.28719355894098114, -0.31548782689585253, -0.3449951506772978, -0.3756999782875403, -0.4075867577288032, -0.44063993700331033, -0.474843964113285, -0.5101832870609505, -0.5466423538485303, -0.5842056124782478, -0.6228575109523264, -0.6625824972729897, -0.7033650194424608, -0.7451895254629632, -0.7880404633367205, -0.8319022810659559, -0.8767594266528929, -0.922596348099755, -0.9693974934087652, -1.0171473105821478, -1.065830247622125, -1.1154307525309213, -1.1659332733107595, -1.2173222579638636, -1.2695821544924561, -1.322697410898761, -1.3766524751850016, -1.4314317953534013, -1.4870198194061834, -1.5434009953455716, -1.600559771173789, -1.6584805948930597, -1.717147914505606, -1.7765461780136522, -1.8366598334194217, -1.8974733287251375, -1.9589711119330229, -2.021137631045302, -2.083957334064197, -2.1474146689919325, -2.211494083830732, -2.2761800265828174, -2.3414569452504144, -2.4073092878357434, -2.4737215023410313, -2.5406780367684987, -2.6081633391203707, -2.6761618573988697, -2.7446580396062195, -2.813636333744643, -2.883081187816366, -2.9529770498236076, -3.0233083677685952, -3.0940595896535497, -3.165215163480697, -3.236759537252257, -3.308677158970457, -3.3809524766375163, -3.4535699382556624, -3.5265139918271164, -3.5997690853541022, -3.673319666838842, -3.747150184283561, -3.8212450856904834, -3.895588819061829, -3.9701658323998252, -4.044960573706694, -4.119957490984657, -4.19514103223594, -4.2704956454627645, -4.346005778667357, -4.421655879851936, -4.497430397018729, -4.573313778169956, -4.649290471307846, -4.725344924434617, -4.801461585552494, -4.877624902663702, -4.95381932377046, -5.030029296875],
         "dplt_grid": [0.0, 6.0606060606060606, 12.121212121212121, 18.18181818181818, 24.242424242424242, 30.303030303030305, 36.36363636363636, 42.42424242424242, 48.484848484848484, 54.54545454545455, 60.60606060606061, 66.66666666666667, 72.72727272727272, 78.78787878787878, 84.84848484848484, 90.9090909090909, 96.96969696969697, 103.03030303030303, 109.0909090909091, 115.15151515151516, 121.21212121212122, 127.27272727272727, 133.33333333333334, 139.3939393939394, 145.45454545454544, 151.5151515151515, 157.57575757575756, 163.63636363636363, 169.6969696969697, 175.75757575757575, 181.8181818181818, 187.87878787878788, 193.93939393939394, 200.0, 206.06060606060606, 212.12121212121212, 218.1818181818182, 224.24242424242425, 230.3030303030303, 236.36363636363637, 242.42424242424244, 248.48484848484847, 254.54545454545453, 260.6060606060606, 266.6666666666667, 272.72727272727275, 278.7878787878788, 284.8484848484849, 290.9090909090909, 296.96969696969694, 303.030303030303, 309.09090909090907, 315.1515151515151, 321.2121212121212, 327.27272727272725, 333.3333333333333, 339.3939393939394, 345.45454545454544, 351.5151515151515, 357.57575757575756, 363.6363636363636, 369.6969696969697, 375.75757575757575, 381.8181818181818, 387.8787878787879, 393.93939393939394, 400.0, 406.06060606060606, 412.1212121212121, 418.1818181818182, 424.24242424242425, 430.3030303030303, 436.3636363636364, 442.42424242424244, 448.4848484848485, 454.54545454545456, 460.6060606060606, 466.6666666666667, 472.72727272727275, 478.7878787878788, 484.8484848484849, 490.9090909090909, 496.96969696969694, 503.030303030303, 509.09090909090907, 515.1515151515151, 521.2121212121212, 527.2727272727273, 533.3333333333334, 539.3939393939394, 545.4545454545455, 551.5151515151515, 557.5757575757576, 563.6363636363636, 569.6969696969697, 575.7575757575758, 581.8181818181818, 587.8787878787879, 593.9393939393939, 600.0],
         "dplt_at_force_location": -5.030029296875,
         "maximum_dplt": -5.030029296875,
         "location_max_dplt": 600.0
    },
     "metadata": {
         "error_code": 0,
         "model": "BendingTestAnalytical",
         "load_case": "Cantilever",
         "description": "",
         "job_name": "",
         "persistent_result_files": "",
         "n_cpus": 1,
         "date": "2026-03-26 14:57:30.908149",
         "cpu_time": 0.004784345626831055,
         "user": "sebastien.bocquet",
         "machine": "IPF7101",
         "vims_git_version": "d0050d8de498c8354552cdde540fb3e524454871",
         "directory_archive_root": "/home/sebastien.bocquet/PycharmProjects/vimseo/docs/runnable_examples/model_runs/archive/calibration_coupled",
         "directory_archive_job": "/home/sebastien.bocquet/PycharmProjects/vimseo/docs/runnable_examples/model_runs/archive/calibration_coupled/BendingTestAnalytical/Cantilever/42",
         "directory_scratch_root": "/home/sebastien.bocquet/PycharmProjects/vimseo/docs/runnable_examples/model_runs/scratch/calibration_coupled",
         "directory_scratch_job": ""
    }
}