{
     "inputs": {
         "young_modulus": 219960.9375,
         "Cantilever:length": 600.0,
         "Cantilever:width": 30.5316162109375,
         "Cantilever:height": 39.9625244140625,
         "Cantilever:imposed_dplt": -5.0740966796875,
         "Cantilever:relative_dplt_location": 1.0,
         "Cantilever:nu_p": 0.3
    },
     "outputs": {
         "length": 600.0,
         "width": 30.5316162109375,
         "height": 39.9625244140625,
         "imposed_dplt": -5.0740966796875,
         "relative_dplt_location": 1.0,
         "nu_p": 0.3,
         "reaction_forces": -2517.0920370716517,
         "moment": [1510255.222242991, 0.0],
         "moment_grid": [0.0, 600.0],
         "dplt": [0.0, -0.0007739535015430814, -0.0030853551750703893, -0.006918516773929036, -0.012257750051466123, -0.019087366761028745, -0.027391678655963977, -0.03715499748961895, -0.04836163501534074, -0.06099590298647645, -0.07504211315637316, -0.090484577278378, -0.10730760710583803, -0.1254955143921004, -0.14503261089051225, -0.16590320835442054, -0.18809161853717252, -0.21158215319211526, -0.2363591240725958, -0.262406842931961, -0.2897096215235585, -0.31825177160073503, -0.348017604916838, -0.37899143322521417, -0.4111575682792106, -0.44450032183217475, -0.4790040056374535, -0.514652931448394, -0.5514314110183433, -0.5893237561006485, -0.6283142784486567, -0.6683872898157152, -0.7095271019551708, -0.7517180266203706, -0.794944375564662, -0.8391904605413918, -0.8844405933039072, -0.9306790856055555, -0.9778902491996834, -1.0260583958396383, -1.0751678372787674, -1.1252028852704172, -1.1761478515679353, -1.2279870479246688, -1.2807047860939655, -1.3342853778291706, -1.3887131348836328, -1.4439723690106983, -1.5000473919637147, -1.5569225154960293, -1.6145820513609885, -1.6730103113119403, -1.7321916071022314, -1.7921102504852082, -1.8527505532142192, -1.9140968270426102, -1.9761333837237285, -2.0388445350109223, -2.1022145926575377, -2.166227868416921, -2.2308686740424215, -2.296121321287384, -2.3619701219051588, -2.4283993876490886, -2.4953934302725242, -2.5629365615288107, -2.6310130931712963, -2.6996073369533264, -2.7687036046282514, -2.8382862079494138, -2.9083394586701656, -2.9788476685438496, -3.049795149323816, -3.1211662127634097, -3.1929451706159804, -3.2651163346348713, -3.3376640165734344, -3.4105725281850114, -3.4838261812229545, -3.5574092874406076, -3.6313061585913196, -3.7055011064284344, -3.7799784427053025, -3.854722479175271, -3.929717527591685, -4.004947899707893, -4.080397907277242, -4.156051862053077, -4.231894075788749, -4.307908860237601, -4.3840805271529835, -4.4603933882882405, -4.5368317553967215, -4.613379940231773, -4.690022254546743, -4.766743010094974, -4.843526518629819, -4.9203570919046244, -4.997219041672731, -5.074096679687496],
         "dplt_grid": [0.0, 6.0606060606060606, 12.121212121212121, 18.18181818181818, 24.242424242424242, 30.303030303030305, 36.36363636363636, 42.42424242424242, 48.484848484848484, 54.54545454545455, 60.60606060606061, 66.66666666666667, 72.72727272727272, 78.78787878787878, 84.84848484848484, 90.9090909090909, 96.96969696969697, 103.03030303030303, 109.0909090909091, 115.15151515151516, 121.21212121212122, 127.27272727272727, 133.33333333333334, 139.3939393939394, 145.45454545454544, 151.5151515151515, 157.57575757575756, 163.63636363636363, 169.6969696969697, 175.75757575757575, 181.8181818181818, 187.87878787878788, 193.93939393939394, 200.0, 206.06060606060606, 212.12121212121212, 218.1818181818182, 224.24242424242425, 230.3030303030303, 236.36363636363637, 242.42424242424244, 248.48484848484847, 254.54545454545453, 260.6060606060606, 266.6666666666667, 272.72727272727275, 278.7878787878788, 284.8484848484849, 290.9090909090909, 296.96969696969694, 303.030303030303, 309.09090909090907, 315.1515151515151, 321.2121212121212, 327.27272727272725, 333.3333333333333, 339.3939393939394, 345.45454545454544, 351.5151515151515, 357.57575757575756, 363.6363636363636, 369.6969696969697, 375.75757575757575, 381.8181818181818, 387.8787878787879, 393.93939393939394, 400.0, 406.06060606060606, 412.1212121212121, 418.1818181818182, 424.24242424242425, 430.3030303030303, 436.3636363636364, 442.42424242424244, 448.4848484848485, 454.54545454545456, 460.6060606060606, 466.6666666666667, 472.72727272727275, 478.7878787878788, 484.8484848484849, 490.9090909090909, 496.96969696969694, 503.030303030303, 509.09090909090907, 515.1515151515151, 521.2121212121212, 527.2727272727273, 533.3333333333334, 539.3939393939394, 545.4545454545455, 551.5151515151515, 557.5757575757576, 563.6363636363636, 569.6969696969697, 575.7575757575758, 581.8181818181818, 587.8787878787879, 593.9393939393939, 600.0],
         "dplt_at_force_location": -5.074096679687496,
         "maximum_dplt": -5.074096679687496,
         "location_max_dplt": 600.0
    },
     "metadata": {
         "error_code": 0,
         "model": "BendingTestAnalytical",
         "load_case": "Cantilever",
         "description": "",
         "job_name": "",
         "persistent_result_files": "",
         "n_cpus": 1,
         "date": "2026-03-17 09:06:27.811683",
         "cpu_time": 0.023699522018432617,
         "user": "sebastien.bocquet",
         "machine": "B20191729",
         "vims_git_version": "1b6e7132b9faba0cc93317d127a381ee76a8cb8e",
         "directory_archive_root": "C:\\Users\\sebastien.bocquet\\PycharmProjects\\vimseo\\docs\\runnable_examples\\model_runs\\archive\\calibration_scalars",
         "directory_archive_job": "C:\\Users\\sebastien.bocquet\\PycharmProjects\\vimseo\\docs\\runnable_examples\\model_runs\\archive\\calibration_scalars\\BendingTestAnalytical\\Cantilever\\62",
         "directory_scratch_root": "C:\\Users\\sebastien.bocquet\\PycharmProjects\\vimseo\\docs\\runnable_examples\\model_runs\\scratch\\calibration_scalars",
         "directory_scratch_job": ""
    }
}