{
     "inputs": {
         "young_modulus": 224746.09375,
         "Cantilever:length": 600.0,
         "Cantilever:width": 30.2572021484375,
         "Cantilever:height": 39.7552490234375,
         "Cantilever:imposed_dplt": -4.914306640625,
         "Cantilever:relative_dplt_location": 1.0,
         "Cantilever:nu_p": 0.3
    },
     "outputs": {
         "length": 600.0,
         "width": 30.2572021484375,
         "height": 39.7552490234375,
         "imposed_dplt": -4.914306640625,
         "relative_dplt_location": 1.0,
         "nu_p": 0.3,
         "reaction_forces": -2430.2606941488543,
         "moment": [1458156.4164893127, 0.0],
         "moment_grid": [0.0, 600.0],
         "dplt": [0.0, -0.0007495806785459949, -0.002988193245554978, -0.006700643498083456, -0.011871737233187931, -0.018486280247924904, -0.026529078339350844, -0.03598493730452229, -0.04683866294049571, -0.05907506104432762, -0.07267893741307449, -0.08763509784379288, -0.10392834813353918, -0.12154349407937004, -0.14046534147834186, -0.1606786961275111, -0.18216836382393434, -0.20491915036466815, -0.22891586154676885, -0.25414330316729355, -0.28058628102329786, -0.30822960091183865, -0.3370580686299725, -0.3670564899747559, -0.398209670743245, -0.4305024167324968, -0.46391953373956757, -0.4984458275615139, -0.5340661039953922, -0.5707651688382589, -0.6085278278871707, -0.647338886939184, -0.6871831517913553, -0.7280454282407409, -0.7699105220843978, -0.8127632391193819, -0.8565883851427502, -0.901370765951559, -0.9470951873428647, -0.993746455113724, -1.041309375061193, -1.0897687529823288, -1.1391093946741873, -1.1893161059338258, -1.2403736925583, -1.2922669603446666, -1.3449807150899822, -1.3984997625913036, -1.4528089086456861, -1.5078929590501875, -1.5637367196018643, -1.6203249960977728, -1.6776425943349687, -1.7356743201105092, -1.7944049792214511, -1.8538193774648501, -1.913902320637763, -1.9746386145372468, -2.0360130649603576, -2.0980104777041513, -2.1606156585656855, -2.223813413342016, -2.2875885478302003, -2.3519258678272927, -2.4168101791303527, -2.482226287536433, -2.5481589988425943, -2.6145931188458897, -2.681513453343379, -2.7489048081321137, -2.8167519890091564, -2.8850398017715593, -2.9537530522163804, -3.0228765461406755, -3.092395089341503, -3.162293487615916, -3.2325565467609754, -3.303169072573733, -3.374115870851249, -3.4453817473905772, -3.516951507988777, -3.588809958442902, -3.6609419045500107, -3.7333321521071587, -3.8059655069114027, -3.878826774759799, -3.9519007614494055, -4.025172272777276, -4.098626114540469, -4.172247092536041, -4.246020012561047, -4.319929680412546, -4.393960901887592, -4.468098482783242, -4.542327228896554, -4.616631946024583, -4.690997439964385, -4.765408516513021, -4.839849981467539, -4.914306640625005],
         "dplt_grid": [0.0, 6.0606060606060606, 12.121212121212121, 18.18181818181818, 24.242424242424242, 30.303030303030305, 36.36363636363636, 42.42424242424242, 48.484848484848484, 54.54545454545455, 60.60606060606061, 66.66666666666667, 72.72727272727272, 78.78787878787878, 84.84848484848484, 90.9090909090909, 96.96969696969697, 103.03030303030303, 109.0909090909091, 115.15151515151516, 121.21212121212122, 127.27272727272727, 133.33333333333334, 139.3939393939394, 145.45454545454544, 151.5151515151515, 157.57575757575756, 163.63636363636363, 169.6969696969697, 175.75757575757575, 181.8181818181818, 187.87878787878788, 193.93939393939394, 200.0, 206.06060606060606, 212.12121212121212, 218.1818181818182, 224.24242424242425, 230.3030303030303, 236.36363636363637, 242.42424242424244, 248.48484848484847, 254.54545454545453, 260.6060606060606, 266.6666666666667, 272.72727272727275, 278.7878787878788, 284.8484848484849, 290.9090909090909, 296.96969696969694, 303.030303030303, 309.09090909090907, 315.1515151515151, 321.2121212121212, 327.27272727272725, 333.3333333333333, 339.3939393939394, 345.45454545454544, 351.5151515151515, 357.57575757575756, 363.6363636363636, 369.6969696969697, 375.75757575757575, 381.8181818181818, 387.8787878787879, 393.93939393939394, 400.0, 406.06060606060606, 412.1212121212121, 418.1818181818182, 424.24242424242425, 430.3030303030303, 436.3636363636364, 442.42424242424244, 448.4848484848485, 454.54545454545456, 460.6060606060606, 466.6666666666667, 472.72727272727275, 478.7878787878788, 484.8484848484849, 490.9090909090909, 496.96969696969694, 503.030303030303, 509.09090909090907, 515.1515151515151, 521.2121212121212, 527.2727272727273, 533.3333333333334, 539.3939393939394, 545.4545454545455, 551.5151515151515, 557.5757575757576, 563.6363636363636, 569.6969696969697, 575.7575757575758, 581.8181818181818, 587.8787878787879, 593.9393939393939, 600.0],
         "dplt_at_force_location": -4.914306640625005,
         "maximum_dplt": -4.914306640625005,
         "location_max_dplt": 600.0
    },
     "metadata": {
         "error_code": 0,
         "model": "BendingTestAnalytical",
         "load_case": "Cantilever",
         "description": "",
         "job_name": "",
         "persistent_result_files": "",
         "n_cpus": 1,
         "date": "2026-06-16 18:09:41.848425",
         "cpu_time": 0.15784716606140137,
         "user": "sebastien.bocquet",
         "machine": "PCBM20250036",
         "vims_git_version": "3de96ae2320a30b8a84551033e41da0fca6276ac",
         "directory_archive_root": "C:\\Users\\sebastien.bocquet\\Dev\\vimseo\\docs\\runnable_examples\\model_runs\\archive\\calibration_coupled",
         "directory_archive_job": "C:\\Users\\sebastien.bocquet\\Dev\\vimseo\\docs\\runnable_examples\\model_runs\\archive\\calibration_coupled\\BendingTestAnalytical\\Cantilever\\227",
         "directory_scratch_root": "C:\\Users\\sebastien.bocquet\\Dev\\vimseo\\docs\\runnable_examples\\model_runs\\scratch\\calibration_coupled",
         "directory_scratch_job": ""
    }
}