{
     "inputs": {
         "young_modulus": 223750.0,
         "Cantilever:length": 600.0,
         "Cantilever:width": 30.5047607421875,
         "Cantilever:height": 40.207763671875,
         "Cantilever:imposed_dplt": -5.025146484375,
         "Cantilever:relative_dplt_location": 1.0,
         "Cantilever:nu_p": 0.3
    },
     "outputs": {
         "length": 600.0,
         "width": 30.5047607421875,
         "height": 40.207763671875,
         "imposed_dplt": -5.025146484375,
         "relative_dplt_location": 1.0,
         "nu_p": 0.3,
         "reaction_forces": -2580.449750912658,
         "moment": [1548269.850547595, 0.0],
         "moment_grid": [0.0, 600.0],
         "dplt": [0.0, -0.0007664871134438974, -0.0030555905198101294, -0.006851773318150511, -0.01213949860751686, -0.01890322948696099, -0.027127429055534693, -0.03679656041228981, -0.04789508665627816, -0.06040747088655151, -0.07431817620216172, -0.08961166570216059, -0.10627240248559991, -0.12428484965153154, -0.14363347029900725, -0.16430272752707886, -0.18627708443479815, -0.20954100412121707, -0.23407894968538723, -0.25987538422636036, -0.28691477084318867, -0.3151815726349237, -0.3446602527006175, -0.37533527413932155, -0.40719110005008774, -0.44021219353196817, -0.47438301768401436, -0.5096880356052782, -0.5461117103948115, -0.5836385051516662, -0.6222528829748939, -0.6619393069635466, -0.7026822402166759, -0.7444661458333337, -0.7872754869125722, -0.8310947265534425, -0.8759083278549968, -0.921700753916287, -0.968456467836365, -1.0161599327142823, -1.0647956116490904, -1.1143479677398418, -1.1648014640855882, -1.2161405637853813, -1.2683497299382727, -1.3214134256433143, -1.375316113999558, -1.4300422581060557, -1.4855763210618589, -1.5419027659660198, -1.59900605591759, -1.656870654015622, -1.7154810233591662, -1.7748216270472754, -1.8348769281790016, -1.8956313898533956, -1.9570694751695101, -2.019175647226397, -2.0819343691231076, -2.1453301039586936, -2.2093473148322076, -2.2739704648426997, -2.339184017089224, -2.4049724346708308, -2.471320180686573, -2.538211718235501, -2.605631510416668, -2.6735640203291235, -2.741993711071924, -2.8109050457441147, -2.880282487444754, -2.950110499272889, -3.020373544327574, -3.0910560857078586, -3.162142586512799, -3.2336175098414413, -3.3054653187928413, -3.377670476466049, -3.450217445960118, -3.523090690374098, -3.5962746728070427, -3.6697538563580014, -3.7435127041260277, -3.8175356792101742, -3.8918072447094905, -3.9663118637230315, -4.041033999349846, -4.115958114688986, -4.1910686728395055, -4.266350136900455, -4.341786969970886, -4.417363635149849, -4.4930645955364, -4.568874314229587, -4.644777254328464, -4.720757878932082, -4.796800651139491, -4.872890034049747, -4.949010490761896, -5.025146484374998],
         "dplt_grid": [0.0, 6.0606060606060606, 12.121212121212121, 18.18181818181818, 24.242424242424242, 30.303030303030305, 36.36363636363636, 42.42424242424242, 48.484848484848484, 54.54545454545455, 60.60606060606061, 66.66666666666667, 72.72727272727272, 78.78787878787878, 84.84848484848484, 90.9090909090909, 96.96969696969697, 103.03030303030303, 109.0909090909091, 115.15151515151516, 121.21212121212122, 127.27272727272727, 133.33333333333334, 139.3939393939394, 145.45454545454544, 151.5151515151515, 157.57575757575756, 163.63636363636363, 169.6969696969697, 175.75757575757575, 181.8181818181818, 187.87878787878788, 193.93939393939394, 200.0, 206.06060606060606, 212.12121212121212, 218.1818181818182, 224.24242424242425, 230.3030303030303, 236.36363636363637, 242.42424242424244, 248.48484848484847, 254.54545454545453, 260.6060606060606, 266.6666666666667, 272.72727272727275, 278.7878787878788, 284.8484848484849, 290.9090909090909, 296.96969696969694, 303.030303030303, 309.09090909090907, 315.1515151515151, 321.2121212121212, 327.27272727272725, 333.3333333333333, 339.3939393939394, 345.45454545454544, 351.5151515151515, 357.57575757575756, 363.6363636363636, 369.6969696969697, 375.75757575757575, 381.8181818181818, 387.8787878787879, 393.93939393939394, 400.0, 406.06060606060606, 412.1212121212121, 418.1818181818182, 424.24242424242425, 430.3030303030303, 436.3636363636364, 442.42424242424244, 448.4848484848485, 454.54545454545456, 460.6060606060606, 466.6666666666667, 472.72727272727275, 478.7878787878788, 484.8484848484849, 490.9090909090909, 496.96969696969694, 503.030303030303, 509.09090909090907, 515.1515151515151, 521.2121212121212, 527.2727272727273, 533.3333333333334, 539.3939393939394, 545.4545454545455, 551.5151515151515, 557.5757575757576, 563.6363636363636, 569.6969696969697, 575.7575757575758, 581.8181818181818, 587.8787878787879, 593.9393939393939, 600.0],
         "dplt_at_force_location": -5.025146484374998,
         "maximum_dplt": -5.025146484374998,
         "location_max_dplt": 600.0
    },
     "metadata": {
         "error_code": 0,
         "model": "BendingTestAnalytical",
         "load_case": "Cantilever",
         "description": "",
         "job_name": "",
         "persistent_result_files": "",
         "n_cpus": 1,
         "date": "2026-06-16 18:09:14.715099",
         "cpu_time": 0.15743231773376465,
         "user": "sebastien.bocquet",
         "machine": "PCBM20250036",
         "vims_git_version": "3de96ae2320a30b8a84551033e41da0fca6276ac",
         "directory_archive_root": "C:\\Users\\sebastien.bocquet\\Dev\\vimseo\\docs\\runnable_examples\\model_runs\\archive\\calibration_coupled",
         "directory_archive_job": "C:\\Users\\sebastien.bocquet\\Dev\\vimseo\\docs\\runnable_examples\\model_runs\\archive\\calibration_coupled\\BendingTestAnalytical\\Cantilever\\169",
         "directory_scratch_root": "C:\\Users\\sebastien.bocquet\\Dev\\vimseo\\docs\\runnable_examples\\model_runs\\scratch\\calibration_coupled",
         "directory_scratch_job": ""
    }
}