{
     "inputs": {
         "x": 1.50048828125,
         "Dummy:x_1": 0.9625086499676455
    },
     "outputs": {
         "x_1": 0.9625086499676455,
         "y": [0.9625086499676455, 0.977665097252999, 0.9928215445383526, 1.0079779918237062, 1.0231344391090595, 1.0382908863944131, 1.0534473336797667, 1.0686037809651203, 1.083760228250474, 1.0989166755358273, 1.1140731228211809, 1.1292295701065345, 1.1443860173918878, 1.1595424646772414, 1.174698911962595, 1.1898553592479486, 1.2050118065333022, 1.2201682538186556, 1.2353247011040092, 1.2504811483893628, 1.2656375956747161, 1.2807940429600697, 1.2959504902454233, 1.311106937530777, 1.3262633848161305, 1.3414198321014839, 1.3565762793868374, 1.371732726672191, 1.3868891739575446, 1.402045621242898, 1.4172020685282516, 1.4323585158136052, 1.4475149630989588, 1.4626714103843121, 1.4778278576696657, 1.4929843049550193, 1.5081407522403727, 1.5232971995257265, 1.5384536468110799, 1.5536100940964335, 1.568766541381787, 1.5839229886671404, 1.599079435952494, 1.6142358832378476, 1.629392330523201, 1.6445487778085548, 1.6597052250939082, 1.6748616723792618, 1.6900181196646153, 1.7051745669499687, 1.7203310142353223, 1.735487461520676, 1.7506439088060293, 1.7658003560913829, 1.7809568033767365, 1.79611325066209, 1.8112696979474436, 1.826426145232797, 1.8415825925181506, 1.8567390398035042, 1.8718954870888576, 1.8870519343742114, 1.9022083816595647, 1.9173648289449186, 1.932521276230272, 1.9476777235156253, 1.962834170800979, 1.9779906180863325, 1.9931470653716858, 2.0083035126570397, 2.023459959942393, 2.038616407227747, 2.0537728545131, 2.0689293017984536, 2.0840857490838074, 2.0992421963691608, 2.114398643654514, 2.129555090939868, 2.1447115382252213, 2.1598679855105747, 2.1750244327959285, 2.190180880081282, 2.2053373273666357, 2.220493774651989, 2.2356502219373424, 2.2508066692226962, 2.2659631165080496, 2.2811195637934034, 2.296276011078757, 2.31143245836411, 2.326588905649464, 2.3417453529348173, 2.3569018002201707, 2.3720582475055245, 2.387214694790878, 2.4023711420762317, 2.417527589361585, 2.4326840366469384, 2.4478404839322923, 2.4629969312176456],
         "y_axis": [0.0, 0.010101010101010102, 0.020202020202020204, 0.030303030303030304, 0.04040404040404041, 0.05050505050505051, 0.06060606060606061, 0.07070707070707072, 0.08080808080808081, 0.09090909090909091, 0.10101010101010102, 0.11111111111111112, 0.12121212121212122, 0.13131313131313133, 0.14141414141414144, 0.15151515151515152, 0.16161616161616163, 0.17171717171717174, 0.18181818181818182, 0.19191919191919193, 0.20202020202020204, 0.21212121212121213, 0.22222222222222224, 0.23232323232323235, 0.24242424242424243, 0.25252525252525254, 0.26262626262626265, 0.27272727272727276, 0.2828282828282829, 0.29292929292929293, 0.30303030303030304, 0.31313131313131315, 0.32323232323232326, 0.33333333333333337, 0.3434343434343435, 0.3535353535353536, 0.36363636363636365, 0.37373737373737376, 0.38383838383838387, 0.393939393939394, 0.4040404040404041, 0.4141414141414142, 0.42424242424242425, 0.43434343434343436, 0.4444444444444445, 0.4545454545454546, 0.4646464646464647, 0.4747474747474748, 0.48484848484848486, 0.494949494949495, 0.5050505050505051, 0.5151515151515152, 0.5252525252525253, 0.5353535353535354, 0.5454545454545455, 0.5555555555555556, 0.5656565656565657, 0.5757575757575758, 0.5858585858585859, 0.595959595959596, 0.6060606060606061, 0.6161616161616162, 0.6262626262626263, 0.6363636363636365, 0.6464646464646465, 0.6565656565656566, 0.6666666666666667, 0.6767676767676768, 0.686868686868687, 0.696969696969697, 0.7070707070707072, 0.7171717171717172, 0.7272727272727273, 0.7373737373737375, 0.7474747474747475, 0.7575757575757577, 0.7676767676767677, 0.7777777777777778, 0.787878787878788, 0.797979797979798, 0.8080808080808082, 0.8181818181818182, 0.8282828282828284, 0.8383838383838385, 0.8484848484848485, 0.8585858585858587, 0.8686868686868687, 0.8787878787878789, 0.888888888888889, 0.8989898989898991, 0.9090909090909092, 0.9191919191919192, 0.9292929292929294, 0.9393939393939394, 0.9494949494949496, 0.9595959595959597, 0.9696969696969697, 0.9797979797979799, 0.98989898989899, 1.0]
    },
     "metadata": {
         "error_code": 0,
         "model": "MockCurves",
         "load_case": "Dummy",
         "description": "",
         "job_name": "",
         "persistent_result_files": "",
         "n_cpus": 1,
         "date": "2026-03-17 09:05:35.829525",
         "cpu_time": 0.008586406707763672,
         "user": "sebastien.bocquet",
         "machine": "B20191729",
         "vims_git_version": "1b6e7132b9faba0cc93317d127a381ee76a8cb8e",
         "directory_archive_root": "C:\\Users\\sebastien.bocquet\\PycharmProjects\\vimseo\\docs\\runnable_examples\\model_runs\\archive\\calibration_curves",
         "directory_archive_job": "C:\\Users\\sebastien.bocquet\\PycharmProjects\\vimseo\\docs\\runnable_examples\\model_runs\\archive\\calibration_curves\\MockCurves\\Dummy\\26",
         "directory_scratch_root": "C:\\Users\\sebastien.bocquet\\PycharmProjects\\vimseo\\docs\\runnable_examples\\model_runs\\scratch\\calibration_curves",
         "directory_scratch_job": ""
    }
}