{
     "inputs": {
         "young_modulus": 195000.0,
         "Cantilever:length": 600.0,
         "Cantilever:width": 30.1181640625,
         "Cantilever:height": 39.6412353515625,
         "Cantilever:imposed_dplt": -4.913818359375,
         "Cantilever:relative_dplt_location": 1.0,
         "Cantilever:nu_p": 0.3
    },
     "outputs": {
         "length": 600.0,
         "width": 30.1181640625,
         "height": 39.6412353515625,
         "imposed_dplt": -4.913818359375,
         "relative_dplt_location": 1.0,
         "nu_p": 0.3,
         "reaction_forces": -2080.702564367175,
         "moment": [1248421.538620305, 0.0],
         "moment_grid": [0.0, 600.0],
         "dplt": [0.0, -0.0007495062008592201, -0.002987896341263103, -0.006699977727950994, -0.011870557667662237, -0.018484443467136163, -0.026526442433112106, -0.035981361872329434, -0.046834009091527455, -0.05906919139744553, -0.07267171609682298, -0.08762639049639916, -0.1039180219029134, -0.12153141762310506, -0.1404513849637135, -0.16066273123147795, -0.18215026373313783, -0.2048987897754326, -0.22889311666510134, -0.25411805170888374, -0.2805584022135188, -0.30819897548574593, -0.33702457883230463, -0.36702001955993413, -0.3981701049753736, -0.4304596423853627, -0.4638734390966407, -0.4983963024159467, -0.5340130396500204, -0.5707084581056008, -0.6084673650894274, -0.6472745679082398, -0.6871148738687768, -0.7279730902777781, -0.7698340244419829, -0.8126824836681306, -0.8565032752629607, -0.9012812065332121, -0.9470010847856245, -0.9936477173269371, -1.0412059114638894, -1.0896604745032206, -1.13899621375167, -1.1891979365159773, -1.2402504501028813, -1.2921385618191215, -1.344847078971438, -1.3983608088665682, -1.4526645588112532, -1.5077431361122322, -1.563581348076244, -1.620164002010028, -1.6774759052203243, -1.7355018650138705, -1.794226688697408, -1.8536351835776754, -1.9137121569614113, -1.9744424161553553, -2.035810768466247, -2.0978020212008266, -2.1604009816658323, -2.2235924571680035, -2.2873612550140807, -2.3516921825108, -2.4165700469649054, -2.481979655683132, -2.5479058159722228, -2.614333335138914, -2.681247020489948, -2.7486316793320604, -2.8164721189719946, -2.884753146716486, -2.953459569872277, -3.0225761957461046, -3.092087831644712, -3.161979284874833, -3.2322353627432117, -3.302840872556584, -3.3737806216216923, -3.4450394172452743, -3.516602066734069, -3.588453377394816, -3.6605781565342546, -3.732961211459126, -3.805587349476166, -3.8784413778921176, -3.951508104013718, -4.024772335147706, -4.098218878600823, -4.171832541679807, -4.2455981316913975, -4.319500455942333, -4.393524321739356, -4.467654536389203, -4.541875907198612, -4.616173241474325, -4.690531346523082, -4.76493502965162, -4.839369098166679, -4.913818359374999],
         "dplt_grid": [0.0, 6.0606060606060606, 12.121212121212121, 18.18181818181818, 24.242424242424242, 30.303030303030305, 36.36363636363636, 42.42424242424242, 48.484848484848484, 54.54545454545455, 60.60606060606061, 66.66666666666667, 72.72727272727272, 78.78787878787878, 84.84848484848484, 90.9090909090909, 96.96969696969697, 103.03030303030303, 109.0909090909091, 115.15151515151516, 121.21212121212122, 127.27272727272727, 133.33333333333334, 139.3939393939394, 145.45454545454544, 151.5151515151515, 157.57575757575756, 163.63636363636363, 169.6969696969697, 175.75757575757575, 181.8181818181818, 187.87878787878788, 193.93939393939394, 200.0, 206.06060606060606, 212.12121212121212, 218.1818181818182, 224.24242424242425, 230.3030303030303, 236.36363636363637, 242.42424242424244, 248.48484848484847, 254.54545454545453, 260.6060606060606, 266.6666666666667, 272.72727272727275, 278.7878787878788, 284.8484848484849, 290.9090909090909, 296.96969696969694, 303.030303030303, 309.09090909090907, 315.1515151515151, 321.2121212121212, 327.27272727272725, 333.3333333333333, 339.3939393939394, 345.45454545454544, 351.5151515151515, 357.57575757575756, 363.6363636363636, 369.6969696969697, 375.75757575757575, 381.8181818181818, 387.8787878787879, 393.93939393939394, 400.0, 406.06060606060606, 412.1212121212121, 418.1818181818182, 424.24242424242425, 430.3030303030303, 436.3636363636364, 442.42424242424244, 448.4848484848485, 454.54545454545456, 460.6060606060606, 466.6666666666667, 472.72727272727275, 478.7878787878788, 484.8484848484849, 490.9090909090909, 496.96969696969694, 503.030303030303, 509.09090909090907, 515.1515151515151, 521.2121212121212, 527.2727272727273, 533.3333333333334, 539.3939393939394, 545.4545454545455, 551.5151515151515, 557.5757575757576, 563.6363636363636, 569.6969696969697, 575.7575757575758, 581.8181818181818, 587.8787878787879, 593.9393939393939, 600.0],
         "dplt_at_force_location": -4.913818359374999,
         "maximum_dplt": -4.913818359374999,
         "location_max_dplt": 600.0
    },
     "metadata": {
         "error_code": 0,
         "model": "BendingTestAnalytical",
         "load_case": "Cantilever",
         "description": "",
         "job_name": "",
         "persistent_result_files": "",
         "n_cpus": 1,
         "date": "2026-03-26 14:57:40.013836",
         "cpu_time": 0.004167079925537109,
         "user": "sebastien.bocquet",
         "machine": "IPF7101",
         "vims_git_version": "d0050d8de498c8354552cdde540fb3e524454871",
         "directory_archive_root": "/home/sebastien.bocquet/PycharmProjects/vimseo/docs/runnable_examples/model_runs/archive/calibration_scalars",
         "directory_archive_job": "/home/sebastien.bocquet/PycharmProjects/vimseo/docs/runnable_examples/model_runs/archive/calibration_scalars/BendingTestAnalytical/Cantilever/144",
         "directory_scratch_root": "/home/sebastien.bocquet/PycharmProjects/vimseo/docs/runnable_examples/model_runs/scratch/calibration_scalars",
         "directory_scratch_job": ""
    }
}