{
     "inputs": {
         "young_modulus": 219999.90463256836,
         "Cantilever:length": 600.0,
         "Cantilever:width": 30.5316162109375,
         "Cantilever:height": 39.9625244140625,
         "Cantilever:imposed_dplt": -5.0740966796875,
         "Cantilever:relative_dplt_location": 1.0,
         "Cantilever:nu_p": 0.3
    },
     "outputs": {
         "length": 600.0,
         "width": 30.5316162109375,
         "height": 39.9625244140625,
         "imposed_dplt": -5.0740966796875,
         "relative_dplt_location": 1.0,
         "nu_p": 0.3,
         "reaction_forces": -2517.537951970043,
         "moment": [1510522.771182026, 0.0],
         "moment_grid": [0.0, 600.0],
         "dplt": [0.0, -0.000773953501543081, -0.0030853551750703893, -0.00691851677392903, -0.012257750051466103, -0.01908736676102871, -0.02739167865596393, -0.037154997489618896, -0.04836163501534069, -0.060995902986476384, -0.0750421131563731, -0.09048457727837796, -0.10730760710583807, -0.12549551439210044, -0.14503261089051234, -0.16590320835442068, -0.18809161853717268, -0.21158215319211549, -0.23635912407259602, -0.26240684293196126, -0.2897096215235587, -0.31825177160073526, -0.3480176049168382, -0.37899143322521434, -0.41115756827921074, -0.44450032183217486, -0.4790040056374535, -0.5146529314483939, -0.5514314110183431, -0.5893237561006484, -0.6283142784486566, -0.6683872898157149, -0.7095271019551703, -0.7517180266203702, -0.7949443755646615, -0.8391904605413913, -0.8844405933039068, -0.9306790856055549, -0.9778902491996828, -1.0260583958396376, -1.0751678372787665, -1.1252028852704163, -1.1761478515679347, -1.2279870479246684, -1.2807047860939644, -1.33428537782917, -1.388713134883632, -1.4439723690106974, -1.5000473919637138, -1.5569225154960284, -1.6145820513609879, -1.6730103113119397, -1.7321916071022305, -1.7921102504852076, -1.8527505532142186, -1.9140968270426097, -1.9761333837237283, -2.0388445350109223, -2.102214592657537, -2.1662278684169216, -2.230868674042422, -2.2961213212873846, -2.361970121905159, -2.4283993876490895, -2.4953934302725256, -2.5629365615288116, -2.631013093171297, -2.6996073369533278, -2.7687036046282527, -2.838286207949416, -2.9083394586701674, -2.9788476685438523, -3.0497951493238182, -3.1211662127634123, -3.192945170615983, -3.265116334634875, -3.337664016573437, -3.4105725281850154, -3.4838261812229585, -3.5574092874406116, -3.6313061585913244, -3.7055011064284398, -3.779978442705308, -3.8547224791752766, -3.9297175275916896, -4.004947899707899, -4.0803979072772485, -4.156051862053084, -4.231894075788755, -4.307908860237607, -4.384080527152991, -4.460393388288248, -4.5368317553967294, -4.613379940231781, -4.69002225454675, -4.766743010094983, -4.843526518629828, -4.920357091904632, -4.99721904167274, -5.0740966796875036],
         "dplt_grid": [0.0, 6.0606060606060606, 12.121212121212121, 18.18181818181818, 24.242424242424242, 30.303030303030305, 36.36363636363636, 42.42424242424242, 48.484848484848484, 54.54545454545455, 60.60606060606061, 66.66666666666667, 72.72727272727272, 78.78787878787878, 84.84848484848484, 90.9090909090909, 96.96969696969697, 103.03030303030303, 109.0909090909091, 115.15151515151516, 121.21212121212122, 127.27272727272727, 133.33333333333334, 139.3939393939394, 145.45454545454544, 151.5151515151515, 157.57575757575756, 163.63636363636363, 169.6969696969697, 175.75757575757575, 181.8181818181818, 187.87878787878788, 193.93939393939394, 200.0, 206.06060606060606, 212.12121212121212, 218.1818181818182, 224.24242424242425, 230.3030303030303, 236.36363636363637, 242.42424242424244, 248.48484848484847, 254.54545454545453, 260.6060606060606, 266.6666666666667, 272.72727272727275, 278.7878787878788, 284.8484848484849, 290.9090909090909, 296.96969696969694, 303.030303030303, 309.09090909090907, 315.1515151515151, 321.2121212121212, 327.27272727272725, 333.3333333333333, 339.3939393939394, 345.45454545454544, 351.5151515151515, 357.57575757575756, 363.6363636363636, 369.6969696969697, 375.75757575757575, 381.8181818181818, 387.8787878787879, 393.93939393939394, 400.0, 406.06060606060606, 412.1212121212121, 418.1818181818182, 424.24242424242425, 430.3030303030303, 436.3636363636364, 442.42424242424244, 448.4848484848485, 454.54545454545456, 460.6060606060606, 466.6666666666667, 472.72727272727275, 478.7878787878788, 484.8484848484849, 490.9090909090909, 496.96969696969694, 503.030303030303, 509.09090909090907, 515.1515151515151, 521.2121212121212, 527.2727272727273, 533.3333333333334, 539.3939393939394, 545.4545454545455, 551.5151515151515, 557.5757575757576, 563.6363636363636, 569.6969696969697, 575.7575757575758, 581.8181818181818, 587.8787878787879, 593.9393939393939, 600.0],
         "dplt_at_force_location": -5.0740966796875036,
         "maximum_dplt": -5.0740966796875036,
         "location_max_dplt": 600.0
    },
     "metadata": {
         "error_code": 0,
         "model": "BendingTestAnalytical",
         "load_case": "Cantilever",
         "description": "",
         "job_name": "",
         "persistent_result_files": "",
         "n_cpus": 1,
         "date": "2026-03-26 14:57:49.772047",
         "cpu_time": 0.009822845458984375,
         "user": "sebastien.bocquet",
         "machine": "IPF7101",
         "vims_git_version": "d0050d8de498c8354552cdde540fb3e524454871",
         "directory_archive_root": "/home/sebastien.bocquet/PycharmProjects/vimseo/docs/runnable_examples/model_runs/archive/calibration_scalars",
         "directory_archive_job": "/home/sebastien.bocquet/PycharmProjects/vimseo/docs/runnable_examples/model_runs/archive/calibration_scalars/BendingTestAnalytical/Cantilever/476",
         "directory_scratch_root": "/home/sebastien.bocquet/PycharmProjects/vimseo/docs/runnable_examples/model_runs/scratch/calibration_scalars",
         "directory_scratch_job": ""
    }
}