{
     "inputs": {
         "young_modulus": 219999.90463256836,
         "Cantilever:length": 600.0,
         "Cantilever:width": 30.5316162109375,
         "Cantilever:height": 39.9625244140625,
         "Cantilever:imposed_dplt": -5.0740966796875,
         "Cantilever:relative_dplt_location": 1.0,
         "Cantilever:nu_p": 0.3
    },
     "outputs": {
         "length": 600.0,
         "width": 30.5316162109375,
         "height": 39.9625244140625,
         "imposed_dplt": -5.0740966796875,
         "relative_dplt_location": 1.0,
         "nu_p": 0.3,
         "reaction_forces": -2517.537951970043,
         "moment": [1510522.771182026, 0.0],
         "moment_grid": [0.0, 600.0],
         "dplt": [0.0, -0.000773953501543081, -0.0030853551750703893, -0.006918516773929026, -0.012257750051466091, -0.019087366761028686, -0.027391678655963893, -0.037154997489618855, -0.048361635015340625, -0.06099590298647633, -0.07504211315637305, -0.0904845772783779, -0.10730760710583796, -0.12549551439210035, -0.1450326108905122, -0.16590320835442054, -0.18809161853717252, -0.2115821531921152, -0.2363591240725957, -0.26240684293196137, -0.2897096215235589, -0.3182517716007354, -0.34801760491683836, -0.3789914332252145, -0.41115756827921096, -0.4445003218321751, -0.4790040056374538, -0.5146529314483943, -0.5514314110183436, -0.5893237561006488, -0.6283142784486571, -0.6683872898157154, -0.7095271019551709, -0.7517180266203709, -0.7949443755646622, -0.8391904605413919, -0.8844405933039073, -0.9306790856055557, -0.9778902491996837, -1.0260583958396385, -1.0751678372787674, -1.1252028852704172, -1.1761478515679353, -1.2279870479246693, -1.2807047860939655, -1.3342853778291708, -1.3887131348836328, -1.4439723690106985, -1.500047391963715, -1.5569225154960296, -1.614582051360989, -1.6730103113119406, -1.7321916071022316, -1.7921102504852087, -1.8527505532142194, -1.9140968270426104, -1.976133383723729, -2.0388445350109228, -2.1022145926575377, -2.166227868416922, -2.2308686740424224, -2.296121321287385, -2.3619701219051596, -2.4283993876490895, -2.495393430272525, -2.562936561528812, -2.631013093171297, -2.699607336953328, -2.7687036046282527, -2.8382862079494156, -2.908339458670167, -2.978847668543852, -3.049795149323818, -3.121166212763412, -3.192945170615982, -3.265116334634874, -3.337664016573436, -3.410572528185014, -3.4838261812229576, -3.5574092874406102, -3.6313061585913227, -3.7055011064284376, -3.7799784427053065, -3.8547224791752743, -3.929717527591688, -4.004947899707897, -4.080397907277245, -4.156051862053081, -4.2318940757887535, -4.307908860237604, -4.384080527152988, -4.460393388288245, -4.536831755396727, -4.613379940231777, -4.690022254546748, -4.766743010094979, -4.843526518629824, -4.920357091904629, -4.997219041672737, -5.074096679687501],
         "dplt_grid": [0.0, 6.0606060606060606, 12.121212121212121, 18.18181818181818, 24.242424242424242, 30.303030303030305, 36.36363636363636, 42.42424242424242, 48.484848484848484, 54.54545454545455, 60.60606060606061, 66.66666666666667, 72.72727272727272, 78.78787878787878, 84.84848484848484, 90.9090909090909, 96.96969696969697, 103.03030303030303, 109.0909090909091, 115.15151515151516, 121.21212121212122, 127.27272727272727, 133.33333333333334, 139.3939393939394, 145.45454545454544, 151.5151515151515, 157.57575757575756, 163.63636363636363, 169.6969696969697, 175.75757575757575, 181.8181818181818, 187.87878787878788, 193.93939393939394, 200.0, 206.06060606060606, 212.12121212121212, 218.1818181818182, 224.24242424242425, 230.3030303030303, 236.36363636363637, 242.42424242424244, 248.48484848484847, 254.54545454545453, 260.6060606060606, 266.6666666666667, 272.72727272727275, 278.7878787878788, 284.8484848484849, 290.9090909090909, 296.96969696969694, 303.030303030303, 309.09090909090907, 315.1515151515151, 321.2121212121212, 327.27272727272725, 333.3333333333333, 339.3939393939394, 345.45454545454544, 351.5151515151515, 357.57575757575756, 363.6363636363636, 369.6969696969697, 375.75757575757575, 381.8181818181818, 387.8787878787879, 393.93939393939394, 400.0, 406.06060606060606, 412.1212121212121, 418.1818181818182, 424.24242424242425, 430.3030303030303, 436.3636363636364, 442.42424242424244, 448.4848484848485, 454.54545454545456, 460.6060606060606, 466.6666666666667, 472.72727272727275, 478.7878787878788, 484.8484848484849, 490.9090909090909, 496.96969696969694, 503.030303030303, 509.09090909090907, 515.1515151515151, 521.2121212121212, 527.2727272727273, 533.3333333333334, 539.3939393939394, 545.4545454545455, 551.5151515151515, 557.5757575757576, 563.6363636363636, 569.6969696969697, 575.7575757575758, 581.8181818181818, 587.8787878787879, 593.9393939393939, 600.0],
         "dplt_at_force_location": -5.074096679687501,
         "maximum_dplt": -5.074096679687501,
         "location_max_dplt": 600.0
    },
     "metadata": {
         "error_code": 0,
         "model": "BendingTestAnalytical",
         "load_case": "Cantilever",
         "description": "",
         "job_name": "",
         "persistent_result_files": "",
         "n_cpus": 1,
         "date": "2026-03-17 09:07:31.400398",
         "cpu_time": 0.12712883949279785,
         "user": "sebastien.bocquet",
         "machine": "B20191729",
         "vims_git_version": "1b6e7132b9faba0cc93317d127a381ee76a8cb8e",
         "directory_archive_root": "C:\\Users\\sebastien.bocquet\\PycharmProjects\\vimseo\\docs\\runnable_examples\\model_runs\\archive\\calibration_scalars",
         "directory_archive_job": "C:\\Users\\sebastien.bocquet\\PycharmProjects\\vimseo\\docs\\runnable_examples\\model_runs\\archive\\calibration_scalars\\BendingTestAnalytical\\Cantilever\\476",
         "directory_scratch_root": "C:\\Users\\sebastien.bocquet\\PycharmProjects\\vimseo\\docs\\runnable_examples\\model_runs\\scratch\\calibration_scalars",
         "directory_scratch_job": ""
    }
}