{
     "inputs": {
         "young_modulus": 220646.2904293925,
         "Cantilever:length": 600.0,
         "Cantilever:width": 29.61376953125,
         "Cantilever:height": 39.2391357421875,
         "Cantilever:imposed_dplt": -4.9503173828125,
         "Cantilever:relative_dplt_location": 1.0,
         "Cantilever:nu_p": 0.3
    },
     "outputs": {
         "length": 600.0,
         "width": 29.61376953125,
         "height": 39.2391357421875,
         "imposed_dplt": -4.9503173828125,
         "relative_dplt_location": 1.0,
         "nu_p": 0.3,
         "reaction_forces": -2261.8714768170776,
         "moment": [1357122.8860902465, 0.0],
         "moment_grid": [0.0, 600.0],
         "dplt": [0.0, -0.0007550734079456438, -0.003010089937080603, -0.006749744045351934, -0.011958730190706686, -0.0186217428310919, -0.026723476424454613, -0.036248625428741896, -0.04718188430190077, -0.059507947501878294, -0.07321150948662153, -0.08827726471407749, -0.10468990764219321, -0.12243413272891585, -0.14149463443219232, -0.1618561072099697, -0.18350324552019512, -0.20642074382081557, -0.23059329656977806, -0.25600559822502994, -0.28264234324451787, -0.3104882260861889, -0.3395279412079904, -0.3697461830678691, -0.40112764612377205, -0.43365702483364665, -0.46731901365543965, -0.5020983070470981, -0.5379795994665693, -0.5749475853717999, -0.6129869592207373, -0.6520824154713283, -0.6922186485815202, -0.7333803530092597, -0.7755522232124943, -0.8187189536491707, -0.8628652387772361, -0.9079757730546374, -0.9540352509393215, -1.001028366889236, -1.0489398153623273, -1.097754290816543, -1.1474564877098299, -1.1980311005001354, -1.249462823645406, -1.301736351603589, -1.3548363788326312, -1.4087475997904797, -1.463454708935082, -1.5189424007243846, -1.575195369616335, -1.6321983100688802, -1.6899359165399672, -1.7483928834875424, -1.8075539053695537, -1.867403676643948, -1.927926891768672, -1.9891082452016733, -2.050932431400898, -2.1133841448242943, -2.1764480799298083, -2.2401089311753872, -2.304351393018979, -2.3691601599185295, -2.434519926331987, -2.5004153867172967, -2.566831235532408, -2.6337521672352655, -2.701162876283819, -2.7690480571360117, -2.837392404249795, -2.9061806120831126, -2.9753973750939138, -3.045027387740144, -3.115055344479752, -3.1854659397706824, -3.2562438680708854, -3.327373823838304, -3.39884050153089, -3.4706285956065863, -3.542722800523343, -3.6151078107391035, -3.687768320711819, -3.7606890248994342, -3.833854617759896, -3.907249793751154, -3.9808592473311526, -4.054667672957838, -4.1286597650891625, -4.2028202181830645, -4.2771337266975, -4.351584985090409, -4.426158687819744, -4.500839529343447, -4.575612204119472, -4.650461406605758, -4.725371831260257, -4.800328172540915, -4.875315124905678, -4.9503173828124964],
         "dplt_grid": [0.0, 6.0606060606060606, 12.121212121212121, 18.18181818181818, 24.242424242424242, 30.303030303030305, 36.36363636363636, 42.42424242424242, 48.484848484848484, 54.54545454545455, 60.60606060606061, 66.66666666666667, 72.72727272727272, 78.78787878787878, 84.84848484848484, 90.9090909090909, 96.96969696969697, 103.03030303030303, 109.0909090909091, 115.15151515151516, 121.21212121212122, 127.27272727272727, 133.33333333333334, 139.3939393939394, 145.45454545454544, 151.5151515151515, 157.57575757575756, 163.63636363636363, 169.6969696969697, 175.75757575757575, 181.8181818181818, 187.87878787878788, 193.93939393939394, 200.0, 206.06060606060606, 212.12121212121212, 218.1818181818182, 224.24242424242425, 230.3030303030303, 236.36363636363637, 242.42424242424244, 248.48484848484847, 254.54545454545453, 260.6060606060606, 266.6666666666667, 272.72727272727275, 278.7878787878788, 284.8484848484849, 290.9090909090909, 296.96969696969694, 303.030303030303, 309.09090909090907, 315.1515151515151, 321.2121212121212, 327.27272727272725, 333.3333333333333, 339.3939393939394, 345.45454545454544, 351.5151515151515, 357.57575757575756, 363.6363636363636, 369.6969696969697, 375.75757575757575, 381.8181818181818, 387.8787878787879, 393.93939393939394, 400.0, 406.06060606060606, 412.1212121212121, 418.1818181818182, 424.24242424242425, 430.3030303030303, 436.3636363636364, 442.42424242424244, 448.4848484848485, 454.54545454545456, 460.6060606060606, 466.6666666666667, 472.72727272727275, 478.7878787878788, 484.8484848484849, 490.9090909090909, 496.96969696969694, 503.030303030303, 509.09090909090907, 515.1515151515151, 521.2121212121212, 527.2727272727273, 533.3333333333334, 539.3939393939394, 545.4545454545455, 551.5151515151515, 557.5757575757576, 563.6363636363636, 569.6969696969697, 575.7575757575758, 581.8181818181818, 587.8787878787879, 593.9393939393939, 600.0],
         "dplt_at_force_location": -4.9503173828124964,
         "maximum_dplt": -4.9503173828124964,
         "location_max_dplt": 600.0
    },
     "metadata": {
         "error_code": 0,
         "model": "BendingTestAnalytical",
         "load_case": "Cantilever",
         "description": "",
         "job_name": "",
         "persistent_result_files": "",
         "n_cpus": 1,
         "date": "2026-03-17 09:06:52.098073",
         "cpu_time": 0.08324170112609863,
         "user": "sebastien.bocquet",
         "machine": "B20191729",
         "vims_git_version": "1b6e7132b9faba0cc93317d127a381ee76a8cb8e",
         "directory_archive_root": "C:\\Users\\sebastien.bocquet\\PycharmProjects\\vimseo\\docs\\runnable_examples\\model_runs\\archive\\calibration_scalars",
         "directory_archive_job": "C:\\Users\\sebastien.bocquet\\PycharmProjects\\vimseo\\docs\\runnable_examples\\model_runs\\archive\\calibration_scalars\\BendingTestAnalytical\\Cantilever\\257",
         "directory_scratch_root": "C:\\Users\\sebastien.bocquet\\PycharmProjects\\vimseo\\docs\\runnable_examples\\model_runs\\scratch\\calibration_scalars",
         "directory_scratch_job": ""
    }
}