{
     "inputs": {
         "young_modulus": 221896.2904293925,
         "Cantilever:length": 600.0,
         "Cantilever:width": 30.1181640625,
         "Cantilever:height": 39.6412353515625,
         "Cantilever:imposed_dplt": -4.913818359375,
         "Cantilever:relative_dplt_location": 1.0,
         "Cantilever:nu_p": 0.3
    },
     "outputs": {
         "length": 600.0,
         "width": 30.1181640625,
         "height": 39.6412353515625,
         "imposed_dplt": -4.913818359375,
         "relative_dplt_location": 1.0,
         "nu_p": 0.3,
         "reaction_forces": -2367.6932334358994,
         "moment": [1420615.9400615396, 0.0],
         "moment_grid": [0.0, 600.0],
         "dplt": [0.0, -0.0007495062008592207, -0.0029878963412631023, -0.006699977727950996, -0.011870557667662237, -0.01848444346713617, -0.026526442433112116, -0.03598136187232945, -0.04683400909152747, -0.059069191397445535, -0.07267171609682298, -0.08762639049639917, -0.1039180219029134, -0.12153141762310506, -0.14045138496371348, -0.16066273123147795, -0.18215026373313786, -0.20489878977543258, -0.22889311666510134, -0.25411805170888363, -0.2805584022135187, -0.3081989754857458, -0.3370245788323046, -0.3670200195599341, -0.39817010497537353, -0.4304596423853627, -0.46387343909664064, -0.49839630241594673, -0.5340130396500204, -0.570708458105601, -0.6084673650894276, -0.6472745679082399, -0.6871148738687769, -0.7279730902777781, -0.7698340244419831, -0.812682483668131, -0.8565032752629609, -0.9012812065332125, -0.947001084785625, -0.9936477173269377, -1.0412059114638899, -1.089660474503221, -1.1389962137516703, -1.1891979365159777, -1.240250450102882, -1.2921385618191221, -1.344847078971438, -1.3983608088665687, -1.4526645588112537, -1.5077431361122327, -1.5635813480762444, -1.620164002010029, -1.6774759052203247, -1.7355018650138714, -1.7942266886974085, -1.8536351835776756, -1.9137121569614115, -1.9744424161553558, -2.0358107684662476, -2.097802021200827, -2.160400981665833, -2.2235924571680035, -2.28736125501408, -2.3516921825108, -2.416570046964906, -2.4819796556831326, -2.5479058159722223, -2.6143333351389133, -2.6812470204899475, -2.7486316793320604, -2.816472118971994, -2.884753146716486, -2.953459569872276, -3.0225761957461046, -3.0920878316447116, -3.161979284874832, -3.2322353627432108, -3.3028408725565823, -3.373780621621691, -3.4450394172452725, -3.516602066734068, -3.5884533773948144, -3.6605781565342532, -3.7329612114591226, -3.8055873494761636, -3.8784413778921154, -3.9515081040137154, -4.024772335147704, -4.098218878600821, -4.171832541679804, -4.245598131691395, -4.319500455942332, -4.393524321739354, -4.467654536389199, -4.541875907198611, -4.616173241474322, -4.690531346523079, -4.764935029651617, -4.839369098166675, -4.9138183593749964],
         "dplt_grid": [0.0, 6.0606060606060606, 12.121212121212121, 18.18181818181818, 24.242424242424242, 30.303030303030305, 36.36363636363636, 42.42424242424242, 48.484848484848484, 54.54545454545455, 60.60606060606061, 66.66666666666667, 72.72727272727272, 78.78787878787878, 84.84848484848484, 90.9090909090909, 96.96969696969697, 103.03030303030303, 109.0909090909091, 115.15151515151516, 121.21212121212122, 127.27272727272727, 133.33333333333334, 139.3939393939394, 145.45454545454544, 151.5151515151515, 157.57575757575756, 163.63636363636363, 169.6969696969697, 175.75757575757575, 181.8181818181818, 187.87878787878788, 193.93939393939394, 200.0, 206.06060606060606, 212.12121212121212, 218.1818181818182, 224.24242424242425, 230.3030303030303, 236.36363636363637, 242.42424242424244, 248.48484848484847, 254.54545454545453, 260.6060606060606, 266.6666666666667, 272.72727272727275, 278.7878787878788, 284.8484848484849, 290.9090909090909, 296.96969696969694, 303.030303030303, 309.09090909090907, 315.1515151515151, 321.2121212121212, 327.27272727272725, 333.3333333333333, 339.3939393939394, 345.45454545454544, 351.5151515151515, 357.57575757575756, 363.6363636363636, 369.6969696969697, 375.75757575757575, 381.8181818181818, 387.8787878787879, 393.93939393939394, 400.0, 406.06060606060606, 412.1212121212121, 418.1818181818182, 424.24242424242425, 430.3030303030303, 436.3636363636364, 442.42424242424244, 448.4848484848485, 454.54545454545456, 460.6060606060606, 466.6666666666667, 472.72727272727275, 478.7878787878788, 484.8484848484849, 490.9090909090909, 496.96969696969694, 503.030303030303, 509.09090909090907, 515.1515151515151, 521.2121212121212, 527.2727272727273, 533.3333333333334, 539.3939393939394, 545.4545454545455, 551.5151515151515, 557.5757575757576, 563.6363636363636, 569.6969696969697, 575.7575757575758, 581.8181818181818, 587.8787878787879, 593.9393939393939, 600.0],
         "dplt_at_force_location": -4.9138183593749964,
         "maximum_dplt": -4.9138183593749964,
         "location_max_dplt": 600.0
    },
     "metadata": {
         "error_code": 0,
         "model": "BendingTestAnalytical",
         "load_case": "Cantilever",
         "description": "",
         "job_name": "",
         "persistent_result_files": "",
         "n_cpus": 1,
         "date": "2026-03-26 14:57:42.559802",
         "cpu_time": 0.005947113037109375,
         "user": "sebastien.bocquet",
         "machine": "IPF7101",
         "vims_git_version": "d0050d8de498c8354552cdde540fb3e524454871",
         "directory_archive_root": "/home/sebastien.bocquet/PycharmProjects/vimseo/docs/runnable_examples/model_runs/archive/calibration_scalars",
         "directory_archive_job": "/home/sebastien.bocquet/PycharmProjects/vimseo/docs/runnable_examples/model_runs/archive/calibration_scalars/BendingTestAnalytical/Cantilever/240",
         "directory_scratch_root": "/home/sebastien.bocquet/PycharmProjects/vimseo/docs/runnable_examples/model_runs/scratch/calibration_scalars",
         "directory_scratch_job": ""
    }
}