{
     "inputs": {
         "young_modulus": 195505.3483839161,
         "Cantilever:length": 600.0,
         "Cantilever:width": 29.599609375,
         "Cantilever:height": 40.2264404296875,
         "Cantilever:imposed_dplt": -5.0703125,
         "Cantilever:relative_dplt_location": 1.0,
         "Cantilever:nu_p": 0.3
    },
     "outputs": {
         "length": 600.0,
         "width": 29.599609375,
         "height": 40.2264404296875,
         "imposed_dplt": -5.0703125,
         "relative_dplt_location": 1.0,
         "nu_p": 0.3,
         "reaction_forces": -2210.550394126277,
         "moment": [1326330.2364757662, 0.0],
         "moment_grid": [0.0, 600.0],
         "dplt": [0.0, -0.0007733762994705763, -0.0030830541668083735, -0.006913357055402513, -0.012248608418642101, -0.01907313170991625, -0.027371250382614044, -0.03712728789012463, -0.048325567685837095, -0.060950413223140536, -0.07498614795542408, -0.09041709533607684, -0.10722757881848788, -0.1254019218560464, -0.14492444790214146, -0.1657794804101621, -0.18795134283349754, -0.2114243586255369, -0.2361828512396692, -0.2622111441292838, -0.28949356074776944, -0.31801442454851536, -0.34775805898491086, -0.3787087875103448, -0.41085093357820623, -0.4441688206418846, -0.4786467721547688, -0.514269111570248, -0.5510201623417113, -0.5888842479225477, -0.6278456917661466, -0.6678888173258968, -0.7089979480551873, -0.7511574074074079, -0.7943515188359469, -0.8385646057941938, -0.8837809917355377, -0.9299850001133676, -0.9771609543810729, -1.0252931779920424, -1.074365994399665, -1.1243637270573306, -1.1752706994184274, -1.2270712349363453, -1.2797496570644729, -1.3332902892561993, -1.3876774549649138, -1.4428954776440055, -1.4989286807468631, -1.5557613877268766, -1.6133779220374342, -1.671762607131926, -1.7308997664637402, -1.7907737234862662, -1.8513688016528933, -1.9126693244170103, -1.9746596152320064, -2.037323997551271, -2.1006467948281933, -2.1646123305161615, -2.2292049280685657, -2.2944089109387935, -2.3602086025802365, -2.4265883264462813, -2.4935324059903192, -2.5610251646657383, -2.629050925925927, -2.697594013224275, -2.766638750014172, -2.8361694597490055, -2.9061704658821674, -2.9766260918670437, -3.047520661157026, -3.118838497205501, -3.1905639234658607, -3.262681263391491, -3.3351748404357844, -3.408028978052126, -3.4812279996939095, -3.554756228814521, -3.6285979888673503, -3.702737603305785, -3.777159395583217, -3.851847689153034, -3.9267868074686247, -4.001961073983381, -4.077354812150689, -4.152952345423936, -4.228737997256516, -4.304696091101816, -4.380810950413225, -4.457066898644131, -4.5334482592479235, -4.6099393556779935, -4.686524511387729, -4.763188049830517, -4.83991429445975, -4.916687568728816, -4.993492196091102, -5.070312500000001],
         "dplt_grid": [0.0, 6.0606060606060606, 12.121212121212121, 18.18181818181818, 24.242424242424242, 30.303030303030305, 36.36363636363636, 42.42424242424242, 48.484848484848484, 54.54545454545455, 60.60606060606061, 66.66666666666667, 72.72727272727272, 78.78787878787878, 84.84848484848484, 90.9090909090909, 96.96969696969697, 103.03030303030303, 109.0909090909091, 115.15151515151516, 121.21212121212122, 127.27272727272727, 133.33333333333334, 139.3939393939394, 145.45454545454544, 151.5151515151515, 157.57575757575756, 163.63636363636363, 169.6969696969697, 175.75757575757575, 181.8181818181818, 187.87878787878788, 193.93939393939394, 200.0, 206.06060606060606, 212.12121212121212, 218.1818181818182, 224.24242424242425, 230.3030303030303, 236.36363636363637, 242.42424242424244, 248.48484848484847, 254.54545454545453, 260.6060606060606, 266.6666666666667, 272.72727272727275, 278.7878787878788, 284.8484848484849, 290.9090909090909, 296.96969696969694, 303.030303030303, 309.09090909090907, 315.1515151515151, 321.2121212121212, 327.27272727272725, 333.3333333333333, 339.3939393939394, 345.45454545454544, 351.5151515151515, 357.57575757575756, 363.6363636363636, 369.6969696969697, 375.75757575757575, 381.8181818181818, 387.8787878787879, 393.93939393939394, 400.0, 406.06060606060606, 412.1212121212121, 418.1818181818182, 424.24242424242425, 430.3030303030303, 436.3636363636364, 442.42424242424244, 448.4848484848485, 454.54545454545456, 460.6060606060606, 466.6666666666667, 472.72727272727275, 478.7878787878788, 484.8484848484849, 490.9090909090909, 496.96969696969694, 503.030303030303, 509.09090909090907, 515.1515151515151, 521.2121212121212, 527.2727272727273, 533.3333333333334, 539.3939393939394, 545.4545454545455, 551.5151515151515, 557.5757575757576, 563.6363636363636, 569.6969696969697, 575.7575757575758, 581.8181818181818, 587.8787878787879, 593.9393939393939, 600.0],
         "dplt_at_force_location": -5.070312500000001,
         "maximum_dplt": -5.070312500000001,
         "location_max_dplt": 600.0
    },
     "metadata": {
         "error_code": 0,
         "model": "BendingTestAnalytical",
         "load_case": "Cantilever",
         "description": "",
         "job_name": "",
         "persistent_result_files": "",
         "n_cpus": 1,
         "date": "2026-03-26 14:57:45.407466",
         "cpu_time": 0.007990837097167969,
         "user": "sebastien.bocquet",
         "machine": "IPF7101",
         "vims_git_version": "d0050d8de498c8354552cdde540fb3e524454871",
         "directory_archive_root": "/home/sebastien.bocquet/PycharmProjects/vimseo/docs/runnable_examples/model_runs/archive/calibration_scalars",
         "directory_archive_job": "/home/sebastien.bocquet/PycharmProjects/vimseo/docs/runnable_examples/model_runs/archive/calibration_scalars/BendingTestAnalytical/Cantilever/394",
         "directory_scratch_root": "/home/sebastien.bocquet/PycharmProjects/vimseo/docs/runnable_examples/model_runs/scratch/calibration_scalars",
         "directory_scratch_job": ""
    }
}