{
     "inputs": {
         "young_modulus": 225505.3483839161,
         "Cantilever:length": 600.0,
         "Cantilever:width": 29.499755859375,
         "Cantilever:height": 40.2801513671875,
         "Cantilever:imposed_dplt": -5.006591796875,
         "Cantilever:relative_dplt_location": 1.0,
         "Cantilever:nu_p": 0.3
    },
     "outputs": {
         "length": 600.0,
         "width": 29.499755859375,
         "height": 40.2801513671875,
         "imposed_dplt": -5.006591796875,
         "relative_dplt_location": 1.0,
         "nu_p": 0.3,
         "reaction_forces": -2519.283203056323,
         "moment": [1511569.9218337939, 0.0],
         "moment_grid": [0.0, 600.0],
         "dplt": [0.0, -0.0007636569613464508, -0.0030443081567189598, -0.006826474053117263, -0.012094675117541098, -0.018833431816990202, -0.027027264618464275, -0.0366606939889631, -0.04771824039548637, -0.06018442430503382, -0.0740437661846052, -0.08928078650120025, -0.10588000572181867, -0.12382594431346024, -0.14310312274312467, -0.16369606147781168, -0.18558928098452104, -0.20876730173025254, -0.23321464418200574, -0.25891582880678077, -0.28585537607157685, -0.31401780644339383, -0.3433876403892318, -0.3739493983760901, -0.40568760087096845, -0.43858676834086696, -0.4726314212527851, -0.5078060800737226, -0.5440952652706794, -0.581483497310655, -0.6199552966606492, -0.6594951837876617, -0.7000876791586923, -0.7417173032407408, -0.7843685765008067, -0.8280260194058899, -0.8726741524229903, -0.9182974960191073, -0.9648805706612409, -1.0124078968163905, -1.0608639949515561, -1.1102333855337374, -1.160500589029934, -1.2116501259071464, -1.263666516632373, -1.3165342816726144, -1.3702379414948704, -1.42476201656614, -1.4800910273534231, -1.5362094943237208, -1.593101937944031, -1.650752878681355, -1.7091468370026912, -1.7682683333750395, -1.828101888265401, -1.888632022140774, -1.9498432554681586, -2.0117201087145555, -2.074247102346962, -2.1374087568323805, -2.2011895926378093, -2.2655741302302483, -2.3305468900766986, -2.3960923926441566, -2.4621951583996267, -2.5288397078101035, -2.596010561342591, -2.663692239464087, -2.7318692626415917, -2.800526151342103, -2.8696474260326243, -2.9392176071801526, -3.009221215251688, -3.0796427707142304, -3.1504667940347812, -3.221677805680337, -3.2932603261179003, -3.3651988758144684, -3.437477975237044, -3.510082144852624, -3.58299590512821, -3.656203776530799, -3.7296902795273947, -3.8034399345849947, -3.8774372621705986, -3.9516667827512073, -4.02611301679382, -4.100760484765435, -4.1755937071330544, -4.250597204363674, -4.325755496924299, -4.4010531052819255, -4.476474549903555, -4.552004351256184, -4.627627029806817, -4.70332710602245, -4.779089100370083, -4.854897533316721, -4.930736925329354, -5.006591796874992],
         "dplt_grid": [0.0, 6.0606060606060606, 12.121212121212121, 18.18181818181818, 24.242424242424242, 30.303030303030305, 36.36363636363636, 42.42424242424242, 48.484848484848484, 54.54545454545455, 60.60606060606061, 66.66666666666667, 72.72727272727272, 78.78787878787878, 84.84848484848484, 90.9090909090909, 96.96969696969697, 103.03030303030303, 109.0909090909091, 115.15151515151516, 121.21212121212122, 127.27272727272727, 133.33333333333334, 139.3939393939394, 145.45454545454544, 151.5151515151515, 157.57575757575756, 163.63636363636363, 169.6969696969697, 175.75757575757575, 181.8181818181818, 187.87878787878788, 193.93939393939394, 200.0, 206.06060606060606, 212.12121212121212, 218.1818181818182, 224.24242424242425, 230.3030303030303, 236.36363636363637, 242.42424242424244, 248.48484848484847, 254.54545454545453, 260.6060606060606, 266.6666666666667, 272.72727272727275, 278.7878787878788, 284.8484848484849, 290.9090909090909, 296.96969696969694, 303.030303030303, 309.09090909090907, 315.1515151515151, 321.2121212121212, 327.27272727272725, 333.3333333333333, 339.3939393939394, 345.45454545454544, 351.5151515151515, 357.57575757575756, 363.6363636363636, 369.6969696969697, 375.75757575757575, 381.8181818181818, 387.8787878787879, 393.93939393939394, 400.0, 406.06060606060606, 412.1212121212121, 418.1818181818182, 424.24242424242425, 430.3030303030303, 436.3636363636364, 442.42424242424244, 448.4848484848485, 454.54545454545456, 460.6060606060606, 466.6666666666667, 472.72727272727275, 478.7878787878788, 484.8484848484849, 490.9090909090909, 496.96969696969694, 503.030303030303, 509.09090909090907, 515.1515151515151, 521.2121212121212, 527.2727272727273, 533.3333333333334, 539.3939393939394, 545.4545454545455, 551.5151515151515, 557.5757575757576, 563.6363636363636, 569.6969696969697, 575.7575757575758, 581.8181818181818, 587.8787878787879, 593.9393939393939, 600.0],
         "dplt_at_force_location": -5.006591796874992,
         "maximum_dplt": -5.006591796874992,
         "location_max_dplt": 600.0
    },
     "metadata": {
         "error_code": 0,
         "model": "BendingTestAnalytical",
         "load_case": "Cantilever",
         "description": "",
         "job_name": "",
         "persistent_result_files": "",
         "n_cpus": 1,
         "date": "2026-06-16 18:12:22.195404",
         "cpu_time": 0.28996706008911133,
         "user": "sebastien.bocquet",
         "machine": "PCBM20250036",
         "vims_git_version": "5cd5cf5ab4caf1fa2c2190f0396e06b5b5639fd0",
         "directory_archive_root": "C:\\Users\\sebastien.bocquet\\Dev\\vimseo\\docs\\runnable_examples\\model_runs\\archive\\calibration_scalars",
         "directory_archive_job": "C:\\Users\\sebastien.bocquet\\Dev\\vimseo\\docs\\runnable_examples\\model_runs\\archive\\calibration_scalars\\BendingTestAnalytical\\Cantilever\\894",
         "directory_scratch_root": "C:\\Users\\sebastien.bocquet\\Dev\\vimseo\\docs\\runnable_examples\\model_runs\\scratch\\calibration_scalars",
         "directory_scratch_job": ""
    }
}