{
     "inputs": {
         "length": 600.0,
         "width": 10.0,
         "height": 10.0,
         "imposed_dplt": -5.0,
         "relative_dplt_location": 1.0,
         "young_modulus": 210000.0,
         "nu_p": 0.3
    },
     "outputs": {
         "reaction_forces": -12.152777777777779,
         "moment": [7291.666666666667, 0.0],
         "moment_grid": [0.0, 600.0],
         "dplt": [0.0, -0.0007626515125749894, -0.0030402999487786765, -0.006817486156329134, -0.012078750982944444, -0.018808635276342675, -0.026991679884241882, -0.03661242565436018, -0.047655413434415615, -0.06010518407212625, -0.07394627841521018, -0.08916323731138547, -0.10574060160837018, -0.12366291215388243, -0.14291470979564033, -0.1634805353813618, -0.18534492975876507, -0.2084924337755682, -0.23290758827948913, -0.25857493411824595, -0.28547901213955695, -0.31360436319113993, -0.3429355281207133, -0.37345704777599487, -0.40515346300470256, -0.43800931465455495, -0.4720091435732697, -0.5071374906085651, -0.543378896608159, -0.5807179024197697, -0.6191390488911152, -0.6586268768699135, -0.6991659272038828, -0.740740740740741, -0.7833358583282064, -0.826935820813997, -0.8715251690458307, -0.9170884438714259, -0.9636101861385004, -1.0110749366947722, -1.0594672363879594, -1.1087716260657805, -1.1589726465759531, -1.2100548387661956, -1.262002743484226, -1.3148009015777624, -1.3684338538945222, -1.4228861412822242, -1.4781423045885862, -1.534186884661327, -1.5910044223481636, -1.6485794584968148, -1.7068965339549982, -1.7659401895704325, -1.825694966190835, -1.886145404663924, -1.9472760458374185, -2.009071430559035, -2.0715160996764928, -2.1345945940375093, -2.1982914544898033, -2.2625912218810913, -2.327478437059094, -2.3929376408715264, -2.45895337416611, -2.5255101777905593, -2.5925925925925943, -2.6601851594199326, -2.7282724191202945, -2.7968389125413937, -2.8658691805309524, -2.9353477639366847, -3.0052592036063133, -3.0755880403875526, -3.146318815128123, -3.21743606867574, -3.288924341878125, -3.360768175582992, -3.4329521106380634, -3.505460687891054, -3.5782784481896854, -3.65138993238167, -3.7247796813147316, -3.7984322358365845, -3.8723321367949484, -3.946463925037543, -4.020812141412084, -4.095361326766288, -4.170096021947877, -4.245000767804568, -4.320060105184076, -4.395258574934122, -4.470580717902424, -4.546011074936699, -4.621534186884666, -4.697134594594042, -4.772796838912544, -4.848505460687894, -4.924245000767808, -5.0000000000000036],
         "dplt_grid": [0.0, 6.0606060606060606, 12.121212121212121, 18.18181818181818, 24.242424242424242, 30.303030303030305, 36.36363636363636, 42.42424242424242, 48.484848484848484, 54.54545454545455, 60.60606060606061, 66.66666666666667, 72.72727272727272, 78.78787878787878, 84.84848484848484, 90.9090909090909, 96.96969696969697, 103.03030303030303, 109.0909090909091, 115.15151515151516, 121.21212121212122, 127.27272727272727, 133.33333333333334, 139.3939393939394, 145.45454545454544, 151.5151515151515, 157.57575757575756, 163.63636363636363, 169.6969696969697, 175.75757575757575, 181.8181818181818, 187.87878787878788, 193.93939393939394, 200.0, 206.06060606060606, 212.12121212121212, 218.1818181818182, 224.24242424242425, 230.3030303030303, 236.36363636363637, 242.42424242424244, 248.48484848484847, 254.54545454545453, 260.6060606060606, 266.6666666666667, 272.72727272727275, 278.7878787878788, 284.8484848484849, 290.9090909090909, 296.96969696969694, 303.030303030303, 309.09090909090907, 315.1515151515151, 321.2121212121212, 327.27272727272725, 333.3333333333333, 339.3939393939394, 345.45454545454544, 351.5151515151515, 357.57575757575756, 363.6363636363636, 369.6969696969697, 375.75757575757575, 381.8181818181818, 387.8787878787879, 393.93939393939394, 400.0, 406.06060606060606, 412.1212121212121, 418.1818181818182, 424.24242424242425, 430.3030303030303, 436.3636363636364, 442.42424242424244, 448.4848484848485, 454.54545454545456, 460.6060606060606, 466.6666666666667, 472.72727272727275, 478.7878787878788, 484.8484848484849, 490.9090909090909, 496.96969696969694, 503.030303030303, 509.09090909090907, 515.1515151515151, 521.2121212121212, 527.2727272727273, 533.3333333333334, 539.3939393939394, 545.4545454545455, 551.5151515151515, 557.5757575757576, 563.6363636363636, 569.6969696969697, 575.7575757575758, 581.8181818181818, 587.8787878787879, 593.9393939393939, 600.0],
         "dplt_at_force_location": -5.0000000000000036,
         "maximum_dplt": -5.0000000000000036,
         "location_max_dplt": 600.0
    },
     "metadata": {
         "error_code": 0,
         "model": "BendingTestAnalytical",
         "load_case": "Cantilever",
         "description": "",
         "job_name": "",
         "persistent_result_files": "",
         "n_cpus": 1,
         "date": "2026-03-26 14:54:22.017173",
         "cpu_time": 0.021409034729003906,
         "user": "sebastien.bocquet",
         "machine": "IPF7101",
         "vims_git_version": "d0050d8de498c8354552cdde540fb3e524454871",
         "directory_archive_root": "/home/sebastien.bocquet/PycharmProjects/vimseo/docs/runnable_examples/model_runs/archive/verification_vs_data",
         "directory_archive_job": "/home/sebastien.bocquet/PycharmProjects/vimseo/docs/runnable_examples/model_runs/archive/verification_vs_data/BendingTestAnalytical/Cantilever/1",
         "directory_scratch_root": "/home/sebastien.bocquet/PycharmProjects/vimseo/docs/runnable_examples/model_runs/scratch/verification_vs_data",
         "directory_scratch_job": ""
    }
}