{
     "inputs": {
         "x": 1.5001220703125,
         "Dummy:x_1": 0.9944541492686033
    },
     "outputs": {
         "x_1": 0.9944541492686033,
         "y": [0.9944541492686033, 1.0096068974535781, 1.0247596456385528, 1.0399123938235275, 1.0550651420085022, 1.0702178901934771, 1.0853706383784518, 1.1005233865634265, 1.1156761347484012, 1.1308288829333761, 1.1459816311183508, 1.1611343793033255, 1.1762871274883002, 1.1914398756732751, 1.2065926238582498, 1.2217453720432245, 1.2368981202281992, 1.252050868413174, 1.2672036165981488, 1.2823563647831235, 1.2975091129680982, 1.3126618611530732, 1.3278146093380478, 1.3429673575230225, 1.3581201057079972, 1.373272853892972, 1.3884256020779469, 1.4035783502629215, 1.4187310984478962, 1.433883846632871, 1.4490365948178456, 1.4641893430028206, 1.4793420911877952, 1.49449483937277, 1.5096475875577449, 1.5248003357427196, 1.5399530839276943, 1.555105832112669, 1.5702585802976436, 1.5854113284826186, 1.6005640766675933, 1.615716824852568, 1.6308695730375429, 1.6460223212225173, 1.6611750694074923, 1.676327817592467, 1.6914805657774417, 1.7066333139624166, 1.721786062147391, 1.736938810332366, 1.7520915585173409, 1.7672443067023156, 1.7823970548872903, 1.797549803072265, 1.8127025512572397, 1.8278552994422146, 1.8430080476271893, 1.858160795812164, 1.8733135439971387, 1.8884662921821134, 1.9036190403670883, 1.918771788552063, 1.9339245367370377, 1.9490772849220126, 1.964230033106987, 1.979382781291962, 1.994535529476937, 2.0096882776619114, 2.0248410258468863, 2.0399937740318608, 2.0551465222168357, 2.0702992704018106, 2.085452018586785, 2.10060476677176, 2.1157575149567345, 2.1309102631417094, 2.1460630113266843, 2.161215759511659, 2.1763685076966337, 2.1915212558816086, 2.206674004066583, 2.221826752251558, 2.236979500436533, 2.2521322486215074, 2.2672849968064823, 2.282437744991457, 2.2975904931764317, 2.3127432413614066, 2.327895989546381, 2.343048737731356, 2.3582014859163305, 2.3733542341013054, 2.3885069822862803, 2.403659730471255, 2.4188124786562297, 2.4339652268412046, 2.449117975026179, 2.464270723211154, 2.4794234713961285, 2.4945762195811034],
         "y_axis": [0.0, 0.010101010101010102, 0.020202020202020204, 0.030303030303030304, 0.04040404040404041, 0.05050505050505051, 0.06060606060606061, 0.07070707070707072, 0.08080808080808081, 0.09090909090909091, 0.10101010101010102, 0.11111111111111112, 0.12121212121212122, 0.13131313131313133, 0.14141414141414144, 0.15151515151515152, 0.16161616161616163, 0.17171717171717174, 0.18181818181818182, 0.19191919191919193, 0.20202020202020204, 0.21212121212121213, 0.22222222222222224, 0.23232323232323235, 0.24242424242424243, 0.25252525252525254, 0.26262626262626265, 0.27272727272727276, 0.2828282828282829, 0.29292929292929293, 0.30303030303030304, 0.31313131313131315, 0.32323232323232326, 0.33333333333333337, 0.3434343434343435, 0.3535353535353536, 0.36363636363636365, 0.37373737373737376, 0.38383838383838387, 0.393939393939394, 0.4040404040404041, 0.4141414141414142, 0.42424242424242425, 0.43434343434343436, 0.4444444444444445, 0.4545454545454546, 0.4646464646464647, 0.4747474747474748, 0.48484848484848486, 0.494949494949495, 0.5050505050505051, 0.5151515151515152, 0.5252525252525253, 0.5353535353535354, 0.5454545454545455, 0.5555555555555556, 0.5656565656565657, 0.5757575757575758, 0.5858585858585859, 0.595959595959596, 0.6060606060606061, 0.6161616161616162, 0.6262626262626263, 0.6363636363636365, 0.6464646464646465, 0.6565656565656566, 0.6666666666666667, 0.6767676767676768, 0.686868686868687, 0.696969696969697, 0.7070707070707072, 0.7171717171717172, 0.7272727272727273, 0.7373737373737375, 0.7474747474747475, 0.7575757575757577, 0.7676767676767677, 0.7777777777777778, 0.787878787878788, 0.797979797979798, 0.8080808080808082, 0.8181818181818182, 0.8282828282828284, 0.8383838383838385, 0.8484848484848485, 0.8585858585858587, 0.8686868686868687, 0.8787878787878789, 0.888888888888889, 0.8989898989898991, 0.9090909090909092, 0.9191919191919192, 0.9292929292929294, 0.9393939393939394, 0.9494949494949496, 0.9595959595959597, 0.9696969696969697, 0.9797979797979799, 0.98989898989899, 1.0]
    },
     "metadata": {
         "error_code": 0,
         "model": "MockCurves",
         "load_case": "Dummy",
         "description": "",
         "job_name": "",
         "persistent_result_files": "",
         "n_cpus": 1,
         "date": "2026-03-17 09:05:36.260754",
         "cpu_time": 0.011641979217529297,
         "user": "sebastien.bocquet",
         "machine": "B20191729",
         "vims_git_version": "1b6e7132b9faba0cc93317d127a381ee76a8cb8e",
         "directory_archive_root": "C:\\Users\\sebastien.bocquet\\PycharmProjects\\vimseo\\docs\\runnable_examples\\model_runs\\archive\\calibration_curves",
         "directory_archive_job": "C:\\Users\\sebastien.bocquet\\PycharmProjects\\vimseo\\docs\\runnable_examples\\model_runs\\archive\\calibration_curves\\MockCurves\\Dummy\\29",
         "directory_scratch_root": "C:\\Users\\sebastien.bocquet\\PycharmProjects\\vimseo\\docs\\runnable_examples\\model_runs\\scratch\\calibration_curves",
         "directory_scratch_job": ""
    }
}