{
     "inputs": {
         "young_modulus": 224921.875,
         "Cantilever:length": 600.0,
         "Cantilever:width": 30.5047607421875,
         "Cantilever:height": 40.207763671875,
         "Cantilever:imposed_dplt": -5.025146484375,
         "Cantilever:relative_dplt_location": 1.0,
         "Cantilever:nu_p": 0.3
    },
     "outputs": {
         "length": 600.0,
         "width": 30.5047607421875,
         "height": 40.207763671875,
         "imposed_dplt": -5.025146484375,
         "relative_dplt_location": 1.0,
         "nu_p": 0.3,
         "reaction_forces": -2593.9646762840575,
         "moment": [1556378.8057704344, 0.0],
         "moment_grid": [0.0, 600.0],
         "dplt": [0.0, -0.0007664871134438969, -0.0030555905198101302, -0.00685177331815052, -0.012139498607516884, -0.018903229486961024, -0.027127429055534738, -0.036796560412289875, -0.0478950866562782, -0.06040747088655155, -0.07431817620216173, -0.08961166570216056, -0.10627240248559983, -0.12428484965153137, -0.14363347029900703, -0.16430272752707856, -0.18627708443479782, -0.20954100412121665, -0.23407894968538684, -0.2598753842263599, -0.2869147708431882, -0.31518157263492325, -0.34466025270061706, -0.37533527413932116, -0.40719110005008735, -0.4402121935319677, -0.4743830176840139, -0.5096880356052779, -0.5461117103948113, -0.5836385051516658, -0.6222528829748937, -0.6619393069635464, -0.7026822402166757, -0.7444661458333337, -0.7872754869125721, -0.8310947265534423, -0.8759083278549967, -0.9217007539162871, -0.9684564678363647, -1.016159932714282, -1.0647956116490904, -1.1143479677398418, -1.164801464085588, -1.2161405637853813, -1.2683497299382729, -1.3214134256433143, -1.3753161139995582, -1.4300422581060557, -1.4855763210618587, -1.5419027659660196, -1.59900605591759, -1.6568706540156217, -1.715481023359166, -1.774821627047275, -1.8348769281790012, -1.8956313898533954, -1.9570694751695095, -2.0191756472263966, -2.0819343691231067, -2.1453301039586927, -2.2093473148322067, -2.273970464842699, -2.3391840170892237, -2.4049724346708294, -2.471320180686572, -2.5382117182354995, -2.6056315104166665, -2.6735640203291227, -2.7419937110719217, -2.8109050457441134, -2.880282487444752, -2.950110499272887, -3.0203735443275717, -3.091056085707857, -3.162142586512797, -3.2336175098414386, -3.3054653187928396, -3.377670476466046, -3.450217445960115, -3.5230906903740946, -3.5962746728070387, -3.6697538563579974, -3.743512704126023, -3.81753567921017, -3.8918072447094865, -3.966311863723027, -4.041033999349842, -4.115958114688982, -4.191068672839501, -4.26635013690045, -4.341786969970882, -4.417363635149846, -4.4930645955363975, -4.568874314229583, -4.644777254328462, -4.720757878932077, -4.796800651139487, -4.872890034049743, -4.949010490761894, -5.025146484374996],
         "dplt_grid": [0.0, 6.0606060606060606, 12.121212121212121, 18.18181818181818, 24.242424242424242, 30.303030303030305, 36.36363636363636, 42.42424242424242, 48.484848484848484, 54.54545454545455, 60.60606060606061, 66.66666666666667, 72.72727272727272, 78.78787878787878, 84.84848484848484, 90.9090909090909, 96.96969696969697, 103.03030303030303, 109.0909090909091, 115.15151515151516, 121.21212121212122, 127.27272727272727, 133.33333333333334, 139.3939393939394, 145.45454545454544, 151.5151515151515, 157.57575757575756, 163.63636363636363, 169.6969696969697, 175.75757575757575, 181.8181818181818, 187.87878787878788, 193.93939393939394, 200.0, 206.06060606060606, 212.12121212121212, 218.1818181818182, 224.24242424242425, 230.3030303030303, 236.36363636363637, 242.42424242424244, 248.48484848484847, 254.54545454545453, 260.6060606060606, 266.6666666666667, 272.72727272727275, 278.7878787878788, 284.8484848484849, 290.9090909090909, 296.96969696969694, 303.030303030303, 309.09090909090907, 315.1515151515151, 321.2121212121212, 327.27272727272725, 333.3333333333333, 339.3939393939394, 345.45454545454544, 351.5151515151515, 357.57575757575756, 363.6363636363636, 369.6969696969697, 375.75757575757575, 381.8181818181818, 387.8787878787879, 393.93939393939394, 400.0, 406.06060606060606, 412.1212121212121, 418.1818181818182, 424.24242424242425, 430.3030303030303, 436.3636363636364, 442.42424242424244, 448.4848484848485, 454.54545454545456, 460.6060606060606, 466.6666666666667, 472.72727272727275, 478.7878787878788, 484.8484848484849, 490.9090909090909, 496.96969696969694, 503.030303030303, 509.09090909090907, 515.1515151515151, 521.2121212121212, 527.2727272727273, 533.3333333333334, 539.3939393939394, 545.4545454545455, 551.5151515151515, 557.5757575757576, 563.6363636363636, 569.6969696969697, 575.7575757575758, 581.8181818181818, 587.8787878787879, 593.9393939393939, 600.0],
         "dplt_at_force_location": -5.025146484374996,
         "maximum_dplt": -5.025146484374996,
         "location_max_dplt": 600.0
    },
     "metadata": {
         "error_code": 0,
         "model": "BendingTestAnalytical",
         "load_case": "Cantilever",
         "description": "",
         "job_name": "",
         "persistent_result_files": "",
         "n_cpus": 1,
         "date": "2026-06-16 18:09:28.061919",
         "cpu_time": 0.160261869430542,
         "user": "sebastien.bocquet",
         "machine": "PCBM20250036",
         "vims_git_version": "3de96ae2320a30b8a84551033e41da0fca6276ac",
         "directory_archive_root": "C:\\Users\\sebastien.bocquet\\Dev\\vimseo\\docs\\runnable_examples\\model_runs\\archive\\calibration_coupled",
         "directory_archive_job": "C:\\Users\\sebastien.bocquet\\Dev\\vimseo\\docs\\runnable_examples\\model_runs\\archive\\calibration_coupled\\BendingTestAnalytical\\Cantilever\\199",
         "directory_scratch_root": "C:\\Users\\sebastien.bocquet\\Dev\\vimseo\\docs\\runnable_examples\\model_runs\\scratch\\calibration_coupled",
         "directory_scratch_job": ""
    }
}