{
     "inputs": {
         "young_modulus": 224531.25,
         "ThreePoints:length": 600.0,
         "ThreePoints:width": 29.704345703125,
         "ThreePoints:height": 39.4403076171875,
         "ThreePoints:imposed_dplt": -5.0096435546875,
         "ThreePoints:relative_support_location": 0.5,
         "ThreePoints:nu_p": 0.3
    },
     "outputs": {
         "length": 600.0,
         "width": 29.704345703125,
         "height": 39.4403076171875,
         "imposed_dplt": -5.0096435546875,
         "relative_support_location": 0.5,
         "nu_p": 0.3,
         "reaction_forces": -37960.39578443766,
         "moment": [0.0, -5694059.367665648, 0.0],
         "moment_grid": [0.0, 300.0, 600.0],
         "dplt": [0.0, -0.1517918914765579, -0.3034598712049717, -0.4548800274370972, -0.6059284484247902, -0.7564812224199067, -0.9064144376743023, -1.0556041824398334, -1.2039265449683556, -1.3512576135117247, -1.4974734763217967, -1.6424502216504275, -1.7860639377494725, -1.9281907128707882, -2.06870663526623, -2.207487793187654, -2.3444102748869162, -2.479350168615872, -2.612183562626378, -2.7427865451702895, -2.8710352044994627, -2.996805628865753, -3.1199739065210172, -3.2404161257171102, -3.358008374705888, -3.472626741739207, -3.5841473150689227, -3.692446182946891, -3.7973994336249675, -3.8988831553550085, -3.99677343638887, -4.090946364978408, -4.181278029375478, -4.267644517831935, -4.3499219185996365, -4.4279863199304375, -4.501713810076194, -4.570980477288763, -4.635662409819998, -4.695635695921757, -4.7507764238458945, -4.800960681844266, -4.84606455816873, -4.88596414107114, -4.920535518803352, -4.949654779617223, -4.973198011764608, -4.991041303497363, -5.003060743067344, -5.009132418726407, -5.009132418726407, -5.003060743067344, -4.991041303497363, -4.973198011764608, -4.949654779617223, -4.920535518803352, -4.88596414107114, -4.84606455816873, -4.800960681844266, -4.750776423845894, -4.695635695921756, -4.635662409819997, -4.570980477288762, -4.501713810076193, -4.427986319930437, -4.349921918599636, -4.267644517831934, -4.181278029375477, -4.090946364978407, -3.996773436388869, -3.8988831553550076, -3.7973994336249666, -3.69244618294689, -3.584147315068922, -3.472626741739206, -3.358008374705887, -3.2404161257171094, -3.1199739065210164, -2.9968056288657525, -2.8710352044994623, -2.742786545170289, -2.6121835626263787, -2.479350168615873, -2.344410274886917, -2.207487793187655, -2.068706635266231, -1.9281907128707878, -1.7860639377494734, -1.6424502216504266, -1.4974734763217972, -1.3512576135117236, -1.2039265449683558, -1.0556041824398321, -0.9064144376743023, -0.7564812224199051, -0.60592844842479, -0.4548800274370984, -0.30345987120497153, -0.15179189147655925, -1.1377346547519762e-17],
         "dplt_grid": [0.0, 6.0606060606060606, 12.121212121212121, 18.18181818181818, 24.242424242424242, 30.303030303030305, 36.36363636363636, 42.42424242424242, 48.484848484848484, 54.54545454545455, 60.60606060606061, 66.66666666666667, 72.72727272727272, 78.78787878787878, 84.84848484848484, 90.9090909090909, 96.96969696969697, 103.03030303030303, 109.0909090909091, 115.15151515151516, 121.21212121212122, 127.27272727272727, 133.33333333333334, 139.3939393939394, 145.45454545454544, 151.5151515151515, 157.57575757575756, 163.63636363636363, 169.6969696969697, 175.75757575757575, 181.8181818181818, 187.87878787878788, 193.93939393939394, 200.0, 206.06060606060606, 212.12121212121212, 218.1818181818182, 224.24242424242425, 230.3030303030303, 236.36363636363637, 242.42424242424244, 248.48484848484847, 254.54545454545453, 260.6060606060606, 266.6666666666667, 272.72727272727275, 278.7878787878788, 284.8484848484849, 290.9090909090909, 296.96969696969694, 303.030303030303, 309.09090909090907, 315.1515151515151, 321.2121212121212, 327.27272727272725, 333.3333333333333, 339.3939393939394, 345.45454545454544, 351.5151515151515, 357.57575757575756, 363.6363636363636, 369.6969696969697, 375.75757575757575, 381.8181818181818, 387.8787878787879, 393.93939393939394, 400.0, 406.06060606060606, 412.1212121212121, 418.1818181818182, 424.24242424242425, 430.3030303030303, 436.3636363636364, 442.42424242424244, 448.4848484848485, 454.54545454545456, 460.6060606060606, 466.6666666666667, 472.72727272727275, 478.7878787878788, 484.8484848484849, 490.9090909090909, 496.96969696969694, 503.030303030303, 509.09090909090907, 515.1515151515151, 521.2121212121212, 527.2727272727273, 533.3333333333334, 539.3939393939394, 545.4545454545455, 551.5151515151515, 557.5757575757576, 563.6363636363636, 569.6969696969697, 575.7575757575758, 581.8181818181818, 587.8787878787879, 593.9393939393939, 600.0],
         "dplt_at_force_location": -5.009132418726407,
         "maximum_dplt": -5.009132418726407,
         "location_max_dplt": 296.96969696969694
    },
     "metadata": {
         "error_code": 0,
         "model": "BendingTestAnalytical",
         "load_case": "ThreePoints",
         "description": "",
         "job_name": "",
         "persistent_result_files": "",
         "n_cpus": 1,
         "date": "2026-03-17 09:06:01.877211",
         "cpu_time": 0.019519329071044922,
         "user": "sebastien.bocquet",
         "machine": "B20191729",
         "vims_git_version": "1b6e7132b9faba0cc93317d127a381ee76a8cb8e",
         "directory_archive_root": "C:\\Users\\sebastien.bocquet\\PycharmProjects\\vimseo\\docs\\runnable_examples\\model_runs\\archive\\calibration_coupled",
         "directory_archive_job": "C:\\Users\\sebastien.bocquet\\PycharmProjects\\vimseo\\docs\\runnable_examples\\model_runs\\archive\\calibration_coupled\\BendingTestAnalytical\\ThreePoints\\55",
         "directory_scratch_root": "C:\\Users\\sebastien.bocquet\\PycharmProjects\\vimseo\\docs\\runnable_examples\\model_runs\\scratch\\calibration_coupled",
         "directory_scratch_job": ""
    }
}