{
     "inputs": {
         "young_modulus": 220192.8483839161,
         "Cantilever:length": 600.0,
         "Cantilever:width": 29.61376953125,
         "Cantilever:height": 39.2391357421875,
         "Cantilever:imposed_dplt": -4.9503173828125,
         "Cantilever:relative_dplt_location": 1.0,
         "Cantilever:nu_p": 0.3
    },
     "outputs": {
         "length": 600.0,
         "width": 29.61376953125,
         "height": 39.2391357421875,
         "imposed_dplt": -4.9503173828125,
         "relative_dplt_location": 1.0,
         "nu_p": 0.3,
         "reaction_forces": -2257.223188250536,
         "moment": [1354333.9129503218, 0.0],
         "moment_grid": [0.0, 600.0],
         "dplt": [0.0, -0.0007550734079456438, -0.003010089937080603, -0.006749744045351933, -0.011958730190706682, -0.018621742831091897, -0.026723476424454606, -0.03624862542874189, -0.04718188430190077, -0.059507947501878294, -0.07321150948662153, -0.08827726471407749, -0.10468990764219327, -0.12243413272891587, -0.1414946344321924, -0.16185610720996982, -0.18350324552019523, -0.2064207438208157, -0.23059329656977828, -0.25600559822503005, -0.2826423432445179, -0.310488226086189, -0.3395279412079905, -0.3697461830678692, -0.4011276461237722, -0.43365702483364676, -0.4673190136554398, -0.5020983070470983, -0.5379795994665695, -0.5749475853718001, -0.6129869592207375, -0.6520824154713287, -0.6922186485815205, -0.7333803530092602, -0.7755522232124947, -0.818718953649171, -0.8628652387772364, -0.9079757730546376, -0.954035250939322, -1.0010283668892364, -1.048939815362328, -1.0977542908165436, -1.1474564877098306, -1.1980311005001358, -1.2494628236454066, -1.3017363516035894, -1.3548363788326319, -1.4087475997904804, -1.4634547089350824, -1.518942400724385, -1.5751953696163354, -1.6321983100688808, -1.6899359165399679, -1.7483928834875428, -1.8075539053695544, -1.8674036766439488, -1.9279268917686727, -1.989108245201674, -2.050932431400899, -2.1133841448242947, -2.1764480799298096, -2.2401089311753886, -2.3043513930189805, -2.369160159918531, -2.434519926331988, -2.5004153867172976, -2.5668312355324088, -2.6337521672352664, -2.7011628762838202, -2.769048057136013, -2.8373924042497967, -2.906180612083114, -2.9753973750939147, -3.0450273877401455, -3.1150553444797535, -3.1854659397706837, -3.2562438680708867, -3.3273738238383053, -3.3988405015308913, -3.470628595606587, -3.5427228005233435, -3.615107810739105, -3.6877683207118204, -3.7606890248994356, -3.833854617759897, -3.907249793751155, -3.980859247331154, -4.054667672957839, -4.128659765089163, -4.202820218183066, -4.2771337266975, -4.35158498509041, -4.426158687819745, -4.500839529343449, -4.575612204119473, -4.65046140660576, -4.725371831260258, -4.800328172540917, -4.875315124905679, -4.950317382812497],
         "dplt_grid": [0.0, 6.0606060606060606, 12.121212121212121, 18.18181818181818, 24.242424242424242, 30.303030303030305, 36.36363636363636, 42.42424242424242, 48.484848484848484, 54.54545454545455, 60.60606060606061, 66.66666666666667, 72.72727272727272, 78.78787878787878, 84.84848484848484, 90.9090909090909, 96.96969696969697, 103.03030303030303, 109.0909090909091, 115.15151515151516, 121.21212121212122, 127.27272727272727, 133.33333333333334, 139.3939393939394, 145.45454545454544, 151.5151515151515, 157.57575757575756, 163.63636363636363, 169.6969696969697, 175.75757575757575, 181.8181818181818, 187.87878787878788, 193.93939393939394, 200.0, 206.06060606060606, 212.12121212121212, 218.1818181818182, 224.24242424242425, 230.3030303030303, 236.36363636363637, 242.42424242424244, 248.48484848484847, 254.54545454545453, 260.6060606060606, 266.6666666666667, 272.72727272727275, 278.7878787878788, 284.8484848484849, 290.9090909090909, 296.96969696969694, 303.030303030303, 309.09090909090907, 315.1515151515151, 321.2121212121212, 327.27272727272725, 333.3333333333333, 339.3939393939394, 345.45454545454544, 351.5151515151515, 357.57575757575756, 363.6363636363636, 369.6969696969697, 375.75757575757575, 381.8181818181818, 387.8787878787879, 393.93939393939394, 400.0, 406.06060606060606, 412.1212121212121, 418.1818181818182, 424.24242424242425, 430.3030303030303, 436.3636363636364, 442.42424242424244, 448.4848484848485, 454.54545454545456, 460.6060606060606, 466.6666666666667, 472.72727272727275, 478.7878787878788, 484.8484848484849, 490.9090909090909, 496.96969696969694, 503.030303030303, 509.09090909090907, 515.1515151515151, 521.2121212121212, 527.2727272727273, 533.3333333333334, 539.3939393939394, 545.4545454545455, 551.5151515151515, 557.5757575757576, 563.6363636363636, 569.6969696969697, 575.7575757575758, 581.8181818181818, 587.8787878787879, 593.9393939393939, 600.0],
         "dplt_at_force_location": -4.950317382812497,
         "maximum_dplt": -4.950317382812497,
         "location_max_dplt": 600.0
    },
     "metadata": {
         "error_code": 0,
         "model": "BendingTestAnalytical",
         "load_case": "Cantilever",
         "description": "",
         "job_name": "",
         "persistent_result_files": "",
         "n_cpus": 1,
         "date": "2026-03-17 09:07:21.541342",
         "cpu_time": 0.11166763305664062,
         "user": "sebastien.bocquet",
         "machine": "B20191729",
         "vims_git_version": "1b6e7132b9faba0cc93317d127a381ee76a8cb8e",
         "directory_archive_root": "C:\\Users\\sebastien.bocquet\\PycharmProjects\\vimseo\\docs\\runnable_examples\\model_runs\\archive\\calibration_scalars",
         "directory_archive_job": "C:\\Users\\sebastien.bocquet\\PycharmProjects\\vimseo\\docs\\runnable_examples\\model_runs\\archive\\calibration_scalars\\BendingTestAnalytical\\Cantilever\\443",
         "directory_scratch_root": "C:\\Users\\sebastien.bocquet\\PycharmProjects\\vimseo\\docs\\runnable_examples\\model_runs\\scratch\\calibration_scalars",
         "directory_scratch_job": ""
    }
}