{
     "inputs": {
         "young_modulus": 220721.72309824295,
         "Cantilever:length": 600.0,
         "Cantilever:width": 30.0101318359375,
         "Cantilever:height": 39.2188720703125,
         "Cantilever:imposed_dplt": -5.0433349609375,
         "Cantilever:relative_dplt_location": 1.0,
         "Cantilever:nu_p": 0.3
    },
     "outputs": {
         "length": 600.0,
         "width": 30.0101318359375,
         "height": 39.2188720703125,
         "imposed_dplt": -5.0433349609375,
         "relative_dplt_location": 1.0,
         "nu_p": 0.3,
         "reaction_forces": -2332.396332907309,
         "moment": [1399437.7997443853, 0.0],
         "moment_grid": [0.0, 600.0],
         "dplt": [0.0, -0.0007692614072762619, -0.0030666502046823967, -0.0068765732555844256, -0.012183437423348376, -0.018971649571340263, -0.027225616562926103, -0.036929745261471934, -0.04806844253034376, -0.0606261152329076, -0.0745871702325295, -0.08993601439257545, -0.10665705457641146, -0.12473469764740361, -0.14415335046891792, -0.16489741990432027, -0.1869513128169769, -0.21029943607025375, -0.23492619652751665, -0.26081600105213215, -0.2879532565074657, -0.3163223697568835, -0.34590774766375176, -0.37669379709143624, -0.4086649249033029, -0.44180553796271815, -0.4761000431330479, -0.5115328472776579, -0.5480883572599144, -0.5857509799431833, -0.6245051221908308, -0.6643351908662228, -0.7052255928327252, -0.747160734953704, -0.7901250240925258, -0.8341028671125559, -0.8790786708771607, -0.9250368422497061, -0.971961788093558, -1.019837915272083, -1.0686496306486464, -1.1183813410866146, -1.1690174534493534, -1.2205423746002289, -1.2729405114026073, -1.3261962707198545, -1.3802940594153366, -1.4352182843524193, -1.490953352394469, -1.5474836704048514, -1.6047936452469327, -1.6628676837840795, -1.7216901928796566, -1.7812455793970312, -1.8415182501995684, -1.9024926121506347, -1.9641530721135965, -2.026484036951819, -2.0894699135286685, -2.153095108707511, -2.217344029351713, -2.2822010823246397, -2.3476506744896586, -2.4136772127101334, -2.4802651038494328, -2.54739875477092, -2.6150625723379632, -2.683240963413927, -2.751918334862179, -2.8210790935460834, -2.8907076463290076, -2.9607884000743177, -3.0313057616453785, -3.1022441379055565, -3.1735879357182193, -3.2453215619467293, -3.3174294234544575, -3.389895927104764, -3.4627054797610217, -3.5358424882865904, -3.60929135954484, -3.683036500399133, -3.757062317712839, -3.831353218349323, -3.9058936091719496, -3.980667897044088, -4.055660488829101, -4.1308557913903545, -4.206238211591217, -4.281792156295053, -4.357502032365229, -4.433352246665111, -4.509327206058064, -4.585411317407455, -4.661588987576652, -4.737844623429015, -4.814162631827916, -4.8905274196367206, -4.9669233937187895, -5.043334960937496],
         "dplt_grid": [0.0, 6.0606060606060606, 12.121212121212121, 18.18181818181818, 24.242424242424242, 30.303030303030305, 36.36363636363636, 42.42424242424242, 48.484848484848484, 54.54545454545455, 60.60606060606061, 66.66666666666667, 72.72727272727272, 78.78787878787878, 84.84848484848484, 90.9090909090909, 96.96969696969697, 103.03030303030303, 109.0909090909091, 115.15151515151516, 121.21212121212122, 127.27272727272727, 133.33333333333334, 139.3939393939394, 145.45454545454544, 151.5151515151515, 157.57575757575756, 163.63636363636363, 169.6969696969697, 175.75757575757575, 181.8181818181818, 187.87878787878788, 193.93939393939394, 200.0, 206.06060606060606, 212.12121212121212, 218.1818181818182, 224.24242424242425, 230.3030303030303, 236.36363636363637, 242.42424242424244, 248.48484848484847, 254.54545454545453, 260.6060606060606, 266.6666666666667, 272.72727272727275, 278.7878787878788, 284.8484848484849, 290.9090909090909, 296.96969696969694, 303.030303030303, 309.09090909090907, 315.1515151515151, 321.2121212121212, 327.27272727272725, 333.3333333333333, 339.3939393939394, 345.45454545454544, 351.5151515151515, 357.57575757575756, 363.6363636363636, 369.6969696969697, 375.75757575757575, 381.8181818181818, 387.8787878787879, 393.93939393939394, 400.0, 406.06060606060606, 412.1212121212121, 418.1818181818182, 424.24242424242425, 430.3030303030303, 436.3636363636364, 442.42424242424244, 448.4848484848485, 454.54545454545456, 460.6060606060606, 466.6666666666667, 472.72727272727275, 478.7878787878788, 484.8484848484849, 490.9090909090909, 496.96969696969694, 503.030303030303, 509.09090909090907, 515.1515151515151, 521.2121212121212, 527.2727272727273, 533.3333333333334, 539.3939393939394, 545.4545454545455, 551.5151515151515, 557.5757575757576, 563.6363636363636, 569.6969696969697, 575.7575757575758, 581.8181818181818, 587.8787878787879, 593.9393939393939, 600.0],
         "dplt_at_force_location": -5.043334960937496,
         "maximum_dplt": -5.043334960937496,
         "location_max_dplt": 600.0
    },
     "metadata": {
         "error_code": 0,
         "model": "BendingTestAnalytical",
         "load_case": "Cantilever",
         "description": "",
         "job_name": "",
         "persistent_result_files": "",
         "n_cpus": 1,
         "date": "2026-03-17 09:07:01.040397",
         "cpu_time": 0.08954310417175293,
         "user": "sebastien.bocquet",
         "machine": "B20191729",
         "vims_git_version": "1b6e7132b9faba0cc93317d127a381ee76a8cb8e",
         "directory_archive_root": "C:\\Users\\sebastien.bocquet\\PycharmProjects\\vimseo\\docs\\runnable_examples\\model_runs\\archive\\calibration_scalars",
         "directory_archive_job": "C:\\Users\\sebastien.bocquet\\PycharmProjects\\vimseo\\docs\\runnable_examples\\model_runs\\archive\\calibration_scalars\\BendingTestAnalytical\\Cantilever\\319",
         "directory_scratch_root": "C:\\Users\\sebastien.bocquet\\PycharmProjects\\vimseo\\docs\\runnable_examples\\model_runs\\scratch\\calibration_scalars",
         "directory_scratch_job": ""
    }
}