{
     "inputs": {
         "young_modulus": 220012.20703125,
         "Cantilever:length": 600.0,
         "Cantilever:width": 30.32763671875,
         "Cantilever:height": 39.7525634765625,
         "Cantilever:imposed_dplt": -4.9739990234375,
         "Cantilever:relative_dplt_location": 1.0,
         "Cantilever:nu_p": 0.3
    },
     "outputs": {
         "length": 600.0,
         "width": 30.32763671875,
         "height": 39.7525634765625,
         "imposed_dplt": -4.9739990234375,
         "relative_dplt_location": 1.0,
         "nu_p": 0.3,
         "reaction_forces": -2413.085551243037,
         "moment": [1447851.3307458223, 0.0],
         "moment_grid": [0.0, 600.0],
         "dplt": [0.0, -0.000758685575754226, -0.0030244897952364414, -0.006782033896775957, -0.012015939118702081, -0.018710826699344117, -0.026851317877031346, -0.03642203389009312, -0.04740759597685871, -0.0597926253756574, -0.07356174332481853, -0.08869957106267141, -0.1051907298275453, -0.12301984085776957, -0.14217152539167355, -0.1626304046675864, -0.1843810999238376, -0.2074082323987564, -0.23169642333067203, -0.2572302939579142, -0.2839944655188116, -0.3119735592516938, -0.34115219639489014, -0.37151499818672995, -0.40304658586554226, -0.4357315806696568, -0.46955460383740266, -0.5045002766071092, -0.5405532202171057, -0.5776980559057214, -0.6159194049112857, -0.6552018884721279, -0.6955301278265773, -0.736888744212963, -0.7792623588696148, -0.8226355930348614, -0.8669930679470326, -0.9123194048444574, -0.9585992249654653, -1.0058171495483854, -1.053957799831547, -1.1030057970532796, -1.1529457624519128, -1.203762317265775, -1.2554400827331968, -1.3079636800925063, -1.361317730582033, -1.4154868554401066, -1.470455675905056, -1.5262088132152114, -1.582730888608901, -1.6400065233244552, -1.698020338600202, -1.7567569556744718, -1.8162009957855938, -1.8763370801718962, -1.9371498300717098, -1.9986238667233633, -2.0607438113651853, -2.1234942852355068, -2.1868599095726546, -2.25082530561496, -2.315375094600753, -2.3804938977683596, -2.446166336356113, -2.5123770316023397, -2.5791106047453702, -2.6463516770235334, -2.7140848696751596, -2.7822948039385755, -2.850966101052115, -2.920083382254102, -2.98963126878287, -3.0595943818767455, -3.129957342774061, -3.2007047727131415, -3.27182129293232, -3.3432915246699233, -3.415100089164284, -3.487231607653727, -3.5596707013765854, -3.6324019915711863, -3.705410099475859, -3.7786796463289347, -3.8521952533687402, -3.9259415418336077, -3.999903132961866, -4.0740646479918405, -4.148410708161866, -4.222925934710267, -4.297594948875377, -4.37240237189552, -4.447332825009031, -4.522370929454236, -4.597501306469466, -4.672708577293047, -4.747977363163313, -4.823292285318591, -4.89863796499721, -4.973999023437502],
         "dplt_grid": [0.0, 6.0606060606060606, 12.121212121212121, 18.18181818181818, 24.242424242424242, 30.303030303030305, 36.36363636363636, 42.42424242424242, 48.484848484848484, 54.54545454545455, 60.60606060606061, 66.66666666666667, 72.72727272727272, 78.78787878787878, 84.84848484848484, 90.9090909090909, 96.96969696969697, 103.03030303030303, 109.0909090909091, 115.15151515151516, 121.21212121212122, 127.27272727272727, 133.33333333333334, 139.3939393939394, 145.45454545454544, 151.5151515151515, 157.57575757575756, 163.63636363636363, 169.6969696969697, 175.75757575757575, 181.8181818181818, 187.87878787878788, 193.93939393939394, 200.0, 206.06060606060606, 212.12121212121212, 218.1818181818182, 224.24242424242425, 230.3030303030303, 236.36363636363637, 242.42424242424244, 248.48484848484847, 254.54545454545453, 260.6060606060606, 266.6666666666667, 272.72727272727275, 278.7878787878788, 284.8484848484849, 290.9090909090909, 296.96969696969694, 303.030303030303, 309.09090909090907, 315.1515151515151, 321.2121212121212, 327.27272727272725, 333.3333333333333, 339.3939393939394, 345.45454545454544, 351.5151515151515, 357.57575757575756, 363.6363636363636, 369.6969696969697, 375.75757575757575, 381.8181818181818, 387.8787878787879, 393.93939393939394, 400.0, 406.06060606060606, 412.1212121212121, 418.1818181818182, 424.24242424242425, 430.3030303030303, 436.3636363636364, 442.42424242424244, 448.4848484848485, 454.54545454545456, 460.6060606060606, 466.6666666666667, 472.72727272727275, 478.7878787878788, 484.8484848484849, 490.9090909090909, 496.96969696969694, 503.030303030303, 509.09090909090907, 515.1515151515151, 521.2121212121212, 527.2727272727273, 533.3333333333334, 539.3939393939394, 545.4545454545455, 551.5151515151515, 557.5757575757576, 563.6363636363636, 569.6969696969697, 575.7575757575758, 581.8181818181818, 587.8787878787879, 593.9393939393939, 600.0],
         "dplt_at_force_location": -4.973999023437502,
         "maximum_dplt": -4.973999023437502,
         "location_max_dplt": 600.0
    },
     "metadata": {
         "error_code": 0,
         "model": "BendingTestAnalytical",
         "load_case": "Cantilever",
         "description": "",
         "job_name": "",
         "persistent_result_files": "",
         "n_cpus": 1,
         "date": "2026-06-16 18:12:41.682751",
         "cpu_time": 0.2488107681274414,
         "user": "sebastien.bocquet",
         "machine": "PCBM20250036",
         "vims_git_version": "5cd5cf5ab4caf1fa2c2190f0396e06b5b5639fd0",
         "directory_archive_root": "C:\\Users\\sebastien.bocquet\\Dev\\vimseo\\docs\\runnable_examples\\model_runs\\archive\\calibration_scalars",
         "directory_archive_job": "C:\\Users\\sebastien.bocquet\\Dev\\vimseo\\docs\\runnable_examples\\model_runs\\archive\\calibration_scalars\\BendingTestAnalytical\\Cantilever\\946",
         "directory_scratch_root": "C:\\Users\\sebastien.bocquet\\Dev\\vimseo\\docs\\runnable_examples\\model_runs\\scratch\\calibration_scalars",
         "directory_scratch_job": ""
    }
}