{
     "inputs": {
         "young_modulus": 219749.17700239795,
         "Cantilever:length": 600.0,
         "Cantilever:width": 29.499755859375,
         "Cantilever:height": 40.2801513671875,
         "Cantilever:imposed_dplt": -5.006591796875,
         "Cantilever:relative_dplt_location": 1.0,
         "Cantilever:nu_p": 0.3
    },
     "outputs": {
         "length": 600.0,
         "width": 29.499755859375,
         "height": 40.2801513671875,
         "imposed_dplt": -5.006591796875,
         "relative_dplt_location": 1.0,
         "nu_p": 0.3,
         "reaction_forces": -2454.976852988369,
         "moment": [1472986.1117930214, 0.0],
         "moment_grid": [0.0, 600.0],
         "dplt": [0.0, -0.0007636569613464507, -0.0030443081567189598, -0.00682647405311726, -0.012094675117541092, -0.018833431816990185, -0.027027264618464258, -0.03666069398896308, -0.047718240395486354, -0.060184424305033825, -0.07404376618460522, -0.08928078650120028, -0.10588000572181872, -0.1238259443134603, -0.14310312274312476, -0.16369606147781177, -0.1855892809845212, -0.20876730173025265, -0.23321464418200588, -0.25891582880678093, -0.28585537607157707, -0.3140178064433941, -0.3433876403892321, -0.3739493983760904, -0.4056876008709689, -0.4385867683408674, -0.47263142125278557, -0.5078060800737232, -0.54409526527068, -0.5814834973106556, -0.6199552966606501, -0.6594951837876626, -0.7000876791586932, -0.7417173032407418, -0.7843685765008079, -0.8280260194058913, -0.8726741524229915, -0.9182974960191087, -0.9648805706612422, -1.012407896816392, -1.0608639949515577, -1.1102333855337394, -1.160500589029936, -1.2116501259071482, -1.2636665166323753, -1.3165342816726169, -1.3702379414948724, -1.4247620165661423, -1.4800910273534258, -1.536209494323723, -1.5931019379440334, -1.6507528786813574, -1.7091468370026939, -1.7682683333750424, -1.8281018882654037, -1.8886320221407769, -1.9498432554681613, -2.0117201087145578, -2.0742471023469653, -2.137408756832383, -2.2011895926378124, -2.265574130230251, -2.3305468900767012, -2.3960923926441593, -2.4621951583996293, -2.5288397078101066, -2.5960105613425943, -2.6636922394640896, -2.731869262641595, -2.8005261513421056, -2.8696474260326275, -2.9392176071801552, -3.0092212152516913, -3.0796427707142335, -3.150466794034784, -3.2216778056803395, -3.2932603261179034, -3.3651988758144715, -3.4374779752370466, -3.5100821448526274, -3.5829959051282136, -3.6562037765308033, -3.7296902795273987, -3.8034399345849987, -3.877437262170602, -3.9516667827512117, -4.026113016793824, -4.100760484765439, -4.175593707133059, -4.25059720436368, -4.325755496924305, -4.401053105281931, -4.4764745499035605, -4.552004351256191, -4.627627029806824, -4.703327106022457, -4.779089100370091, -4.854897533316728, -4.930736925329363, -5.006591796875001],
         "dplt_grid": [0.0, 6.0606060606060606, 12.121212121212121, 18.18181818181818, 24.242424242424242, 30.303030303030305, 36.36363636363636, 42.42424242424242, 48.484848484848484, 54.54545454545455, 60.60606060606061, 66.66666666666667, 72.72727272727272, 78.78787878787878, 84.84848484848484, 90.9090909090909, 96.96969696969697, 103.03030303030303, 109.0909090909091, 115.15151515151516, 121.21212121212122, 127.27272727272727, 133.33333333333334, 139.3939393939394, 145.45454545454544, 151.5151515151515, 157.57575757575756, 163.63636363636363, 169.6969696969697, 175.75757575757575, 181.8181818181818, 187.87878787878788, 193.93939393939394, 200.0, 206.06060606060606, 212.12121212121212, 218.1818181818182, 224.24242424242425, 230.3030303030303, 236.36363636363637, 242.42424242424244, 248.48484848484847, 254.54545454545453, 260.6060606060606, 266.6666666666667, 272.72727272727275, 278.7878787878788, 284.8484848484849, 290.9090909090909, 296.96969696969694, 303.030303030303, 309.09090909090907, 315.1515151515151, 321.2121212121212, 327.27272727272725, 333.3333333333333, 339.3939393939394, 345.45454545454544, 351.5151515151515, 357.57575757575756, 363.6363636363636, 369.6969696969697, 375.75757575757575, 381.8181818181818, 387.8787878787879, 393.93939393939394, 400.0, 406.06060606060606, 412.1212121212121, 418.1818181818182, 424.24242424242425, 430.3030303030303, 436.3636363636364, 442.42424242424244, 448.4848484848485, 454.54545454545456, 460.6060606060606, 466.6666666666667, 472.72727272727275, 478.7878787878788, 484.8484848484849, 490.9090909090909, 496.96969696969694, 503.030303030303, 509.09090909090907, 515.1515151515151, 521.2121212121212, 527.2727272727273, 533.3333333333334, 539.3939393939394, 545.4545454545455, 551.5151515151515, 557.5757575757576, 563.6363636363636, 569.6969696969697, 575.7575757575758, 581.8181818181818, 587.8787878787879, 593.9393939393939, 600.0],
         "dplt_at_force_location": -5.006591796875001,
         "maximum_dplt": -5.006591796875001,
         "location_max_dplt": 600.0
    },
     "metadata": {
         "error_code": 0,
         "model": "BendingTestAnalytical",
         "load_case": "Cantilever",
         "description": "",
         "job_name": "",
         "persistent_result_files": "",
         "n_cpus": 1,
         "date": "2026-06-16 18:11:20.031349",
         "cpu_time": 0.14754033088684082,
         "user": "sebastien.bocquet",
         "machine": "PCBM20250036",
         "vims_git_version": "5cd5cf5ab4caf1fa2c2190f0396e06b5b5639fd0",
         "directory_archive_root": "C:\\Users\\sebastien.bocquet\\Dev\\vimseo\\docs\\runnable_examples\\model_runs\\archive\\calibration_scalars",
         "directory_archive_job": "C:\\Users\\sebastien.bocquet\\Dev\\vimseo\\docs\\runnable_examples\\model_runs\\archive\\calibration_scalars\\BendingTestAnalytical\\Cantilever\\690",
         "directory_scratch_root": "C:\\Users\\sebastien.bocquet\\Dev\\vimseo\\docs\\runnable_examples\\model_runs\\scratch\\calibration_scalars",
         "directory_scratch_job": ""
    }
}