{
     "inputs": {
         "x": 1.4375,
         "Dummy:x_1": 0.9625086499676455
    },
     "outputs": {
         "x_1": 0.9625086499676455,
         "y": [0.9625086499676455, 0.9770288519878475, 0.9915490540080496, 1.0060692560282516, 1.0205894580484536, 1.0351096600686556, 1.0496298620888576, 1.0641500641090598, 1.0786702661292618, 1.0931904681494637, 1.1077106701696657, 1.1222308721898677, 1.1367510742100697, 1.1512712762302717, 1.165791478250474, 1.180311680270676, 1.194831882290878, 1.2093520843110799, 1.2238722863312819, 1.2383924883514839, 1.2529126903716858, 1.2674328923918878, 1.28195309441209, 1.296473296432292, 1.310993498452494, 1.325513700472696, 1.340033902492898, 1.3545541045131002, 1.3690743065333022, 1.3835945085535042, 1.3981147105737062, 1.4126349125939082, 1.4271551146141102, 1.4416753166343121, 1.4561955186545141, 1.4707157206747163, 1.485235922694918, 1.4997561247151203, 1.5142763267353223, 1.5287965287555245, 1.5433167307757265, 1.5578369327959285, 1.5723571348161305, 1.5868773368363325, 1.6013975388565345, 1.6159177408767365, 1.6304379428969384, 1.6449581449171404, 1.6594783469373424, 1.6739985489575444, 1.6885187509777466, 1.7030389529979488, 1.7175591550181506, 1.7320793570383526, 1.7465995590585548, 1.7611197610787568, 1.7756399630989588, 1.7901601651191608, 1.8046803671393628, 1.8192005691595647, 1.8337207711797667, 1.8482409731999687, 1.8627611752201707, 1.877281377240373, 1.891801579260575, 1.9063217812807767, 1.920841983300979, 1.9353621853211809, 1.949882387341383, 1.964402589361585, 1.978922791381787, 1.993442993401989, 2.007963195422191, 2.022483397442393, 2.037003599462595, 2.051523801482797, 2.066044003502999, 2.080564205523201, 2.0950844075434034, 2.109604609563605, 2.1241248115838074, 2.1386450136040094, 2.1531652156242114, 2.1676854176444134, 2.1822056196646153, 2.1967258216848173, 2.2112460237050193, 2.2257662257252213, 2.2402864277454233, 2.2548066297656253, 2.2693268317858273, 2.2838470338060293, 2.2983672358262317, 2.3128874378464337, 2.3274076398666357, 2.3419278418868377, 2.3564480439070397, 2.3709682459272416, 2.3854884479474436, 2.4000086499676456],
         "y_axis": [0.0, 0.010101010101010102, 0.020202020202020204, 0.030303030303030304, 0.04040404040404041, 0.05050505050505051, 0.06060606060606061, 0.07070707070707072, 0.08080808080808081, 0.09090909090909091, 0.10101010101010102, 0.11111111111111112, 0.12121212121212122, 0.13131313131313133, 0.14141414141414144, 0.15151515151515152, 0.16161616161616163, 0.17171717171717174, 0.18181818181818182, 0.19191919191919193, 0.20202020202020204, 0.21212121212121213, 0.22222222222222224, 0.23232323232323235, 0.24242424242424243, 0.25252525252525254, 0.26262626262626265, 0.27272727272727276, 0.2828282828282829, 0.29292929292929293, 0.30303030303030304, 0.31313131313131315, 0.32323232323232326, 0.33333333333333337, 0.3434343434343435, 0.3535353535353536, 0.36363636363636365, 0.37373737373737376, 0.38383838383838387, 0.393939393939394, 0.4040404040404041, 0.4141414141414142, 0.42424242424242425, 0.43434343434343436, 0.4444444444444445, 0.4545454545454546, 0.4646464646464647, 0.4747474747474748, 0.48484848484848486, 0.494949494949495, 0.5050505050505051, 0.5151515151515152, 0.5252525252525253, 0.5353535353535354, 0.5454545454545455, 0.5555555555555556, 0.5656565656565657, 0.5757575757575758, 0.5858585858585859, 0.595959595959596, 0.6060606060606061, 0.6161616161616162, 0.6262626262626263, 0.6363636363636365, 0.6464646464646465, 0.6565656565656566, 0.6666666666666667, 0.6767676767676768, 0.686868686868687, 0.696969696969697, 0.7070707070707072, 0.7171717171717172, 0.7272727272727273, 0.7373737373737375, 0.7474747474747475, 0.7575757575757577, 0.7676767676767677, 0.7777777777777778, 0.787878787878788, 0.797979797979798, 0.8080808080808082, 0.8181818181818182, 0.8282828282828284, 0.8383838383838385, 0.8484848484848485, 0.8585858585858587, 0.8686868686868687, 0.8787878787878789, 0.888888888888889, 0.8989898989898991, 0.9090909090909092, 0.9191919191919192, 0.9292929292929294, 0.9393939393939394, 0.9494949494949496, 0.9595959595959597, 0.9696969696969697, 0.9797979797979799, 0.98989898989899, 1.0]
    },
     "metadata": {
         "error_code": 0,
         "model": "MockCurves",
         "load_case": "Dummy",
         "description": "",
         "job_name": "",
         "persistent_result_files": "",
         "n_cpus": 1,
         "date": "2026-03-26 14:57:23.853101",
         "cpu_time": 0.0009207725524902344,
         "user": "sebastien.bocquet",
         "machine": "IPF7101",
         "vims_git_version": "d0050d8de498c8354552cdde540fb3e524454871",
         "directory_archive_root": "/home/sebastien.bocquet/PycharmProjects/vimseo/docs/runnable_examples/model_runs/archive/calibration_curves",
         "directory_archive_job": "/home/sebastien.bocquet/PycharmProjects/vimseo/docs/runnable_examples/model_runs/archive/calibration_curves/MockCurves/Dummy/12",
         "directory_scratch_root": "/home/sebastien.bocquet/PycharmProjects/vimseo/docs/runnable_examples/model_runs/scratch/calibration_curves",
         "directory_scratch_job": ""
    }
}