{
     "inputs": {
         "length": 607.9409071499873,
         "width": 30.873179881783358,
         "height": 39.82431710181188,
         "imposed_dplt": -15.302386333121971,
         "relative_dplt_location": 0.9206132209721921,
         "young_modulus": 210714.35636120566,
         "nu_p": 0.2888954270884104
    },
     "outputs": {
         "reaction_forces": -8966.107633613794,
         "moment": [5018137.103594128, 0.0, 0.0],
         "moment_grid": [0.0, 559.6784366921062, 607.9409071499873],
         "dplt": [0.0, -0.002753178307510248, -0.010972288051050107, -0.02459669146213328, -0.04356575077227347, -0.06781882821298434, -0.09729528601577958, -0.13193448641217292, -0.17167579163367805, -0.21645856391180862, -0.26622216547807837, -0.32090595856400095, -0.38044930540109, -0.4447915682208596, -0.5138721092548227, -0.5876302907344938, -0.666005474891386, -0.7489370239570131, -0.836364300162889, -0.9282266657405274, -1.0244634829214416, -1.125014113937146, -1.2298179210191535, -1.3388142663989782, -1.4519425123081335, -1.5691420209781335, -1.6903521546404918, -1.8155122755267223, -1.9445617458683382, -2.0774399278968536, -2.2140861838437815, -2.354439875940636, -2.498440366418931, -2.6460270175101805, -2.797139191445898, -2.951716250457596, -3.109697556776789, -3.2710224726349915, -3.4356303602637164, -3.603460581894477, -3.7744524997587883, -3.948545476088162, -4.125678873114115, -4.305792053068156, -4.488824378181804, -4.674715210686569, -4.863403912813967, -5.05482984679551, -5.2489323748627115, -5.445650859247088, -5.64492466218015, -5.846693145893413, -6.05089567261839, -6.257471604586597, -6.466360304029541, -6.677501133178742, -6.890833454265714, -7.106296629521967, -7.323830021179015, -7.543372991468377, -7.764864902621561, -7.9882451168700825, -8.213452996445449, -8.440427903579186, -8.669109200502804, -8.899436249447808, -9.131348412645723, -9.364785052328056, -9.599685530726322, -9.835989210072032, -10.073635452596708, -10.312563620531856, -10.552713076108992, -10.794023181559625, -11.03643329911528, -11.279882791007463, -11.524311019467689, -11.769657346727465, -12.015861135018318, -12.262861746571758, -12.51059854361929, -12.759010888392432, -13.008038143122699, -13.257619477362908, -13.507688119122806, -13.75817618854927, -14.009021201724153, -14.26016557038405, -14.51155660192031, -14.763146499379022, -15.014892361461051, -15.266756182521988, -15.518704852572183, -15.770710157276733, -16.022748777955496, -16.27480229158307, -16.526857170788805, -16.77890478385681, -17.030941394725932, -17.282968162989775],
         "dplt_grid": [0.0, 6.140817243939265, 12.28163448787853, 18.422451731817794, 24.56326897575706, 30.70408621969633, 36.84490346363559, 42.985720707574856, 49.12653795151412, 55.26735519545339, 61.40817243939266, 67.54898968333192, 73.68980692727118, 79.83062417121045, 85.97144141514971, 92.11225865908898, 98.25307590302825, 104.39389314696751, 110.53471039090678, 116.67552763484605, 122.81634487878532, 128.95716212272458, 135.09797936666385, 141.23879661060312, 147.37961385454236, 153.52043109848162, 159.6612483424209, 165.80206558636016, 171.94288283029942, 178.0837000742387, 184.22451731817796, 190.36533456211723, 196.5061518060565, 202.64696904999576, 208.78778629393503, 214.9286035378743, 221.06942078181356, 227.21023802575283, 233.3510552696921, 239.49187251363136, 245.63268975757063, 251.77350700150987, 257.91432424544917, 264.0551414893884, 270.1959587333277, 276.33677597726694, 282.47759322120623, 288.6184104651455, 294.7592277090847, 300.900044953024, 307.04086219696325, 313.18167944090254, 319.3224966848418, 325.4633139287811, 331.6041311727203, 337.7449484166596, 343.88576566059885, 350.02658290453815, 356.1674001484774, 362.3082173924167, 368.4490346363559, 374.5898518802952, 380.73066912423445, 386.87148636817375, 393.012303612113, 399.1531208560522, 405.2939380999915, 411.43475534393076, 417.57557258787006, 423.7163898318093, 429.8572070757486, 435.99802431968783, 442.1388415636271, 448.27965880756636, 454.42047605150566, 460.5612932954449, 466.7021105393842, 472.84292778332343, 478.9837450272627, 485.12456227120197, 491.26537951514126, 497.4061967590805, 503.54701400301974, 509.68783124695904, 515.8286484908983, 521.9694657348375, 528.1102829787768, 534.2511002227161, 540.3919174666554, 546.5327347105946, 552.6735519545339, 558.8143691984732, 564.9551864424125, 571.0960036863517, 577.236820930291, 583.3776381742302, 589.5184554181694, 595.6592726621087, 601.800089906048, 607.9409071499873],
         "dplt_at_force_location": -15.30220759675668,
         "maximum_dplt": -17.282968162989775,
         "location_max_dplt": 607.9409071499873
    },
     "metadata": {
         "error_code": 0,
         "model": "BendingTestAnalytical",
         "load_case": "Cantilever",
         "description": "",
         "job_name": "",
         "persistent_result_files": "",
         "n_cpus": 1,
         "date": "2026-03-26 14:57:55.573342",
         "cpu_time": 0.0037527084350585938,
         "user": "sebastien.bocquet",
         "machine": "IPF7101",
         "vims_git_version": "d0050d8de498c8354552cdde540fb3e524454871",
         "directory_archive_root": "/home/sebastien.bocquet/PycharmProjects/vimseo/docs/runnable_examples/model_runs/archive/uq",
         "directory_archive_job": "/home/sebastien.bocquet/PycharmProjects/vimseo/docs/runnable_examples/model_runs/archive/uq/BendingTestAnalytical/Cantilever/52",
         "directory_scratch_root": "/home/sebastien.bocquet/PycharmProjects/vimseo/docs/runnable_examples/model_runs/scratch/uq",
         "directory_scratch_job": ""
    }
}