{
     "inputs": {
         "length": 601.1002926204266,
         "width": 30.392523235017833,
         "height": 38.96501094568259,
         "imposed_dplt": -15.080808940275242,
         "relative_dplt_location": 0.9068468502477687,
         "young_modulus": 205645.65148676452,
         "nu_p": 0.2885489457024535
    },
     "outputs": {
         "reaction_forces": -8606.620968918643,
         "moment": [4691519.929862195, 0.0, 0.0],
         "moment_grid": [0.0, 545.1059070458459, 601.1002926204266],
         "dplt": [0.0, -0.0027961607205925737, -0.011142961011575171, -0.02497787806675516, -0.04423838907993984, -0.06886197124493655, -0.09878610175555266, -0.13394825780559547, -0.17428591658887227, -0.21973655529919045, -0.27023765113035736, -0.3257266812761803, -0.38614112293046676, -0.45141845328702374, -0.5214961495396588, -0.5963116888821791, -0.6758025485083924, -0.7599062056121054, -0.8485601373871264, -0.9417018210272605, -1.0392687337263178, -1.1411983526781047, -1.2474281550764277, -1.3578956181150952, -1.4725382189879141, -1.5912934348886913, -1.714098743011235, -1.8408916205493517, -1.9716095446968498, -2.1061899926475345, -2.244570441595216, -2.386688368733699, -2.532481251256793, -2.6818865663583047, -2.83484179123204, -2.991284403071808, -3.1511518790714144, -3.314381696424669, -3.480911332325376, -3.650678263967346, -3.8236199685443832, -3.999673923250297, -4.178777605278894, -4.360868491823982, -4.545884060079367, -4.7337617872388575, -4.924439150496262, -5.1178536270453865, -5.313942694080038, -5.5126438287940225, -5.713894508381151, -5.917632210035228, -6.123794410950063, -6.332318588319459, -6.543142219337228, -6.756202781197176, -6.971437751093112, -7.18878460621884, -7.408180823768165, -7.6295638809348985, -7.852871254912852, -8.078040422895828, -8.30500886207763, -8.53371404965207, -8.764093462812959, -8.996084578754093, -9.229624874669295, -9.464651827752355, -9.701102915197092, -9.938915614197315, -10.17802740194682, -10.418375755639422, -10.659898152468932, -10.902532069629148, -11.146214984313888, -11.390884373716947, -11.636477715032138, -11.882932485453276, -12.130186162174157, -12.378176222388598, -12.626840143290393, -12.876115402073356, -13.125936466014346, -13.376225711228543, -13.626916232733102, -13.877947176689887, -14.12926257221973, -14.380811331402416, -14.632547249276712, -14.884429003840348, -15.136420156050004, -15.388489149821353, -15.640609312029007, -15.892758852506562, -16.14492086404658, -16.397083322400572, -16.64923908627904, -16.901385897351425, -17.153526380246152, -17.40566804255062],
         "dplt_grid": [0.0, 6.071720127479056, 12.143440254958112, 18.21516038243717, 24.286880509916223, 30.358600637395277, 36.43032076487434, 42.50204089235339, 48.573761019832446, 54.6454811473115, 60.717201274790554, 66.78892140226961, 72.86064152974868, 78.93236165722773, 85.00408178470678, 91.07580191218584, 97.14752203966489, 103.21924216714395, 109.290962294623, 115.36268242210205, 121.43440254958111, 127.50612267706018, 133.57784280453922, 139.64956293201828, 145.72128305949735, 151.7930031869764, 157.86472331445546, 163.9364434419345, 170.00816356941357, 176.0798836968926, 182.15160382437168, 188.22332395185072, 194.29504407932978, 200.36676420680885, 206.4384843342879, 212.51020446176696, 218.581924589246, 224.65364471672507, 230.7253648442041, 236.79708497168318, 242.86880509916222, 248.94052522664128, 255.01224535412035, 261.0839654815994, 267.15568560907843, 273.2274057365575, 279.29912586403657, 285.37084599151564, 291.4425661189947, 297.5142862464737, 303.5860063739528, 309.65772650143185, 315.7294466289109, 321.80116675638993, 327.872886883869, 333.94460701134807, 340.01632713882714, 346.0880472663062, 352.1597673937852, 358.2314875212643, 364.30320764874335, 370.3749277762224, 376.44664790370143, 382.5183680311805, 388.59008815865957, 394.66180828613864, 400.7335284136177, 406.8052485410967, 412.8769686685758, 418.94868879605485, 425.0204089235339, 431.09212905101293, 437.163849178492, 443.23556930597107, 449.30728943345014, 455.3790095609292, 461.4507296884082, 467.5224498158873, 473.59416994336635, 479.6658900708454, 485.73761019832443, 491.8093303258035, 497.88105045328257, 503.95277058076164, 510.0244907082407, 516.0962108357197, 522.1679309631988, 528.2396510906779, 534.3113712181569, 540.383091345636, 546.454811473115, 552.5265316005941, 558.5982517280731, 564.6699718555521, 570.7416919830313, 576.8134121105103, 582.8851322379894, 588.9568523654684, 595.0285724929474, 601.1002926204266],
         "dplt_at_force_location": -15.080437341672594,
         "maximum_dplt": -17.40566804255062,
         "location_max_dplt": 601.1002926204266
    },
     "metadata": {
         "error_code": 0,
         "model": "BendingTestAnalytical",
         "load_case": "Cantilever",
         "description": "",
         "job_name": "",
         "persistent_result_files": "",
         "n_cpus": 1,
         "date": "2026-03-17 09:07:45.070375",
         "cpu_time": 0.020924806594848633,
         "user": "sebastien.bocquet",
         "machine": "B20191729",
         "vims_git_version": "1b6e7132b9faba0cc93317d127a381ee76a8cb8e",
         "directory_archive_root": "C:\\Users\\sebastien.bocquet\\PycharmProjects\\vimseo\\docs\\runnable_examples\\model_runs\\archive\\uq",
         "directory_archive_job": "C:\\Users\\sebastien.bocquet\\PycharmProjects\\vimseo\\docs\\runnable_examples\\model_runs\\archive\\uq\\BendingTestAnalytical\\Cantilever\\50",
         "directory_scratch_root": "C:\\Users\\sebastien.bocquet\\PycharmProjects\\vimseo\\docs\\runnable_examples\\model_runs\\scratch\\uq",
         "directory_scratch_job": ""
    }
}