{
     "inputs": {
         "length": 583.8199004834327,
         "width": 30.560574177204394,
         "height": 39.05528210091082,
         "imposed_dplt": -15.01643802970164,
         "relative_dplt_location": 0.8999247887614779,
         "young_modulus": 206541.32025278875,
         "nu_p": 0.3071222768387307
    },
     "outputs": {
         "reaction_forces": -9733.284202004643,
         "moment": [5113809.126036386, 0.0, 0.0],
         "moment_grid": [0.0, 525.3940006173002, 583.8199004834327],
         "dplt": [0.0, -0.002827140810879022, -0.011266094178903424, -0.02525315650715429, -0.04472462419871265, -0.06961679365665949, -0.09986596128407586, -0.13540842348404275, -0.17618047665964112, -0.2221184172139521, -0.27315854155005675, -0.3292371460710361, -0.3902905271799708, -0.45625498127994235, -0.5270668047740319, -0.6026622940653199, -0.6829777455568877, -0.7679494556518165, -0.8575137207531871, -0.951606837264081, -1.0501651015875786, -1.1531248101267613, -1.26042225928471, -1.3719937454645057, -1.4877755650692295, -1.6077040145019623, -1.7317153901657854, -1.8597459884637795, -1.9917321057990263, -2.1276100385746055, -2.2673160831935992, -2.410786536059088, -2.5579576935741537, -2.7087658521418763, -2.863147308165337, -3.0210383580476177, -3.1823752981917983, -3.3470944250009618, -3.5151320348781865, -3.686424424226555, -3.8609078894491478, -4.038518726949047, -4.219193233129332, -4.402867704393083, -4.589478437143386, -4.778961727783315, -4.971253872715957, -5.166291168344391, -5.3640099110716974, -5.564346397300959, -5.767236923435253, -5.972617785877664, -6.18042528103127, -6.390595705299159, -6.603065355084402, -6.817770526790087, -7.034647516819295, -7.253632621575101, -7.474662137460593, -7.697672360878847, -7.922599588232948, -8.149380115925974, -8.37795024036101, -8.60824625794113, -8.840204465069421, -9.073761158148965, -9.308852633582834, -9.545415187774118, -9.783385117125897, -10.022698718041255, -10.263292286923257, -10.505102120175005, -10.748064514199568, -10.992115765400033, -11.237192170179473, -11.48323002494097, -11.730165626087613, -11.97793527002248, -12.226475253148653, -12.475721871869203, -12.725611422587221, -12.97608020170579, -13.22706450562799, -13.478500630756894, -13.730321014555146, -13.982432059262258, -14.234767620051619, -14.487274244732117, -14.739904876700027, -14.992618854939023, -15.24538191402017, -15.498166184101938, -15.750950190930185, -16.003718855838162, -16.256463495746516, -16.509181823163296, -16.761877946183937, -17.014562368491276, -17.267251989355543, -17.51997010363435],
         "dplt_grid": [0.0, 5.897170711953866, 11.794341423907731, 17.691512135861597, 23.588682847815463, 29.48585355976933, 35.383024271723194, 41.28019498367706, 47.177365695630925, 53.07453640758479, 58.97170711953866, 64.86887783149253, 70.76604854344639, 76.66321925540025, 82.56038996735413, 88.45756067930799, 94.35473139126185, 100.25190210321571, 106.14907281516957, 112.04624352712345, 117.94341423907731, 123.84058495103118, 129.73775566298505, 135.6349263749389, 141.53209708689278, 147.42926779884664, 153.3264385108005, 159.22360922275436, 165.12077993470825, 171.01795064666211, 176.91512135861598, 182.81229207056984, 188.7094627825237, 194.60663349447756, 200.50380420643143, 206.4009749183853, 212.29814563033915, 218.19531634229304, 224.0924870542469, 229.98965776620076, 235.88682847815463, 241.7839991901085, 247.68116990206235, 253.5783406140162, 259.4755113259701, 265.37268203792394, 271.2698527498778, 277.16702346183166, 283.06419417378555, 288.96136488573944, 294.8585355976933, 300.75570630964717, 306.652877021601, 312.5500477335549, 318.4472184455087, 324.3443891574626, 330.2415598694165, 336.13873058137034, 342.03590129332423, 347.93307200527806, 353.83024271723195, 359.7274134291858, 365.6245841411397, 371.5217548530935, 377.4189255650474, 383.3160962770013, 389.2132669889551, 395.110437700909, 401.00760841286285, 406.90477912481674, 412.8019498367706, 418.69912054872447, 424.5962912606783, 430.4934619726322, 436.3906326845861, 442.2878033965399, 448.1849741084938, 454.08214482044764, 459.97931553240153, 465.87648624435536, 471.77365695630925, 477.67082766826314, 483.567998380217, 489.46516909217087, 495.3623398041247, 501.2595105160786, 507.1566812280324, 513.0538519399863, 518.9510226519402, 524.8481933638941, 530.7453640758479, 536.6425347878018, 542.5397054997557, 548.4368762117095, 554.3340469236633, 560.2312176356172, 566.1283883475711, 572.025559059525, 577.9227297714789, 583.8199004834327],
         "dplt_at_force_location": -15.016013109197248,
         "maximum_dplt": -17.51997010363435,
         "location_max_dplt": 583.8199004834327
    },
     "metadata": {
         "error_code": 0,
         "model": "BendingTestAnalytical",
         "load_case": "Cantilever",
         "description": "",
         "job_name": "",
         "persistent_result_files": "",
         "n_cpus": 1,
         "date": "2026-03-26 14:57:55.157668",
         "cpu_time": 0.003348112106323242,
         "user": "sebastien.bocquet",
         "machine": "IPF7101",
         "vims_git_version": "d0050d8de498c8354552cdde540fb3e524454871",
         "directory_archive_root": "/home/sebastien.bocquet/PycharmProjects/vimseo/docs/runnable_examples/model_runs/archive/uq",
         "directory_archive_job": "/home/sebastien.bocquet/PycharmProjects/vimseo/docs/runnable_examples/model_runs/archive/uq/BendingTestAnalytical/Cantilever/15",
         "directory_scratch_root": "/home/sebastien.bocquet/PycharmProjects/vimseo/docs/runnable_examples/model_runs/scratch/uq",
         "directory_scratch_job": ""
    }
}