{
     "inputs": {
         "young_modulus": 230000.0,
         "Cantilever:length": 600.0,
         "Cantilever:width": 30.32763671875,
         "Cantilever:height": 39.7525634765625,
         "Cantilever:imposed_dplt": -4.9739990234375,
         "Cantilever:relative_dplt_location": 1.0,
         "Cantilever:nu_p": 0.3
    },
     "outputs": {
         "length": 600.0,
         "width": 30.32763671875,
         "height": 39.7525634765625,
         "imposed_dplt": -4.9739990234375,
         "relative_dplt_location": 1.0,
         "nu_p": 0.3,
         "reaction_forces": -2522.63128612253,
         "moment": [1513578.771673518, 0.0],
         "moment_grid": [0.0, 600.0],
         "dplt": [0.0, -0.0007586855757542262, -0.0030244897952364405, -0.006782033896775957, -0.012015939118702081, -0.018710826699344114, -0.026851317877031357, -0.03642203389009314, -0.04740759597685872, -0.059792625375657445, -0.0735617433248186, -0.08869957106267151, -0.10519072982754542, -0.12301984085776972, -0.14217152539167371, -0.1626304046675866, -0.1843810999238378, -0.2074082323987566, -0.2316964233306722, -0.2572302939579143, -0.28399446551881175, -0.3119735592516939, -0.3411521963948903, -0.37151499818673006, -0.4030465858655423, -0.4357315806696569, -0.4695546038374028, -0.5045002766071093, -0.5405532202171057, -0.5776980559057214, -0.6159194049112857, -0.6552018884721279, -0.6955301278265772, -0.736888744212963, -0.7792623588696147, -0.8226355930348613, -0.8669930679470325, -0.9123194048444573, -0.9585992249654649, -1.0058171495483852, -1.0539577998315468, -1.1030057970532794, -1.1529457624519124, -1.203762317265775, -1.2554400827331964, -1.3079636800925059, -1.361317730582033, -1.4154868554401066, -1.4704556759050558, -1.526208813215211, -1.5827308886089009, -1.6400065233244547, -1.698020338600202, -1.7567569556744713, -1.8162009957855931, -1.876337080171896, -1.9371498300717094, -1.9986238667233631, -2.060743811365185, -2.1234942852355054, -2.186859909572655, -2.2508253056149594, -2.315375094600752, -2.380493897768359, -2.4461663363561126, -2.512377031602339, -2.57911060474537, -2.6463516770235325, -2.7140848696751596, -2.782294803938575, -2.850966101052114, -2.9200833822541012, -2.9896312687828686, -3.0595943818767446, -3.12995734277406, -3.2007047727131397, -3.271821292932319, -3.343291524669922, -3.415100089164282, -3.487231607653726, -3.5596707013765845, -3.632401991571184, -3.705410099475858, -3.7786796463289334, -3.8521952533687394, -3.9259415418336063, -3.999903132961863, -4.074064647991838, -4.1484107081618635, -4.222925934710264, -4.297594948875372, -4.372402371895516, -4.447332825009027, -4.522370929454231, -4.597501306469462, -4.672708577293043, -4.747977363163308, -4.823292285318586, -4.898637964997204, -4.973999023437495],
         "dplt_grid": [0.0, 6.0606060606060606, 12.121212121212121, 18.18181818181818, 24.242424242424242, 30.303030303030305, 36.36363636363636, 42.42424242424242, 48.484848484848484, 54.54545454545455, 60.60606060606061, 66.66666666666667, 72.72727272727272, 78.78787878787878, 84.84848484848484, 90.9090909090909, 96.96969696969697, 103.03030303030303, 109.0909090909091, 115.15151515151516, 121.21212121212122, 127.27272727272727, 133.33333333333334, 139.3939393939394, 145.45454545454544, 151.5151515151515, 157.57575757575756, 163.63636363636363, 169.6969696969697, 175.75757575757575, 181.8181818181818, 187.87878787878788, 193.93939393939394, 200.0, 206.06060606060606, 212.12121212121212, 218.1818181818182, 224.24242424242425, 230.3030303030303, 236.36363636363637, 242.42424242424244, 248.48484848484847, 254.54545454545453, 260.6060606060606, 266.6666666666667, 272.72727272727275, 278.7878787878788, 284.8484848484849, 290.9090909090909, 296.96969696969694, 303.030303030303, 309.09090909090907, 315.1515151515151, 321.2121212121212, 327.27272727272725, 333.3333333333333, 339.3939393939394, 345.45454545454544, 351.5151515151515, 357.57575757575756, 363.6363636363636, 369.6969696969697, 375.75757575757575, 381.8181818181818, 387.8787878787879, 393.93939393939394, 400.0, 406.06060606060606, 412.1212121212121, 418.1818181818182, 424.24242424242425, 430.3030303030303, 436.3636363636364, 442.42424242424244, 448.4848484848485, 454.54545454545456, 460.6060606060606, 466.6666666666667, 472.72727272727275, 478.7878787878788, 484.8484848484849, 490.9090909090909, 496.96969696969694, 503.030303030303, 509.09090909090907, 515.1515151515151, 521.2121212121212, 527.2727272727273, 533.3333333333334, 539.3939393939394, 545.4545454545455, 551.5151515151515, 557.5757575757576, 563.6363636363636, 569.6969696969697, 575.7575757575758, 581.8181818181818, 587.8787878787879, 593.9393939393939, 600.0],
         "dplt_at_force_location": -4.973999023437495,
         "maximum_dplt": -4.973999023437495,
         "location_max_dplt": 600.0
    },
     "metadata": {
         "error_code": 0,
         "model": "BendingTestAnalytical",
         "load_case": "Cantilever",
         "description": "",
         "job_name": "",
         "persistent_result_files": "",
         "n_cpus": 1,
         "date": "2026-06-16 18:10:24.684597",
         "cpu_time": 0.32946181297302246,
         "user": "sebastien.bocquet",
         "machine": "PCBM20250036",
         "vims_git_version": "3de96ae2320a30b8a84551033e41da0fca6276ac",
         "directory_archive_root": "C:\\Users\\sebastien.bocquet\\Dev\\vimseo\\docs\\runnable_examples\\model_runs\\archive\\calibration_scalars",
         "directory_archive_job": "C:\\Users\\sebastien.bocquet\\Dev\\vimseo\\docs\\runnable_examples\\model_runs\\archive\\calibration_scalars\\BendingTestAnalytical\\Cantilever\\496",
         "directory_scratch_root": "C:\\Users\\sebastien.bocquet\\Dev\\vimseo\\docs\\runnable_examples\\model_runs\\scratch\\calibration_scalars",
         "directory_scratch_job": ""
    }
}