{
     "inputs": {
         "young_modulus": 220217.92700239795,
         "Cantilever:length": 600.0,
         "Cantilever:width": 30.0101318359375,
         "Cantilever:height": 39.2188720703125,
         "Cantilever:imposed_dplt": -5.0433349609375,
         "Cantilever:relative_dplt_location": 1.0,
         "Cantilever:nu_p": 0.3
    },
     "outputs": {
         "length": 600.0,
         "width": 30.0101318359375,
         "height": 39.2188720703125,
         "imposed_dplt": -5.0433349609375,
         "relative_dplt_location": 1.0,
         "nu_p": 0.3,
         "reaction_forces": -2327.0726513503337,
         "moment": [1396243.5908102002, 0.0],
         "moment_grid": [0.0, 600.0],
         "dplt": [0.0, -0.0007692614072762627, -0.003066650204682395, -0.006876573255584419, -0.012183437423348358, -0.01897164957134024, -0.02722561656292606, -0.036929745261471886, -0.04806844253034371, -0.060626115232907556, -0.07458717023252945, -0.08993601439257541, -0.10665705457641142, -0.12473469764740361, -0.1441533504689179, -0.16489741990432033, -0.18695131281697694, -0.21029943607025378, -0.23492619652751678, -0.2608160010521322, -0.2879532565074658, -0.31632236975688355, -0.3459077476637518, -0.37669379709143636, -0.408664924903303, -0.44180553796271826, -0.4761000431330479, -0.5115328472776579, -0.5480883572599144, -0.5857509799431833, -0.6245051221908308, -0.6643351908662227, -0.7052255928327251, -0.7471607349537042, -0.7901250240925257, -0.8341028671125558, -0.8790786708771607, -0.9250368422497061, -0.9719617880935582, -1.019837915272083, -1.0686496306486462, -1.1183813410866144, -1.1690174534493531, -1.2205423746002289, -1.2729405114026076, -1.326196270719855, -1.3802940594153368, -1.4352182843524193, -1.490953352394469, -1.5474836704048514, -1.6047936452469331, -1.66286768378408, -1.7216901928796569, -1.7812455793970314, -1.8415182501995688, -1.9024926121506356, -1.964153072113597, -2.0264840369518193, -2.089469913528669, -2.1530951087075114, -2.2173440293517137, -2.28220108232464, -2.3476506744896595, -2.413677212710134, -2.4802651038494337, -2.5473987547709207, -2.6150625723379637, -2.683240963413928, -2.7519183348621805, -2.8210790935460843, -2.8907076463290093, -2.9607884000743185, -3.0313057616453802, -3.1022441379055583, -3.1735879357182206, -3.2453215619467315, -3.3174294234544597, -3.389895927104767, -3.4627054797610235, -3.5358424882865918, -3.609291359544842, -3.683036500399136, -3.7570623177128413, -3.831353218349326, -3.9058936091719523, -3.9806678970440905, -4.055660488829103, -4.130855791390359, -4.206238211591222, -4.281792156295057, -4.357502032365233, -4.433352246665113, -4.509327206058067, -4.585411317407458, -4.661588987576655, -4.737844623429019, -4.81416263182792, -4.890527419636722, -4.966923393718794, -5.0433349609375],
         "dplt_grid": [0.0, 6.0606060606060606, 12.121212121212121, 18.18181818181818, 24.242424242424242, 30.303030303030305, 36.36363636363636, 42.42424242424242, 48.484848484848484, 54.54545454545455, 60.60606060606061, 66.66666666666667, 72.72727272727272, 78.78787878787878, 84.84848484848484, 90.9090909090909, 96.96969696969697, 103.03030303030303, 109.0909090909091, 115.15151515151516, 121.21212121212122, 127.27272727272727, 133.33333333333334, 139.3939393939394, 145.45454545454544, 151.5151515151515, 157.57575757575756, 163.63636363636363, 169.6969696969697, 175.75757575757575, 181.8181818181818, 187.87878787878788, 193.93939393939394, 200.0, 206.06060606060606, 212.12121212121212, 218.1818181818182, 224.24242424242425, 230.3030303030303, 236.36363636363637, 242.42424242424244, 248.48484848484847, 254.54545454545453, 260.6060606060606, 266.6666666666667, 272.72727272727275, 278.7878787878788, 284.8484848484849, 290.9090909090909, 296.96969696969694, 303.030303030303, 309.09090909090907, 315.1515151515151, 321.2121212121212, 327.27272727272725, 333.3333333333333, 339.3939393939394, 345.45454545454544, 351.5151515151515, 357.57575757575756, 363.6363636363636, 369.6969696969697, 375.75757575757575, 381.8181818181818, 387.8787878787879, 393.93939393939394, 400.0, 406.06060606060606, 412.1212121212121, 418.1818181818182, 424.24242424242425, 430.3030303030303, 436.3636363636364, 442.42424242424244, 448.4848484848485, 454.54545454545456, 460.6060606060606, 466.6666666666667, 472.72727272727275, 478.7878787878788, 484.8484848484849, 490.9090909090909, 496.96969696969694, 503.030303030303, 509.09090909090907, 515.1515151515151, 521.2121212121212, 527.2727272727273, 533.3333333333334, 539.3939393939394, 545.4545454545455, 551.5151515151515, 557.5757575757576, 563.6363636363636, 569.6969696969697, 575.7575757575758, 581.8181818181818, 587.8787878787879, 593.9393939393939, 600.0],
         "dplt_at_force_location": -5.0433349609375,
         "maximum_dplt": -5.0433349609375,
         "location_max_dplt": 600.0
    },
     "metadata": {
         "error_code": 0,
         "model": "BendingTestAnalytical",
         "load_case": "Cantilever",
         "description": "",
         "job_name": "",
         "persistent_result_files": "",
         "n_cpus": 1,
         "date": "2026-03-26 14:57:41.831038",
         "cpu_time": 0.0057070255279541016,
         "user": "sebastien.bocquet",
         "machine": "IPF7101",
         "vims_git_version": "d0050d8de498c8354552cdde540fb3e524454871",
         "directory_archive_root": "/home/sebastien.bocquet/PycharmProjects/vimseo/docs/runnable_examples/model_runs/archive/calibration_scalars",
         "directory_archive_job": "/home/sebastien.bocquet/PycharmProjects/vimseo/docs/runnable_examples/model_runs/archive/calibration_scalars/BendingTestAnalytical/Cantilever/199",
         "directory_scratch_root": "/home/sebastien.bocquet/PycharmProjects/vimseo/docs/runnable_examples/model_runs/scratch/calibration_scalars",
         "directory_scratch_job": ""
    }
}