{
     "inputs": {
         "x": 1.500030517578125,
         "Dummy:x_1": 0.9944541492686033
    },
     "outputs": {
         "x_1": 0.9944541492686033,
         "y": [0.9944541492686033, 1.0096059726784834, 1.0247577960883634, 1.0399096194982436, 1.0550614429081235, 1.0702132663180035, 1.0853650897278837, 1.1005169131377637, 1.1156687365476436, 1.1308205599575238, 1.1459723833674038, 1.1611242067772838, 1.176276030187164, 1.191427853597044, 1.2065796770069241, 1.2217315004168041, 1.236883323826684, 1.2520351472365643, 1.2671869706464443, 1.2823387940563242, 1.2974906174662044, 1.3126424408760844, 1.3277942642859646, 1.3429460876958446, 1.3580979111057245, 1.3732497345156047, 1.3884015579254847, 1.4035533813353647, 1.4187052047452449, 1.4338570281551248, 1.4490088515650048, 1.464160674974885, 1.479312498384765, 1.494464321794645, 1.5096161452045251, 1.5247679686144053, 1.539919792024285, 1.5550716154341653, 1.5702234388440452, 1.5853752622539252, 1.6005270856638054, 1.6156789090736856, 1.6308307324835654, 1.6459825558934456, 1.6611343793033257, 1.6762862027132055, 1.6914380261230857, 1.7065898495329659, 1.7217416729428456, 1.7368934963527258, 1.752045319762606, 1.767197143172486, 1.782348966582366, 1.7975007899922462, 1.8126526134021261, 1.827804436812006, 1.8429562602218863, 1.8581080836317663, 1.8732599070416462, 1.8884117304515264, 1.9035635538614064, 1.9187153772712864, 1.9338672006811666, 1.9490190240910468, 1.9641708475009265, 1.9793226709108067, 1.994474494320687, 2.0096263177305667, 2.024778141140447, 2.039929964550327, 2.0550817879602072, 2.070233611370087, 2.085385434779967, 2.100537258189847, 2.115689081599727, 2.1308409050096073, 2.145992728419487, 2.1611445518293673, 2.1762963752392475, 2.191448198649127, 2.2066000220590074, 2.2217518454688876, 2.236903668878768, 2.2520554922886475, 2.2672073156985277, 2.282359139108408, 2.2975109625182877, 2.312662785928168, 2.327814609338048, 2.342966432747928, 2.358118256157808, 2.3732700795676878, 2.388421902977568, 2.403573726387448, 2.4187255497973283, 2.433877373207208, 2.4490291966170883, 2.4641810200269685, 2.4793328434368482, 2.4944846668467284],
         "y_axis": [0.0, 0.010101010101010102, 0.020202020202020204, 0.030303030303030304, 0.04040404040404041, 0.05050505050505051, 0.06060606060606061, 0.07070707070707072, 0.08080808080808081, 0.09090909090909091, 0.10101010101010102, 0.11111111111111112, 0.12121212121212122, 0.13131313131313133, 0.14141414141414144, 0.15151515151515152, 0.16161616161616163, 0.17171717171717174, 0.18181818181818182, 0.19191919191919193, 0.20202020202020204, 0.21212121212121213, 0.22222222222222224, 0.23232323232323235, 0.24242424242424243, 0.25252525252525254, 0.26262626262626265, 0.27272727272727276, 0.2828282828282829, 0.29292929292929293, 0.30303030303030304, 0.31313131313131315, 0.32323232323232326, 0.33333333333333337, 0.3434343434343435, 0.3535353535353536, 0.36363636363636365, 0.37373737373737376, 0.38383838383838387, 0.393939393939394, 0.4040404040404041, 0.4141414141414142, 0.42424242424242425, 0.43434343434343436, 0.4444444444444445, 0.4545454545454546, 0.4646464646464647, 0.4747474747474748, 0.48484848484848486, 0.494949494949495, 0.5050505050505051, 0.5151515151515152, 0.5252525252525253, 0.5353535353535354, 0.5454545454545455, 0.5555555555555556, 0.5656565656565657, 0.5757575757575758, 0.5858585858585859, 0.595959595959596, 0.6060606060606061, 0.6161616161616162, 0.6262626262626263, 0.6363636363636365, 0.6464646464646465, 0.6565656565656566, 0.6666666666666667, 0.6767676767676768, 0.686868686868687, 0.696969696969697, 0.7070707070707072, 0.7171717171717172, 0.7272727272727273, 0.7373737373737375, 0.7474747474747475, 0.7575757575757577, 0.7676767676767677, 0.7777777777777778, 0.787878787878788, 0.797979797979798, 0.8080808080808082, 0.8181818181818182, 0.8282828282828284, 0.8383838383838385, 0.8484848484848485, 0.8585858585858587, 0.8686868686868687, 0.8787878787878789, 0.888888888888889, 0.8989898989898991, 0.9090909090909092, 0.9191919191919192, 0.9292929292929294, 0.9393939393939394, 0.9494949494949496, 0.9595959595959597, 0.9696969696969697, 0.9797979797979799, 0.98989898989899, 1.0]
    },
     "metadata": {
         "error_code": 0,
         "model": "MockCurves",
         "load_case": "Dummy",
         "description": "",
         "job_name": "",
         "persistent_result_files": "",
         "n_cpus": 1,
         "date": "2026-03-17 09:05:36.948987",
         "cpu_time": 0.010077238082885742,
         "user": "sebastien.bocquet",
         "machine": "B20191729",
         "vims_git_version": "1b6e7132b9faba0cc93317d127a381ee76a8cb8e",
         "directory_archive_root": "C:\\Users\\sebastien.bocquet\\PycharmProjects\\vimseo\\docs\\runnable_examples\\model_runs\\archive\\calibration_curves",
         "directory_archive_job": "C:\\Users\\sebastien.bocquet\\PycharmProjects\\vimseo\\docs\\runnable_examples\\model_runs\\archive\\calibration_curves\\MockCurves\\Dummy\\33",
         "directory_scratch_root": "C:\\Users\\sebastien.bocquet\\PycharmProjects\\vimseo\\docs\\runnable_examples\\model_runs\\scratch\\calibration_curves",
         "directory_scratch_job": ""
    }
}