{
     "inputs": {
         "young_modulus": 224782.71484375,
         "Cantilever:length": 600.0,
         "Cantilever:width": 29.475830078125,
         "Cantilever:height": 39.41650390625,
         "Cantilever:imposed_dplt": -4.92333984375,
         "Cantilever:relative_dplt_location": 1.0,
         "Cantilever:nu_p": 0.3
    },
     "outputs": {
         "length": 600.0,
         "width": 29.475830078125,
         "height": 39.41650390625,
         "imposed_dplt": -4.92333984375,
         "relative_dplt_location": 1.0,
         "nu_p": 0.3,
         "reaction_forces": -2312.114476866882,
         "moment": [1387268.6861201292, 0.0],
         "moment_grid": [0.0, 600.0],
         "dplt": [0.0, -0.0007509585157513302, -0.002993685974954627, -0.006712960245533853, -0.011893559195412972, -0.01852026069251594, -0.026577842604766692, -0.03605108280008923, -0.04692475914640748, -0.059183649511645404, -0.07281253176372697, -0.08779618377057614, -0.10411938340011684, -0.12176690852027311, -0.14072353699896886, -0.16097404670412802, -0.1825032155036746, -0.20529582126553253, -0.2293366418576258, -0.2546104551478783, -0.2811020390042141, -0.308796171294557, -0.33767762988683125, -0.36773119264896054, -0.3989416374488688, -0.4312937421544802, -0.46477228463371856, -0.4993620427545079, -0.5350477943847722, -0.5718143173924354, -0.6096463896454214, -0.6485287890116542, -0.6884462933590578, -0.7293836805555559, -0.771325728469073, -0.8142572149675326, -0.8581629179188587, -0.9030276151909754, -0.9488360846518066, -0.9955731041692764, -1.0432234516113081, -1.0917719048458265, -1.1412032417407556, -1.1915022401640187, -1.2426536779835404, -1.294642333067244, -1.3474529832830535, -1.4010704064988935, -1.455479380582687, -1.5106646834023594, -1.5666110928258332, -1.6233033867210338, -1.6807263429558834, -1.7388647393983072, -1.7977033539162295, -1.857226964377573, -1.9174203486502621, -1.9782682846022215, -2.039755550101374, -2.1018669230156446, -2.1645871812129567, -2.2279011025612343, -2.2917934649284026, -2.3562490461823815, -2.4212526241911005, -2.48678897682248, -2.5528428819444455, -2.619399117424919, -2.6864424611318274, -2.753957690933091, -2.821929584696638, -2.8903429202903883, -2.9591824755822698, -3.0284330284402023, -3.0980793567321134, -3.1681062383259238, -3.238498451089561, -3.3092407728909454, -3.3803179815980045, -3.4517148550786594, -3.5234161712008354, -3.595406707832456, -3.6676712428414446, -3.7401945540957264, -3.8129614194632255, -3.8859566168118653, -3.9591649240095705, -4.0325711189242615, -4.106159979423867, -4.179916283376308, -4.253824808649511, -4.327870333111397, -4.402037634629892, -4.476311491072917, -4.550676680308402, -4.625117980204264, -4.69962016862843, -4.774168023448827, -4.8487463225333745, -4.923339843749998],
         "dplt_grid": [0.0, 6.0606060606060606, 12.121212121212121, 18.18181818181818, 24.242424242424242, 30.303030303030305, 36.36363636363636, 42.42424242424242, 48.484848484848484, 54.54545454545455, 60.60606060606061, 66.66666666666667, 72.72727272727272, 78.78787878787878, 84.84848484848484, 90.9090909090909, 96.96969696969697, 103.03030303030303, 109.0909090909091, 115.15151515151516, 121.21212121212122, 127.27272727272727, 133.33333333333334, 139.3939393939394, 145.45454545454544, 151.5151515151515, 157.57575757575756, 163.63636363636363, 169.6969696969697, 175.75757575757575, 181.8181818181818, 187.87878787878788, 193.93939393939394, 200.0, 206.06060606060606, 212.12121212121212, 218.1818181818182, 224.24242424242425, 230.3030303030303, 236.36363636363637, 242.42424242424244, 248.48484848484847, 254.54545454545453, 260.6060606060606, 266.6666666666667, 272.72727272727275, 278.7878787878788, 284.8484848484849, 290.9090909090909, 296.96969696969694, 303.030303030303, 309.09090909090907, 315.1515151515151, 321.2121212121212, 327.27272727272725, 333.3333333333333, 339.3939393939394, 345.45454545454544, 351.5151515151515, 357.57575757575756, 363.6363636363636, 369.6969696969697, 375.75757575757575, 381.8181818181818, 387.8787878787879, 393.93939393939394, 400.0, 406.06060606060606, 412.1212121212121, 418.1818181818182, 424.24242424242425, 430.3030303030303, 436.3636363636364, 442.42424242424244, 448.4848484848485, 454.54545454545456, 460.6060606060606, 466.6666666666667, 472.72727272727275, 478.7878787878788, 484.8484848484849, 490.9090909090909, 496.96969696969694, 503.030303030303, 509.09090909090907, 515.1515151515151, 521.2121212121212, 527.2727272727273, 533.3333333333334, 539.3939393939394, 545.4545454545455, 551.5151515151515, 557.5757575757576, 563.6363636363636, 569.6969696969697, 575.7575757575758, 581.8181818181818, 587.8787878787879, 593.9393939393939, 600.0],
         "dplt_at_force_location": -4.923339843749998,
         "maximum_dplt": -4.923339843749998,
         "location_max_dplt": 600.0
    },
     "metadata": {
         "error_code": 0,
         "model": "BendingTestAnalytical",
         "load_case": "Cantilever",
         "description": "",
         "job_name": "",
         "persistent_result_files": "",
         "n_cpus": 1,
         "date": "2026-06-16 18:09:53.269993",
         "cpu_time": 0.15897583961486816,
         "user": "sebastien.bocquet",
         "machine": "PCBM20250036",
         "vims_git_version": "3de96ae2320a30b8a84551033e41da0fca6276ac",
         "directory_archive_root": "C:\\Users\\sebastien.bocquet\\Dev\\vimseo\\docs\\runnable_examples\\model_runs\\archive\\calibration_coupled",
         "directory_archive_job": "C:\\Users\\sebastien.bocquet\\Dev\\vimseo\\docs\\runnable_examples\\model_runs\\archive\\calibration_coupled\\BendingTestAnalytical\\Cantilever\\249",
         "directory_scratch_root": "C:\\Users\\sebastien.bocquet\\Dev\\vimseo\\docs\\runnable_examples\\model_runs\\scratch\\calibration_coupled",
         "directory_scratch_job": ""
    }
}