{
     "inputs": {
         "young_modulus": 217596.72309824295,
         "Cantilever:length": 600.0,
         "Cantilever:width": 30.4969482421875,
         "Cantilever:height": 40.7369384765625,
         "Cantilever:imposed_dplt": -5.064697265625,
         "Cantilever:relative_dplt_location": 1.0,
         "Cantilever:nu_p": 0.3
    },
     "outputs": {
         "length": 600.0,
         "width": 30.4969482421875,
         "height": 40.7369384765625,
         "imposed_dplt": -5.064697265625,
         "relative_dplt_location": 1.0,
         "nu_p": 0.3,
         "reaction_forces": -2629.7450338953995,
         "moment": [1577847.0203372396, 0.0],
         "moment_grid": [0.0, 600.0],
         "dplt": [0.0, -0.0007725198060726634, -0.0030796397674518377, -0.00690570069887929, -0.0122350434150968, -0.019052008730846132, -0.02734093746086904, -0.037086170419907326, -0.04827204842270273, -0.060882912283997045, -0.074903102818532, -0.09031696084104943, -0.10710882716629105, -0.12526304260899868, -0.14476394798391407, -0.16559588410577894, -0.1877431917893351, -0.21119021184932443, -0.23592128510048846, -0.261920752357569, -0.2891729544353081, -0.31766223214844724, -0.3473729263117285, -0.37828937773989335, -0.41039592724768353, -0.4436769156498411, -0.4781166837611076, -0.513699572396225, -0.5504099223699348, -0.5882320744969789, -0.6271503695920992, -0.6671491484700374, -0.708212751945535, -0.7503255208333341, -0.7934717959481764, -0.8376359181048035, -0.8828022281179575, -0.9289550668023798, -0.9760787749728124, -1.024157693443997, -1.0731761630306755, -1.1231185245475892, -1.1739691188094805, -1.225712286631091, -1.2783323688271622, -1.331813706212436, -1.3861406396016542, -1.4412975098095584, -1.4972686576508902, -1.554038423940392, -1.6115911494928055, -1.6699111751228723, -1.7289828416453341, -1.7887904898749325, -1.84931846062641, -1.910551094714507, -1.9724727329539666, -2.03506771615953, -2.098320385145939, -2.162215080727935, -2.2267361437202613, -2.291867914937657, -2.3575947351948665, -2.42390094530663, -2.4907708860876907, -2.558188898352789, -2.626139322916667, -2.694606500594065, -2.7635747721997284, -2.8330284785483952, -2.9029519604548106, -2.973329558733714, -3.0441456141998486, -3.115384467667954, -3.1870304599527755, -3.2590679318690494, -3.3314812242315233, -3.4042546778549347, -3.4773726335540296, -3.5508194321435456, -3.6245794144382266, -3.698636921252813, -3.772976293402049, -3.8475818717006742, -3.9224379969634304, -3.9975290100050627, -4.072839251640308, -4.14835306268391, -4.224054783950613, -4.299928756255154, -4.375959320412279, -4.452130817236727, -4.5284275875432405, -4.604833972146562, -4.681334311861434, -4.757912947502595, -4.83455421988479, -4.911242469822762, -4.987962038131247, -5.064697265624993],
         "dplt_grid": [0.0, 6.0606060606060606, 12.121212121212121, 18.18181818181818, 24.242424242424242, 30.303030303030305, 36.36363636363636, 42.42424242424242, 48.484848484848484, 54.54545454545455, 60.60606060606061, 66.66666666666667, 72.72727272727272, 78.78787878787878, 84.84848484848484, 90.9090909090909, 96.96969696969697, 103.03030303030303, 109.0909090909091, 115.15151515151516, 121.21212121212122, 127.27272727272727, 133.33333333333334, 139.3939393939394, 145.45454545454544, 151.5151515151515, 157.57575757575756, 163.63636363636363, 169.6969696969697, 175.75757575757575, 181.8181818181818, 187.87878787878788, 193.93939393939394, 200.0, 206.06060606060606, 212.12121212121212, 218.1818181818182, 224.24242424242425, 230.3030303030303, 236.36363636363637, 242.42424242424244, 248.48484848484847, 254.54545454545453, 260.6060606060606, 266.6666666666667, 272.72727272727275, 278.7878787878788, 284.8484848484849, 290.9090909090909, 296.96969696969694, 303.030303030303, 309.09090909090907, 315.1515151515151, 321.2121212121212, 327.27272727272725, 333.3333333333333, 339.3939393939394, 345.45454545454544, 351.5151515151515, 357.57575757575756, 363.6363636363636, 369.6969696969697, 375.75757575757575, 381.8181818181818, 387.8787878787879, 393.93939393939394, 400.0, 406.06060606060606, 412.1212121212121, 418.1818181818182, 424.24242424242425, 430.3030303030303, 436.3636363636364, 442.42424242424244, 448.4848484848485, 454.54545454545456, 460.6060606060606, 466.6666666666667, 472.72727272727275, 478.7878787878788, 484.8484848484849, 490.9090909090909, 496.96969696969694, 503.030303030303, 509.09090909090907, 515.1515151515151, 521.2121212121212, 527.2727272727273, 533.3333333333334, 539.3939393939394, 545.4545454545455, 551.5151515151515, 557.5757575757576, 563.6363636363636, 569.6969696969697, 575.7575757575758, 581.8181818181818, 587.8787878787879, 593.9393939393939, 600.0],
         "dplt_at_force_location": -5.064697265624993,
         "maximum_dplt": -5.064697265624993,
         "location_max_dplt": 600.0
    },
     "metadata": {
         "error_code": 0,
         "model": "BendingTestAnalytical",
         "load_case": "Cantilever",
         "description": "",
         "job_name": "",
         "persistent_result_files": "",
         "n_cpus": 1,
         "date": "2026-03-17 09:06:58.628567",
         "cpu_time": 0.09313845634460449,
         "user": "sebastien.bocquet",
         "machine": "B20191729",
         "vims_git_version": "1b6e7132b9faba0cc93317d127a381ee76a8cb8e",
         "directory_archive_root": "C:\\Users\\sebastien.bocquet\\PycharmProjects\\vimseo\\docs\\runnable_examples\\model_runs\\archive\\calibration_scalars",
         "directory_archive_job": "C:\\Users\\sebastien.bocquet\\PycharmProjects\\vimseo\\docs\\runnable_examples\\model_runs\\archive\\calibration_scalars\\BendingTestAnalytical\\Cantilever\\303",
         "directory_scratch_root": "C:\\Users\\sebastien.bocquet\\PycharmProjects\\vimseo\\docs\\runnable_examples\\model_runs\\scratch\\calibration_scalars",
         "directory_scratch_job": ""
    }
}