{
     "inputs": {
         "length": 606.2979482131344,
         "width": 29.563123307519994,
         "height": 40.36135400974274,
         "imposed_dplt": -14.942123190889934,
         "relative_dplt_location": 0.9066653588158602,
         "young_modulus": 218040.75539703495,
         "nu_p": 0.30862877469148475
    },
     "outputs": {
         "reaction_forces": -9530.99258012311,
         "moment": [5239275.705250889, 0.0, 0.0],
         "moment_grid": [0.0, 549.7093467659813, 606.2979482131344],
         "dplt": [0.0, -0.0027715539288370463, -0.011044892352568073, -0.02475803022702288, -0.04384898250803129, -0.06825576415142315, -0.09791639011302816, -0.13276887534867626, -0.1727512348141973, -0.21780148346542094, -0.26785763625817693, -0.32285770814829545, -0.3827397140916059, -0.44744166904393823, -0.5169015879611227, -0.5910574857989882, -0.6698473775133654, -0.7532092780600834, -0.8410812023949732, -0.9334011654738623, -1.030107182252583, -1.1311372676869638, -1.2364294367328355, -1.3459217043460265, -1.4595520854823676, -1.577258595097689, -1.6989792481478192, -1.8246520595885891, -1.9542150443758277, -2.0876062174653662, -2.2247635938130323, -2.3656251883746577, -2.5101290161060708, -2.658213091963102, -2.8098154309015824, -2.964874047877339, -3.1233269578462046, -3.2851121757640067, -3.450167716586577, -3.618431595269743, -3.789841826769337, -3.964336426041188, -4.141853408041124, -4.322330787724978, -4.505706580048576, -4.69191879996775, -4.8809054624383315, -5.072604582416147, -5.266954174857027, -5.463892254716805, -5.663356836951307, -5.865285936516365, -6.069617568367805, -6.27628974746146, -6.485240488753162, -6.696407807198735, -6.909729717754011, -7.125144235374822, -7.342589375016999, -7.562003151636365, -7.783323580188755, -8.006488675630003, -8.231436452915927, -8.45810492700237, -8.686432112845148, -8.916356025400106, -9.147814679623057, -9.380746090469847, -9.615088272896296, -9.85077924185824, -10.087757012311501, -10.325959599211917, -10.565325017515312, -10.805791282177513, -11.047296408154358, -11.289778410401675, -11.533175303875293, -11.777425103531037, -12.022465824324746, -12.268235481212242, -12.514672089149354, -12.761713663091916, -13.009294347444373, -13.257337416341407, -13.505777265308192, -13.754553824036146, -14.003611832329916, -14.252900840107383, -14.502375207399657, -14.751994104351077, -15.001721511219227, -15.251526218374902, -15.501381826302147, -15.75126674559822, -16.001164196973626, -16.251062211252098, -16.500953629370585, -16.750836102379296, -17.000712091441645, -17.250588867834292],
         "dplt_grid": [0.0, 6.12422169912257, 12.24844339824514, 18.372665097367708, 24.49688679649028, 30.62110849561285, 36.745330194735416, 42.86955189385799, 48.99377359298056, 55.11799529210313, 61.2422169912257, 67.36643869034828, 73.49066038947083, 79.6148820885934, 85.73910378771598, 91.86332548683855, 97.98754718596112, 104.11176888508369, 110.23599058420626, 116.36021228332883, 122.4844339824514, 128.60865568157396, 134.73287738069655, 140.8570990798191, 146.98132077894167, 153.10554247806425, 159.2297641771868, 165.3539858763094, 171.47820757543195, 177.60242927455454, 183.7266509736771, 189.85087267279968, 195.97509437192224, 202.0993160710448, 208.22353777016738, 214.34775946928994, 220.47198116841253, 226.59620286753508, 232.72042456665767, 238.84464626578023, 244.9688679649028, 251.09308966402537, 257.2173113631479, 263.3415330622705, 269.4657547613931, 275.58997646051563, 281.7141981596382, 287.8384198587608, 293.96264155788333, 300.0868632570059, 306.2110849561285, 312.3353066552511, 318.4595283543736, 324.5837500534962, 330.7079717526188, 336.8321934517414, 342.9564151508639, 349.0806368499865, 355.2048585491091, 361.3290802482316, 367.4533019473542, 373.5775236464768, 379.70174534559936, 385.8259670447219, 391.9501887438445, 398.07441044296706, 404.1986321420896, 410.3228538412122, 416.44707554033477, 422.57129723945735, 428.6955189385799, 434.81974063770247, 440.94396233682505, 447.0681840359476, 453.19240573507017, 459.31662743419275, 465.44084913331534, 471.56507083243787, 477.68929253156045, 483.81351423068304, 489.9377359298056, 496.06195762892816, 502.18617932805074, 508.3104010271733, 514.4346227262959, 520.5588444254184, 526.683066124541, 532.8072878236636, 538.9315095227862, 545.0557312219087, 551.1799529210313, 557.3041746201538, 563.4283963192764, 569.552618018399, 575.6768397175216, 581.8010614166442, 587.9252831157667, 594.0495048148892, 600.1737265140118, 606.2979482131344],
         "dplt_at_force_location": -14.941754599558015,
         "maximum_dplt": -17.250588867834292,
         "location_max_dplt": 606.2979482131344
    },
     "metadata": {
         "error_code": 0,
         "model": "BendingTestAnalytical",
         "load_case": "Cantilever",
         "description": "",
         "job_name": "",
         "persistent_result_files": "",
         "n_cpus": 1,
         "date": "2026-03-17 09:07:46.262210",
         "cpu_time": 0.022916078567504883,
         "user": "sebastien.bocquet",
         "machine": "B20191729",
         "vims_git_version": "1b6e7132b9faba0cc93317d127a381ee76a8cb8e",
         "directory_archive_root": "C:\\Users\\sebastien.bocquet\\PycharmProjects\\vimseo\\docs\\runnable_examples\\model_runs\\archive\\uq",
         "directory_archive_job": "C:\\Users\\sebastien.bocquet\\PycharmProjects\\vimseo\\docs\\runnable_examples\\model_runs\\archive\\uq\\BendingTestAnalytical\\Cantilever\\68",
         "directory_scratch_root": "C:\\Users\\sebastien.bocquet\\PycharmProjects\\vimseo\\docs\\runnable_examples\\model_runs\\scratch\\uq",
         "directory_scratch_job": ""
    }
}