{
     "inputs": {
         "young_modulus": 224775.390625,
         "Cantilever:length": 600.0,
         "Cantilever:width": 30.003662109375,
         "Cantilever:height": 40.6124267578125,
         "Cantilever:imposed_dplt": -4.952392578125,
         "Cantilever:relative_dplt_location": 1.0,
         "Cantilever:nu_p": 0.3
    },
     "outputs": {
         "length": 600.0,
         "width": 30.003662109375,
         "height": 40.6124267578125,
         "imposed_dplt": -4.952392578125,
         "relative_dplt_location": 1.0,
         "nu_p": 0.3,
         "reaction_forces": -2589.412093602525,
         "moment": [1553647.2561615151, 0.0],
         "moment_grid": [0.0, 600.0],
         "dplt": [0.0, -0.0007553899381144379, -0.003011351780321064, -0.006752573568414865, -0.011963743344190819, -0.0186295491494439, -0.02673467902596907, -0.036263821015561325, -0.04720166316001564, -0.05953289350112699, -0.07324220008069034, -0.08831427094050068, -0.10473379412235297, -0.12248545766804224, -0.14155394961936346, -0.16192395801811152, -0.18358017090608147, -0.20650727632506832, -0.230689962316867, -0.2561129169232725, -0.2827608281860797, -0.31061838414708376, -0.3396702728480796, -0.36990118233086217, -0.40129580063722625, -0.4338388158089672, -0.46751491588787975, -0.5023087889157589, -0.5382051229343998, -0.5751886059855971, -0.6132439261111461, -0.6523557713528417, -0.6925088297524787, -0.7336877893518522, -0.7758773381927572, -0.8190621643169888, -0.8632269557663417, -0.9083564005826109, -0.9544351868075915, -1.0014480024830785, -1.049379535650867, -1.0982144743527518, -1.1479375066305275, -1.19853332052599, -1.2499866040809338, -1.3022820453371533, -1.3554043323364442, -1.4093381531206015, -1.4640681957314192, -1.5195791482106935, -1.5758556986002188, -1.6328825349417906, -1.690644345277203, -1.749125817648252, -1.8083116400967316, -1.8681865006644374, -1.928735087393164, -1.9899420883247065, -2.0517921915008603, -2.1142700849634193, -2.17736045675418, -2.2410479949149362, -2.305317387487484, -2.3701533225136155, -2.43554048803513, -2.5014635720938196, -2.5679072627314796, -2.634856247989905, -2.702295215910892, -2.770208854536234, -2.8385818519077275, -2.9073988960671664, -2.976644675056346, -3.0463038769170594, -3.116361189691106, -3.186801301420276, -3.2576089001463684, -3.328768673911174, -3.400265310756492, -3.4720834987241154, -3.5442079258558397, -3.6166232801934566, -3.6893142497787665, -3.762265522653561, -3.835461786859635, -3.9088877304387855, -3.9825280414328073, -4.056367407883491, -4.130390517832639, -4.20458205932204, -4.278926720393492, -4.353409189088787, -4.428014153449726, -4.502726301518097, -4.5775303213357, -4.652410900944326, -4.727352728385773, -4.8023404917018375, -4.877358878934308, -4.952392578124987],
         "dplt_grid": [0.0, 6.0606060606060606, 12.121212121212121, 18.18181818181818, 24.242424242424242, 30.303030303030305, 36.36363636363636, 42.42424242424242, 48.484848484848484, 54.54545454545455, 60.60606060606061, 66.66666666666667, 72.72727272727272, 78.78787878787878, 84.84848484848484, 90.9090909090909, 96.96969696969697, 103.03030303030303, 109.0909090909091, 115.15151515151516, 121.21212121212122, 127.27272727272727, 133.33333333333334, 139.3939393939394, 145.45454545454544, 151.5151515151515, 157.57575757575756, 163.63636363636363, 169.6969696969697, 175.75757575757575, 181.8181818181818, 187.87878787878788, 193.93939393939394, 200.0, 206.06060606060606, 212.12121212121212, 218.1818181818182, 224.24242424242425, 230.3030303030303, 236.36363636363637, 242.42424242424244, 248.48484848484847, 254.54545454545453, 260.6060606060606, 266.6666666666667, 272.72727272727275, 278.7878787878788, 284.8484848484849, 290.9090909090909, 296.96969696969694, 303.030303030303, 309.09090909090907, 315.1515151515151, 321.2121212121212, 327.27272727272725, 333.3333333333333, 339.3939393939394, 345.45454545454544, 351.5151515151515, 357.57575757575756, 363.6363636363636, 369.6969696969697, 375.75757575757575, 381.8181818181818, 387.8787878787879, 393.93939393939394, 400.0, 406.06060606060606, 412.1212121212121, 418.1818181818182, 424.24242424242425, 430.3030303030303, 436.3636363636364, 442.42424242424244, 448.4848484848485, 454.54545454545456, 460.6060606060606, 466.6666666666667, 472.72727272727275, 478.7878787878788, 484.8484848484849, 490.9090909090909, 496.96969696969694, 503.030303030303, 509.09090909090907, 515.1515151515151, 521.2121212121212, 527.2727272727273, 533.3333333333334, 539.3939393939394, 545.4545454545455, 551.5151515151515, 557.5757575757576, 563.6363636363636, 569.6969696969697, 575.7575757575758, 581.8181818181818, 587.8787878787879, 593.9393939393939, 600.0],
         "dplt_at_force_location": -4.952392578124987,
         "maximum_dplt": -4.952392578124987,
         "location_max_dplt": 600.0
    },
     "metadata": {
         "error_code": 0,
         "model": "BendingTestAnalytical",
         "load_case": "Cantilever",
         "description": "",
         "job_name": "",
         "persistent_result_files": "",
         "n_cpus": 1,
         "date": "2026-06-16 18:09:43.432284",
         "cpu_time": 0.17393732070922852,
         "user": "sebastien.bocquet",
         "machine": "PCBM20250036",
         "vims_git_version": "3de96ae2320a30b8a84551033e41da0fca6276ac",
         "directory_archive_root": "C:\\Users\\sebastien.bocquet\\Dev\\vimseo\\docs\\runnable_examples\\model_runs\\archive\\calibration_coupled",
         "directory_archive_job": "C:\\Users\\sebastien.bocquet\\Dev\\vimseo\\docs\\runnable_examples\\model_runs\\archive\\calibration_coupled\\BendingTestAnalytical\\Cantilever\\230",
         "directory_scratch_root": "C:\\Users\\sebastien.bocquet\\Dev\\vimseo\\docs\\runnable_examples\\model_runs\\scratch\\calibration_coupled",
         "directory_scratch_job": ""
    }
}