{
     "inputs": {
         "length": 599.9831734755559,
         "width": 29.536691050740785,
         "height": 39.85157044024992,
         "imposed_dplt": -15.174388332465437,
         "relative_dplt_location": 0.9059353584469779,
         "young_modulus": 205418.48146159694,
         "nu_p": 0.3065836866302778
    },
     "outputs": {
         "reaction_forces": -9071.51943236154,
         "moment": [4930787.841254144, 0.0, 0.0],
         "moment_grid": [0.0, 543.545971324733, 599.9831734755559],
         "dplt": [0.0, -0.0028191652620398362, -0.011234593812471296, -0.025183184797762357, -0.04460183736438096, -0.06942745065879505, -0.09959692382747262, -0.13504715601688153, -0.1757150463734898, -0.22153749404376544, -0.27245139817417624, -0.32839365791119035, -0.38930117240127554, -0.45511084079089975, -0.5257595622265311, -0.6011842358546378, -0.6813217608216867, -0.7661090362741473, -0.8554829613584862, -0.949380435221173, -1.047738357008674, -1.1504936258674576, -1.257583140943992, -1.3689438013847446, -1.4845125063361846, -1.6042261549447785, -1.7280216463569953, -1.855835879719302, -1.9876057541781675, -2.1232681688800596, -2.2627600229714453, -2.4060182155987944, -2.5529796459085725, -2.703581213047249, -2.857759816161293, -3.015452354397169, -3.1765957269013487, -3.341126832820297, -3.5089825713004847, -3.680099841488378, -3.854415542530444, -4.0318665735731525, -4.212389833762971, -4.395922222246368, -4.582400638169809, -4.771761980679765, -4.963943148922701, -5.158881042045088, -5.356512559193392, -5.556774599514081, -5.759604062153624, -5.964937846258489, -6.1727128509751426, -6.38286597545005, -6.595334118829688, -6.810054180260517, -7.026963058889007, -7.245997653861626, -7.467094864324841, -7.6901915894251225, -7.915224728308935, -8.142131180122753, -8.370847844013037, -8.601311619126253, -8.833459404608881, -9.067228099607377, -9.302554603268216, -9.539375814737864, -9.777628633162788, -10.017249957689456, -10.258176687464335, -10.500345721633897, -10.743693959344606, -10.988158299742933, -11.233675641975344, -11.480182885188304, -11.727616928528285, -11.975914671141755, -12.225013012175182, -12.474848850775034, -12.725359086087778, -12.976480617259881, -13.228149083441046, -13.480285450831571, -13.732819624586083, -13.985689962035453, -14.238839881632527, -14.492217862952124, -14.745777446691026, -14.999477234667992, -15.253280889823749, -15.50715713622099, -15.761079759044389, -16.015027604600583, -16.26898458031818, -16.522939654747756, -16.776886857561863, -17.03082527955502, -17.284759072643716, -17.53869744986641],
         "dplt_grid": [0.0, 6.060436095712686, 12.120872191425372, 18.18130828713806, 24.241744382850744, 30.30218047856343, 36.36261657427612, 42.4230526699888, 48.48348876570149, 54.543924861414176, 60.60436095712686, 66.66479705283955, 72.72523314855223, 78.78566924426492, 84.8461053399776, 90.90654143569029, 96.96697753140297, 103.02741362711566, 109.08784972282835, 115.14828581854103, 121.20872191425372, 127.2691580099664, 133.3295941056791, 139.39003020139177, 145.45046629710447, 151.51090239281714, 157.57133848852985, 163.63177458424252, 169.6922106799552, 175.7526467756679, 181.81308287138057, 187.87351896709328, 193.93395506280595, 199.99439115851862, 206.05482725423133, 212.115263349944, 218.1756994456567, 224.23613554136938, 230.29657163708205, 236.35700773279476, 242.41744382850743, 248.47787992422013, 254.5383160199328, 260.5987521156455, 266.6591882113582, 272.7196243070709, 278.78006040278353, 284.84049649849624, 290.90093259420894, 296.9613686899216, 303.0218047856343, 309.082240881347, 315.1426769770597, 321.20311307277234, 327.26354916848504, 333.32398526419774, 339.3844213599104, 345.4448574556231, 351.5052935513358, 357.56572964704844, 363.62616574276115, 369.68660183847385, 375.74703793418655, 381.8074740298992, 387.8679101256119, 393.9283462213246, 399.98878231703725, 406.04921841274995, 412.10965450846265, 418.17009060417536, 424.230526699888, 430.2909627956007, 436.3513988913134, 442.41183498702605, 448.47227108273876, 454.53270717845146, 460.5931432741641, 466.6535793698768, 472.7140154655895, 478.7744515613022, 484.83488765701486, 490.89532375272756, 496.95575984844027, 503.0161959441529, 509.0766320398656, 515.1370681355783, 521.197504231291, 527.2579403270037, 533.3183764227164, 539.3788125184291, 545.4392486141418, 551.4996847098544, 557.5601208055671, 563.6205569012798, 569.6809929969925, 575.7414290927052, 581.8018651884179, 587.8623012841306, 593.9227373798432, 599.9831734755559],
         "dplt_at_force_location": -15.173992751365322,
         "maximum_dplt": -17.53869744986641,
         "location_max_dplt": 599.9831734755559
    },
     "metadata": {
         "error_code": 0,
         "model": "BendingTestAnalytical",
         "load_case": "Cantilever",
         "description": "",
         "job_name": "",
         "persistent_result_files": "",
         "n_cpus": 1,
         "date": "2026-03-26 14:57:55.014316",
         "cpu_time": 0.0037376880645751953,
         "user": "sebastien.bocquet",
         "machine": "IPF7101",
         "vims_git_version": "d0050d8de498c8354552cdde540fb3e524454871",
         "directory_archive_root": "/home/sebastien.bocquet/PycharmProjects/vimseo/docs/runnable_examples/model_runs/archive/uq",
         "directory_archive_job": "/home/sebastien.bocquet/PycharmProjects/vimseo/docs/runnable_examples/model_runs/archive/uq/BendingTestAnalytical/Cantilever/2",
         "directory_scratch_root": "/home/sebastien.bocquet/PycharmProjects/vimseo/docs/runnable_examples/model_runs/scratch/uq",
         "directory_scratch_job": ""
    }
}