{
     "inputs": {
         "length": 599.9831734755559,
         "width": 29.536691050740785,
         "height": 39.85157044024992,
         "imposed_dplt": -15.174388332465437,
         "relative_dplt_location": 0.9059353584469779,
         "young_modulus": 205418.48146159694,
         "nu_p": 0.3065836866302778
    },
     "outputs": {
         "reaction_forces": -9071.51943236154,
         "moment": [4930787.841254144, 0.0, 0.0],
         "moment_grid": [0.0, 543.545971324733, 599.9831734755559],
         "dplt": [0.0, -0.002819165262039837, -0.011234593812471291, -0.025183184797762347, -0.044601837364380933, -0.06942745065879502, -0.09959692382747257, -0.1350471560168815, -0.1757150463734898, -0.22153749404376544, -0.2724513981741763, -0.3283936579111904, -0.38930117240127565, -0.45511084079090003, -0.5257595622265313, -0.6011842358546381, -0.6813217608216874, -0.7661090362741478, -0.8554829613584868, -0.9493804352211733, -1.0477383570086742, -1.1504936258674578, -1.2575831409439922, -1.368943801384745, -1.4845125063361846, -1.6042261549447785, -1.7280216463569953, -1.8558358797193018, -1.9876057541781673, -2.123268168880059, -2.2627600229714453, -2.406018215598794, -2.5529796459085725, -2.7035812130472485, -2.857759816161292, -3.0154523543971674, -3.176595726901347, -3.341126832820296, -3.5089825713004825, -3.6800998414883757, -3.854415542530442, -4.031866573573152, -4.212389833762969, -4.395922222246365, -4.582400638169806, -4.771761980679762, -4.963943148922697, -5.158881042045083, -5.356512559193388, -5.5567745995140765, -5.759604062153619, -5.964937846258483, -6.1727128509751354, -6.382865975450046, -6.595334118829681, -6.810054180260509, -7.026963058889, -7.245997653861618, -7.467094864324834, -7.690191589425113, -7.915224728308927, -8.142131180122744, -8.370847844013028, -8.601311619126243, -8.833459404608869, -9.067228099607366, -9.302554603268204, -9.539375814737852, -9.777628633162774, -10.017249957689444, -10.258176687464319, -10.500345721633881, -10.74369395934459, -10.988158299742915, -11.233675641975323, -11.480182885188285, -11.727616928528263, -11.975914671141732, -12.225013012175157, -12.474848850775007, -12.72535908608775, -12.976480617259853, -13.228149083441052, -13.480285450831579, -13.73281962458609, -13.985689962035458, -14.238839881632535, -14.492217862952131, -14.745777446691033, -14.999477234668, -15.253280889823756, -15.507157136220997, -15.761079759044396, -16.01502760460059, -16.268984580318186, -16.522939654747766, -16.776886857561873, -17.03082527955503, -17.284759072643723, -17.538697449866426],
         "dplt_grid": [0.0, 6.060436095712686, 12.120872191425372, 18.18130828713806, 24.241744382850744, 30.30218047856343, 36.36261657427612, 42.4230526699888, 48.48348876570149, 54.543924861414176, 60.60436095712686, 66.66479705283955, 72.72523314855223, 78.78566924426492, 84.8461053399776, 90.90654143569029, 96.96697753140297, 103.02741362711566, 109.08784972282835, 115.14828581854103, 121.20872191425372, 127.2691580099664, 133.3295941056791, 139.39003020139177, 145.45046629710447, 151.51090239281714, 157.57133848852985, 163.63177458424252, 169.6922106799552, 175.7526467756679, 181.81308287138057, 187.87351896709328, 193.93395506280595, 199.99439115851862, 206.05482725423133, 212.115263349944, 218.1756994456567, 224.23613554136938, 230.29657163708205, 236.35700773279476, 242.41744382850743, 248.47787992422013, 254.5383160199328, 260.5987521156455, 266.6591882113582, 272.7196243070709, 278.78006040278353, 284.84049649849624, 290.90093259420894, 296.9613686899216, 303.0218047856343, 309.082240881347, 315.1426769770597, 321.20311307277234, 327.26354916848504, 333.32398526419774, 339.3844213599104, 345.4448574556231, 351.5052935513358, 357.56572964704844, 363.62616574276115, 369.68660183847385, 375.74703793418655, 381.8074740298992, 387.8679101256119, 393.9283462213246, 399.98878231703725, 406.04921841274995, 412.10965450846265, 418.17009060417536, 424.230526699888, 430.2909627956007, 436.3513988913134, 442.41183498702605, 448.47227108273876, 454.53270717845146, 460.5931432741641, 466.6535793698768, 472.7140154655895, 478.7744515613022, 484.83488765701486, 490.89532375272756, 496.95575984844027, 503.0161959441529, 509.0766320398656, 515.1370681355783, 521.197504231291, 527.2579403270037, 533.3183764227164, 539.3788125184291, 545.4392486141418, 551.4996847098544, 557.5601208055671, 563.6205569012798, 569.6809929969925, 575.7414290927052, 581.8018651884179, 587.8623012841306, 593.9227373798432, 599.9831734755559],
         "dplt_at_force_location": -15.17399275136533,
         "maximum_dplt": -17.538697449866426,
         "location_max_dplt": 599.9831734755559
    },
     "metadata": {
         "error_code": 0,
         "model": "BendingTestAnalytical",
         "load_case": "Cantilever",
         "description": "",
         "job_name": "",
         "persistent_result_files": "",
         "n_cpus": 1,
         "date": "2026-03-17 09:07:42.134465",
         "cpu_time": 0.010167121887207031,
         "user": "sebastien.bocquet",
         "machine": "B20191729",
         "vims_git_version": "1b6e7132b9faba0cc93317d127a381ee76a8cb8e",
         "directory_archive_root": "C:\\Users\\sebastien.bocquet\\PycharmProjects\\vimseo\\docs\\runnable_examples\\model_runs\\archive\\uq",
         "directory_archive_job": "C:\\Users\\sebastien.bocquet\\PycharmProjects\\vimseo\\docs\\runnable_examples\\model_runs\\archive\\uq\\BendingTestAnalytical\\Cantilever\\2",
         "directory_scratch_root": "C:\\Users\\sebastien.bocquet\\PycharmProjects\\vimseo\\docs\\runnable_examples\\model_runs\\scratch\\uq",
         "directory_scratch_job": ""
    }
}