{
     "inputs": {
         "young_modulus": 198410.80442290206,
         "Cantilever:length": 600.0,
         "Cantilever:width": 30.4969482421875,
         "Cantilever:height": 40.7369384765625,
         "Cantilever:imposed_dplt": -5.064697265625,
         "Cantilever:relative_dplt_location": 1.0,
         "Cantilever:nu_p": 0.3
    },
     "outputs": {
         "length": 600.0,
         "width": 30.4969482421875,
         "height": 40.7369384765625,
         "imposed_dplt": -5.064697265625,
         "relative_dplt_location": 1.0,
         "nu_p": 0.3,
         "reaction_forces": -2397.8753915643465,
         "moment": [1438725.234938608, 0.0],
         "moment_grid": [0.0, 600.0],
         "dplt": [0.0, -0.000772519806072664, -0.0030796397674518372, -0.006905700698879293, -0.012235043415096807, -0.019052008730846143, -0.027340937460869054, -0.03708617041990735, -0.048272048422702746, -0.060882912283997045, -0.074903102818532, -0.0903169608410494, -0.10710882716629098, -0.1252630426089986, -0.14476394798391398, -0.16559588410577877, -0.18774319178933496, -0.21119021184932424, -0.23592128510048832, -0.26192075235756884, -0.28917295443530794, -0.3176622321484471, -0.3473729263117283, -0.37828937773989313, -0.41039592724768326, -0.4436769156498407, -0.4781166837611073, -0.5136995723962245, -0.5504099223699344, -0.5882320744969785, -0.6271503695920986, -0.6671491484700367, -0.7082127519455343, -0.7503255208333333, -0.7934717959481756, -0.8376359181048028, -0.8828022281179566, -0.9289550668023789, -0.9760787749728115, -1.024157693443996, -1.0731761630306744, -1.123118524547588, -1.1739691188094792, -1.2257122866310897, -1.278332368827161, -1.3318137062124347, -1.3861406396016527, -1.441297509809557, -1.497268657650889, -1.5540384239403908, -1.6115911494928044, -1.6699111751228715, -1.7289828416453328, -1.7887904898749314, -1.8493184606264086, -1.9105510947145057, -1.9724727329539655, -2.035067716159529, -2.0983203851459384, -2.162215080727935, -2.2267361437202604, -2.291867914937656, -2.3575947351948665, -2.42390094530663, -2.4907708860876903, -2.558188898352789, -2.6261393229166665, -2.6946065005940656, -2.7635747721997292, -2.833028478548396, -2.902951960454812, -2.973329558733715, -3.044145614199849, -3.1153844676679547, -3.187030459952776, -3.259067931869051, -3.3314812242315255, -3.4042546778549365, -3.477372633554031, -3.550819432143548, -3.6245794144382293, -3.698636921252816, -3.772976293402051, -3.8475818717006773, -3.9224379969634335, -3.997529010005065, -4.072839251640312, -4.148353062683915, -4.224054783950616, -4.2999287562551585, -4.375959320412283, -4.452130817236731, -4.528427587543246, -4.604833972146567, -4.6813343118614394, -4.757912947502601, -4.834554219884796, -4.911242469822766, -4.9879620381312515, -5.064697265624998],
         "dplt_grid": [0.0, 6.0606060606060606, 12.121212121212121, 18.18181818181818, 24.242424242424242, 30.303030303030305, 36.36363636363636, 42.42424242424242, 48.484848484848484, 54.54545454545455, 60.60606060606061, 66.66666666666667, 72.72727272727272, 78.78787878787878, 84.84848484848484, 90.9090909090909, 96.96969696969697, 103.03030303030303, 109.0909090909091, 115.15151515151516, 121.21212121212122, 127.27272727272727, 133.33333333333334, 139.3939393939394, 145.45454545454544, 151.5151515151515, 157.57575757575756, 163.63636363636363, 169.6969696969697, 175.75757575757575, 181.8181818181818, 187.87878787878788, 193.93939393939394, 200.0, 206.06060606060606, 212.12121212121212, 218.1818181818182, 224.24242424242425, 230.3030303030303, 236.36363636363637, 242.42424242424244, 248.48484848484847, 254.54545454545453, 260.6060606060606, 266.6666666666667, 272.72727272727275, 278.7878787878788, 284.8484848484849, 290.9090909090909, 296.96969696969694, 303.030303030303, 309.09090909090907, 315.1515151515151, 321.2121212121212, 327.27272727272725, 333.3333333333333, 339.3939393939394, 345.45454545454544, 351.5151515151515, 357.57575757575756, 363.6363636363636, 369.6969696969697, 375.75757575757575, 381.8181818181818, 387.8787878787879, 393.93939393939394, 400.0, 406.06060606060606, 412.1212121212121, 418.1818181818182, 424.24242424242425, 430.3030303030303, 436.3636363636364, 442.42424242424244, 448.4848484848485, 454.54545454545456, 460.6060606060606, 466.6666666666667, 472.72727272727275, 478.7878787878788, 484.8484848484849, 490.9090909090909, 496.96969696969694, 503.030303030303, 509.09090909090907, 515.1515151515151, 521.2121212121212, 527.2727272727273, 533.3333333333334, 539.3939393939394, 545.4545454545455, 551.5151515151515, 557.5757575757576, 563.6363636363636, 569.6969696969697, 575.7575757575758, 581.8181818181818, 587.8787878787879, 593.9393939393939, 600.0],
         "dplt_at_force_location": -5.064697265624998,
         "maximum_dplt": -5.064697265624998,
         "location_max_dplt": 600.0
    },
     "metadata": {
         "error_code": 0,
         "model": "BendingTestAnalytical",
         "load_case": "Cantilever",
         "description": "",
         "job_name": "",
         "persistent_result_files": "",
         "n_cpus": 1,
         "date": "2026-03-26 14:57:44.240272",
         "cpu_time": 0.007177114486694336,
         "user": "sebastien.bocquet",
         "machine": "IPF7101",
         "vims_git_version": "d0050d8de498c8354552cdde540fb3e524454871",
         "directory_archive_root": "/home/sebastien.bocquet/PycharmProjects/vimseo/docs/runnable_examples/model_runs/archive/calibration_scalars",
         "directory_archive_job": "/home/sebastien.bocquet/PycharmProjects/vimseo/docs/runnable_examples/model_runs/archive/calibration_scalars/BendingTestAnalytical/Cantilever/333",
         "directory_scratch_root": "/home/sebastien.bocquet/PycharmProjects/vimseo/docs/runnable_examples/model_runs/scratch/calibration_scalars",
         "directory_scratch_job": ""
    }
}