{
     "inputs": {
         "young_modulus": 215000.0,
         "Cantilever:length": 600.0,
         "Cantilever:width": 30.1756591796875,
         "Cantilever:height": 39.9495849609375,
         "Cantilever:imposed_dplt": -5.0394287109375,
         "Cantilever:relative_dplt_location": 1.0,
         "Cantilever:nu_p": 0.3
    },
     "outputs": {
         "length": 600.0,
         "width": 30.1756591796875,
         "height": 39.9495849609375,
         "imposed_dplt": -5.0394287109375,
         "relative_dplt_location": 1.0,
         "nu_p": 0.3,
         "reaction_forces": -2412.6793358476116,
         "moment": [1447607.6015085669, 0.0],
         "moment_grid": [0.0, 600.0],
         "dplt": [0.0, -0.0007686655857820627, -0.003064274970347411, -0.006871247094524788, -0.012174000899142938, -0.018956955325030608, -0.02720452931301652, -0.03690114180392945, -0.04803121173859812, -0.06057915805785127, -0.07452939970251767, -0.08986635561342603, -0.10657444473140508, -0.12463808599728365, -0.14404169835189043, -0.16476970073605404, -0.18680651209060345, -0.21013655135636722, -0.2347442374741742, -0.26061398938485236, -0.2877302260292318, -0.31607736634814054, -0.34563982928240755, -0.3764020337728614, -0.4083483987603307, -0.44146334318564445, -0.4757312859896313, -0.5111366461131202, -0.5476638424969393, -0.5852972940819179, -0.6240214198088847, -0.6638206386186682, -0.7046793694520972, -0.7465820312500007, -0.7895130429532071, -0.8334568235025452, -0.8783977918388439, -0.9243203669029318, -0.9712089676356375, -1.0190480129777904, -1.0678219218702183, -1.1175151132537506, -1.1681120060692158, -1.2195970192574432, -1.2719545717592606, -1.3251690825154971, -1.3792249704669817, -1.4341066545545424, -1.4897985537190088, -1.5462850869012097, -1.6035506730419733, -1.6615797310821288, -1.7203566799625045, -1.7798659386239293, -1.840091926007232, -1.9010190610532411, -1.9626317627027856, -2.024914449896695, -2.0878515415757963, -2.1514274566809193, -2.2156266141528933, -2.2804334329325453, -2.3458323319607057, -2.4118077301782015, -2.478344046525865, -2.5454256999445204, -2.6130371093749996, -2.6811626937581297, -2.7497868720347416, -2.8188940631456596, -2.8884686860317177, -2.958495159633741, -3.0289579028925604, -3.099841334749003, -3.1711298741438996, -3.2428079400180754, -3.3148599513123633, -3.387270326967589, -3.460023485924584, -3.533103847124175, -3.6064958295071907, -3.6801838520144585, -3.75415233358681, -3.828385693165074, -3.9028683496900767, -3.977584722102651, -4.052519229343622, -4.1276562903538165, -4.20298032407407, -4.278475749445204, -4.354126985408053, -4.4299184509034415, -4.505834564872202, -4.581859746255159, -4.657978413993145, -4.734174987026986, -4.810433884297513, -4.886739524745554, -4.963076327311938, -5.039428710937493],
         "dplt_grid": [0.0, 6.0606060606060606, 12.121212121212121, 18.18181818181818, 24.242424242424242, 30.303030303030305, 36.36363636363636, 42.42424242424242, 48.484848484848484, 54.54545454545455, 60.60606060606061, 66.66666666666667, 72.72727272727272, 78.78787878787878, 84.84848484848484, 90.9090909090909, 96.96969696969697, 103.03030303030303, 109.0909090909091, 115.15151515151516, 121.21212121212122, 127.27272727272727, 133.33333333333334, 139.3939393939394, 145.45454545454544, 151.5151515151515, 157.57575757575756, 163.63636363636363, 169.6969696969697, 175.75757575757575, 181.8181818181818, 187.87878787878788, 193.93939393939394, 200.0, 206.06060606060606, 212.12121212121212, 218.1818181818182, 224.24242424242425, 230.3030303030303, 236.36363636363637, 242.42424242424244, 248.48484848484847, 254.54545454545453, 260.6060606060606, 266.6666666666667, 272.72727272727275, 278.7878787878788, 284.8484848484849, 290.9090909090909, 296.96969696969694, 303.030303030303, 309.09090909090907, 315.1515151515151, 321.2121212121212, 327.27272727272725, 333.3333333333333, 339.3939393939394, 345.45454545454544, 351.5151515151515, 357.57575757575756, 363.6363636363636, 369.6969696969697, 375.75757575757575, 381.8181818181818, 387.8787878787879, 393.93939393939394, 400.0, 406.06060606060606, 412.1212121212121, 418.1818181818182, 424.24242424242425, 430.3030303030303, 436.3636363636364, 442.42424242424244, 448.4848484848485, 454.54545454545456, 460.6060606060606, 466.6666666666667, 472.72727272727275, 478.7878787878788, 484.8484848484849, 490.9090909090909, 496.96969696969694, 503.030303030303, 509.09090909090907, 515.1515151515151, 521.2121212121212, 527.2727272727273, 533.3333333333334, 539.3939393939394, 545.4545454545455, 551.5151515151515, 557.5757575757576, 563.6363636363636, 569.6969696969697, 575.7575757575758, 581.8181818181818, 587.8787878787879, 593.9393939393939, 600.0],
         "dplt_at_force_location": -5.039428710937493,
         "maximum_dplt": -5.039428710937493,
         "location_max_dplt": 600.0
    },
     "metadata": {
         "error_code": 0,
         "model": "BendingTestAnalytical",
         "load_case": "Cantilever",
         "description": "",
         "job_name": "",
         "persistent_result_files": "",
         "n_cpus": 1,
         "date": "2026-06-16 18:11:01.330877",
         "cpu_time": 0.18883681297302246,
         "user": "sebastien.bocquet",
         "machine": "PCBM20250036",
         "vims_git_version": "5cd5cf5ab4caf1fa2c2190f0396e06b5b5639fd0",
         "directory_archive_root": "C:\\Users\\sebastien.bocquet\\Dev\\vimseo\\docs\\runnable_examples\\model_runs\\archive\\calibration_scalars",
         "directory_archive_job": "C:\\Users\\sebastien.bocquet\\Dev\\vimseo\\docs\\runnable_examples\\model_runs\\archive\\calibration_scalars\\BendingTestAnalytical\\Cantilever\\632",
         "directory_scratch_root": "C:\\Users\\sebastien.bocquet\\Dev\\vimseo\\docs\\runnable_examples\\model_runs\\scratch\\calibration_scalars",
         "directory_scratch_job": ""
    }
}