{
     "inputs": {
         "young_modulus": 220096.72309824295,
         "Cantilever:length": 600.0,
         "Cantilever:width": 30.57470703125,
         "Cantilever:height": 39.9837646484375,
         "Cantilever:imposed_dplt": -5.054931640625,
         "Cantilever:relative_dplt_location": 1.0,
         "Cantilever:nu_p": 0.3
    },
     "outputs": {
         "length": 600.0,
         "width": 30.57470703125,
         "height": 39.9837646484375,
         "imposed_dplt": -5.054931640625,
         "relative_dplt_location": 1.0,
         "nu_p": 0.3,
         "reaction_forces": -2516.6827518223786,
         "moment": [1510009.651093427, 0.0],
         "moment_grid": [0.0, 600.0],
         "dplt": [0.0, -0.0007710302523371665, -0.003073701681614376, -0.006892385296230213, -0.012211452104583251, -0.019015273115072055, -0.02728821933609518, -0.03701466177605122, -0.04817897144333872, -0.06076551934635626, -0.07475867649350242, -0.09014281389317576, -0.10690230255377485, -0.12502151348369828, -0.1444848176913446, -0.16527658618511237, -0.18738118997340025, -0.21078300006460685, -0.23546638746713053, -0.26141572318936906, -0.2886153782397228, -0.3170497236265893, -0.3467031303583674, -0.3775599694434555, -0.409604611890252, -0.4428214287071559, -0.4771947909025655, -0.5127090694848795, -0.5493486354624962, -0.5870978598438146, -0.6259411136372328, -0.6658627678511497, -0.7068471934939637, -0.7488787615740737, -0.7919418430998779, -0.8360208090797747, -0.8811000305221635, -0.9271638784354418, -0.9741967238280089, -1.0221829377082634, -1.0711068910846033, -1.1209529549654276, -1.1717055003591348, -1.2233488982741236, -1.2758675197187923, -1.32924573570154, -1.3834679172307642, -1.4385184353148643, -1.494381660962239, -1.5510419651812857, -1.6084837189804047, -1.666691293367994, -1.7256490593524516, -1.785341387942176, -1.8457526501455663, -1.9068672169710212, -1.9686694594269385, -2.031143748521718, -2.094274455263757, -2.158045950661455, -2.2224426057232094, -2.2874487914574195, -2.3530488788724853, -2.4192272389768026, -2.485968242778772, -2.553256261286791, -2.6210756655092586, -2.6894108264545733, -2.758246115131135, -2.827565902547339, -2.8973545597115877, -2.9675964576322764, -3.0382759673178064, -3.109377459776573, -3.1808853060169797, -3.252783877047419, -3.3250575438762953, -3.3976906775120015, -3.470667648962942, -3.5439728292375112, -3.6175905893441103, -3.6915053002911336, -3.765701333086984, -3.84016305874006, -3.914874848258757, -3.989821072651478, -4.064986102926617, -4.140354310092574, -4.21591006515775, -4.29163773913054, -4.367521703019347, -4.443546327832563, -4.519695984578592, -4.595955044265833, -4.672307877902681, -4.7487388564975355, -4.825232351058796, -4.901772732594862, -4.978344372114128, -5.054931640624998],
         "dplt_grid": [0.0, 6.0606060606060606, 12.121212121212121, 18.18181818181818, 24.242424242424242, 30.303030303030305, 36.36363636363636, 42.42424242424242, 48.484848484848484, 54.54545454545455, 60.60606060606061, 66.66666666666667, 72.72727272727272, 78.78787878787878, 84.84848484848484, 90.9090909090909, 96.96969696969697, 103.03030303030303, 109.0909090909091, 115.15151515151516, 121.21212121212122, 127.27272727272727, 133.33333333333334, 139.3939393939394, 145.45454545454544, 151.5151515151515, 157.57575757575756, 163.63636363636363, 169.6969696969697, 175.75757575757575, 181.8181818181818, 187.87878787878788, 193.93939393939394, 200.0, 206.06060606060606, 212.12121212121212, 218.1818181818182, 224.24242424242425, 230.3030303030303, 236.36363636363637, 242.42424242424244, 248.48484848484847, 254.54545454545453, 260.6060606060606, 266.6666666666667, 272.72727272727275, 278.7878787878788, 284.8484848484849, 290.9090909090909, 296.96969696969694, 303.030303030303, 309.09090909090907, 315.1515151515151, 321.2121212121212, 327.27272727272725, 333.3333333333333, 339.3939393939394, 345.45454545454544, 351.5151515151515, 357.57575757575756, 363.6363636363636, 369.6969696969697, 375.75757575757575, 381.8181818181818, 387.8787878787879, 393.93939393939394, 400.0, 406.06060606060606, 412.1212121212121, 418.1818181818182, 424.24242424242425, 430.3030303030303, 436.3636363636364, 442.42424242424244, 448.4848484848485, 454.54545454545456, 460.6060606060606, 466.6666666666667, 472.72727272727275, 478.7878787878788, 484.8484848484849, 490.9090909090909, 496.96969696969694, 503.030303030303, 509.09090909090907, 515.1515151515151, 521.2121212121212, 527.2727272727273, 533.3333333333334, 539.3939393939394, 545.4545454545455, 551.5151515151515, 557.5757575757576, 563.6363636363636, 569.6969696969697, 575.7575757575758, 581.8181818181818, 587.8787878787879, 593.9393939393939, 600.0],
         "dplt_at_force_location": -5.054931640624998,
         "maximum_dplt": -5.054931640624998,
         "location_max_dplt": 600.0
    },
     "metadata": {
         "error_code": 0,
         "model": "BendingTestAnalytical",
         "load_case": "Cantilever",
         "description": "",
         "job_name": "",
         "persistent_result_files": "",
         "n_cpus": 1,
         "date": "2026-06-16 18:11:49.279948",
         "cpu_time": 0.21345210075378418,
         "user": "sebastien.bocquet",
         "machine": "PCBM20250036",
         "vims_git_version": "5cd5cf5ab4caf1fa2c2190f0396e06b5b5639fd0",
         "directory_archive_root": "C:\\Users\\sebastien.bocquet\\Dev\\vimseo\\docs\\runnable_examples\\model_runs\\archive\\calibration_scalars",
         "directory_archive_job": "C:\\Users\\sebastien.bocquet\\Dev\\vimseo\\docs\\runnable_examples\\model_runs\\archive\\calibration_scalars\\BendingTestAnalytical\\Cantilever\\793",
         "directory_scratch_root": "C:\\Users\\sebastien.bocquet\\Dev\\vimseo\\docs\\runnable_examples\\model_runs\\scratch\\calibration_scalars",
         "directory_scratch_job": ""
    }
}