{
     "inputs": {
         "young_modulus": 224778.13720703125,
         "Cantilever:length": 600.0,
         "Cantilever:width": 30.2572021484375,
         "Cantilever:height": 39.7552490234375,
         "Cantilever:imposed_dplt": -4.914306640625,
         "Cantilever:relative_dplt_location": 1.0,
         "Cantilever:nu_p": 0.3
    },
     "outputs": {
         "length": 600.0,
         "width": 30.2572021484375,
         "height": 39.7552490234375,
         "imposed_dplt": -4.914306640625,
         "relative_dplt_location": 1.0,
         "nu_p": 0.3,
         "reaction_forces": -2430.60719162442,
         "moment": [1458364.314974652, 0.0],
         "moment_grid": [0.0, 600.0],
         "dplt": [0.0, -0.0007495806785459947, -0.0029881932455549792, -0.00670064349808345, -0.011871737233187914, -0.01848628024792487, -0.026529078339350805, -0.03598493730452225, -0.046838662940495664, -0.05907506104432758, -0.07267893741307449, -0.08763509784379289, -0.10392834813353928, -0.12154349407937017, -0.14046534147834208, -0.16067869612751143, -0.18216836382393478, -0.20491915036466868, -0.2289158615467695, -0.2541433031672937, -0.280586281023298, -0.30822960091183876, -0.3370580686299727, -0.36705648997475593, -0.3982096707432451, -0.4305024167324969, -0.4639195337395676, -0.4984458275615139, -0.5340661039953922, -0.5707651688382589, -0.6085278278871706, -0.647338886939184, -0.6871831517913551, -0.7280454282407409, -0.7699105220843978, -0.8127632391193818, -0.85658838514275, -0.9013707659515588, -0.9470951873428646, -0.9937464551137236, -1.0413093750611928, -1.0897687529823283, -1.139109394674187, -1.189316105933825, -1.2403736925582995, -1.292266960344666, -1.3449807150899815, -1.3984997625913027, -1.4528089086456852, -1.5078929590501868, -1.563736719601863, -1.6203249960977715, -1.6776425943349673, -1.735674320110508, -1.7944049792214496, -1.8538193774648484, -1.9139023206377617, -1.9746386145372452, -2.036013064960356, -2.0980104777041495, -2.160615658565684, -2.2238134133420138, -2.2875885478301976, -2.3519258678272896, -2.4168101791303496, -2.482226287536431, -2.5481589988425912, -2.614593118845887, -2.6815134533433755, -2.7489048081321106, -2.8167519890091532, -2.8850398017715557, -2.953753052216377, -3.022876546140672, -3.092395089341499, -3.162293487615912, -3.232556546760971, -3.3031690725737284, -3.374115870851244, -3.445381747390573, -3.5169515079887725, -3.588809958442897, -3.660941904550004, -3.7333321521071525, -3.8059655069113965, -3.8788267747597933, -3.9519007614493993, -4.02517227277727, -4.098626114540462, -4.172247092536033, -4.246020012561041, -4.319929680412538, -4.393960901887584, -4.468098482783234, -4.542327228896546, -4.616631946024573, -4.690997439964377, -4.765408516513011, -4.8398499814675295, -4.914306640624995],
         "dplt_grid": [0.0, 6.0606060606060606, 12.121212121212121, 18.18181818181818, 24.242424242424242, 30.303030303030305, 36.36363636363636, 42.42424242424242, 48.484848484848484, 54.54545454545455, 60.60606060606061, 66.66666666666667, 72.72727272727272, 78.78787878787878, 84.84848484848484, 90.9090909090909, 96.96969696969697, 103.03030303030303, 109.0909090909091, 115.15151515151516, 121.21212121212122, 127.27272727272727, 133.33333333333334, 139.3939393939394, 145.45454545454544, 151.5151515151515, 157.57575757575756, 163.63636363636363, 169.6969696969697, 175.75757575757575, 181.8181818181818, 187.87878787878788, 193.93939393939394, 200.0, 206.06060606060606, 212.12121212121212, 218.1818181818182, 224.24242424242425, 230.3030303030303, 236.36363636363637, 242.42424242424244, 248.48484848484847, 254.54545454545453, 260.6060606060606, 266.6666666666667, 272.72727272727275, 278.7878787878788, 284.8484848484849, 290.9090909090909, 296.96969696969694, 303.030303030303, 309.09090909090907, 315.1515151515151, 321.2121212121212, 327.27272727272725, 333.3333333333333, 339.3939393939394, 345.45454545454544, 351.5151515151515, 357.57575757575756, 363.6363636363636, 369.6969696969697, 375.75757575757575, 381.8181818181818, 387.8787878787879, 393.93939393939394, 400.0, 406.06060606060606, 412.1212121212121, 418.1818181818182, 424.24242424242425, 430.3030303030303, 436.3636363636364, 442.42424242424244, 448.4848484848485, 454.54545454545456, 460.6060606060606, 466.6666666666667, 472.72727272727275, 478.7878787878788, 484.8484848484849, 490.9090909090909, 496.96969696969694, 503.030303030303, 509.09090909090907, 515.1515151515151, 521.2121212121212, 527.2727272727273, 533.3333333333334, 539.3939393939394, 545.4545454545455, 551.5151515151515, 557.5757575757576, 563.6363636363636, 569.6969696969697, 575.7575757575758, 581.8181818181818, 587.8787878787879, 593.9393939393939, 600.0],
         "dplt_at_force_location": -4.914306640624995,
         "maximum_dplt": -4.914306640624995,
         "location_max_dplt": 600.0
    },
     "metadata": {
         "error_code": 0,
         "model": "BendingTestAnalytical",
         "load_case": "Cantilever",
         "description": "",
         "job_name": "",
         "persistent_result_files": "",
         "n_cpus": 1,
         "date": "2026-06-16 18:10:05.940295",
         "cpu_time": 0.06262087821960449,
         "user": "sebastien.bocquet",
         "machine": "PCBM20250036",
         "vims_git_version": "3de96ae2320a30b8a84551033e41da0fca6276ac",
         "directory_archive_root": "C:\\Users\\sebastien.bocquet\\Dev\\vimseo\\docs\\runnable_examples\\model_runs\\archive\\calibration_coupled",
         "directory_archive_job": "C:\\Users\\sebastien.bocquet\\Dev\\vimseo\\docs\\runnable_examples\\model_runs\\archive\\calibration_coupled\\BendingTestAnalytical\\Cantilever\\281",
         "directory_scratch_root": "C:\\Users\\sebastien.bocquet\\Dev\\vimseo\\docs\\runnable_examples\\model_runs\\scratch\\calibration_coupled",
         "directory_scratch_job": ""
    }
}