{
     "inputs": {
         "young_modulus": 218846.72309824295,
         "Cantilever:length": 600.0,
         "Cantilever:width": 29.47705078125,
         "Cantilever:height": 39.377685546875,
         "Cantilever:imposed_dplt": -5.0565185546875,
         "Cantilever:relative_dplt_location": 1.0,
         "Cantilever:nu_p": 0.3
    },
     "outputs": {
         "length": 600.0,
         "width": 29.47705078125,
         "height": 39.377685546875,
         "imposed_dplt": -5.0565185546875,
         "relative_dplt_location": 1.0,
         "nu_p": 0.3,
         "reaction_forces": -2305.2206437457967,
         "moment": [1383132.386247478, 0.0],
         "moment_grid": [0.0, 600.0],
         "dplt": [0.0, -0.0007712723048191845, -0.003074666620562964, -0.006894549049160684, -0.012215285692541685, -0.019021242652635308, -0.027296786031370875, -0.03702628193067777, -0.04819409645248529, -0.06078459569872279, -0.07478214577131961, -0.0901711127722051, -0.10693586280330859, -0.12506076196655944, -0.14453017636388701, -0.1653284720972205, -0.18744001526848947, -0.21084917197962316, -0.23554030833255074, -0.26149779042920185, -0.2887059843715057, -0.31714925626139145, -0.3468119722007889, -0.377678498291627, -0.40973320063583496, -0.4429604453353426, -0.477344598492079, -0.5128700262079735, -0.5495210945849556, -0.5872821697249542, -0.6261376177298992, -0.6660718047017196, -0.7070690967423447, -0.7491138599537042, -0.7921904604377271, -0.8362832642963428, -0.8813766376314808, -0.9274549465450703, -0.9745025571390405, -1.0225038355153209, -1.071443147775841, -1.12130486002253, -1.172073338357317, -1.223732948882132, -1.2762680576989036, -1.3296630309095614, -1.383902234616035, -1.438970034920253, -1.4948507979241454, -1.551528889729642, -1.608988676438671, -1.6672145241531626, -1.7261907989750458, -1.7859018670062503, -1.8463320943487047, -1.9074658471043386, -1.969287491375082, -2.0317813932628637, -2.094931918869613, -2.1587234342972588, -2.2231403056477315, -2.288166899022959, -2.353787580524873, -2.4199867162554, -2.4867486723164727, -2.554057814810016, -2.6218985098379637, -2.690255123502242, -2.7591120219047824, -2.8284535711475116, -2.8982641373323625, -2.9685280865612604, -3.0392297849361385, -3.1103535985589232, -3.181883893531546, -3.253805035955935, -3.3261013919340194, -3.3987573275677287, -3.471757208958994, -3.5450854022097427, -3.618726273421904, -3.692664188697407, -3.766883514138182, -3.8413686158461595, -3.9161038599232665, -3.991073612471435, -4.066262239592591, -4.141654107388667, -4.217233581961591, -4.29298502941329, -4.368892815845697, -4.44494130736074, -4.521114870060347, -4.59739787004645, -4.6737746734209775, -4.750229646285857, -4.826747154743019, -4.903311564894393, -4.979907242841908, -5.0565185546874964],
         "dplt_grid": [0.0, 6.0606060606060606, 12.121212121212121, 18.18181818181818, 24.242424242424242, 30.303030303030305, 36.36363636363636, 42.42424242424242, 48.484848484848484, 54.54545454545455, 60.60606060606061, 66.66666666666667, 72.72727272727272, 78.78787878787878, 84.84848484848484, 90.9090909090909, 96.96969696969697, 103.03030303030303, 109.0909090909091, 115.15151515151516, 121.21212121212122, 127.27272727272727, 133.33333333333334, 139.3939393939394, 145.45454545454544, 151.5151515151515, 157.57575757575756, 163.63636363636363, 169.6969696969697, 175.75757575757575, 181.8181818181818, 187.87878787878788, 193.93939393939394, 200.0, 206.06060606060606, 212.12121212121212, 218.1818181818182, 224.24242424242425, 230.3030303030303, 236.36363636363637, 242.42424242424244, 248.48484848484847, 254.54545454545453, 260.6060606060606, 266.6666666666667, 272.72727272727275, 278.7878787878788, 284.8484848484849, 290.9090909090909, 296.96969696969694, 303.030303030303, 309.09090909090907, 315.1515151515151, 321.2121212121212, 327.27272727272725, 333.3333333333333, 339.3939393939394, 345.45454545454544, 351.5151515151515, 357.57575757575756, 363.6363636363636, 369.6969696969697, 375.75757575757575, 381.8181818181818, 387.8787878787879, 393.93939393939394, 400.0, 406.06060606060606, 412.1212121212121, 418.1818181818182, 424.24242424242425, 430.3030303030303, 436.3636363636364, 442.42424242424244, 448.4848484848485, 454.54545454545456, 460.6060606060606, 466.6666666666667, 472.72727272727275, 478.7878787878788, 484.8484848484849, 490.9090909090909, 496.96969696969694, 503.030303030303, 509.09090909090907, 515.1515151515151, 521.2121212121212, 527.2727272727273, 533.3333333333334, 539.3939393939394, 545.4545454545455, 551.5151515151515, 557.5757575757576, 563.6363636363636, 569.6969696969697, 575.7575757575758, 581.8181818181818, 587.8787878787879, 593.9393939393939, 600.0],
         "dplt_at_force_location": -5.0565185546874964,
         "maximum_dplt": -5.0565185546874964,
         "location_max_dplt": 600.0
    },
     "metadata": {
         "error_code": 0,
         "model": "BendingTestAnalytical",
         "load_case": "Cantilever",
         "description": "",
         "job_name": "",
         "persistent_result_files": "",
         "n_cpus": 1,
         "date": "2026-06-16 18:11:39.207811",
         "cpu_time": 0.25824761390686035,
         "user": "sebastien.bocquet",
         "machine": "PCBM20250036",
         "vims_git_version": "5cd5cf5ab4caf1fa2c2190f0396e06b5b5639fd0",
         "directory_archive_root": "C:\\Users\\sebastien.bocquet\\Dev\\vimseo\\docs\\runnable_examples\\model_runs\\archive\\calibration_scalars",
         "directory_archive_job": "C:\\Users\\sebastien.bocquet\\Dev\\vimseo\\docs\\runnable_examples\\model_runs\\archive\\calibration_scalars\\BendingTestAnalytical\\Cantilever\\759",
         "directory_scratch_root": "C:\\Users\\sebastien.bocquet\\Dev\\vimseo\\docs\\runnable_examples\\model_runs\\scratch\\calibration_scalars",
         "directory_scratch_job": ""
    }
}