{
     "inputs": {
         "x": 1.5000001192092896,
         "Dummy:x_1": 0.9625086499676455
    },
     "outputs": {
         "x_1": 0.9625086499676455,
         "y": [0.9625086499676455, 0.9776601663232949, 0.9928116826789443, 1.0079631990345936, 1.0231147153902431, 1.0382662317458924, 1.0534177481015419, 1.0685692644571914, 1.0837207808128406, 1.09887229716849, 1.1140238135241394, 1.1291753298797889, 1.1443268462354381, 1.1594783625910876, 1.174629878946737, 1.1897813953023864, 1.2049329116580358, 1.220084428013685, 1.2352359443693346, 1.2503874607249839, 1.2655389770806333, 1.2806904934362828, 1.295842009791932, 1.3109935261475816, 1.3261450425032308, 1.3412965588588803, 1.3564480752145296, 1.371599591570179, 1.3867511079258286, 1.4019026242814778, 1.417054140637127, 1.4322056569927766, 1.447357173348426, 1.4625086897040753, 1.4776602060597248, 1.4928117224153743, 1.5079632387710236, 1.5231147551266728, 1.5382662714823223, 1.5534177878379718, 1.568569304193621, 1.5837208205492705, 1.59887233690492, 1.6140238532605693, 1.6291753696162186, 1.644326885971868, 1.6594784023275175, 1.6746299186831668, 1.689781435038816, 1.7049329513944658, 1.720084467750115, 1.7352359841057645, 1.750387500461414, 1.7655390168170633, 1.7806905331727125, 1.795842049528362, 1.8109935658840115, 1.8261450822396608, 1.84129659859531, 1.8564481149509597, 1.871599631306609, 1.8867511476622583, 1.9019026640179078, 1.9170541803735572, 1.9322056967292065, 1.9473572130848558, 1.9625087294405055, 1.9776602457961547, 1.992811762151804, 2.0079632785074533, 2.023114794863103, 2.0382663112187522, 2.0534178275744015, 2.068569343930051, 2.0837208602857005, 2.0988723766413497, 2.114023892996999, 2.1291754093526487, 2.144326925708298, 2.1594784420639472, 2.174629958419597, 2.189781474775246, 2.2049329911308955, 2.2200845074865447, 2.2352360238421944, 2.2503875401978437, 2.265539056553493, 2.2806905729091427, 2.295842089264792, 2.310993605620441, 2.3261451219760905, 2.34129663833174, 2.3564481546873894, 2.3715996710430387, 2.3867511873986884, 2.4019027037543377, 2.417054220109987, 2.432205736465636, 2.447357252821286, 2.462508769176935],
         "y_axis": [0.0, 0.010101010101010102, 0.020202020202020204, 0.030303030303030304, 0.04040404040404041, 0.05050505050505051, 0.06060606060606061, 0.07070707070707072, 0.08080808080808081, 0.09090909090909091, 0.10101010101010102, 0.11111111111111112, 0.12121212121212122, 0.13131313131313133, 0.14141414141414144, 0.15151515151515152, 0.16161616161616163, 0.17171717171717174, 0.18181818181818182, 0.19191919191919193, 0.20202020202020204, 0.21212121212121213, 0.22222222222222224, 0.23232323232323235, 0.24242424242424243, 0.25252525252525254, 0.26262626262626265, 0.27272727272727276, 0.2828282828282829, 0.29292929292929293, 0.30303030303030304, 0.31313131313131315, 0.32323232323232326, 0.33333333333333337, 0.3434343434343435, 0.3535353535353536, 0.36363636363636365, 0.37373737373737376, 0.38383838383838387, 0.393939393939394, 0.4040404040404041, 0.4141414141414142, 0.42424242424242425, 0.43434343434343436, 0.4444444444444445, 0.4545454545454546, 0.4646464646464647, 0.4747474747474748, 0.48484848484848486, 0.494949494949495, 0.5050505050505051, 0.5151515151515152, 0.5252525252525253, 0.5353535353535354, 0.5454545454545455, 0.5555555555555556, 0.5656565656565657, 0.5757575757575758, 0.5858585858585859, 0.595959595959596, 0.6060606060606061, 0.6161616161616162, 0.6262626262626263, 0.6363636363636365, 0.6464646464646465, 0.6565656565656566, 0.6666666666666667, 0.6767676767676768, 0.686868686868687, 0.696969696969697, 0.7070707070707072, 0.7171717171717172, 0.7272727272727273, 0.7373737373737375, 0.7474747474747475, 0.7575757575757577, 0.7676767676767677, 0.7777777777777778, 0.787878787878788, 0.797979797979798, 0.8080808080808082, 0.8181818181818182, 0.8282828282828284, 0.8383838383838385, 0.8484848484848485, 0.8585858585858587, 0.8686868686868687, 0.8787878787878789, 0.888888888888889, 0.8989898989898991, 0.9090909090909092, 0.9191919191919192, 0.9292929292929294, 0.9393939393939394, 0.9494949494949496, 0.9595959595959597, 0.9696969696969697, 0.9797979797979799, 0.98989898989899, 1.0]
    },
     "metadata": {
         "error_code": 0,
         "model": "MockCurves",
         "load_case": "Dummy",
         "description": "",
         "job_name": "",
         "persistent_result_files": "",
         "n_cpus": 1,
         "date": "2026-03-26 14:57:25.709650",
         "cpu_time": 0.0012297630310058594,
         "user": "sebastien.bocquet",
         "machine": "IPF7101",
         "vims_git_version": "d0050d8de498c8354552cdde540fb3e524454871",
         "directory_archive_root": "/home/sebastien.bocquet/PycharmProjects/vimseo/docs/runnable_examples/model_runs/archive/calibration_curves",
         "directory_archive_job": "/home/sebastien.bocquet/PycharmProjects/vimseo/docs/runnable_examples/model_runs/archive/calibration_curves/MockCurves/Dummy/50",
         "directory_scratch_root": "/home/sebastien.bocquet/PycharmProjects/vimseo/docs/runnable_examples/model_runs/scratch/calibration_curves",
         "directory_scratch_job": ""
    }
}