{
     "inputs": {
         "young_modulus": 220721.72309824295,
         "Cantilever:length": 600.0,
         "Cantilever:width": 30.4969482421875,
         "Cantilever:height": 40.7369384765625,
         "Cantilever:imposed_dplt": -5.064697265625,
         "Cantilever:relative_dplt_location": 1.0,
         "Cantilever:nu_p": 0.3
    },
     "outputs": {
         "length": 600.0,
         "width": 30.4969482421875,
         "height": 40.7369384765625,
         "imposed_dplt": -5.064697265625,
         "relative_dplt_location": 1.0,
         "nu_p": 0.3,
         "reaction_forces": -2667.511931824339,
         "moment": [1600507.1590946035, 0.0],
         "moment_grid": [0.0, 600.0],
         "dplt": [0.0, -0.0007725198060726646, -0.003079639767451835, -0.006905700698879285, -0.012235043415096786, -0.01905200873084611, -0.027340937460869016, -0.03708617041990729, -0.04827204842270269, -0.06088291228399699, -0.07490310281853196, -0.0903169608410494, -0.10710882716629101, -0.12526304260899865, -0.14476394798391404, -0.1655958841057789, -0.1877431917893351, -0.21119021184932438, -0.23592128510048846, -0.2619207523575692, -0.28917295443530827, -0.3176622321484474, -0.3473729263117286, -0.37828937773989346, -0.4103959272476836, -0.4436769156498412, -0.4781166837611077, -0.513699572396225, -0.5504099223699348, -0.588232074496979, -0.6271503695920992, -0.6671491484700374, -0.7082127519455349, -0.750325520833334, -0.7934717959481763, -0.8376359181048035, -0.8828022281179575, -0.9289550668023798, -0.9760787749728124, -1.0241576934439969, -1.0731761630306753, -1.1231185245475892, -1.1739691188094803, -1.2257122866310908, -1.2783323688271622, -1.331813706212436, -1.3861406396016542, -1.4412975098095584, -1.4972686576508905, -1.5540384239403926, -1.611591149492806, -1.6699111751228728, -1.7289828416453346, -1.7887904898749332, -1.8493184606264104, -1.9105510947145077, -1.9724727329539675, -2.035067716159531, -2.0983203851459398, -2.162215080727936, -2.226736143720262, -2.2918679149376584, -2.3575947351948687, -2.423900945306632, -2.4907708860876925, -2.5581888983527903, -2.6261393229166683, -2.694606500594068, -2.7635747721997315, -2.8330284785483983, -2.902951960454814, -2.9733295587337176, -3.0441456141998517, -3.115384467667957, -3.1870304599527786, -3.259067931869053, -3.3314812242315273, -3.4042546778549387, -3.4773726335540336, -3.5508194321435504, -3.624579414438232, -3.698636921252818, -3.7729762934020536, -3.847581871700679, -3.922437996963436, -3.9975290100050676, -4.072839251640314, -4.148353062683916, -4.224054783950619, -4.29992875625516, -4.375959320412286, -4.452130817236733, -4.528427587543248, -4.6048339721465705, -4.681334311861441, -4.757912947502604, -4.834554219884798, -4.911242469822769, -4.987962038131255, -5.064697265625001],
         "dplt_grid": [0.0, 6.0606060606060606, 12.121212121212121, 18.18181818181818, 24.242424242424242, 30.303030303030305, 36.36363636363636, 42.42424242424242, 48.484848484848484, 54.54545454545455, 60.60606060606061, 66.66666666666667, 72.72727272727272, 78.78787878787878, 84.84848484848484, 90.9090909090909, 96.96969696969697, 103.03030303030303, 109.0909090909091, 115.15151515151516, 121.21212121212122, 127.27272727272727, 133.33333333333334, 139.3939393939394, 145.45454545454544, 151.5151515151515, 157.57575757575756, 163.63636363636363, 169.6969696969697, 175.75757575757575, 181.8181818181818, 187.87878787878788, 193.93939393939394, 200.0, 206.06060606060606, 212.12121212121212, 218.1818181818182, 224.24242424242425, 230.3030303030303, 236.36363636363637, 242.42424242424244, 248.48484848484847, 254.54545454545453, 260.6060606060606, 266.6666666666667, 272.72727272727275, 278.7878787878788, 284.8484848484849, 290.9090909090909, 296.96969696969694, 303.030303030303, 309.09090909090907, 315.1515151515151, 321.2121212121212, 327.27272727272725, 333.3333333333333, 339.3939393939394, 345.45454545454544, 351.5151515151515, 357.57575757575756, 363.6363636363636, 369.6969696969697, 375.75757575757575, 381.8181818181818, 387.8787878787879, 393.93939393939394, 400.0, 406.06060606060606, 412.1212121212121, 418.1818181818182, 424.24242424242425, 430.3030303030303, 436.3636363636364, 442.42424242424244, 448.4848484848485, 454.54545454545456, 460.6060606060606, 466.6666666666667, 472.72727272727275, 478.7878787878788, 484.8484848484849, 490.9090909090909, 496.96969696969694, 503.030303030303, 509.09090909090907, 515.1515151515151, 521.2121212121212, 527.2727272727273, 533.3333333333334, 539.3939393939394, 545.4545454545455, 551.5151515151515, 557.5757575757576, 563.6363636363636, 569.6969696969697, 575.7575757575758, 581.8181818181818, 587.8787878787879, 593.9393939393939, 600.0],
         "dplt_at_force_location": -5.064697265625001,
         "maximum_dplt": -5.064697265625001,
         "location_max_dplt": 600.0
    },
     "metadata": {
         "error_code": 0,
         "model": "BendingTestAnalytical",
         "load_case": "Cantilever",
         "description": "",
         "job_name": "",
         "persistent_result_files": "",
         "n_cpus": 1,
         "date": "2026-03-26 14:57:44.017175",
         "cpu_time": 0.007248878479003906,
         "user": "sebastien.bocquet",
         "machine": "IPF7101",
         "vims_git_version": "d0050d8de498c8354552cdde540fb3e524454871",
         "directory_archive_root": "/home/sebastien.bocquet/PycharmProjects/vimseo/docs/runnable_examples/model_runs/archive/calibration_scalars",
         "directory_archive_job": "/home/sebastien.bocquet/PycharmProjects/vimseo/docs/runnable_examples/model_runs/archive/calibration_scalars/BendingTestAnalytical/Cantilever/321",
         "directory_scratch_root": "/home/sebastien.bocquet/PycharmProjects/vimseo/docs/runnable_examples/model_runs/scratch/calibration_scalars",
         "directory_scratch_job": ""
    }
}