{
     "inputs": {
         "young_modulus": 220285.80442290206,
         "Cantilever:length": 600.0,
         "Cantilever:width": 29.499755859375,
         "Cantilever:height": 40.2801513671875,
         "Cantilever:imposed_dplt": -5.006591796875,
         "Cantilever:relative_dplt_location": 1.0,
         "Cantilever:nu_p": 0.3
    },
     "outputs": {
         "length": 600.0,
         "width": 29.499755859375,
         "height": 40.2801513671875,
         "imposed_dplt": -5.006591796875,
         "relative_dplt_location": 1.0,
         "nu_p": 0.3,
         "reaction_forces": -2460.971905684298,
         "moment": [1476583.1434105786, 0.0],
         "moment_grid": [0.0, 600.0],
         "dplt": [0.0, -0.0007636569613464517, -0.003044308156718959, -0.00682647405311726, -0.012094675117541089, -0.01883343181699018, -0.027027264618464258, -0.03666069398896307, -0.04771824039548634, -0.06018442430503379, -0.07404376618460519, -0.08928078650120023, -0.10588000572181867, -0.12382594431346028, -0.14310312274312473, -0.16369606147781174, -0.18558928098452113, -0.20876730173025262, -0.2332146441820059, -0.25891582880678077, -0.2858553760715769, -0.31401780644339394, -0.34338764038923186, -0.3739493983760903, -0.40568760087096867, -0.43858676834086724, -0.47263142125278546, -0.5078060800737231, -0.5440952652706799, -0.5814834973106555, -0.6199552966606499, -0.6594951837876625, -0.7000876791586932, -0.7417173032407418, -0.7843685765008078, -0.8280260194058912, -0.8726741524229915, -0.9182974960191087, -0.9648805706612421, -1.0124078968163919, -1.0608639949515577, -1.1102333855337392, -1.1605005890299358, -1.2116501259071484, -1.2636665166323748, -1.3165342816726167, -1.3702379414948722, -1.424762016566142, -1.4800910273534256, -1.5362094943237228, -1.593101937944033, -1.6507528786813572, -1.7091468370026934, -1.7682683333750417, -1.8281018882654028, -1.8886320221407762, -1.9498432554681608, -2.0117201087145573, -2.074247102346964, -2.1374087568323823, -2.201189592637811, -2.26557413023025, -2.3305468900766995, -2.396092392644158, -2.4621951583996275, -2.5288397078101044, -2.5960105613425917, -2.6636922394640874, -2.7318692626415926, -2.8005261513421034, -2.869647426032625, -2.9392176071801526, -3.0092212152516877, -3.0796427707142304, -3.150466794034781, -3.221677805680336, -3.293260326117899, -3.3651988758144675, -3.437477975237042, -3.510082144852622, -3.582995905128208, -3.6562037765307975, -3.729690279527393, -3.803439934584994, -3.877437262170596, -3.9516667827512055, -4.026113016793817, -4.1007604847654315, -4.175593707133051, -4.250597204363672, -4.325755496924296, -4.401053105281921, -4.47647454990355, -4.552004351256181, -4.627627029806813, -4.703327106022446, -4.779089100370079, -4.854897533316716, -4.9307369253293505, -5.006591796874988],
         "dplt_grid": [0.0, 6.0606060606060606, 12.121212121212121, 18.18181818181818, 24.242424242424242, 30.303030303030305, 36.36363636363636, 42.42424242424242, 48.484848484848484, 54.54545454545455, 60.60606060606061, 66.66666666666667, 72.72727272727272, 78.78787878787878, 84.84848484848484, 90.9090909090909, 96.96969696969697, 103.03030303030303, 109.0909090909091, 115.15151515151516, 121.21212121212122, 127.27272727272727, 133.33333333333334, 139.3939393939394, 145.45454545454544, 151.5151515151515, 157.57575757575756, 163.63636363636363, 169.6969696969697, 175.75757575757575, 181.8181818181818, 187.87878787878788, 193.93939393939394, 200.0, 206.06060606060606, 212.12121212121212, 218.1818181818182, 224.24242424242425, 230.3030303030303, 236.36363636363637, 242.42424242424244, 248.48484848484847, 254.54545454545453, 260.6060606060606, 266.6666666666667, 272.72727272727275, 278.7878787878788, 284.8484848484849, 290.9090909090909, 296.96969696969694, 303.030303030303, 309.09090909090907, 315.1515151515151, 321.2121212121212, 327.27272727272725, 333.3333333333333, 339.3939393939394, 345.45454545454544, 351.5151515151515, 357.57575757575756, 363.6363636363636, 369.6969696969697, 375.75757575757575, 381.8181818181818, 387.8787878787879, 393.93939393939394, 400.0, 406.06060606060606, 412.1212121212121, 418.1818181818182, 424.24242424242425, 430.3030303030303, 436.3636363636364, 442.42424242424244, 448.4848484848485, 454.54545454545456, 460.6060606060606, 466.6666666666667, 472.72727272727275, 478.7878787878788, 484.8484848484849, 490.9090909090909, 496.96969696969694, 503.030303030303, 509.09090909090907, 515.1515151515151, 521.2121212121212, 527.2727272727273, 533.3333333333334, 539.3939393939394, 545.4545454545455, 551.5151515151515, 557.5757575757576, 563.6363636363636, 569.6969696969697, 575.7575757575758, 581.8181818181818, 587.8787878787879, 593.9393939393939, 600.0],
         "dplt_at_force_location": -5.006591796874988,
         "maximum_dplt": -5.006591796874988,
         "location_max_dplt": 600.0
    },
     "metadata": {
         "error_code": 0,
         "model": "BendingTestAnalytical",
         "load_case": "Cantilever",
         "description": "",
         "job_name": "",
         "persistent_result_files": "",
         "n_cpus": 1,
         "date": "2026-06-16 18:12:12.142929",
         "cpu_time": 0.3429110050201416,
         "user": "sebastien.bocquet",
         "machine": "PCBM20250036",
         "vims_git_version": "5cd5cf5ab4caf1fa2c2190f0396e06b5b5639fd0",
         "directory_archive_root": "C:\\Users\\sebastien.bocquet\\Dev\\vimseo\\docs\\runnable_examples\\model_runs\\archive\\calibration_scalars",
         "directory_archive_job": "C:\\Users\\sebastien.bocquet\\Dev\\vimseo\\docs\\runnable_examples\\model_runs\\archive\\calibration_scalars\\BendingTestAnalytical\\Cantilever\\864",
         "directory_scratch_root": "C:\\Users\\sebastien.bocquet\\Dev\\vimseo\\docs\\runnable_examples\\model_runs\\scratch\\calibration_scalars",
         "directory_scratch_job": ""
    }
}