{
     "inputs": {
         "length": 588.8431989456534,
         "width": 29.268457563179823,
         "height": 39.33854405860924,
         "imposed_dplt": -14.816657532017105,
         "relative_dplt_location": 0.8899754036274354,
         "young_modulus": 209979.41362548215,
         "nu_p": 0.29962789703087805
    },
     "outputs": {
         "reaction_forces": -9629.165487665075,
         "moment": [5046221.598831098, 0.0, 0.0],
         "moment_grid": [0.0, 524.0559636549282, 588.8431989456534],
         "dplt": [0.0, -0.002852127538752133, -0.011365184948420004, -0.025474184419120867, -0.04511413814097194, -0.07022005830409041, -0.10072695709859346, -0.13656984671459818, -0.17768373934222206, -0.22400364717158197, -0.27546458239279537, -0.33200155719597924, -0.3935495837712511, -0.46004367430872795, -0.5314188409985269, -0.6076100960307654, -0.6885524515955607, -0.7741809198830298, -0.8644305130832906, -0.9592362433864585, -1.0585331229826527, -1.16225616406199, -1.2703403788145866, -1.3827207794305614, -1.4993323781000298, -1.62011018701311, -1.744989218359919, -1.8739044843305739, -2.0067909971151923, -2.1435837689038912, -2.2842178118867875, -2.4286281382539987, -2.576749760195642, -2.728517689901834, -2.8838669395626932, -3.0427325213683356, -3.20504944750888, -3.370752730174442, -3.5397773815551385, -3.712058413841088, -3.887530839222407, -4.0661296698892135, -4.247789918031624, -4.432446595839757, -4.620034715503726, -4.810489289213653, -5.003745329159652, -5.199737847531841, -5.398401856520338, -5.599672368315259, -5.8034843951067225, -6.009772949084844, -6.218473042439744, -6.429519687361537, -6.642847896040338, -6.85839268066627, -7.076089053429444, -7.295872026519984, -7.517676612128001, -7.741437822443617, -7.967090669656945, -8.194570165958105, -8.423811323537214, -8.654749154584383, -8.88731867128974, -9.121454885843399, -9.357092810435473, -9.594167457256082, -9.83261383849534, -10.072366966343369, -10.313361852990285, -10.555533510626203, -10.79881695144124, -11.043147187625515, -11.288459231369146, -11.534688094862252, -11.781768790294944, -12.029636329857345, -12.278225725739564, -12.52747199013173, -12.777310135223955, -13.027675173206351, -13.278502116269038, -13.529725976602137, -13.781281766395768, -14.03310449784004, -14.285129183125074, -14.537287518626528, -14.789523418575698, -15.041810235235856, -15.294126326742262, -15.5464540459375, -15.798779740371458, -16.051093752301338, -16.30339041869166, -16.555668071214246, -16.807929036248236, -17.060179634880075, -17.31243018290352, -17.564694990819646],
         "dplt_grid": [0.0, 5.947911100461146, 11.895822200922291, 17.843733301383438, 23.791644401844582, 29.739555502305727, 35.687466602766875, 41.635377703228016, 47.583288803689165, 53.53119990415031, 59.479111004611454, 65.4270221050726, 71.37493320553375, 77.32284430599489, 83.27075540645603, 89.21866650691719, 95.16657760737833, 101.11448870783947, 107.06239980830063, 113.01031090876177, 118.95822200922291, 124.90613310968406, 130.8540442101452, 136.80195531060636, 142.7498664110675, 148.69777751152864, 154.64568861198978, 160.59359971245092, 166.54151081291207, 172.48942191337323, 178.43733301383438, 184.38524411429552, 190.33315521475666, 196.2810663152178, 202.22897741567894, 208.17688851614008, 214.12479961660125, 220.0727107170624, 226.02062181752353, 231.96853291798467, 237.91644401844582, 243.86435511890696, 249.81226621936813, 255.76017731982927, 261.7080884202904, 267.65599952075155, 273.6039106212127, 279.55182172167383, 285.499732822135, 291.4476439225961, 297.3955550230573, 303.3434661235184, 309.29137722397957, 315.23928832444074, 321.18719942490185, 327.135110525363, 333.08302162582413, 339.0309327262853, 344.97884382674647, 350.9267549272076, 356.87466602766875, 362.82257712812986, 368.77048822859103, 374.71839932905215, 380.6663104295133, 386.6142215299745, 392.5621326304356, 398.51004373089677, 404.4579548313579, 410.40586593181905, 416.35377703228016, 422.30168813274133, 428.2495992332025, 434.1975103336636, 440.1454214341248, 446.0933325345859, 452.04124363504707, 457.98915473550824, 463.93706583596935, 469.8849769364305, 475.83288803689163, 481.7807991373528, 487.7287102378139, 493.6766213382751, 499.62453243873625, 505.57244353919737, 511.52035463965854, 517.4682657401197, 523.4161768405808, 529.3640879410419, 535.3119990415031, 541.2599101419643, 547.2078212424254, 553.1557323428865, 559.1036434433477, 565.0515545438088, 570.99946564427, 576.9473767447312, 582.8952878451922, 588.8431989456534],
         "dplt_at_force_location": -14.816660639695284,
         "maximum_dplt": -17.564694990819646,
         "location_max_dplt": 588.8431989456534
    },
     "metadata": {
         "error_code": 0,
         "model": "BendingTestAnalytical",
         "load_case": "Cantilever",
         "description": "",
         "job_name": "",
         "persistent_result_files": "",
         "n_cpus": 1,
         "date": "2026-03-26 14:57:55.482413",
         "cpu_time": 0.0037920475006103516,
         "user": "sebastien.bocquet",
         "machine": "IPF7101",
         "vims_git_version": "d0050d8de498c8354552cdde540fb3e524454871",
         "directory_archive_root": "/home/sebastien.bocquet/PycharmProjects/vimseo/docs/runnable_examples/model_runs/archive/uq",
         "directory_archive_job": "/home/sebastien.bocquet/PycharmProjects/vimseo/docs/runnable_examples/model_runs/archive/uq/BendingTestAnalytical/Cantilever/44",
         "directory_scratch_root": "/home/sebastien.bocquet/PycharmProjects/vimseo/docs/runnable_examples/model_runs/scratch/uq",
         "directory_scratch_job": ""
    }
}