{
     "inputs": {
         "young_modulus": 223410.80442290206,
         "Cantilever:length": 600.0,
         "Cantilever:width": 30.1756591796875,
         "Cantilever:height": 39.9495849609375,
         "Cantilever:imposed_dplt": -5.0394287109375,
         "Cantilever:relative_dplt_location": 1.0,
         "Cantilever:nu_p": 0.3
    },
     "outputs": {
         "length": 600.0,
         "width": 30.1756591796875,
         "height": 39.9495849609375,
         "imposed_dplt": -5.0394287109375,
         "relative_dplt_location": 1.0,
         "nu_p": 0.3,
         "reaction_forces": -2507.0634010987346,
         "moment": [1504238.0406592407, 0.0],
         "moment_grid": [0.0, 600.0],
         "dplt": [0.0, -0.0007686655857820624, -0.0030642749703474097, -0.0068712470945247895, -0.012174000899142945, -0.018956955325030618, -0.027204529313016538, -0.03690114180392947, -0.04803121173859814, -0.060579158057851294, -0.07452939970251767, -0.08986635561342603, -0.10657444473140508, -0.12463808599728358, -0.14404169835189035, -0.164769700736054, -0.18680651209060337, -0.2101365513563672, -0.23474423747417408, -0.2606139893848522, -0.28773022602923165, -0.3160773663481404, -0.3456398292824074, -0.37640203377286124, -0.4083483987603305, -0.44146334318564434, -0.4757312859896312, -0.5111366461131199, -0.5476638424969393, -0.5852972940819179, -0.6240214198088847, -0.6638206386186682, -0.7046793694520972, -0.7465820312500006, -0.789513042953207, -0.8334568235025451, -0.8783977918388439, -0.9243203669029317, -0.9712089676356376, -1.0190480129777901, -1.0678219218702183, -1.1175151132537504, -1.1681120060692156, -1.2195970192574428, -1.2719545717592604, -1.325169082515497, -1.3792249704669817, -1.4341066545545424, -1.4897985537190084, -1.5462850869012095, -1.6035506730419726, -1.6615797310821283, -1.7203566799625039, -1.7798659386239288, -1.840091926007231, -1.9010190610532405, -1.962631762702785, -2.0249144498966936, -2.087851541575795, -2.1514274566809175, -2.215626614152891, -2.280433432932543, -2.345832331960704, -2.4118077301782, -2.478344046525863, -2.5454256999445186, -2.6130371093749973, -2.681162693758127, -2.7497868720347385, -2.818894063145657, -2.8884686860317146, -2.958495159633738, -3.028957902892557, -3.0998413347489993, -3.1711298741438956, -3.2428079400180714, -3.314859951312359, -3.387270326967584, -3.460023485924579, -3.5331038471241687, -3.6064958295071845, -3.6801838520144523, -3.7541523335868043, -3.8283856931650684, -3.9028683496900705, -3.977584722102644, -4.052519229343614, -4.127656290353809, -4.202980324074061, -4.278475749445195, -4.354126985408043, -4.429918450903431, -4.505834564872191, -4.581859746255148, -4.657978413993135, -4.734174987026976, -4.810433884297502, -4.886739524745543, -4.963076327311924, -5.03942871093748],
         "dplt_grid": [0.0, 6.0606060606060606, 12.121212121212121, 18.18181818181818, 24.242424242424242, 30.303030303030305, 36.36363636363636, 42.42424242424242, 48.484848484848484, 54.54545454545455, 60.60606060606061, 66.66666666666667, 72.72727272727272, 78.78787878787878, 84.84848484848484, 90.9090909090909, 96.96969696969697, 103.03030303030303, 109.0909090909091, 115.15151515151516, 121.21212121212122, 127.27272727272727, 133.33333333333334, 139.3939393939394, 145.45454545454544, 151.5151515151515, 157.57575757575756, 163.63636363636363, 169.6969696969697, 175.75757575757575, 181.8181818181818, 187.87878787878788, 193.93939393939394, 200.0, 206.06060606060606, 212.12121212121212, 218.1818181818182, 224.24242424242425, 230.3030303030303, 236.36363636363637, 242.42424242424244, 248.48484848484847, 254.54545454545453, 260.6060606060606, 266.6666666666667, 272.72727272727275, 278.7878787878788, 284.8484848484849, 290.9090909090909, 296.96969696969694, 303.030303030303, 309.09090909090907, 315.1515151515151, 321.2121212121212, 327.27272727272725, 333.3333333333333, 339.3939393939394, 345.45454545454544, 351.5151515151515, 357.57575757575756, 363.6363636363636, 369.6969696969697, 375.75757575757575, 381.8181818181818, 387.8787878787879, 393.93939393939394, 400.0, 406.06060606060606, 412.1212121212121, 418.1818181818182, 424.24242424242425, 430.3030303030303, 436.3636363636364, 442.42424242424244, 448.4848484848485, 454.54545454545456, 460.6060606060606, 466.6666666666667, 472.72727272727275, 478.7878787878788, 484.8484848484849, 490.9090909090909, 496.96969696969694, 503.030303030303, 509.09090909090907, 515.1515151515151, 521.2121212121212, 527.2727272727273, 533.3333333333334, 539.3939393939394, 545.4545454545455, 551.5151515151515, 557.5757575757576, 563.6363636363636, 569.6969696969697, 575.7575757575758, 581.8181818181818, 587.8787878787879, 593.9393939393939, 600.0],
         "dplt_at_force_location": -5.03942871093748,
         "maximum_dplt": -5.03942871093748,
         "location_max_dplt": 600.0
    },
     "metadata": {
         "error_code": 0,
         "model": "BendingTestAnalytical",
         "load_case": "Cantilever",
         "description": "",
         "job_name": "",
         "persistent_result_files": "",
         "n_cpus": 1,
         "date": "2026-06-16 18:12:03.016387",
         "cpu_time": 0.22616887092590332,
         "user": "sebastien.bocquet",
         "machine": "PCBM20250036",
         "vims_git_version": "5cd5cf5ab4caf1fa2c2190f0396e06b5b5639fd0",
         "directory_archive_root": "C:\\Users\\sebastien.bocquet\\Dev\\vimseo\\docs\\runnable_examples\\model_runs\\archive\\calibration_scalars",
         "directory_archive_job": "C:\\Users\\sebastien.bocquet\\Dev\\vimseo\\docs\\runnable_examples\\model_runs\\archive\\calibration_scalars\\BendingTestAnalytical\\Cantilever\\836",
         "directory_scratch_root": "C:\\Users\\sebastien.bocquet\\Dev\\vimseo\\docs\\runnable_examples\\model_runs\\scratch\\calibration_scalars",
         "directory_scratch_job": ""
    }
}