{
     "inputs": {
         "young_modulus": 219749.17700239795,
         "Cantilever:length": 600.0,
         "Cantilever:width": 30.57470703125,
         "Cantilever:height": 39.9837646484375,
         "Cantilever:imposed_dplt": -5.054931640625,
         "Cantilever:relative_dplt_location": 1.0,
         "Cantilever:nu_p": 0.3
    },
     "outputs": {
         "length": 600.0,
         "width": 30.57470703125,
         "height": 39.9837646484375,
         "imposed_dplt": -5.054931640625,
         "relative_dplt_location": 1.0,
         "nu_p": 0.3,
         "reaction_forces": -2512.708756877956,
         "moment": [1507625.2541267737, 0.0],
         "moment_grid": [0.0, 600.0],
         "dplt": [0.0, -0.0007710302523371669, -0.0030737016816143755, -0.006892385296230211, -0.012211452104583246, -0.01901527311507204, -0.02728821933609516, -0.03701466177605119, -0.048178971443338686, -0.060765519346356205, -0.07475867649350233, -0.09014281389317566, -0.10690230255377471, -0.1250215134836981, -0.14448481769134439, -0.16527658618511212, -0.18738118997339995, -0.2107830000646064, -0.23546638746713006, -0.261415723189369, -0.2886153782397227, -0.31704972362658923, -0.3467031303583673, -0.37755996944345543, -0.40960461189025194, -0.44282142870715585, -0.47719479090256545, -0.5127090694848794, -0.5493486354624962, -0.5870978598438145, -0.6259411136372328, -0.6658627678511498, -0.7068471934939639, -0.7488787615740737, -0.7919418430998781, -0.8360208090797749, -0.8811000305221637, -0.9271638784354421, -0.9741967238280094, -1.0221829377082636, -1.0711068910846038, -1.120952954965428, -1.1717055003591352, -1.223348898274124, -1.2758675197187928, -1.3292457357015401, -1.3834679172307647, -1.4385184353148643, -1.494381660962239, -1.5510419651812863, -1.608483718980405, -1.6666912933679943, -1.7256490593524516, -1.785341387942176, -1.8457526501455668, -1.9068672169710212, -1.968669459426939, -2.0311437485217185, -2.094274455263757, -2.1580459506614544, -2.22244260572321, -2.28744879145742, -2.3530488788724857, -2.419227238976802, -2.4859682427787724, -2.553256261286791, -2.6210756655092586, -2.6894108264545733, -2.7582461151311346, -2.827565902547339, -2.8973545597115873, -2.9675964576322764, -3.0382759673178055, -3.109377459776573, -3.1808853060169793, -3.252783877047419, -3.3250575438762944, -3.3976906775120015, -3.470667648962942, -3.543972829237511, -3.61759058934411, -3.691505300291133, -3.7657013330869837, -3.840163058740059, -3.9148748482587568, -3.989821072651477, -4.064986102926616, -4.140354310092573, -4.21591006515775, -4.29163773913054, -4.367521703019346, -4.443546327832563, -4.519695984578593, -4.595955044265831, -4.672307877902681, -4.7487388564975355, -4.825232351058795, -4.901772732594862, -4.978344372114128, -5.054931640624999],
         "dplt_grid": [0.0, 6.0606060606060606, 12.121212121212121, 18.18181818181818, 24.242424242424242, 30.303030303030305, 36.36363636363636, 42.42424242424242, 48.484848484848484, 54.54545454545455, 60.60606060606061, 66.66666666666667, 72.72727272727272, 78.78787878787878, 84.84848484848484, 90.9090909090909, 96.96969696969697, 103.03030303030303, 109.0909090909091, 115.15151515151516, 121.21212121212122, 127.27272727272727, 133.33333333333334, 139.3939393939394, 145.45454545454544, 151.5151515151515, 157.57575757575756, 163.63636363636363, 169.6969696969697, 175.75757575757575, 181.8181818181818, 187.87878787878788, 193.93939393939394, 200.0, 206.06060606060606, 212.12121212121212, 218.1818181818182, 224.24242424242425, 230.3030303030303, 236.36363636363637, 242.42424242424244, 248.48484848484847, 254.54545454545453, 260.6060606060606, 266.6666666666667, 272.72727272727275, 278.7878787878788, 284.8484848484849, 290.9090909090909, 296.96969696969694, 303.030303030303, 309.09090909090907, 315.1515151515151, 321.2121212121212, 327.27272727272725, 333.3333333333333, 339.3939393939394, 345.45454545454544, 351.5151515151515, 357.57575757575756, 363.6363636363636, 369.6969696969697, 375.75757575757575, 381.8181818181818, 387.8787878787879, 393.93939393939394, 400.0, 406.06060606060606, 412.1212121212121, 418.1818181818182, 424.24242424242425, 430.3030303030303, 436.3636363636364, 442.42424242424244, 448.4848484848485, 454.54545454545456, 460.6060606060606, 466.6666666666667, 472.72727272727275, 478.7878787878788, 484.8484848484849, 490.9090909090909, 496.96969696969694, 503.030303030303, 509.09090909090907, 515.1515151515151, 521.2121212121212, 527.2727272727273, 533.3333333333334, 539.3939393939394, 545.4545454545455, 551.5151515151515, 557.5757575757576, 563.6363636363636, 569.6969696969697, 575.7575757575758, 581.8181818181818, 587.8787878787879, 593.9393939393939, 600.0],
         "dplt_at_force_location": -5.054931640624999,
         "maximum_dplt": -5.054931640624999,
         "location_max_dplt": 600.0
    },
     "metadata": {
         "error_code": 0,
         "model": "BendingTestAnalytical",
         "load_case": "Cantilever",
         "description": "",
         "job_name": "",
         "persistent_result_files": "",
         "n_cpus": 1,
         "date": "2026-06-16 18:11:18.727202",
         "cpu_time": 0.3011760711669922,
         "user": "sebastien.bocquet",
         "machine": "PCBM20250036",
         "vims_git_version": "5cd5cf5ab4caf1fa2c2190f0396e06b5b5639fd0",
         "directory_archive_root": "C:\\Users\\sebastien.bocquet\\Dev\\vimseo\\docs\\runnable_examples\\model_runs\\archive\\calibration_scalars",
         "directory_archive_job": "C:\\Users\\sebastien.bocquet\\Dev\\vimseo\\docs\\runnable_examples\\model_runs\\archive\\calibration_scalars\\BendingTestAnalytical\\Cantilever\\685",
         "directory_scratch_root": "C:\\Users\\sebastien.bocquet\\Dev\\vimseo\\docs\\runnable_examples\\model_runs\\scratch\\calibration_scalars",
         "directory_scratch_job": ""
    }
}