{
     "inputs": {
         "young_modulus": 210000.0,
         "nu_p": 0.3,
         "length": 600.0,
         "width": 30.0,
         "height": 40.0,
         "imposed_dplt": -5.0,
         "relative_dplt_location": 1.0
    },
     "outputs": {
         "reaction_forces": -2333.3333333333335,
         "moment": [1400000.0, 0.0],
         "moment_grid": [0.0, 600.0],
         "dplt": [0.0, -0.0007626515125749902, -0.003040299948778674, -0.006817486156329131, -0.01207875098294444, -0.018808635276342675, -0.02699167988424188, -0.036612425654360174, -0.04765541343441561, -0.06010518407212624, -0.07394627841521016, -0.08916323731138547, -0.10574060160837018, -0.12366291215388243, -0.14291470979564033, -0.1634805353813618, -0.18534492975876507, -0.2084924337755682, -0.23290758827948913, -0.25857493411824595, -0.28547901213955695, -0.31360436319114, -0.3429355281207134, -0.37345704777599487, -0.4051534630047027, -0.43800931465455495, -0.4720091435732698, -0.5071374906085651, -0.5433788966081592, -0.5807179024197697, -0.6191390488911154, -0.6586268768699137, -0.699165927203883, -0.7407407407407413, -0.7833358583282068, -0.8269358208139973, -0.8715251690458311, -0.9170884438714262, -0.9636101861385005, -1.0110749366947727, -1.0594672363879598, -1.108771626065781, -1.1589726465759536, -1.2100548387661965, -1.2620027434842265, -1.3148009015777626, -1.3684338538945227, -1.422886141282225, -1.4781423045885869, -1.5341868846613274, -1.591004422348164, -1.6485794584968152, -1.7068965339549986, -1.7659401895704328, -1.8256949661908355, -1.8861454046639246, -1.9472760458374185, -2.0090714305590356, -2.071516099676493, -2.1345945940375097, -2.1982914544898033, -2.2625912218810917, -2.3274784370590944, -2.392937640871526, -2.45895337416611, -2.5255101777905593, -2.592592592592595, -2.6601851594199326, -2.728272419120294, -2.7968389125413937, -2.865869180530952, -2.9353477639366847, -3.005259203606313, -3.075588040387552, -3.1463188151281223, -3.2174360686757395, -3.288924341878124, -3.3607681755829915, -3.432952110638063, -3.505460687891054, -3.5782784481896837, -3.651389932381669, -3.72477968131473, -3.7984322358365836, -3.872332136794947, -3.9464639250375417, -4.020812141412082, -4.0953613267662865, -4.170096021947877, -4.245000767804566, -4.320060105184076, -4.39525857493412, -4.470580717902424, -4.546011074936697, -4.621534186884665, -4.69713459459404, -4.772796838912544, -4.848505460687894, -4.924245000767806, -5.0000000000000036],
         "dplt_grid": [0.0, 6.0606060606060606, 12.121212121212121, 18.18181818181818, 24.242424242424242, 30.303030303030305, 36.36363636363636, 42.42424242424242, 48.484848484848484, 54.54545454545455, 60.60606060606061, 66.66666666666667, 72.72727272727272, 78.78787878787878, 84.84848484848484, 90.9090909090909, 96.96969696969697, 103.03030303030303, 109.0909090909091, 115.15151515151516, 121.21212121212122, 127.27272727272727, 133.33333333333334, 139.3939393939394, 145.45454545454544, 151.5151515151515, 157.57575757575756, 163.63636363636363, 169.6969696969697, 175.75757575757575, 181.8181818181818, 187.87878787878788, 193.93939393939394, 200.0, 206.06060606060606, 212.12121212121212, 218.1818181818182, 224.24242424242425, 230.3030303030303, 236.36363636363637, 242.42424242424244, 248.48484848484847, 254.54545454545453, 260.6060606060606, 266.6666666666667, 272.72727272727275, 278.7878787878788, 284.8484848484849, 290.9090909090909, 296.96969696969694, 303.030303030303, 309.09090909090907, 315.1515151515151, 321.2121212121212, 327.27272727272725, 333.3333333333333, 339.3939393939394, 345.45454545454544, 351.5151515151515, 357.57575757575756, 363.6363636363636, 369.6969696969697, 375.75757575757575, 381.8181818181818, 387.8787878787879, 393.93939393939394, 400.0, 406.06060606060606, 412.1212121212121, 418.1818181818182, 424.24242424242425, 430.3030303030303, 436.3636363636364, 442.42424242424244, 448.4848484848485, 454.54545454545456, 460.6060606060606, 466.6666666666667, 472.72727272727275, 478.7878787878788, 484.8484848484849, 490.9090909090909, 496.96969696969694, 503.030303030303, 509.09090909090907, 515.1515151515151, 521.2121212121212, 527.2727272727273, 533.3333333333334, 539.3939393939394, 545.4545454545455, 551.5151515151515, 557.5757575757576, 563.6363636363636, 569.6969696969697, 575.7575757575758, 581.8181818181818, 587.8787878787879, 593.9393939393939, 600.0],
         "dplt_at_force_location": -5.0000000000000036,
         "maximum_dplt": -5.0000000000000036,
         "location_max_dplt": 600.0
    },
     "metadata": {
         "error_code": 0,
         "model": "BendingTestAnalytical",
         "load_case": "Cantilever",
         "description": "",
         "job_name": "",
         "persistent_result_files": "",
         "n_cpus": 1,
         "date": "2026-05-11 16:23:44.224504",
         "cpu_time": 0.019741535186767578,
         "user": "sebastien.bocquet",
         "machine": "IPF7101",
         "vims_git_version": "bd04719587923889b30edb372ef71eeaeb4c168d",
         "directory_archive_root": "/home/sebastien.bocquet/PycharmProjects/vimseo/docs/runnable_examples/model_runs/archive/basic_usage",
         "directory_archive_job": "/home/sebastien.bocquet/PycharmProjects/vimseo/docs/runnable_examples/model_runs/archive/basic_usage/BendingTestAnalytical/Cantilever/3",
         "directory_scratch_root": "/home/sebastien.bocquet/PycharmProjects/vimseo/docs/runnable_examples/model_runs/scratch/basic_usage",
         "directory_scratch_job": ""
    }
}