{
     "inputs": {
         "young_modulus": 230000.0,
         "Cantilever:length": 600.0,
         "Cantilever:width": 29.6859130859375,
         "Cantilever:height": 39.2109375,
         "Cantilever:imposed_dplt": -5.0167236328125,
         "Cantilever:relative_dplt_location": 1.0,
         "Cantilever:nu_p": 0.3
    },
     "outputs": {
         "length": 600.0,
         "width": 29.6859130859375,
         "height": 39.2109375,
         "imposed_dplt": -5.0167236328125,
         "relative_dplt_location": 1.0,
         "nu_p": 0.3,
         "reaction_forces": -2390.0465520999205,
         "moment": [1434027.9312599523, 0.0],
         "moment_grid": [0.0, 600.0],
         "dplt": [0.0, -0.0007652023733470308, -0.0030504689207753208, -0.006840288783365681, -0.012119151102198918, -0.01887154501835583, -0.027081959672917204, -0.036734884206963865, -0.047814807761576615, -0.06030621947783624, -0.07419360849682355, -0.08946146395961935, -0.10609427500730441, -0.12407653078095959, -0.14339272042166573, -0.16402733307050346, -0.18596485786855377, -0.20918978395689744, -0.23368660047661516, -0.25943979656878785, -0.2864338613744963, -0.3146532840348212, -0.34408255369084356, -0.37470615948364405, -0.4065085905543032, -0.4394743360439024, -0.473587885093522, -0.508833726844243, -0.5451963504371462, -0.5826602450133124, -0.6212098997138222, -0.6608298036797569, -0.7015044460521965, -0.7432183159722225, -0.7859559025809155, -0.8297016950193564, -0.8744401824286258, -0.9201558539498044, -0.9668331987239732, -1.0144567058922132, -1.063010864595605, -1.112480163975229, -1.1628490931721667, -1.2141021413274986, -1.2662237975823059, -1.3191985510776685, -1.3730108909546677, -1.427645306354384, -1.4830862864178986, -1.5393183202862926, -1.5963258971006462, -1.654093506002041, -1.712605636131557, -1.7718467766302746, -1.831801416639276, -1.892454045299641, -1.9537891517524502, -2.015791225138785, -2.0784447545997264, -2.141734229276355, -2.205644138309751, -2.2701589708409955, -2.335263216011171, -2.4009413629613543, -2.4671779008326307, -2.533957318766078, -2.6012641059027786, -2.6690827513838116, -2.7373977443502606, -2.8061935739432027, -2.8754547293037227, -2.9451656995728976, -3.0153109738918107, -3.0858750414015415, -3.1568423912431736, -3.228197512557783, -3.299924894486455, -3.3720090261702667, -3.4444343967503026, -3.5171854953676402, -3.5902468111633636, -3.663602833278549, -3.737238050854281, -3.81113695303164, -3.8852840289517054, -3.9596637677555595, -4.034260658584283, -4.109059190578955, -4.184043852880658, -4.25919913463047, -4.3345095249694765, -4.409959513038755, -4.485533587979386, -4.561216238932452, -4.6369919550390355, -4.712845225440211, -4.788760539277065, -4.864722385690678, -4.940715253822128, -5.016723632812498],
         "dplt_grid": [0.0, 6.0606060606060606, 12.121212121212121, 18.18181818181818, 24.242424242424242, 30.303030303030305, 36.36363636363636, 42.42424242424242, 48.484848484848484, 54.54545454545455, 60.60606060606061, 66.66666666666667, 72.72727272727272, 78.78787878787878, 84.84848484848484, 90.9090909090909, 96.96969696969697, 103.03030303030303, 109.0909090909091, 115.15151515151516, 121.21212121212122, 127.27272727272727, 133.33333333333334, 139.3939393939394, 145.45454545454544, 151.5151515151515, 157.57575757575756, 163.63636363636363, 169.6969696969697, 175.75757575757575, 181.8181818181818, 187.87878787878788, 193.93939393939394, 200.0, 206.06060606060606, 212.12121212121212, 218.1818181818182, 224.24242424242425, 230.3030303030303, 236.36363636363637, 242.42424242424244, 248.48484848484847, 254.54545454545453, 260.6060606060606, 266.6666666666667, 272.72727272727275, 278.7878787878788, 284.8484848484849, 290.9090909090909, 296.96969696969694, 303.030303030303, 309.09090909090907, 315.1515151515151, 321.2121212121212, 327.27272727272725, 333.3333333333333, 339.3939393939394, 345.45454545454544, 351.5151515151515, 357.57575757575756, 363.6363636363636, 369.6969696969697, 375.75757575757575, 381.8181818181818, 387.8787878787879, 393.93939393939394, 400.0, 406.06060606060606, 412.1212121212121, 418.1818181818182, 424.24242424242425, 430.3030303030303, 436.3636363636364, 442.42424242424244, 448.4848484848485, 454.54545454545456, 460.6060606060606, 466.6666666666667, 472.72727272727275, 478.7878787878788, 484.8484848484849, 490.9090909090909, 496.96969696969694, 503.030303030303, 509.09090909090907, 515.1515151515151, 521.2121212121212, 527.2727272727273, 533.3333333333334, 539.3939393939394, 545.4545454545455, 551.5151515151515, 557.5757575757576, 563.6363636363636, 569.6969696969697, 575.7575757575758, 581.8181818181818, 587.8787878787879, 593.9393939393939, 600.0],
         "dplt_at_force_location": -5.016723632812498,
         "maximum_dplt": -5.016723632812498,
         "location_max_dplt": 600.0
    },
     "metadata": {
         "error_code": 0,
         "model": "BendingTestAnalytical",
         "load_case": "Cantilever",
         "description": "",
         "job_name": "",
         "persistent_result_files": "",
         "n_cpus": 1,
         "date": "2026-03-26 14:57:30.093961",
         "cpu_time": 0.004790067672729492,
         "user": "sebastien.bocquet",
         "machine": "IPF7101",
         "vims_git_version": "d0050d8de498c8354552cdde540fb3e524454871",
         "directory_archive_root": "/home/sebastien.bocquet/PycharmProjects/vimseo/docs/runnable_examples/model_runs/archive/calibration_coupled",
         "directory_archive_job": "/home/sebastien.bocquet/PycharmProjects/vimseo/docs/runnable_examples/model_runs/archive/calibration_coupled/BendingTestAnalytical/Cantilever/14",
         "directory_scratch_root": "/home/sebastien.bocquet/PycharmProjects/vimseo/docs/runnable_examples/model_runs/scratch/calibration_coupled",
         "directory_scratch_job": ""
    }
}