{
     "inputs": {
         "length": 608.302906684096,
         "width": 30.778194529325628,
         "height": 41.740429678585556,
         "imposed_dplt": -4.858031791041686,
         "relative_dplt_location": 0.9027934021819715,
         "young_modulus": 209521.61627982376,
         "nu_p": 0.30052043080461494
    },
     "outputs": {
         "reaction_forces": -3438.8899564683393,
         "moment": [1888541.5616872392, 0.0, 0.0],
         "moment_grid": [0.0, 549.1718506825173, 608.302906684096],
         "dplt": [0.0, -0.0009088280511594211, -0.0036217034108005797, -0.008118212888167815, -0.014377943292505472, -0.022380481433057892, -0.0321054141190694, -0.04353232815978437, -0.05664081036444711, -0.07141044754230196, -0.0878208265025933, -0.10585153405456543, -0.12548215700746268, -0.1466922821705295, -0.16946149635301008, -0.19376938636414884, -0.21959553901319012, -0.24691954110937825, -0.27572097946195756, -0.3059794408801725, -0.3376745121732672, -0.3707857801504862, -0.40529283162107377, -0.4411752533942742, -0.47841263227933184, -0.516984555085491, -0.5568706086219963, -0.598050379698092, -0.640503455123022, -0.6842094217060309, -0.7291478662563633, -0.7752983755832632, -0.8226405364959751, -0.8711539358037433, -0.9208181603158123, -0.9716127968414261, -1.0235174321898293, -1.0765116531702663, -1.1305750465919813, -1.1856871992642186, -1.2418276979962224, -1.2989761295972373, -1.3571120808765076, -1.4162151386432777, -1.4762648897067916, -1.537240920876294, -1.5991228189610294, -1.6618901707702416, -1.7255225631131754, -1.789999582799075, -1.8553008166371847, -1.921405851436749, -1.9882942740070113, -2.0559456711572173, -2.1243396296966113, -2.1934557364344367, -2.2632735781799385, -2.3337727417423606, -2.4049328139309463, -2.4767333815549426, -2.5491540314235914, -2.62217435034614, -2.695773925131829, -2.7699323425899047, -2.844629189529612, -2.919844052760194, -2.9955565190908953, -3.0717461753309614, -3.148392608289634, -3.2254754047761613, -3.302974151599784, -3.3808684355697496, -3.4591378434952995, -3.537761962185681, -3.6167203784501334, -3.695992679097908, -3.775558450938245, -3.8553972807803873, -3.9354887554335836, -4.015812461707075, -4.096347986410106, -4.1770749163519225, -4.257972838341768, -4.339021002291018, -4.420191888058333, -4.501462361030616, -4.582813687719153, -4.664228986543208, -4.745693227830027, -4.827193233814844, -4.908717678640869, -4.990257088359301, -5.071803840929314, -5.153352166218072, -5.234898146000716, -5.316439713960374, -5.3979766556881525, -5.479510608683144, -5.56104506235242, -5.642585358011039],
         "dplt_grid": [0.0, 6.144473804889858, 12.288947609779717, 18.433421414669574, 24.577895219559434, 30.722369024449293, 36.86684282933915, 43.01131663422901, 49.15579043911887, 55.30026424400872, 61.444738048898586, 67.58921185378844, 73.7336856586783, 79.87815946356815, 86.02263326845802, 92.16710707334788, 98.31158087823773, 104.45605468312759, 110.60052848801745, 116.74500229290732, 122.88947609779717, 129.03394990268703, 135.17842370757688, 141.32289751246674, 147.4673713173566, 153.61184512224645, 159.7563189271363, 165.9007927320262, 172.04526653691605, 178.1897403418059, 184.33421414669576, 190.4786879515856, 196.62316175647547, 202.76763556136532, 208.91210936625518, 215.05658317114504, 221.2010569760349, 227.34553078092475, 233.49000458581463, 239.6344783907045, 245.77895219559434, 251.9234260004842, 258.06789980537405, 264.2123736102639, 270.35684741515377, 276.5013212200436, 282.6457950249335, 288.79026882982333, 294.9347426347132, 301.07921643960304, 307.2236902444929, 313.36816404938276, 319.5126378542726, 325.65711165916247, 331.8015854640524, 337.94605926894224, 344.0905330738321, 350.23500687872195, 356.3794806836118, 362.52395448850166, 368.6684282933915, 374.81290209828137, 380.9573759031712, 387.1018497080611, 393.24632351295094, 399.3907973178408, 405.53527112273065, 411.6797449276205, 417.82421873251036, 423.9686925374002, 430.11316634229007, 436.2576401471799, 442.4021139520698, 448.54658775695964, 454.6910615618495, 460.8355353667394, 466.98000917162926, 473.1244829765191, 479.268956781409, 485.41343058629883, 491.5579043911887, 497.70237819607854, 503.8468520009684, 509.99132580585825, 516.1357996107481, 522.2802734156379, 528.4247472205278, 534.5692210254177, 540.7136948303075, 546.8581686351974, 553.0026424400872, 559.1471162449772, 565.291590049867, 571.4360638547569, 577.5805376596467, 583.7250114645366, 589.8694852694264, 596.0139590743163, 602.1584328792061, 608.302906684096],
         "dplt_at_force_location": -4.8578910039414875,
         "maximum_dplt": -5.642585358011039,
         "location_max_dplt": 608.302906684096
    },
     "metadata": {
         "error_code": 0,
         "model": "BendingTestAnalytical",
         "load_case": "Cantilever",
         "description": "",
         "job_name": "",
         "persistent_result_files": "",
         "n_cpus": 1,
         "date": "2026-03-26 14:57:51.479677",
         "cpu_time": 0.0032308101654052734,
         "user": "sebastien.bocquet",
         "machine": "IPF7101",
         "vims_git_version": "d0050d8de498c8354552cdde540fb3e524454871",
         "directory_archive_root": "/home/sebastien.bocquet/PycharmProjects/vimseo/docs/runnable_examples/model_runs/archive/sensitivity",
         "directory_archive_job": "/home/sebastien.bocquet/PycharmProjects/vimseo/docs/runnable_examples/model_runs/archive/sensitivity/BendingTestAnalytical/Cantilever/10",
         "directory_scratch_root": "/home/sebastien.bocquet/PycharmProjects/vimseo/docs/runnable_examples/model_runs/scratch/sensitivity",
         "directory_scratch_job": ""
    }
}