{
     "inputs": {
         "young_modulus": 228846.72309824295,
         "Cantilever:length": 600.0,
         "Cantilever:width": 30.4969482421875,
         "Cantilever:height": 40.7369384765625,
         "Cantilever:imposed_dplt": -5.064697265625,
         "Cantilever:relative_dplt_location": 1.0,
         "Cantilever:nu_p": 0.3
    },
     "outputs": {
         "length": 600.0,
         "width": 30.4969482421875,
         "height": 40.7369384765625,
         "imposed_dplt": -5.064697265625,
         "relative_dplt_location": 1.0,
         "nu_p": 0.3,
         "reaction_forces": -2765.7058664395827,
         "moment": [1659423.5198637496, 0.0],
         "moment_grid": [0.0, 600.0],
         "dplt": [0.0, -0.0007725198060726634, -0.0030796397674518385, -0.006905700698879294, -0.012235043415096802, -0.019052008730846143, -0.027340937460869047, -0.03708617041990733, -0.048272048422702746, -0.06088291228399706, -0.07490310281853203, -0.09031696084104945, -0.10710882716629108, -0.12526304260899873, -0.14476394798391412, -0.165595884105779, -0.1877431917893352, -0.2111902118493245, -0.23592128510048863, -0.261920752357569, -0.28917295443530805, -0.31766223214844724, -0.34737292631172845, -0.37828937773989324, -0.41039592724768337, -0.44367691564984085, -0.4781166837611074, -0.5136995723962247, -0.5504099223699345, -0.5882320744969786, -0.6271503695920988, -0.6671491484700369, -0.7082127519455345, -0.7503255208333335, -0.7934717959481757, -0.8376359181048029, -0.8828022281179567, -0.9289550668023792, -0.9760787749728117, -1.0241576934439962, -1.0731761630306744, -1.1231185245475883, -1.1739691188094794, -1.2257122866310897, -1.2783323688271613, -1.331813706212435, -1.386140639601653, -1.4412975098095573, -1.4972686576508891, -1.554038423940391, -1.6115911494928046, -1.6699111751228717, -1.728982841645333, -1.7887904898749316, -1.8493184606264088, -1.910551094714506, -1.9724727329539657, -2.035067716159529, -2.0983203851459384, -2.162215080727935, -2.2267361437202604, -2.291867914937656, -2.3575947351948665, -2.42390094530663, -2.4907708860876903, -2.558188898352789, -2.6261393229166665, -2.6946065005940656, -2.7635747721997292, -2.833028478548396, -2.902951960454812, -2.973329558733715, -3.044145614199849, -3.1153844676679547, -3.187030459952776, -3.259067931869051, -3.3314812242315255, -3.4042546778549365, -3.477372633554031, -3.550819432143548, -3.6245794144382293, -3.698636921252816, -3.772976293402051, -3.8475818717006773, -3.9224379969634335, -3.997529010005065, -4.072839251640312, -4.148353062683915, -4.224054783950616, -4.2999287562551585, -4.375959320412283, -4.452130817236731, -4.528427587543246, -4.604833972146567, -4.6813343118614394, -4.757912947502601, -4.834554219884796, -4.911242469822766, -4.9879620381312515, -5.064697265624998],
         "dplt_grid": [0.0, 6.0606060606060606, 12.121212121212121, 18.18181818181818, 24.242424242424242, 30.303030303030305, 36.36363636363636, 42.42424242424242, 48.484848484848484, 54.54545454545455, 60.60606060606061, 66.66666666666667, 72.72727272727272, 78.78787878787878, 84.84848484848484, 90.9090909090909, 96.96969696969697, 103.03030303030303, 109.0909090909091, 115.15151515151516, 121.21212121212122, 127.27272727272727, 133.33333333333334, 139.3939393939394, 145.45454545454544, 151.5151515151515, 157.57575757575756, 163.63636363636363, 169.6969696969697, 175.75757575757575, 181.8181818181818, 187.87878787878788, 193.93939393939394, 200.0, 206.06060606060606, 212.12121212121212, 218.1818181818182, 224.24242424242425, 230.3030303030303, 236.36363636363637, 242.42424242424244, 248.48484848484847, 254.54545454545453, 260.6060606060606, 266.6666666666667, 272.72727272727275, 278.7878787878788, 284.8484848484849, 290.9090909090909, 296.96969696969694, 303.030303030303, 309.09090909090907, 315.1515151515151, 321.2121212121212, 327.27272727272725, 333.3333333333333, 339.3939393939394, 345.45454545454544, 351.5151515151515, 357.57575757575756, 363.6363636363636, 369.6969696969697, 375.75757575757575, 381.8181818181818, 387.8787878787879, 393.93939393939394, 400.0, 406.06060606060606, 412.1212121212121, 418.1818181818182, 424.24242424242425, 430.3030303030303, 436.3636363636364, 442.42424242424244, 448.4848484848485, 454.54545454545456, 460.6060606060606, 466.6666666666667, 472.72727272727275, 478.7878787878788, 484.8484848484849, 490.9090909090909, 496.96969696969694, 503.030303030303, 509.09090909090907, 515.1515151515151, 521.2121212121212, 527.2727272727273, 533.3333333333334, 539.3939393939394, 545.4545454545455, 551.5151515151515, 557.5757575757576, 563.6363636363636, 569.6969696969697, 575.7575757575758, 581.8181818181818, 587.8787878787879, 593.9393939393939, 600.0],
         "dplt_at_force_location": -5.064697265624998,
         "maximum_dplt": -5.064697265624998,
         "location_max_dplt": 600.0
    },
     "metadata": {
         "error_code": 0,
         "model": "BendingTestAnalytical",
         "load_case": "Cantilever",
         "description": "",
         "job_name": "",
         "persistent_result_files": "",
         "n_cpus": 1,
         "date": "2026-03-26 14:57:43.151984",
         "cpu_time": 0.006850004196166992,
         "user": "sebastien.bocquet",
         "machine": "IPF7101",
         "vims_git_version": "d0050d8de498c8354552cdde540fb3e524454871",
         "directory_archive_root": "/home/sebastien.bocquet/PycharmProjects/vimseo/docs/runnable_examples/model_runs/archive/calibration_scalars",
         "directory_archive_job": "/home/sebastien.bocquet/PycharmProjects/vimseo/docs/runnable_examples/model_runs/archive/calibration_scalars/BendingTestAnalytical/Cantilever/273",
         "directory_scratch_root": "/home/sebastien.bocquet/PycharmProjects/vimseo/docs/runnable_examples/model_runs/scratch/calibration_scalars",
         "directory_scratch_job": ""
    }
}