{
     "inputs": {
         "young_modulus": 220000.76293945312,
         "Cantilever:length": 600.0,
         "Cantilever:width": 30.5316162109375,
         "Cantilever:height": 39.9625244140625,
         "Cantilever:imposed_dplt": -5.0740966796875,
         "Cantilever:relative_dplt_location": 1.0,
         "Cantilever:nu_p": 0.3
    },
     "outputs": {
         "length": 600.0,
         "width": 30.5316162109375,
         "height": 39.9625244140625,
         "imposed_dplt": -5.0740966796875,
         "relative_dplt_location": 1.0,
         "nu_p": 0.3,
         "reaction_forces": -2517.5477738841046,
         "moment": [1510528.6643304627, 0.0],
         "moment_grid": [0.0, 600.0],
         "dplt": [0.0, -0.0007739535015430812, -0.00308535517507039, -0.0069185167739290315, -0.012257750051466107, -0.01908736676102871, -0.02739167865596393, -0.03715499748961889, -0.04836163501534067, -0.060995902986476364, -0.07504211315637309, -0.09048457727837793, -0.10730760710583799, -0.12549551439210035, -0.14503261089051223, -0.16590320835442054, -0.18809161853717252, -0.21158215319211526, -0.23635912407259574, -0.2624068429319612, -0.2897096215235587, -0.31825177160073526, -0.3480176049168382, -0.37899143322521434, -0.4111575682792108, -0.44450032183217497, -0.4790040056374537, -0.5146529314483942, -0.5514314110183436, -0.5893237561006487, -0.6283142784486571, -0.6683872898157154, -0.709527101955171, -0.7517180266203709, -0.7949443755646622, -0.839190460541392, -0.8844405933039076, -0.9306790856055558, -0.9778902491996836, -1.0260583958396388, -1.0751678372787676, -1.1252028852704175, -1.1761478515679358, -1.2279870479246695, -1.2807047860939655, -1.3342853778291708, -1.388713134883633, -1.4439723690106987, -1.5000473919637152, -1.5569225154960296, -1.6145820513609888, -1.6730103113119408, -1.7321916071022316, -1.7921102504852087, -1.8527505532142194, -1.9140968270426104, -1.976133383723729, -2.0388445350109228, -2.1022145926575377, -2.1662278684169216, -2.230868674042422, -2.2961213212873846, -2.361970121905159, -2.4283993876490895, -2.495393430272525, -2.5629365615288107, -2.6310130931712967, -2.699607336953327, -2.768703604628252, -2.838286207949415, -2.9083394586701665, -2.9788476685438505, -3.049795149323817, -3.121166212763411, -3.192945170615981, -3.2651163346348726, -3.3376640165734344, -3.4105725281850123, -3.4838261812229563, -3.557409287440609, -3.631306158591321, -3.7055011064284358, -3.779978442705305, -3.8547224791752726, -3.929717527591687, -4.004947899707895, -4.080397907277243, -4.156051862053079, -4.231894075788752, -4.307908860237602, -4.384080527152986, -4.460393388288243, -4.536831755396725, -4.613379940231776, -4.690022254546746, -4.766743010094978, -4.843526518629822, -4.920357091904627, -4.997219041672736, -5.074096679687499],
         "dplt_grid": [0.0, 6.0606060606060606, 12.121212121212121, 18.18181818181818, 24.242424242424242, 30.303030303030305, 36.36363636363636, 42.42424242424242, 48.484848484848484, 54.54545454545455, 60.60606060606061, 66.66666666666667, 72.72727272727272, 78.78787878787878, 84.84848484848484, 90.9090909090909, 96.96969696969697, 103.03030303030303, 109.0909090909091, 115.15151515151516, 121.21212121212122, 127.27272727272727, 133.33333333333334, 139.3939393939394, 145.45454545454544, 151.5151515151515, 157.57575757575756, 163.63636363636363, 169.6969696969697, 175.75757575757575, 181.8181818181818, 187.87878787878788, 193.93939393939394, 200.0, 206.06060606060606, 212.12121212121212, 218.1818181818182, 224.24242424242425, 230.3030303030303, 236.36363636363637, 242.42424242424244, 248.48484848484847, 254.54545454545453, 260.6060606060606, 266.6666666666667, 272.72727272727275, 278.7878787878788, 284.8484848484849, 290.9090909090909, 296.96969696969694, 303.030303030303, 309.09090909090907, 315.1515151515151, 321.2121212121212, 327.27272727272725, 333.3333333333333, 339.3939393939394, 345.45454545454544, 351.5151515151515, 357.57575757575756, 363.6363636363636, 369.6969696969697, 375.75757575757575, 381.8181818181818, 387.8787878787879, 393.93939393939394, 400.0, 406.06060606060606, 412.1212121212121, 418.1818181818182, 424.24242424242425, 430.3030303030303, 436.3636363636364, 442.42424242424244, 448.4848484848485, 454.54545454545456, 460.6060606060606, 466.6666666666667, 472.72727272727275, 478.7878787878788, 484.8484848484849, 490.9090909090909, 496.96969696969694, 503.030303030303, 509.09090909090907, 515.1515151515151, 521.2121212121212, 527.2727272727273, 533.3333333333334, 539.3939393939394, 545.4545454545455, 551.5151515151515, 557.5757575757576, 563.6363636363636, 569.6969696969697, 575.7575757575758, 581.8181818181818, 587.8787878787879, 593.9393939393939, 600.0],
         "dplt_at_force_location": -5.074096679687499,
         "maximum_dplt": -5.074096679687499,
         "location_max_dplt": 600.0
    },
     "metadata": {
         "error_code": 0,
         "model": "BendingTestAnalytical",
         "load_case": "Cantilever",
         "description": "",
         "job_name": "",
         "persistent_result_files": "",
         "n_cpus": 1,
         "date": "2026-03-17 09:07:29.998325",
         "cpu_time": 0.12127161026000977,
         "user": "sebastien.bocquet",
         "machine": "B20191729",
         "vims_git_version": "1b6e7132b9faba0cc93317d127a381ee76a8cb8e",
         "directory_archive_root": "C:\\Users\\sebastien.bocquet\\PycharmProjects\\vimseo\\docs\\runnable_examples\\model_runs\\archive\\calibration_scalars",
         "directory_archive_job": "C:\\Users\\sebastien.bocquet\\PycharmProjects\\vimseo\\docs\\runnable_examples\\model_runs\\archive\\calibration_scalars\\BendingTestAnalytical\\Cantilever\\470",
         "directory_scratch_root": "C:\\Users\\sebastien.bocquet\\PycharmProjects\\vimseo\\docs\\runnable_examples\\model_runs\\scratch\\calibration_scalars",
         "directory_scratch_job": ""
    }
}