{
     "inputs": {
         "young_modulus": 229396.2904293925,
         "Cantilever:length": 600.0,
         "Cantilever:width": 29.61376953125,
         "Cantilever:height": 39.2391357421875,
         "Cantilever:imposed_dplt": -4.9503173828125,
         "Cantilever:relative_dplt_location": 1.0,
         "Cantilever:nu_p": 0.3
    },
     "outputs": {
         "length": 600.0,
         "width": 29.61376953125,
         "height": 39.2391357421875,
         "imposed_dplt": -4.9503173828125,
         "relative_dplt_location": 1.0,
         "nu_p": 0.3,
         "reaction_forces": -2351.568771902502,
         "moment": [1410941.263141501, 0.0],
         "moment_grid": [0.0, 600.0],
         "dplt": [0.0, -0.0007550734079456435, -0.0030100899370806068, -0.0067497440453519325, -0.011958730190706673, -0.01862174283109188, -0.026723476424454586, -0.03624862542874187, -0.04718188430190075, -0.05950794750187828, -0.07321150948662151, -0.08827726471407753, -0.10468990764219328, -0.12243413272891593, -0.14149463443219248, -0.16185610720996993, -0.1835032455201954, -0.20642074382081593, -0.23059329656977845, -0.2560055982250301, -0.282642343244518, -0.31048822608618903, -0.3395279412079905, -0.3697461830678692, -0.40112764612377216, -0.43365702483364676, -0.4673190136554397, -0.5020983070470982, -0.5379795994665694, -0.5749475853717999, -0.6129869592207372, -0.6520824154713283, -0.69221864858152, -0.7333803530092596, -0.7755522232124941, -0.8187189536491705, -0.8628652387772358, -0.9079757730546372, -0.9540352509393213, -1.0010283668892357, -1.048939815362327, -1.097754290816543, -1.1474564877098297, -1.198031100500135, -1.2494628236454055, -1.3017363516035887, -1.354836378832631, -1.4087475997904795, -1.4634547089350813, -1.5189424007243844, -1.5751953696163348, -1.63219831006888, -1.689935916539967, -1.748392883487542, -1.8075539053695537, -1.8674036766439477, -1.9279268917686718, -1.989108245201673, -2.0509324314008976, -2.113384144824294, -2.1764480799298083, -2.2401089311753877, -2.3043513930189796, -2.36916015991853, -2.434519926331987, -2.5004153867172967, -2.5668312355324083, -2.6337521672352655, -2.7011628762838193, -2.769048057136012, -2.8373924042497953, -2.9061806120831135, -2.975397375093914, -3.045027387740145, -3.1150553444797526, -3.1854659397706837, -3.2562438680708863, -3.327373823838305, -3.3988405015308913, -3.470628595606587, -3.5427228005233435, -3.6151078107391044, -3.6877683207118204, -3.7606890248994356, -3.8338546177598967, -3.907249793751155, -3.980859247331154, -4.054667672957839, -4.128659765089163, -4.202820218183066, -4.2771337266975005, -4.35158498509041, -4.426158687819745, -4.50083952934345, -4.575612204119474, -4.65046140660576, -4.725371831260259, -4.800328172540917, -4.875315124905679, -4.950317382812497],
         "dplt_grid": [0.0, 6.0606060606060606, 12.121212121212121, 18.18181818181818, 24.242424242424242, 30.303030303030305, 36.36363636363636, 42.42424242424242, 48.484848484848484, 54.54545454545455, 60.60606060606061, 66.66666666666667, 72.72727272727272, 78.78787878787878, 84.84848484848484, 90.9090909090909, 96.96969696969697, 103.03030303030303, 109.0909090909091, 115.15151515151516, 121.21212121212122, 127.27272727272727, 133.33333333333334, 139.3939393939394, 145.45454545454544, 151.5151515151515, 157.57575757575756, 163.63636363636363, 169.6969696969697, 175.75757575757575, 181.8181818181818, 187.87878787878788, 193.93939393939394, 200.0, 206.06060606060606, 212.12121212121212, 218.1818181818182, 224.24242424242425, 230.3030303030303, 236.36363636363637, 242.42424242424244, 248.48484848484847, 254.54545454545453, 260.6060606060606, 266.6666666666667, 272.72727272727275, 278.7878787878788, 284.8484848484849, 290.9090909090909, 296.96969696969694, 303.030303030303, 309.09090909090907, 315.1515151515151, 321.2121212121212, 327.27272727272725, 333.3333333333333, 339.3939393939394, 345.45454545454544, 351.5151515151515, 357.57575757575756, 363.6363636363636, 369.6969696969697, 375.75757575757575, 381.8181818181818, 387.8787878787879, 393.93939393939394, 400.0, 406.06060606060606, 412.1212121212121, 418.1818181818182, 424.24242424242425, 430.3030303030303, 436.3636363636364, 442.42424242424244, 448.4848484848485, 454.54545454545456, 460.6060606060606, 466.6666666666667, 472.72727272727275, 478.7878787878788, 484.8484848484849, 490.9090909090909, 496.96969696969694, 503.030303030303, 509.09090909090907, 515.1515151515151, 521.2121212121212, 527.2727272727273, 533.3333333333334, 539.3939393939394, 545.4545454545455, 551.5151515151515, 557.5757575757576, 563.6363636363636, 569.6969696969697, 575.7575757575758, 581.8181818181818, 587.8787878787879, 593.9393939393939, 600.0],
         "dplt_at_force_location": -4.950317382812497,
         "maximum_dplt": -4.950317382812497,
         "location_max_dplt": 600.0
    },
     "metadata": {
         "error_code": 0,
         "model": "BendingTestAnalytical",
         "load_case": "Cantilever",
         "description": "",
         "job_name": "",
         "persistent_result_files": "",
         "n_cpus": 1,
         "date": "2026-03-26 14:57:42.450583",
         "cpu_time": 0.0056836605072021484,
         "user": "sebastien.bocquet",
         "machine": "IPF7101",
         "vims_git_version": "d0050d8de498c8354552cdde540fb3e524454871",
         "directory_archive_root": "/home/sebastien.bocquet/PycharmProjects/vimseo/docs/runnable_examples/model_runs/archive/calibration_scalars",
         "directory_archive_job": "/home/sebastien.bocquet/PycharmProjects/vimseo/docs/runnable_examples/model_runs/archive/calibration_scalars/BendingTestAnalytical/Cantilever/233",
         "directory_scratch_root": "/home/sebastien.bocquet/PycharmProjects/vimseo/docs/runnable_examples/model_runs/scratch/calibration_scalars",
         "directory_scratch_job": ""
    }
}