{
     "inputs": {
         "young_modulus": 224779.052734375,
         "Cantilever:length": 600.0,
         "Cantilever:width": 30.5047607421875,
         "Cantilever:height": 40.207763671875,
         "Cantilever:imposed_dplt": -5.025146484375,
         "Cantilever:relative_dplt_location": 1.0,
         "Cantilever:nu_p": 0.3
    },
     "outputs": {
         "length": 600.0,
         "width": 30.5047607421875,
         "height": 40.207763671875,
         "imposed_dplt": -5.025146484375,
         "relative_dplt_location": 1.0,
         "nu_p": 0.3,
         "reaction_forces": -2592.317544754418,
         "moment": [1555390.5268526508, 0.0],
         "moment_grid": [0.0, 600.0],
         "dplt": [0.0, -0.0007664871134438978, -0.0030555905198101268, -0.006851773318150513, -0.012139498607516867, -0.018903229486961, -0.027127429055534707, -0.03679656041228982, -0.047895086656278146, -0.06040747088655149, -0.07431817620216165, -0.08961166570216046, -0.10627240248559972, -0.12428484965153126, -0.14363347029900694, -0.1643027275270784, -0.18627708443479762, -0.2095410041212164, -0.2340789496853866, -0.25987538422636, -0.2869147708431883, -0.3151815726349233, -0.34466025270061706, -0.3753352741393211, -0.4071911000500873, -0.44021219353196767, -0.47438301768401386, -0.5096880356052778, -0.5461117103948111, -0.5836385051516657, -0.6222528829748935, -0.6619393069635462, -0.7026822402166755, -0.7444661458333334, -0.7872754869125717, -0.8310947265534421, -0.8759083278549965, -0.9217007539162867, -0.9684564678363645, -1.0161599327142816, -1.0647956116490902, -1.1143479677398416, -1.1648014640855875, -1.2161405637853808, -1.2683497299382722, -1.321413425643314, -1.375316113999558, -1.4300422581060555, -1.4855763210618589, -1.5419027659660194, -1.5990060559175898, -1.6568706540156217, -1.7154810233591662, -1.7748216270472756, -1.8348769281790016, -1.8956313898533956, -1.9570694751695101, -2.0191756472263975, -2.0819343691231076, -2.1453301039586936, -2.209347314832207, -2.2739704648427, -2.339184017089225, -2.4049724346708308, -2.471320180686573, -2.5382117182355017, -2.605631510416668, -2.6735640203291244, -2.7419937110719244, -2.810905045744116, -2.880282487444755, -2.95011049927289, -3.020373544327575, -3.0910560857078613, -3.1621425865128003, -3.2336175098414435, -3.3054653187928444, -3.3776704764660517, -3.4502174459601207, -3.523090690374101, -3.596274672807045, -3.6697538563580046, -3.743512704126031, -3.817535679210177, -3.891807244709494, -3.966311863723035, -4.0410339993498505, -4.11595811468899, -4.191068672839511, -4.266350136900459, -4.341786969970892, -4.417363635149857, -4.493064595536406, -4.568874314229595, -4.644777254328472, -4.720757878932089, -4.796800651139501, -4.872890034049756, -4.949010490761906, -5.025146484375008],
         "dplt_grid": [0.0, 6.0606060606060606, 12.121212121212121, 18.18181818181818, 24.242424242424242, 30.303030303030305, 36.36363636363636, 42.42424242424242, 48.484848484848484, 54.54545454545455, 60.60606060606061, 66.66666666666667, 72.72727272727272, 78.78787878787878, 84.84848484848484, 90.9090909090909, 96.96969696969697, 103.03030303030303, 109.0909090909091, 115.15151515151516, 121.21212121212122, 127.27272727272727, 133.33333333333334, 139.3939393939394, 145.45454545454544, 151.5151515151515, 157.57575757575756, 163.63636363636363, 169.6969696969697, 175.75757575757575, 181.8181818181818, 187.87878787878788, 193.93939393939394, 200.0, 206.06060606060606, 212.12121212121212, 218.1818181818182, 224.24242424242425, 230.3030303030303, 236.36363636363637, 242.42424242424244, 248.48484848484847, 254.54545454545453, 260.6060606060606, 266.6666666666667, 272.72727272727275, 278.7878787878788, 284.8484848484849, 290.9090909090909, 296.96969696969694, 303.030303030303, 309.09090909090907, 315.1515151515151, 321.2121212121212, 327.27272727272725, 333.3333333333333, 339.3939393939394, 345.45454545454544, 351.5151515151515, 357.57575757575756, 363.6363636363636, 369.6969696969697, 375.75757575757575, 381.8181818181818, 387.8787878787879, 393.93939393939394, 400.0, 406.06060606060606, 412.1212121212121, 418.1818181818182, 424.24242424242425, 430.3030303030303, 436.3636363636364, 442.42424242424244, 448.4848484848485, 454.54545454545456, 460.6060606060606, 466.6666666666667, 472.72727272727275, 478.7878787878788, 484.8484848484849, 490.9090909090909, 496.96969696969694, 503.030303030303, 509.09090909090907, 515.1515151515151, 521.2121212121212, 527.2727272727273, 533.3333333333334, 539.3939393939394, 545.4545454545455, 551.5151515151515, 557.5757575757576, 563.6363636363636, 569.6969696969697, 575.7575757575758, 581.8181818181818, 587.8787878787879, 593.9393939393939, 600.0],
         "dplt_at_force_location": -5.025146484375008,
         "maximum_dplt": -5.025146484375008,
         "location_max_dplt": 600.0
    },
     "metadata": {
         "error_code": 0,
         "model": "BendingTestAnalytical",
         "load_case": "Cantilever",
         "description": "",
         "job_name": "",
         "persistent_result_files": "",
         "n_cpus": 1,
         "date": "2026-06-16 18:09:55.476999",
         "cpu_time": 0.18630695343017578,
         "user": "sebastien.bocquet",
         "machine": "PCBM20250036",
         "vims_git_version": "3de96ae2320a30b8a84551033e41da0fca6276ac",
         "directory_archive_root": "C:\\Users\\sebastien.bocquet\\Dev\\vimseo\\docs\\runnable_examples\\model_runs\\archive\\calibration_coupled",
         "directory_archive_job": "C:\\Users\\sebastien.bocquet\\Dev\\vimseo\\docs\\runnable_examples\\model_runs\\archive\\calibration_coupled\\BendingTestAnalytical\\Cantilever\\253",
         "directory_scratch_root": "C:\\Users\\sebastien.bocquet\\Dev\\vimseo\\docs\\runnable_examples\\model_runs\\scratch\\calibration_coupled",
         "directory_scratch_job": ""
    }
}