{
     "inputs": {
         "young_modulus": 219999.96185302734,
         "Cantilever:length": 600.0,
         "Cantilever:width": 30.0101318359375,
         "Cantilever:height": 39.2188720703125,
         "Cantilever:imposed_dplt": -5.0433349609375,
         "Cantilever:relative_dplt_location": 1.0,
         "Cantilever:nu_p": 0.3
    },
     "outputs": {
         "length": 600.0,
         "width": 30.0101318359375,
         "height": 39.2188720703125,
         "imposed_dplt": -5.0433349609375,
         "relative_dplt_location": 1.0,
         "nu_p": 0.3,
         "reaction_forces": -2324.769384105237,
         "moment": [1394861.6304631422, 0.0],
         "moment_grid": [0.0, 600.0],
         "dplt": [0.0, -0.0007692614072762624, -0.003066650204682396, -0.006876573255584424, -0.012183437423348369, -0.018971649571340253, -0.02722561656292609, -0.036929745261471913, -0.04806844253034375, -0.0606261152329076, -0.07458717023252952, -0.0899360143925755, -0.10665705457641154, -0.12473469764740373, -0.14415335046891808, -0.16489741990432055, -0.1869513128169772, -0.21029943607025406, -0.2349261965275171, -0.26081600105213226, -0.28795325650746584, -0.31632236975688366, -0.3459077476637519, -0.37669379709143636, -0.40866492490330303, -0.44180553796271826, -0.4761000431330479, -0.5115328472776579, -0.5480883572599144, -0.5857509799431833, -0.6245051221908307, -0.6643351908662227, -0.705225592832725, -0.7471607349537039, -0.7901250240925255, -0.8341028671125557, -0.8790786708771603, -0.925036842249706, -0.971961788093558, -1.0198379152720825, -1.068649630648646, -1.118381341086614, -1.1690174534493527, -1.2205423746002286, -1.2729405114026071, -1.3261962707198542, -1.3802940594153361, -1.4352182843524186, -1.4909533523944685, -1.547483670404851, -1.6047936452469322, -1.662867683784079, -1.7216901928796564, -1.7812455793970305, -1.8415182501995682, -1.9024926121506345, -1.964153072113596, -2.0264840369518184, -2.089469913528668, -2.1530951087075105, -2.217344029351713, -2.28220108232464, -2.347650674489658, -2.413677212710133, -2.4802651038494323, -2.5473987547709194, -2.6150625723379632, -2.6832409634139265, -2.7519183348621796, -2.8210790935460834, -2.8907076463290085, -2.9607884000743177, -3.031305761645379, -3.102244137905557, -3.1735879357182197, -3.2453215619467306, -3.317429423454458, -3.3898959271047655, -3.462705479761022, -3.5358424882865918, -3.6092913595448404, -3.683036500399135, -3.7570623177128404, -3.831353218349325, -3.905893609171951, -3.980667897044089, -4.055660488829102, -4.130855791390356, -4.20623821159122, -4.281792156295054, -4.357502032365231, -4.4333522466651125, -4.509327206058066, -4.585411317407457, -4.661588987576653, -4.737844623429017, -4.814162631827918, -4.890527419636722, -4.966923393718792, -5.043334960937498],
         "dplt_grid": [0.0, 6.0606060606060606, 12.121212121212121, 18.18181818181818, 24.242424242424242, 30.303030303030305, 36.36363636363636, 42.42424242424242, 48.484848484848484, 54.54545454545455, 60.60606060606061, 66.66666666666667, 72.72727272727272, 78.78787878787878, 84.84848484848484, 90.9090909090909, 96.96969696969697, 103.03030303030303, 109.0909090909091, 115.15151515151516, 121.21212121212122, 127.27272727272727, 133.33333333333334, 139.3939393939394, 145.45454545454544, 151.5151515151515, 157.57575757575756, 163.63636363636363, 169.6969696969697, 175.75757575757575, 181.8181818181818, 187.87878787878788, 193.93939393939394, 200.0, 206.06060606060606, 212.12121212121212, 218.1818181818182, 224.24242424242425, 230.3030303030303, 236.36363636363637, 242.42424242424244, 248.48484848484847, 254.54545454545453, 260.6060606060606, 266.6666666666667, 272.72727272727275, 278.7878787878788, 284.8484848484849, 290.9090909090909, 296.96969696969694, 303.030303030303, 309.09090909090907, 315.1515151515151, 321.2121212121212, 327.27272727272725, 333.3333333333333, 339.3939393939394, 345.45454545454544, 351.5151515151515, 357.57575757575756, 363.6363636363636, 369.6969696969697, 375.75757575757575, 381.8181818181818, 387.8787878787879, 393.93939393939394, 400.0, 406.06060606060606, 412.1212121212121, 418.1818181818182, 424.24242424242425, 430.3030303030303, 436.3636363636364, 442.42424242424244, 448.4848484848485, 454.54545454545456, 460.6060606060606, 466.6666666666667, 472.72727272727275, 478.7878787878788, 484.8484848484849, 490.9090909090909, 496.96969696969694, 503.030303030303, 509.09090909090907, 515.1515151515151, 521.2121212121212, 527.2727272727273, 533.3333333333334, 539.3939393939394, 545.4545454545455, 551.5151515151515, 557.5757575757576, 563.6363636363636, 569.6969696969697, 575.7575757575758, 581.8181818181818, 587.8787878787879, 593.9393939393939, 600.0],
         "dplt_at_force_location": -5.043334960937498,
         "maximum_dplt": -5.043334960937498,
         "location_max_dplt": 600.0
    },
     "metadata": {
         "error_code": 0,
         "model": "BendingTestAnalytical",
         "load_case": "Cantilever",
         "description": "",
         "job_name": "",
         "persistent_result_files": "",
         "n_cpus": 1,
         "date": "2026-03-17 09:06:32.637426",
         "cpu_time": 0.047315120697021484,
         "user": "sebastien.bocquet",
         "machine": "B20191729",
         "vims_git_version": "1b6e7132b9faba0cc93317d127a381ee76a8cb8e",
         "directory_archive_root": "C:\\Users\\sebastien.bocquet\\PycharmProjects\\vimseo\\docs\\runnable_examples\\model_runs\\archive\\calibration_scalars",
         "directory_archive_job": "C:\\Users\\sebastien.bocquet\\PycharmProjects\\vimseo\\docs\\runnable_examples\\model_runs\\archive\\calibration_scalars\\BendingTestAnalytical\\Cantilever\\121",
         "directory_scratch_root": "C:\\Users\\sebastien.bocquet\\PycharmProjects\\vimseo\\docs\\runnable_examples\\model_runs\\scratch\\calibration_scalars",
         "directory_scratch_job": ""
    }
}