{
     "inputs": {
         "young_modulus": 224785.15625,
         "Cantilever:length": 600.0,
         "Cantilever:width": 29.475830078125,
         "Cantilever:height": 39.41650390625,
         "Cantilever:imposed_dplt": -4.92333984375,
         "Cantilever:relative_dplt_location": 1.0,
         "Cantilever:nu_p": 0.3
    },
     "outputs": {
         "length": 600.0,
         "width": 29.475830078125,
         "height": 39.41650390625,
         "imposed_dplt": -4.92333984375,
         "relative_dplt_location": 1.0,
         "nu_p": 0.3,
         "reaction_forces": -2312.1395891658344,
         "moment": [1387283.7534995007, 0.0],
         "moment_grid": [0.0, 600.0],
         "dplt": [0.0, -0.0007509585157513308, -0.0029936859749546234, -0.006712960245533853, -0.011893559195412979, -0.01852026069251595, -0.026577842604766713, -0.03605108280008926, -0.04692475914640751, -0.05918364951164542, -0.07281253176372697, -0.08779618377057612, -0.10411938340011677, -0.12176690852027303, -0.1407235369989687, -0.16097404670412782, -0.18250321550367432, -0.2052958212655323, -0.22933664185762548, -0.25461045514787806, -0.2811020390042139, -0.30879617129455683, -0.33767762988683103, -0.36773119264896026, -0.39894163744886846, -0.4312937421544798, -0.4647722846337182, -0.4993620427545075, -0.5350477943847718, -0.5718143173924348, -0.6096463896454207, -0.6485287890116536, -0.6884462933590569, -0.7293836805555551, -0.7713257284690722, -0.8142572149675316, -0.8581629179188577, -0.9030276151909744, -0.9488360846518056, -0.9955731041692752, -1.043223451611307, -1.0917719048458256, -1.1412032417407543, -1.1915022401640176, -1.242653677983539, -1.2946423330672427, -1.3474529832830524, -1.4010704064988921, -1.455479380582686, -1.5106646834023583, -1.5666110928258319, -1.6233033867210325, -1.680726342955882, -1.7388647393983063, -1.7977033539162284, -1.857226964377572, -1.917420348650261, -1.9782682846022206, -2.0397555501013733, -2.101866923015644, -2.1645871812129562, -2.2279011025612334, -2.2917934649284013, -2.356249046182381, -2.4212526241911005, -2.4867889768224796, -2.5528428819444446, -2.619399117424919, -2.6864424611318274, -2.753957690933092, -2.8219295846966386, -2.890342920290389, -2.95918247558227, -3.0284330284402032, -3.0980793567321143, -3.1681062383259255, -3.238498451089563, -3.309240772890947, -3.3803179815980062, -3.4517148550786616, -3.5234161712008376, -3.595406707832458, -3.667671242841448, -3.7401945540957304, -3.812961419463229, -3.885956616811869, -3.959164924009574, -4.032571118924266, -4.106159979423872, -4.179916283376313, -4.253824808649516, -4.327870333111401, -4.402037634629896, -4.476311491072924, -4.550676680308408, -4.62511798020427, -4.699620168628437, -4.774168023448834, -4.848746322533379, -4.923339843750005],
         "dplt_grid": [0.0, 6.0606060606060606, 12.121212121212121, 18.18181818181818, 24.242424242424242, 30.303030303030305, 36.36363636363636, 42.42424242424242, 48.484848484848484, 54.54545454545455, 60.60606060606061, 66.66666666666667, 72.72727272727272, 78.78787878787878, 84.84848484848484, 90.9090909090909, 96.96969696969697, 103.03030303030303, 109.0909090909091, 115.15151515151516, 121.21212121212122, 127.27272727272727, 133.33333333333334, 139.3939393939394, 145.45454545454544, 151.5151515151515, 157.57575757575756, 163.63636363636363, 169.6969696969697, 175.75757575757575, 181.8181818181818, 187.87878787878788, 193.93939393939394, 200.0, 206.06060606060606, 212.12121212121212, 218.1818181818182, 224.24242424242425, 230.3030303030303, 236.36363636363637, 242.42424242424244, 248.48484848484847, 254.54545454545453, 260.6060606060606, 266.6666666666667, 272.72727272727275, 278.7878787878788, 284.8484848484849, 290.9090909090909, 296.96969696969694, 303.030303030303, 309.09090909090907, 315.1515151515151, 321.2121212121212, 327.27272727272725, 333.3333333333333, 339.3939393939394, 345.45454545454544, 351.5151515151515, 357.57575757575756, 363.6363636363636, 369.6969696969697, 375.75757575757575, 381.8181818181818, 387.8787878787879, 393.93939393939394, 400.0, 406.06060606060606, 412.1212121212121, 418.1818181818182, 424.24242424242425, 430.3030303030303, 436.3636363636364, 442.42424242424244, 448.4848484848485, 454.54545454545456, 460.6060606060606, 466.6666666666667, 472.72727272727275, 478.7878787878788, 484.8484848484849, 490.9090909090909, 496.96969696969694, 503.030303030303, 509.09090909090907, 515.1515151515151, 521.2121212121212, 527.2727272727273, 533.3333333333334, 539.3939393939394, 545.4545454545455, 551.5151515151515, 557.5757575757576, 563.6363636363636, 569.6969696969697, 575.7575757575758, 581.8181818181818, 587.8787878787879, 593.9393939393939, 600.0],
         "dplt_at_force_location": -4.923339843750005,
         "maximum_dplt": -4.923339843750005,
         "location_max_dplt": 600.0
    },
     "metadata": {
         "error_code": 0,
         "model": "BendingTestAnalytical",
         "load_case": "Cantilever",
         "description": "",
         "job_name": "",
         "persistent_result_files": "",
         "n_cpus": 1,
         "date": "2026-06-16 18:09:47.116324",
         "cpu_time": 0.1572132110595703,
         "user": "sebastien.bocquet",
         "machine": "PCBM20250036",
         "vims_git_version": "3de96ae2320a30b8a84551033e41da0fca6276ac",
         "directory_archive_root": "C:\\Users\\sebastien.bocquet\\Dev\\vimseo\\docs\\runnable_examples\\model_runs\\archive\\calibration_coupled",
         "directory_archive_job": "C:\\Users\\sebastien.bocquet\\Dev\\vimseo\\docs\\runnable_examples\\model_runs\\archive\\calibration_coupled\\BendingTestAnalytical\\Cantilever\\237",
         "directory_scratch_root": "C:\\Users\\sebastien.bocquet\\Dev\\vimseo\\docs\\runnable_examples\\model_runs\\scratch\\calibration_coupled",
         "directory_scratch_job": ""
    }
}