{
     "inputs": {
         "length": 597.4116557040231,
         "width": 30.956261877661394,
         "height": 40.3442720997774,
         "imposed_dplt": -15.366712955927122,
         "relative_dplt_location": 0.8625408513066964,
         "young_modulus": 205584.53052588415,
         "nu_p": 0.3125133299512379
    },
     "outputs": {
         "reaction_forces": -11733.983972252758,
         "moment": [6046427.577276296, 0.0, 0.0],
         "moment_grid": [0.0, 515.2919580914911, 597.4116557040231],
         "dplt": [0.0, -0.0031487913134408416, -0.012545806251602037, -0.028117006311241702, -0.04978835298911787, -0.07748580778198857, -0.11113533218661192, -0.1506628876997459, -0.19599443581814857, -0.24705593803857795, -0.3037733558577922, -0.3660726507725493, -0.43387978427960716, -0.5071207178757241, -0.5857214130576582, -0.6696078313221675, -0.7587059341660095, -0.8529416830859431, -0.9522410395787255, -1.0565299651411153, -1.1657344212698706, -1.2797803694617496, -1.39859377121351, -1.52210058802191, -1.6502267813837075, -1.782898312795661, -1.9200411437545275, -2.0615812357570666, -2.2074445503000355, -2.3575570488801914, -2.511844692994294, -2.6702334441391002, -2.8326492638113683, -2.9990181135078573, -3.169265954725323, -3.3433187489605265, -3.5211024577102226, -3.702543042471172, -3.887566464740132, -4.076098686013859, -4.268065667789114, -4.463393371562653, -4.662007758831233, -4.863834791091616, -5.068800429840556, -5.276830636574811, -5.487851372791145, -5.701788599986309, -5.918568279657065, -6.138116373300171, -6.360358842412381, -6.5852216484904575, -6.812630753031156, -7.0425121175312375, -7.274791703487457, -7.509395472396574, -7.746249385755348, -7.985279405060533, -8.226411491808891, -8.46957160749718, -8.714685713622153, -8.961679771680572, -9.210479743169197, -9.46101158958478, -9.713201272424083, -9.966974753183864, -10.222257993360888, -10.4789769544519, -10.737057597953662, -10.996425885362937, -11.25700777817648, -11.518729237891048, -11.781516226003399, -12.0452947040103, -12.309990633408495, -12.575529975694748, -12.841838692365815, -13.10884274491846, -13.376468094849438, -13.644640703655506, -13.913286532833428, -14.18233154387995, -14.451701698291838, -14.721319115496362, -14.99109719433213, -15.26099195522503, -15.530969605575635, -15.801000623958235, -16.071059760120818, -16.341126034985077, -16.61118274064641, -16.88121744037392, -17.151221968610407, -17.42119243097238, -17.691129204250053, -17.961036936407346, -18.23092454658188, -18.500805225084967, -18.770696433401653, -19.040619904190656],
         "dplt_grid": [0.0, 6.034461168727506, 12.068922337455012, 18.103383506182517, 24.137844674910024, 30.17230584363753, 36.206767012365034, 42.241228181092545, 48.27568934982005, 54.31015051854755, 60.34461168727506, 66.37907285600257, 72.41353402473007, 78.44799519345757, 84.48245636218509, 90.5169175309126, 96.5513786996401, 102.5858398683676, 108.6203010370951, 114.65476220582262, 120.68922337455012, 126.72368454327763, 132.75814571200513, 138.79260688073265, 144.82706804946014, 150.86152921818766, 156.89599038691514, 162.93045155564266, 168.96491272437018, 174.99937389309767, 181.0338350618252, 187.06829623055268, 193.1027573992802, 199.1372185680077, 205.1716797367352, 211.20614090546272, 217.2406020741902, 223.27506324291772, 229.30952441164524, 235.34398558037273, 241.37844674910025, 247.41290791782774, 253.44736908655526, 259.4818302552828, 265.51629142401026, 271.55075259273775, 277.5852137614653, 283.6196749301928, 289.6541360989203, 295.6885972676478, 301.7230584363753, 307.7575196051028, 313.7919807738303, 319.82644194255784, 325.8609031112853, 331.8953642800128, 337.92982544874036, 343.96428661746785, 349.99874778619534, 356.0332089549229, 362.0676701236504, 368.10213129237786, 374.13659246110535, 380.1710536298329, 386.2055147985604, 392.2399759672879, 398.2744371360154, 404.3088983047429, 410.3433594734704, 416.3778206421979, 422.41228181092544, 428.4467429796529, 434.4812041483804, 440.51566531710796, 446.55012648583545, 452.58458765456294, 458.6190488232905, 464.653509992018, 470.68797116074546, 476.72243232947295, 482.7568934982005, 488.791354666928, 494.8258158356555, 500.860277004383, 506.8947381731105, 512.9291993418381, 518.9636605105655, 524.998121679293, 531.0325828480205, 537.067044016748, 543.1015051854755, 549.1359663542031, 555.1704275229306, 561.2048886916581, 567.2393498603856, 573.2738110291131, 579.3082721978406, 585.342733366568, 591.3771945352956, 597.4116557040231],
         "dplt_at_force_location": -15.366700159775657,
         "maximum_dplt": -19.040619904190656,
         "location_max_dplt": 597.4116557040231
    },
     "metadata": {
         "error_code": 0,
         "model": "BendingTestAnalytical",
         "load_case": "Cantilever",
         "description": "",
         "job_name": "",
         "persistent_result_files": "",
         "n_cpus": 1,
         "date": "2026-03-17 09:07:44.757584",
         "cpu_time": 0.01946735382080078,
         "user": "sebastien.bocquet",
         "machine": "B20191729",
         "vims_git_version": "1b6e7132b9faba0cc93317d127a381ee76a8cb8e",
         "directory_archive_root": "C:\\Users\\sebastien.bocquet\\PycharmProjects\\vimseo\\docs\\runnable_examples\\model_runs\\archive\\uq",
         "directory_archive_job": "C:\\Users\\sebastien.bocquet\\PycharmProjects\\vimseo\\docs\\runnable_examples\\model_runs\\archive\\uq\\BendingTestAnalytical\\Cantilever\\45",
         "directory_scratch_root": "C:\\Users\\sebastien.bocquet\\PycharmProjects\\vimseo\\docs\\runnable_examples\\model_runs\\scratch\\uq",
         "directory_scratch_job": ""
    }
}