{
     "inputs": {
         "length": 621.1292729979299,
         "width": 29.07863620350515,
         "height": 40.09613263753523,
         "imposed_dplt": -15.438978068524559,
         "relative_dplt_location": 0.9020565831674457,
         "young_modulus": 210468.31332611482,
         "nu_p": 0.3087418238188139
    },
     "outputs": {
         "reaction_forces": -8657.23961968688,
         "moment": [4850597.248615908, 0.0, 0.0],
         "moment_grid": [0.0, 560.2937497057923, 621.1292729979299],
         "dplt": [0.0, -0.0028929956811509826, -0.011528627481956856, -0.025841862538447023, -0.04576766798665086, -0.07124101096259777, -0.10219685860231711, -0.13857017804183822, -0.1802959364171906, -0.22730910086440348, -0.27954463851950634, -0.33693751651852855, -0.3994227019974994, -0.4669351620924487, -0.5394098639394052, -0.6167817746743985, -0.6989858614334585, -0.785957091352614, -0.8776304315678952, -0.9739408492153303, -1.0748233114309493, -1.180212785350782, -1.2900442381108568, -1.4042526368472041, -1.5227729486958523, -1.6455401407928316, -1.7724891802741713, -1.9035550342759002, -2.038672669934048, -2.177777054384644, -2.3208031547637185, -2.4676859382073, -2.6183603718514177, -2.772761422832101, -2.9308240582853804, -3.0924832453472835, -3.2576739511538424, -3.4263311428410823, -3.5983897875450364, -3.7737848524017323, -3.9524513045472007, -4.1343241111174684, -4.319338239248568, -4.507428656076527, -4.698530328737375, -4.892578224367141, -5.089507310101855, -5.289252553077546, -5.491748920430245, -5.69693137929598, -5.904734896810779, -6.115094440110674, -6.327944976331693, -6.543221472609865, -6.760858896081222, -6.98079221388179, -7.2029563931476, -7.427286401014681, -7.653717204619062, -7.8821837710967735, -8.112621067583845, -8.344964061216308, -8.579147719130182, -8.815107008461506, -9.05277689634631, -9.292092349920619, -9.532988336320463, -9.775399822681875, -10.019261776140876, -10.264509163833502, -10.511076952895785, -10.758900110463745, -11.007913603673426, -11.258052399660839, -11.509251465562025, -11.761445768513017, -12.014570275649833, -12.268559954108508, -12.523349771025075, -12.778874693535556, -13.035069688775984, -13.291869723882392, -13.5492097659908, -13.807011205670548, -14.065192217142144, -14.323689680341676, -14.582446027191473, -14.841409227164661, -15.100532787285179, -15.359775752127778, -15.619102703818001, -15.87848376203221, -16.13789458399758, -16.397316364492063, -16.65673583584445, -16.916145267934333, -17.17554246819209, -17.43493078159893, -17.69431909068686, -17.95372181553869],
         "dplt_grid": [0.0, 6.27403306058515, 12.5480661211703, 18.82209918175545, 25.0961322423406, 31.370165302925752, 37.6441983635109, 43.91823142409605, 50.1922644846812, 56.46629754526636, 62.740330605851504, 69.01436366643665, 75.2883967270218, 81.56242978760696, 87.8364628481921, 94.11049590877725, 100.3845289693624, 106.65856202994756, 112.93259509053271, 119.20662815111785, 125.48066121170301, 131.75469427228816, 138.0287273328733, 144.30276039345847, 150.5767934540436, 156.85082651462875, 163.12485957521392, 169.39889263579906, 175.6729256963842, 181.94695875696937, 188.2209918175545, 194.49502487813967, 200.7690579387248, 207.04309099930995, 213.31712405989512, 219.59115712048026, 225.86519018106543, 232.13922324165057, 238.4132563022357, 244.68728936282088, 250.96132242340602, 257.23535548399116, 263.5093885445763, 269.7834216051615, 276.0574546657466, 282.3314877263318, 288.60552078691694, 294.87955384750205, 301.1535869080872, 307.4276199686724, 313.7016530292575, 319.97568608984267, 326.24971915042784, 332.52375221101295, 338.7977852715981, 345.0718183321833, 351.3458513927684, 357.61988445335356, 363.89391751393873, 370.1679505745239, 376.441983635109, 382.7160166956942, 388.99004975627935, 395.26408281686446, 401.5381158774496, 407.8121489380348, 414.0861819986199, 420.3602150592051, 426.63424811979024, 432.90828118037535, 439.1823142409605, 445.4563473015457, 451.73038036213086, 458.00441342271597, 464.27844648330114, 470.5524795438863, 476.8265126044714, 483.1005456650566, 489.37457872564175, 495.64861178622687, 501.92264484681203, 508.1966779073972, 514.4707109679823, 520.7447440285675, 527.0187770891526, 533.2928101497378, 539.566843210323, 545.8408762709081, 552.1149093314932, 558.3889423920784, 564.6629754526635, 570.9370085132487, 577.2110415738339, 583.485074634419, 589.7591076950041, 596.0331407555893, 602.3071738161744, 608.5812068767596, 614.8552399373448, 621.1292729979299],
         "dplt_at_force_location": -15.438507864224201,
         "maximum_dplt": -17.95372181553869,
         "location_max_dplt": 621.1292729979299
    },
     "metadata": {
         "error_code": 0,
         "model": "BendingTestAnalytical",
         "load_case": "Cantilever",
         "description": "",
         "job_name": "",
         "persistent_result_files": "",
         "n_cpus": 1,
         "date": "2026-03-26 14:57:55.234582",
         "cpu_time": 0.0035881996154785156,
         "user": "sebastien.bocquet",
         "machine": "IPF7101",
         "vims_git_version": "d0050d8de498c8354552cdde540fb3e524454871",
         "directory_archive_root": "/home/sebastien.bocquet/PycharmProjects/vimseo/docs/runnable_examples/model_runs/archive/uq",
         "directory_archive_job": "/home/sebastien.bocquet/PycharmProjects/vimseo/docs/runnable_examples/model_runs/archive/uq/BendingTestAnalytical/Cantilever/22",
         "directory_scratch_root": "/home/sebastien.bocquet/PycharmProjects/vimseo/docs/runnable_examples/model_runs/scratch/uq",
         "directory_scratch_job": ""
    }
}