{
     "inputs": {
         "young_modulus": 220000.0,
         "Cantilever:length": 600.0,
         "Cantilever:width": 29.8519287109375,
         "Cantilever:height": 40.728271484375,
         "Cantilever:imposed_dplt": -5.087890625,
         "Cantilever:relative_dplt_location": 1.0,
         "Cantilever:nu_p": 0.3
    },
     "outputs": {
         "length": 600.0,
         "width": 29.8519287109375,
         "height": 40.728271484375,
         "imposed_dplt": -5.087890625,
         "relative_dplt_location": 1.0,
         "nu_p": 0.3,
         "reaction_forces": -2612.8052355084437,
         "moment": [1567683.1413050662, 0.0],
         "moment_grid": [0.0, 600.0],
         "dplt": [0.0, -0.0007760574961944728, -0.003093742721315796, -0.0069373247801708515, -0.012291072777566506, -0.019139255818309622, -0.027466143007207067, -0.03725600344906571, -0.04849310624869242, -0.06116172051089407, -0.07524611534047752, -0.09073055984224965, -0.1075993231210173, -0.12583667428158737, -0.14542688242876675, -0.16635421666736225, -0.18860294610218076, -0.21215733983802917, -0.23700166697971425, -0.2631201966320433, -0.2904971978998226, -0.31911693988785916, -0.3489636917009602, -0.3800217224439322, -0.412275301221582, -0.44570869713871686, -0.4803061793001434, -0.5160520168106685, -0.552930478775099, -0.590925834298242, -0.6300223524849039, -0.670204302439892, -0.7114559532680131, -0.7537615740740738, -0.7971054339628815, -0.8414718020392424, -0.8868449474079638, -0.9332091391738526, -0.9805486464417154, -1.0288477383163592, -1.0780906839025908, -1.1282617523052172, -1.1793452126290451, -1.2313253339788817, -1.2841863854595341, -1.3379126361758078, -1.3924883552325111, -1.4478978117344496, -1.5041252747864315, -1.5611550134932632, -1.6189712969597512, -1.677558394290703, -1.7369005745909245, -1.7969821069652236, -1.857787260518407, -1.9193003043552812, -1.9815055075806525, -2.0443871392993294, -2.1079294686161174, -2.172116764635823, -2.2369332964632553, -2.302363333203219, -2.3683911439605216, -2.4350009978399694, -2.5021771639463717, -2.5699039113845323, -2.6381655092592595, -2.7069462266753606, -2.776230332737642, -2.8460020965509085, -2.916245787219971, -2.9869456738496334, -3.0580860255447044, -3.1296511114099883, -3.2016252005502954, -3.2739925620704287, -3.3467374650751993, -3.4198441786694103, -3.493296971957872, -3.567080114045388, -3.641177874036767, -3.7155745210368143, -3.7902543241503395, -3.8652015524821475, -3.9404004751370456, -4.015835361219841, -4.091490479835341, -4.16735010008835, -4.243398491083678, -4.3196199219261295, -4.395998661720514, -4.472518979571634, -4.5491651445842995, -4.625921425863318, -4.702772092513495, -4.779701413639637, -4.856693658346552, -4.933733095739046, -5.010803994921927, -5.087890625000003],
         "dplt_grid": [0.0, 6.0606060606060606, 12.121212121212121, 18.18181818181818, 24.242424242424242, 30.303030303030305, 36.36363636363636, 42.42424242424242, 48.484848484848484, 54.54545454545455, 60.60606060606061, 66.66666666666667, 72.72727272727272, 78.78787878787878, 84.84848484848484, 90.9090909090909, 96.96969696969697, 103.03030303030303, 109.0909090909091, 115.15151515151516, 121.21212121212122, 127.27272727272727, 133.33333333333334, 139.3939393939394, 145.45454545454544, 151.5151515151515, 157.57575757575756, 163.63636363636363, 169.6969696969697, 175.75757575757575, 181.8181818181818, 187.87878787878788, 193.93939393939394, 200.0, 206.06060606060606, 212.12121212121212, 218.1818181818182, 224.24242424242425, 230.3030303030303, 236.36363636363637, 242.42424242424244, 248.48484848484847, 254.54545454545453, 260.6060606060606, 266.6666666666667, 272.72727272727275, 278.7878787878788, 284.8484848484849, 290.9090909090909, 296.96969696969694, 303.030303030303, 309.09090909090907, 315.1515151515151, 321.2121212121212, 327.27272727272725, 333.3333333333333, 339.3939393939394, 345.45454545454544, 351.5151515151515, 357.57575757575756, 363.6363636363636, 369.6969696969697, 375.75757575757575, 381.8181818181818, 387.8787878787879, 393.93939393939394, 400.0, 406.06060606060606, 412.1212121212121, 418.1818181818182, 424.24242424242425, 430.3030303030303, 436.3636363636364, 442.42424242424244, 448.4848484848485, 454.54545454545456, 460.6060606060606, 466.6666666666667, 472.72727272727275, 478.7878787878788, 484.8484848484849, 490.9090909090909, 496.96969696969694, 503.030303030303, 509.09090909090907, 515.1515151515151, 521.2121212121212, 527.2727272727273, 533.3333333333334, 539.3939393939394, 545.4545454545455, 551.5151515151515, 557.5757575757576, 563.6363636363636, 569.6969696969697, 575.7575757575758, 581.8181818181818, 587.8787878787879, 593.9393939393939, 600.0],
         "dplt_at_force_location": -5.087890625000003,
         "maximum_dplt": -5.087890625000003,
         "location_max_dplt": 600.0
    },
     "metadata": {
         "error_code": 0,
         "model": "BendingTestAnalytical",
         "load_case": "Cantilever",
         "description": "",
         "job_name": "",
         "persistent_result_files": "",
         "n_cpus": 1,
         "date": "2026-03-17 09:05:55.524554",
         "cpu_time": 0.009207725524902344,
         "user": "sebastien.bocquet",
         "machine": "B20191729",
         "vims_git_version": "1b6e7132b9faba0cc93317d127a381ee76a8cb8e",
         "directory_archive_root": "C:\\Users\\sebastien.bocquet\\PycharmProjects\\vimseo\\docs\\runnable_examples\\model_runs\\archive\\calibration_coupled",
         "directory_archive_job": "C:\\Users\\sebastien.bocquet\\PycharmProjects\\vimseo\\docs\\runnable_examples\\model_runs\\archive\\calibration_coupled\\BendingTestAnalytical\\Cantilever\\7",
         "directory_scratch_root": "C:\\Users\\sebastien.bocquet\\PycharmProjects\\vimseo\\docs\\runnable_examples\\model_runs\\scratch\\calibration_coupled",
         "directory_scratch_job": ""
    }
}