{
     "inputs": {
         "length": 596.8932000261494,
         "width": 29.867292062930364,
         "height": 39.17438623747377,
         "imposed_dplt": -15.031565339573579,
         "relative_dplt_location": 0.9158610607550878,
         "young_modulus": 204805.25655390744,
         "nu_p": 0.29711194522599893
    },
     "outputs": {
         "reaction_forces": -8458.80649744641,
         "moment": [4624186.231240852, 0.0, 0.0],
         "moment_grid": [0.0, 546.671239333448, 596.8932000261494],
         "dplt": [0.0, -0.0027325388138140145, -0.010889824176660675, -0.024411359470646973, -0.04323664807787987, -0.06730519338046632, -0.09655649876051324, -0.13093006760012765, -0.17036540328141653, -0.2148020091864868, -0.2641793886974453, -0.31843704519639915, -0.3775144820654551, -0.4413512026867205, -0.5098867104423022, -0.5830605087143068, -0.6608121008848413, -0.7430809903360132, -0.8298066804499294, -0.920928674608697, -1.0163864761944221, -1.1161195885892121, -1.2200675151751743, -1.328169759334415, -1.4403658244490414, -1.5565952139011607, -1.6767974310728806, -1.8009119793463064, -1.928878362103546, -2.060636082726706, -2.1961246445978944, -2.3352835510992165, -2.4780523056127803, -2.6243704115206925, -2.7741773722050604, -2.9274126910479907, -3.084015871431591, -3.243926416737966, -3.407083830349226, -3.573427615647476, -3.7428972760148214, -3.915432314833373, -4.090972235485234, -4.269456541352514, -4.450824735817319, -4.635016322261756, -4.821970804067932, -5.011627684617952, -5.203926467293928, -5.398806655477962, -5.596207752552163, -5.796069261898639, -5.998330686899496, -6.20293153093684, -6.409811297392777, -6.6189094896494165, -6.830165611088866, -7.04351916509323, -7.258909655044615, -7.476276584325132, -7.695559456316886, -7.916697774401983, -8.139631041962527, -8.364298762380631, -8.590640439038397, -8.81859557531794, -9.048103674601354, -9.279104240270758, -9.51153677570825, -9.745340784295946, -9.980455769415947, -10.216821234450356, -10.454376682781291, -10.69306161779085, -10.932815542861144, -11.173577961374276, -11.415288376712361, -11.657886292257496, -11.901311211391796, -12.145502637497367, -12.390400073956307, -12.635943024150736, -12.882070990909913, -13.128718677661427, -13.375816601865159, -13.623301264733973, -13.871113870455472, -14.119200326191974, -14.367511242080544, -14.61600193123296, -14.864632409735748, -15.113367396650144, -15.362176314012132, -15.611033286832416, -15.859917143096425, -16.108811413764336, -16.357704332771032, -16.606588837026155, -16.855462566414044, -17.10432786379379],
         "dplt_grid": [0.0, 6.029224242688378, 12.058448485376756, 18.087672728065133, 24.116896970753512, 30.14612121344189, 36.175345456130266, 42.204569698818645, 48.233793941507024, 54.2630181841954, 60.29224242688378, 66.32146666957216, 72.35069091226053, 78.37991515494892, 84.40913939763729, 90.43836364032568, 96.46758788301405, 102.49681212570242, 108.5260363683908, 114.55526061107918, 120.58448485376756, 126.61370909645593, 132.64293333914432, 138.6721575818327, 144.70138182452106, 150.73060606720944, 156.75983030989784, 162.7890545525862, 168.81827879527458, 174.84750303796295, 180.87672728065135, 186.90595152333972, 192.9351757660281, 198.96440000871647, 204.99362425140484, 211.02284849409324, 217.0520727367816, 223.08129697946998, 229.11052122215835, 235.13974546484675, 241.16896970753513, 247.1981939502235, 253.22741819291187, 259.25664243560027, 265.28586667828864, 271.315090920977, 277.3443151636654, 283.37353940635376, 289.40276364904213, 295.4319878917305, 301.4612121344189, 307.4904363771073, 313.5196606197957, 319.54888486248404, 325.5781091051724, 331.6073333478608, 337.63655759054916, 343.66578183323753, 349.6950060759259, 355.7242303186143, 361.7534545613027, 367.7826788039911, 373.81190304667945, 379.8411272893678, 385.8703515320562, 391.89957577474456, 397.92880001743293, 403.9580242601213, 409.9872485028097, 416.0164727454981, 422.0456969881865, 428.07492123087485, 434.1041454735632, 440.1333697162516, 446.16259395893996, 452.19181820162834, 458.2210424443167, 464.2502666870051, 470.2794909296935, 476.3087151723819, 482.33793941507025, 488.3671636577586, 494.396387900447, 500.42561214313537, 506.45483638582374, 512.4840606285121, 518.5132848712005, 524.5425091138889, 530.5717333565773, 536.6009575992656, 542.630181841954, 548.6594060846423, 554.6886303273308, 560.7178545700192, 566.7470788127075, 572.7763030553959, 578.8055272980843, 584.8347515407727, 590.863975783461, 596.8932000261494],
         "dplt_at_force_location": -15.03134579470995,
         "maximum_dplt": -17.10432786379379,
         "location_max_dplt": 596.8932000261494
    },
     "metadata": {
         "error_code": 0,
         "model": "BendingTestAnalytical",
         "load_case": "Cantilever",
         "description": "",
         "job_name": "",
         "persistent_result_files": "",
         "n_cpus": 1,
         "date": "2026-03-26 14:57:55.637422",
         "cpu_time": 0.003899097442626953,
         "user": "sebastien.bocquet",
         "machine": "IPF7101",
         "vims_git_version": "d0050d8de498c8354552cdde540fb3e524454871",
         "directory_archive_root": "/home/sebastien.bocquet/PycharmProjects/vimseo/docs/runnable_examples/model_runs/archive/uq",
         "directory_archive_job": "/home/sebastien.bocquet/PycharmProjects/vimseo/docs/runnable_examples/model_runs/archive/uq/BendingTestAnalytical/Cantilever/58",
         "directory_scratch_root": "/home/sebastien.bocquet/PycharmProjects/vimseo/docs/runnable_examples/model_runs/scratch/uq",
         "directory_scratch_job": ""
    }
}