{
     "inputs": {
         "length": 598.9423176258477,
         "width": 30.431149159830696,
         "height": 38.67551288815201,
         "imposed_dplt": -15.49012243510635,
         "relative_dplt_location": 0.8837043677210176,
         "young_modulus": 211157.69793708858,
         "nu_p": 0.30738087707908335
    },
     "outputs": {
         "reaction_forces": -9708.505363182567,
         "moment": [5138594.824535138, 0.0, 0.0],
         "moment_grid": [0.0, 529.2879420989107, 598.9423176258477],
         "dplt": [0.0, -0.0030241536365405567, -0.012050348939866905, -0.02700918750053606, -0.04783127090910502, -0.07444720075613082, -0.10678757863217045, -0.14478300612778086, -0.1883640848335191, -0.23746141633994214, -0.29200560223760713, -0.35192724411707077, -0.41715694356889055, -0.4876253021836231, -0.5632629215518252, -0.6440004032640544, -0.7297683489108678, -0.820497360082822, -0.9161180383704737, -1.016562991769076, -1.1217695985789033, -1.2316680020057813, -1.3461876953172258, -1.4652582155293357, -1.5888091434067904, -1.716770103462851, -1.849070763959361, -1.9856408369067444, -2.1264100780640085, -2.271308286938741, -2.4202653067871114, -2.5732110246138715, -2.7300753711723544, -2.8907883209644747, -3.055279892240728, -3.223480147000193, -3.3953191909905294, -3.5707271737079798, -3.749634288397364, -3.93197077205209, -4.1176669054141435, -4.306653012974091, -4.498859462971084, -4.694216667392852, -4.8926550819757075, -5.094105206204548, -5.298497583312849, -5.5057628002826675, -5.715831487844644, -5.928634320478002, -6.144102016410539, -6.362165337618644, -6.58275508982728, -6.805802122509999, -7.031237328888928, -7.2589916459347785, -7.488996054366846, -7.721181578653003, -7.955479287009705, -8.191820291401994, -8.43013574754348, -8.670356854896374, -8.91241485667146, -9.156241039828094, -9.40176673507423, -9.648923316866389, -9.897642203409688, -10.147854856657812, -10.399492782313041, -10.652487529826221, -10.906770692396792, -11.162273906972775, -11.418928854250764, -11.67666725867595, -11.935420888442085, -12.195121555491523, -12.455701115515177, -12.717091467952566, -12.979224555991781, -13.242032366569484, -13.505446930370939, -13.769400321829966, -14.033824659129, -14.298652104199023, -14.563814862719626, -14.829245184118953, -15.094875361573768, -15.360637732009385, -15.626464666041787, -15.892301306024098, -16.158137946006406, -16.423974585988717, -16.68981122597102, -16.95564786595333, -17.22148450593564, -17.48732114591795, -17.753157785900253, -18.01899442588256, -18.28483106586487, -18.55066770584718],
         "dplt_grid": [0.0, 6.049922400261089, 12.099844800522177, 18.149767200783266, 24.199689601044355, 30.249612001305444, 36.29953440156653, 42.34945680182762, 48.39937920208871, 54.4493016023498, 60.49922400261089, 66.54914640287197, 72.59906880313306, 78.64899120339416, 84.69891360365524, 90.74883600391632, 96.79875840417742, 102.84868080443852, 108.8986032046996, 114.94852560496068, 120.99844800522177, 127.04837040548287, 133.09829280574394, 139.14821520600503, 145.19813760626613, 151.24806000652723, 157.29798240678832, 163.3479048070494, 169.39782720731048, 175.44774960757158, 181.49767200783265, 187.54759440809374, 193.59751680835484, 199.64743920861594, 205.69736160887703, 211.7472840091381, 217.7972064093992, 223.8471288096603, 229.89705120992136, 235.94697361018245, 241.99689601044355, 248.04681841070465, 254.09674081096574, 260.14666321122684, 266.1965856114879, 272.246508011749, 278.29643041201007, 284.34635281227116, 290.39627521253226, 296.44619761279336, 302.49612001305445, 308.54604241331555, 314.59596481357664, 320.6458872138377, 326.6958096140988, 332.7457320143599, 338.79565441462097, 344.84557681488207, 350.89549921514316, 356.94542161540426, 362.9953440156653, 369.0452664159264, 375.0951888161875, 381.1451112164486, 387.1950336167097, 393.2449560169708, 399.29487841723187, 405.34480081749297, 411.39472321775406, 417.4446456180151, 423.4945680182762, 429.5444904185373, 435.5944128187984, 441.6443352190595, 447.6942576193206, 453.7441800195817, 459.7941024198427, 465.8440248201038, 471.8939472203649, 477.943869620626, 483.9937920208871, 490.0437144211482, 496.0936368214093, 502.1435592216704, 508.1934816219315, 514.2434040221925, 520.2933264224537, 526.3432488227147, 532.3931712229758, 538.4430936232369, 544.493016023498, 550.5429384237591, 556.5928608240201, 562.6427832242813, 568.6927056245423, 574.7426280248035, 580.7925504250645, 586.8424728253256, 592.8923952255867, 598.9423176258477],
         "dplt_at_force_location": -15.490024314760136,
         "maximum_dplt": -18.55066770584718,
         "location_max_dplt": 598.9423176258477
    },
     "metadata": {
         "error_code": 0,
         "model": "BendingTestAnalytical",
         "load_case": "Cantilever",
         "description": "",
         "job_name": "",
         "persistent_result_files": "",
         "n_cpus": 1,
         "date": "2026-03-17 09:07:44.573167",
         "cpu_time": 0.014894962310791016,
         "user": "sebastien.bocquet",
         "machine": "B20191729",
         "vims_git_version": "1b6e7132b9faba0cc93317d127a381ee76a8cb8e",
         "directory_archive_root": "C:\\Users\\sebastien.bocquet\\PycharmProjects\\vimseo\\docs\\runnable_examples\\model_runs\\archive\\uq",
         "directory_archive_job": "C:\\Users\\sebastien.bocquet\\PycharmProjects\\vimseo\\docs\\runnable_examples\\model_runs\\archive\\uq\\BendingTestAnalytical\\Cantilever\\42",
         "directory_scratch_root": "C:\\Users\\sebastien.bocquet\\PycharmProjects\\vimseo\\docs\\runnable_examples\\model_runs\\scratch\\uq",
         "directory_scratch_job": ""
    }
}