{
     "inputs": {
         "young_modulus": 224782.71484375,
         "ThreePoints:length": 600.0,
         "ThreePoints:width": 30.19287109375,
         "ThreePoints:height": 40.52490234375,
         "ThreePoints:imposed_dplt": -4.916748046875,
         "ThreePoints:relative_support_location": 0.5,
         "ThreePoints:nu_p": 0.3
    },
     "outputs": {
         "length": 600.0,
         "width": 30.19287109375,
         "height": 40.52490234375,
         "imposed_dplt": -4.916748046875,
         "relative_support_location": 0.5,
         "nu_p": 0.3,
         "reaction_forces": -41126.092689799334,
         "moment": [0.0, -6168913.9034699, 0.0],
         "moment_grid": [0.0, 300.0, 600.0],
         "dplt": [0.0, -0.14897716330546057, -0.2978327126000595, -0.4464450338729352, -0.5946925131132262, -0.7424535363100708, -0.8896064894526072, -1.0360297585299743, -1.18160172953131, -1.3262007884457527, -1.4697053212624414, -1.6119937139705138, -1.7529443525591084, -1.8924356230173642, -2.030345911334419, -2.1665536034994117, -2.3009370855014804, -2.4333747433297632, -2.5637449629733986, -2.691926130421525, -2.8177966316632816, -2.941234852687806, -3.062119179484237, -3.1803279980417125, -3.295739694349371, -3.4082326543963513, -3.5176852641717917, -3.6239759096648307, -3.7269829768646066, -3.8265848517602574, -3.9226599203409216, -4.015086568595738, -4.103743182513845, -4.18850814808438, -4.269259851296482, -4.34587667813929, -4.418237014601942, -4.486219246673577, -4.549701760343332, -4.608562941600346, -4.662681176433758, -4.711934850832707, -4.756202350786329, -4.795362062283765, -4.829292371314152, -4.857871663866628, -4.880978325930331, -4.898490743494402, -4.910287302547977, -4.916246389080196, -4.916246389080196, -4.910287302547977, -4.898490743494402, -4.880978325930331, -4.857871663866628, -4.829292371314152, -4.795362062283765, -4.75620235078633, -4.711934850832708, -4.662681176433759, -4.608562941600347, -4.549701760343333, -4.486219246673578, -4.418237014601943, -4.345876678139291, -4.269259851296483, -4.188508148084381, -4.1037431825138455, -4.015086568595739, -3.9226599203409225, -3.8265848517602583, -3.7269829768646074, -3.6239759096648316, -3.5176852641717926, -3.408232654396352, -3.295739694349372, -3.1803279980417134, -3.0621191794842377, -2.9412348526878067, -2.817796631663282, -2.6919261304215256, -2.5637449629734, -2.4333747433297646, -2.3009370855014817, -2.166553603499413, -2.0303459113344204, -1.8924356230173642, -1.7529443525591097, -1.6119937139705134, -1.4697053212624422, -1.3262007884457523, -1.1816017295313106, -1.0360297585299734, -0.8896064894526077, -0.7424535363100697, -0.5946925131132265, -0.4464450338729368, -0.2978327126000596, -0.14897716330546198, -1.3908280993915612e-17],
         "dplt_grid": [0.0, 6.0606060606060606, 12.121212121212121, 18.18181818181818, 24.242424242424242, 30.303030303030305, 36.36363636363636, 42.42424242424242, 48.484848484848484, 54.54545454545455, 60.60606060606061, 66.66666666666667, 72.72727272727272, 78.78787878787878, 84.84848484848484, 90.9090909090909, 96.96969696969697, 103.03030303030303, 109.0909090909091, 115.15151515151516, 121.21212121212122, 127.27272727272727, 133.33333333333334, 139.3939393939394, 145.45454545454544, 151.5151515151515, 157.57575757575756, 163.63636363636363, 169.6969696969697, 175.75757575757575, 181.8181818181818, 187.87878787878788, 193.93939393939394, 200.0, 206.06060606060606, 212.12121212121212, 218.1818181818182, 224.24242424242425, 230.3030303030303, 236.36363636363637, 242.42424242424244, 248.48484848484847, 254.54545454545453, 260.6060606060606, 266.6666666666667, 272.72727272727275, 278.7878787878788, 284.8484848484849, 290.9090909090909, 296.96969696969694, 303.030303030303, 309.09090909090907, 315.1515151515151, 321.2121212121212, 327.27272727272725, 333.3333333333333, 339.3939393939394, 345.45454545454544, 351.5151515151515, 357.57575757575756, 363.6363636363636, 369.6969696969697, 375.75757575757575, 381.8181818181818, 387.8787878787879, 393.93939393939394, 400.0, 406.06060606060606, 412.1212121212121, 418.1818181818182, 424.24242424242425, 430.3030303030303, 436.3636363636364, 442.42424242424244, 448.4848484848485, 454.54545454545456, 460.6060606060606, 466.6666666666667, 472.72727272727275, 478.7878787878788, 484.8484848484849, 490.9090909090909, 496.96969696969694, 503.030303030303, 509.09090909090907, 515.1515151515151, 521.2121212121212, 527.2727272727273, 533.3333333333334, 539.3939393939394, 545.4545454545455, 551.5151515151515, 557.5757575757576, 563.6363636363636, 569.6969696969697, 575.7575757575758, 581.8181818181818, 587.8787878787879, 593.9393939393939, 600.0],
         "dplt_at_force_location": -4.916246389080196,
         "maximum_dplt": -4.916246389080196,
         "location_max_dplt": 296.96969696969694
    },
     "metadata": {
         "error_code": 0,
         "model": "BendingTestAnalytical",
         "load_case": "ThreePoints",
         "description": "",
         "job_name": "",
         "persistent_result_files": "",
         "n_cpus": 1,
         "date": "2026-06-16 18:09:52.995820",
         "cpu_time": 0.1751415729522705,
         "user": "sebastien.bocquet",
         "machine": "PCBM20250036",
         "vims_git_version": "3de96ae2320a30b8a84551033e41da0fca6276ac",
         "directory_archive_root": "C:\\Users\\sebastien.bocquet\\Dev\\vimseo\\docs\\runnable_examples\\model_runs\\archive\\calibration_coupled",
         "directory_archive_job": "C:\\Users\\sebastien.bocquet\\Dev\\vimseo\\docs\\runnable_examples\\model_runs\\archive\\calibration_coupled\\BendingTestAnalytical\\ThreePoints\\248",
         "directory_scratch_root": "C:\\Users\\sebastien.bocquet\\Dev\\vimseo\\docs\\runnable_examples\\model_runs\\scratch\\calibration_coupled",
         "directory_scratch_job": ""
    }
}