{
     "inputs": {
         "length": 605.1565414424111,
         "width": 29.40890679602844,
         "height": 38.76224341053399,
         "imposed_dplt": -14.416477125525127,
         "relative_dplt_location": 0.892631112897937,
         "young_modulus": 201729.43770052484,
         "nu_p": 0.30786187650804286
    },
     "outputs": {
         "reaction_forces": -7900.503520571701,
         "moment": [4267706.293341563, 0.0, 0.0],
         "moment_grid": [0.0, 540.181557065206, 605.1565414424111],
         "dplt": [0.0, -0.0027586380431494, -0.010992772262759437, -0.024639732794072895, -0.04363684977233254, -0.06792145333278113, -0.09743087361066138, -0.13210244074121621, -0.17187348485968817, -0.21668133610132012, -0.26646332460135497, -0.3211567804950352, -0.38069903391760385, -0.44502741500430343, -0.5140792538903771, -0.5877918807110672, -0.6661026256016166, -0.7489488186972684, -0.8362677901332648, -0.9279968700448487, -1.0240733885672633, -1.1244346758357509, -1.2290180619855549, -1.3377608771519176, -1.4506004514700814, -1.56747411507529, -1.6883191981027852, -1.8130730306878102, -1.9416729429656083, -2.0740562650714214, -2.2101603271404926, -2.349922459308064, -2.49327999170938, -2.640170254479682, -2.7905305777542133, -2.9442982916682165, -3.1014107263569337, -3.2618052119556094, -3.4254190785994854, -3.5921896564238036, -3.7620542755638082, -3.93495026615474, -4.1108149583318445, -4.2895856822303635, -4.471199767985539, -4.655594545732612, -4.84270734560683, -5.032475497743431, -5.224836332277661, -5.419727179344763, -5.617085369079976, -5.816848231618546, -6.018953097095713, -6.223337295646726, -6.429938157406821, -6.638693012511242, -6.849539191095236, -7.062414023294039, -7.277254839242899, -7.493998969077062, -7.712583742931761, -7.932946490942244, -8.155024543243757, -8.378755229971535, -8.604075881260824, -8.830923827246874, -9.05923639806492, -9.288950923850201, -9.52000473473797, -9.752335160863462, -9.98587953236193, -10.220575179368604, -10.456359432018731, -10.69316962044756, -10.930943074790326, -11.16961712518227, -11.409129101758646, -11.649416334654687, -11.890416154005637, -12.132065889946743, -12.37430287261325, -12.617064432140388, -12.860287898663412, -13.103910602317564, -13.347869873238077, -13.592103041560206, -13.836531041366861, -14.081086121661203, -14.325727719402929, -14.570421145840099, -14.815137585725859, -15.05985409731846, -15.304553612381227, -15.549224936182577, -15.793862747496028, -16.038467598600178, -16.283045915278702, -16.5276099968204, -16.772178016019122, -17.01677401917383],
         "dplt_grid": [0.0, 6.112692337802133, 12.225384675604266, 18.338077013406398, 24.450769351208532, 30.563461689010666, 36.676154026812796, 42.78884636461493, 48.901538702417064, 55.014231040219194, 61.12692337802133, 67.23961571582346, 73.35230805362559, 79.46500039142772, 85.57769272922987, 91.690385067032, 97.80307740483413, 103.91576974263626, 110.02846208043839, 116.14115441824053, 122.25384675604266, 128.36653909384478, 134.47923143164692, 140.59192376944907, 146.70461610725118, 152.81730844505333, 158.93000078285544, 165.0426931206576, 171.15538545845973, 177.26807779626185, 183.380770134064, 189.4934624718661, 195.60615480966825, 201.7188471474704, 207.83153948527251, 213.94423182307466, 220.05692416087678, 226.16961649867892, 232.28230883648106, 238.39500117428318, 244.50769351208532, 250.62038584988744, 256.73307818768956, 262.84577052549173, 268.95846286329385, 275.07115520109596, 281.18384753889814, 287.29653987670025, 293.40923221450237, 299.52192455230454, 305.63461689010666, 311.7473092279088, 317.8600015657109, 323.97269390351306, 330.0853862413152, 336.1980785791173, 342.31077091691947, 348.4234632547216, 354.5361555925237, 360.64884793032587, 366.761540268128, 372.8742326059301, 378.9869249437322, 385.0996172815344, 391.2123096193365, 397.3250019571386, 403.4376942949408, 409.5503866327429, 415.66307897054503, 421.77577130834715, 427.8884636461493, 434.00115598395143, 440.11384832175355, 446.2265406595557, 452.33923299735784, 458.45192533515996, 464.56461767296213, 470.67731001076424, 476.79000234856636, 482.9026946863685, 489.01538702417065, 495.12807936197277, 501.2407716997749, 507.35346403757706, 513.4661563753791, 519.5788487131813, 525.6915410509835, 531.8042333887855, 537.9169257265877, 544.0296180643899, 550.1423104021919, 556.2550027399941, 562.3676950777963, 568.4803874155983, 574.5930797534005, 580.7057720912027, 586.8184644290047, 592.9311567668069, 599.0438491046091, 605.1565414424111],
         "dplt_at_force_location": -14.4163817833146,
         "maximum_dplt": -17.01677401917383,
         "location_max_dplt": 605.1565414424111
    },
     "metadata": {
         "error_code": 0,
         "model": "BendingTestAnalytical",
         "load_case": "Cantilever",
         "description": "",
         "job_name": "",
         "persistent_result_files": "",
         "n_cpus": 1,
         "date": "2026-03-26 14:57:56.067655",
         "cpu_time": 0.004318952560424805,
         "user": "sebastien.bocquet",
         "machine": "IPF7101",
         "vims_git_version": "d0050d8de498c8354552cdde540fb3e524454871",
         "directory_archive_root": "/home/sebastien.bocquet/PycharmProjects/vimseo/docs/runnable_examples/model_runs/archive/uq",
         "directory_archive_job": "/home/sebastien.bocquet/PycharmProjects/vimseo/docs/runnable_examples/model_runs/archive/uq/BendingTestAnalytical/Cantilever/95",
         "directory_scratch_root": "/home/sebastien.bocquet/PycharmProjects/vimseo/docs/runnable_examples/model_runs/scratch/uq",
         "directory_scratch_job": ""
    }
}