{
     "inputs": {
         "young_modulus": 220000.0762939453,
         "Cantilever:length": 600.0,
         "Cantilever:width": 30.5928955078125,
         "Cantilever:height": 40.24951171875,
         "Cantilever:imposed_dplt": -4.9840087890625,
         "Cantilever:relative_dplt_location": 1.0,
         "Cantilever:nu_p": 0.3
    },
     "outputs": {
         "length": 600.0,
         "width": 30.5928955078125,
         "height": 40.24951171875,
         "imposed_dplt": -4.9840087890625,
         "relative_dplt_location": 1.0,
         "nu_p": 0.3,
         "reaction_forces": -2531.5722137891566,
         "moment": [1518943.328273494, 0.0],
         "moment_grid": [0.0, 600.0],
         "dplt": [0.0, -0.0007602123683331114, -0.003030576333219836, -0.006795682184491267, -0.012040120211978492, -0.01874848070551259, -0.02690535395492463, -0.03649533025004571, -0.047502999880706914, -0.05991295313673932, -0.073709780307974, -0.08887807168424205, -0.10540241755537455, -0.12326740821120258, -0.14245763394155728, -0.16295768503626964, -0.18475215178517085, -0.2078256244780919, -0.232162693404864, -0.2577479488553188, -0.2845659811192862, -0.3126013804865978, -0.3418387372470849, -0.3722626416905784, -0.40385768410690914, -0.43660845478590865, -0.4704995440174078, -0.5055155420912377, -0.5416410392972295, -0.5788606259252143, -0.6171588922650231, -0.6565204286064867, -0.6969298252394369, -0.7383716724537039, -0.7808305605391197, -0.8242910797855147, -0.8687378204827203, -0.9141553729205676, -0.9605283273888874, -1.0078412741775111, -1.0560788035762696, -1.1052255058749938, -1.1552659713635152, -1.206184790331665, -1.257966553069274, -1.310595849866173, -1.3640572710121937, -1.4183354067971665, -1.4734148475109223, -1.5292801834432932, -1.58591600488411, -1.643306902123204, -1.7014374654504056, -1.7602922851555458, -1.8198559515284567, -1.8801130548589682, -1.941048185436912, -2.0026459335521194, -2.0648908894944205, -2.1277676435536477, -2.1912607860196314, -2.2553549071822023, -2.3200345973311935, -2.3852844467564323, -2.4510890457477537, -2.517432984594986, -2.5843008535879624, -2.651677243016512, -2.719546743170468, -2.7878939443396593, -2.8567034368139184, -2.925959810883076, -2.995647656836963, -3.06575156496541, -3.1362561255582513, -3.2071459289053124, -3.2784055652964295, -3.35001962502143, -3.4219726983701486, -3.4942493756324127, -3.5668342470980567, -3.6397119030569076, -3.712866933798801, -3.786283929613565, -3.8599474807910323, -3.9338421776210337, -4.0079526103934, -4.08226336939796, -4.15675904492455, -4.231424227262995, -4.306243506703131, -4.381201473534787, -4.4562827180477935, -4.531471830531983, -4.606753401277188, -4.682112020573235, -4.757532278709958, -4.832998765977188, -4.9084960726647555, -4.984008789062493],
         "dplt_grid": [0.0, 6.0606060606060606, 12.121212121212121, 18.18181818181818, 24.242424242424242, 30.303030303030305, 36.36363636363636, 42.42424242424242, 48.484848484848484, 54.54545454545455, 60.60606060606061, 66.66666666666667, 72.72727272727272, 78.78787878787878, 84.84848484848484, 90.9090909090909, 96.96969696969697, 103.03030303030303, 109.0909090909091, 115.15151515151516, 121.21212121212122, 127.27272727272727, 133.33333333333334, 139.3939393939394, 145.45454545454544, 151.5151515151515, 157.57575757575756, 163.63636363636363, 169.6969696969697, 175.75757575757575, 181.8181818181818, 187.87878787878788, 193.93939393939394, 200.0, 206.06060606060606, 212.12121212121212, 218.1818181818182, 224.24242424242425, 230.3030303030303, 236.36363636363637, 242.42424242424244, 248.48484848484847, 254.54545454545453, 260.6060606060606, 266.6666666666667, 272.72727272727275, 278.7878787878788, 284.8484848484849, 290.9090909090909, 296.96969696969694, 303.030303030303, 309.09090909090907, 315.1515151515151, 321.2121212121212, 327.27272727272725, 333.3333333333333, 339.3939393939394, 345.45454545454544, 351.5151515151515, 357.57575757575756, 363.6363636363636, 369.6969696969697, 375.75757575757575, 381.8181818181818, 387.8787878787879, 393.93939393939394, 400.0, 406.06060606060606, 412.1212121212121, 418.1818181818182, 424.24242424242425, 430.3030303030303, 436.3636363636364, 442.42424242424244, 448.4848484848485, 454.54545454545456, 460.6060606060606, 466.6666666666667, 472.72727272727275, 478.7878787878788, 484.8484848484849, 490.9090909090909, 496.96969696969694, 503.030303030303, 509.09090909090907, 515.1515151515151, 521.2121212121212, 527.2727272727273, 533.3333333333334, 539.3939393939394, 545.4545454545455, 551.5151515151515, 557.5757575757576, 563.6363636363636, 569.6969696969697, 575.7575757575758, 581.8181818181818, 587.8787878787879, 593.9393939393939, 600.0],
         "dplt_at_force_location": -4.984008789062493,
         "maximum_dplt": -4.984008789062493,
         "location_max_dplt": 600.0
    },
     "metadata": {
         "error_code": 0,
         "model": "BendingTestAnalytical",
         "load_case": "Cantilever",
         "description": "",
         "job_name": "",
         "persistent_result_files": "",
         "n_cpus": 1,
         "date": "2026-06-16 18:10:50.720065",
         "cpu_time": 0.15585732460021973,
         "user": "sebastien.bocquet",
         "machine": "PCBM20250036",
         "vims_git_version": "3de96ae2320a30b8a84551033e41da0fca6276ac",
         "directory_archive_root": "C:\\Users\\sebastien.bocquet\\Dev\\vimseo\\docs\\runnable_examples\\model_runs\\archive\\calibration_scalars",
         "directory_archive_job": "C:\\Users\\sebastien.bocquet\\Dev\\vimseo\\docs\\runnable_examples\\model_runs\\archive\\calibration_scalars\\BendingTestAnalytical\\Cantilever\\599",
         "directory_scratch_root": "C:\\Users\\sebastien.bocquet\\Dev\\vimseo\\docs\\runnable_examples\\model_runs\\scratch\\calibration_scalars",
         "directory_scratch_job": ""
    }
}