{
     "inputs": {
         "young_modulus": 223750.0,
         "Cantilever:length": 600.0,
         "Cantilever:width": 29.6859130859375,
         "Cantilever:height": 39.2109375,
         "Cantilever:imposed_dplt": -5.0167236328125,
         "Cantilever:relative_dplt_location": 1.0,
         "Cantilever:nu_p": 0.3
    },
     "outputs": {
         "length": 600.0,
         "width": 29.6859130859375,
         "height": 39.2109375,
         "imposed_dplt": -5.0167236328125,
         "relative_dplt_location": 1.0,
         "nu_p": 0.3,
         "reaction_forces": -2325.099634923292,
         "moment": [1395059.7809539752, 0.0],
         "moment_grid": [0.0, 600.0],
         "dplt": [0.0, -0.0007652023733470304, -0.0030504689207753186, -0.006840288783365677, -0.012119151102198909, -0.018871545018355813, -0.027081959672917183, -0.03673488420696385, -0.047814807761576594, -0.060306219477836216, -0.07419360849682352, -0.08946146395961932, -0.10609427500730441, -0.12407653078095962, -0.14339272042166573, -0.16402733307050346, -0.18596485786855377, -0.2091897839568974, -0.2336866004766151, -0.2594397965687879, -0.28643386137449633, -0.31465328403482123, -0.3440825536908436, -0.37470615948364405, -0.4065085905543032, -0.4394743360439024, -0.473587885093522, -0.508833726844243, -0.5451963504371462, -0.5826602450133123, -0.6212098997138222, -0.6608298036797566, -0.7015044460521964, -0.7432183159722224, -0.7859559025809154, -0.8297016950193561, -0.8744401824286255, -0.9201558539498043, -0.9668331987239731, -1.014456705892213, -1.0630108645956045, -1.1124801639752286, -1.1628490931721662, -1.2141021413274982, -1.2662237975823054, -1.319198551077668, -1.3730108909546674, -1.4276453063543837, -1.4830862864178984, -1.5393183202862923, -1.596325897100646, -1.6540935060020407, -1.7126056361315565, -1.7718467766302743, -1.8318014166392753, -1.8924540452996406, -1.9537891517524502, -2.0157912251387855, -2.0784447545997264, -2.141734229276355, -2.205644138309751, -2.270158970840996, -2.335263216011171, -2.4009413629613543, -2.4671779008326307, -2.533957318766078, -2.601264105902779, -2.6690827513838125, -2.7373977443502606, -2.806193573943203, -2.875454729303723, -2.9451656995728985, -3.0153109738918116, -3.085875041401543, -3.1568423912431745, -3.2281975125577844, -3.2999248944864563, -3.372009026170268, -3.444434396750304, -3.5171854953676416, -3.590246811163365, -3.6636028332785506, -3.737238050854283, -3.8111369530316423, -3.8852840289517077, -3.9596637677555626, -4.0342606585842855, -4.109059190578957, -4.18404385288066, -4.259199134630474, -4.33450952496948, -4.409959513038758, -4.48553358797939, -4.561216238932456, -4.636991955039039, -4.7128452254402164, -4.78876053927707, -4.8647223856906825, -4.940715253822132, -5.0167236328125036],
         "dplt_grid": [0.0, 6.0606060606060606, 12.121212121212121, 18.18181818181818, 24.242424242424242, 30.303030303030305, 36.36363636363636, 42.42424242424242, 48.484848484848484, 54.54545454545455, 60.60606060606061, 66.66666666666667, 72.72727272727272, 78.78787878787878, 84.84848484848484, 90.9090909090909, 96.96969696969697, 103.03030303030303, 109.0909090909091, 115.15151515151516, 121.21212121212122, 127.27272727272727, 133.33333333333334, 139.3939393939394, 145.45454545454544, 151.5151515151515, 157.57575757575756, 163.63636363636363, 169.6969696969697, 175.75757575757575, 181.8181818181818, 187.87878787878788, 193.93939393939394, 200.0, 206.06060606060606, 212.12121212121212, 218.1818181818182, 224.24242424242425, 230.3030303030303, 236.36363636363637, 242.42424242424244, 248.48484848484847, 254.54545454545453, 260.6060606060606, 266.6666666666667, 272.72727272727275, 278.7878787878788, 284.8484848484849, 290.9090909090909, 296.96969696969694, 303.030303030303, 309.09090909090907, 315.1515151515151, 321.2121212121212, 327.27272727272725, 333.3333333333333, 339.3939393939394, 345.45454545454544, 351.5151515151515, 357.57575757575756, 363.6363636363636, 369.6969696969697, 375.75757575757575, 381.8181818181818, 387.8787878787879, 393.93939393939394, 400.0, 406.06060606060606, 412.1212121212121, 418.1818181818182, 424.24242424242425, 430.3030303030303, 436.3636363636364, 442.42424242424244, 448.4848484848485, 454.54545454545456, 460.6060606060606, 466.6666666666667, 472.72727272727275, 478.7878787878788, 484.8484848484849, 490.9090909090909, 496.96969696969694, 503.030303030303, 509.09090909090907, 515.1515151515151, 521.2121212121212, 527.2727272727273, 533.3333333333334, 539.3939393939394, 545.4545454545455, 551.5151515151515, 557.5757575757576, 563.6363636363636, 569.6969696969697, 575.7575757575758, 581.8181818181818, 587.8787878787879, 593.9393939393939, 600.0],
         "dplt_at_force_location": -5.0167236328125036,
         "maximum_dplt": -5.0167236328125036,
         "location_max_dplt": 600.0
    },
     "metadata": {
         "error_code": 0,
         "model": "BendingTestAnalytical",
         "load_case": "Cantilever",
         "description": "",
         "job_name": "",
         "persistent_result_files": "",
         "n_cpus": 1,
         "date": "2026-03-17 09:05:58.767185",
         "cpu_time": 0.014292001724243164,
         "user": "sebastien.bocquet",
         "machine": "B20191729",
         "vims_git_version": "1b6e7132b9faba0cc93317d127a381ee76a8cb8e",
         "directory_archive_root": "C:\\Users\\sebastien.bocquet\\PycharmProjects\\vimseo\\docs\\runnable_examples\\model_runs\\archive\\calibration_coupled",
         "directory_archive_job": "C:\\Users\\sebastien.bocquet\\PycharmProjects\\vimseo\\docs\\runnable_examples\\model_runs\\archive\\calibration_coupled\\BendingTestAnalytical\\Cantilever\\32",
         "directory_scratch_root": "C:\\Users\\sebastien.bocquet\\PycharmProjects\\vimseo\\docs\\runnable_examples\\model_runs\\scratch\\calibration_coupled",
         "directory_scratch_job": ""
    }
}