{
     "inputs": {
         "young_modulus": 224746.09375,
         "Cantilever:length": 600.0,
         "Cantilever:width": 29.966064453125,
         "Cantilever:height": 40.191162109375,
         "Cantilever:imposed_dplt": -5.030029296875,
         "Cantilever:relative_dplt_location": 1.0,
         "Cantilever:nu_p": 0.3
    },
     "outputs": {
         "length": 600.0,
         "width": 29.966064453125,
         "height": 40.191162109375,
         "imposed_dplt": -5.030029296875,
         "relative_dplt_location": 1.0,
         "nu_p": 0.3,
         "reaction_forces": -2545.483726554445,
         "moment": [1527290.235932667, 0.0],
         "moment_grid": [0.0, 600.0],
         "dplt": [0.0, -0.0007672318903116466, -0.0030585595627288576, -0.006858431019475052, -0.012151294262773643, -0.01892159729484804, -0.027153788117921643, -0.0368323147342179, -0.04794162514596019, -0.060466167355371934, -0.07439038936467654, -0.08969873917609743, -0.106375664791858, -0.12440561421418167, -0.1437730354452919, -0.16446237648741202, -0.1864580853427655, -0.2097446100135758, -0.2343063985020662, -0.26012789881046017, -0.2871935589409812, -0.31548782689585253, -0.34499515067729786, -0.37569997828754037, -0.40758675772880326, -0.4406399370033105, -0.4748439641132852, -0.5101832870609507, -0.5466423538485307, -0.5842056124782481, -0.6228575109523268, -0.66258249727299, -0.7033650194424612, -0.7451895254629637, -0.7880404633367211, -0.8319022810659567, -0.8767594266528936, -0.9225963480997558, -0.9693974934087661, -1.0171473105821485, -1.065830247622126, -1.1154307525309222, -1.1659332733107606, -1.2173222579638645, -1.2695821544924568, -1.322697410898762, -1.3766524751850027, -1.4314317953534021, -1.4870198194061846, -1.5434009953455725, -1.6005597711737902, -1.658480594893061, -1.7171479145056074, -1.7765461780136536, -1.836659833419423, -1.8974733287251386, -1.9589711119330242, -2.021137631045303, -2.083957334064199, -2.147414668991934, -2.211494083830733, -2.2761800265828183, -2.3414569452504157, -2.4073092878357447, -2.4737215023410326, -2.5406780367685, -2.608163339120372, -2.6761618573988706, -2.7446580396062212, -2.813636333744644, -2.8830811878163662, -2.952977049823609, -3.023308367768596, -3.0940595896535505, -3.1652151634806973, -3.2367595372522575, -3.3086771589704576, -3.3809524766375167, -3.4535699382556637, -3.526513991827117, -3.5997690853541022, -3.6733196668388426, -3.7471501842835617, -3.8212450856904834, -3.8955888190618295, -3.970165832399826, -4.044960573706694, -4.119957490984658, -4.195141032235941, -4.2704956454627645, -4.346005778667356, -4.4216558798519365, -4.4974303970187295, -4.5733137781699575, -4.649290471307847, -4.725344924434617, -4.801461585552494, -4.877624902663702, -4.953819323770462, -5.030029296875001],
         "dplt_grid": [0.0, 6.0606060606060606, 12.121212121212121, 18.18181818181818, 24.242424242424242, 30.303030303030305, 36.36363636363636, 42.42424242424242, 48.484848484848484, 54.54545454545455, 60.60606060606061, 66.66666666666667, 72.72727272727272, 78.78787878787878, 84.84848484848484, 90.9090909090909, 96.96969696969697, 103.03030303030303, 109.0909090909091, 115.15151515151516, 121.21212121212122, 127.27272727272727, 133.33333333333334, 139.3939393939394, 145.45454545454544, 151.5151515151515, 157.57575757575756, 163.63636363636363, 169.6969696969697, 175.75757575757575, 181.8181818181818, 187.87878787878788, 193.93939393939394, 200.0, 206.06060606060606, 212.12121212121212, 218.1818181818182, 224.24242424242425, 230.3030303030303, 236.36363636363637, 242.42424242424244, 248.48484848484847, 254.54545454545453, 260.6060606060606, 266.6666666666667, 272.72727272727275, 278.7878787878788, 284.8484848484849, 290.9090909090909, 296.96969696969694, 303.030303030303, 309.09090909090907, 315.1515151515151, 321.2121212121212, 327.27272727272725, 333.3333333333333, 339.3939393939394, 345.45454545454544, 351.5151515151515, 357.57575757575756, 363.6363636363636, 369.6969696969697, 375.75757575757575, 381.8181818181818, 387.8787878787879, 393.93939393939394, 400.0, 406.06060606060606, 412.1212121212121, 418.1818181818182, 424.24242424242425, 430.3030303030303, 436.3636363636364, 442.42424242424244, 448.4848484848485, 454.54545454545456, 460.6060606060606, 466.6666666666667, 472.72727272727275, 478.7878787878788, 484.8484848484849, 490.9090909090909, 496.96969696969694, 503.030303030303, 509.09090909090907, 515.1515151515151, 521.2121212121212, 527.2727272727273, 533.3333333333334, 539.3939393939394, 545.4545454545455, 551.5151515151515, 557.5757575757576, 563.6363636363636, 569.6969696969697, 575.7575757575758, 581.8181818181818, 587.8787878787879, 593.9393939393939, 600.0],
         "dplt_at_force_location": -5.030029296875001,
         "maximum_dplt": -5.030029296875001,
         "location_max_dplt": 600.0
    },
     "metadata": {
         "error_code": 0,
         "model": "BendingTestAnalytical",
         "load_case": "Cantilever",
         "description": "",
         "job_name": "",
         "persistent_result_files": "",
         "n_cpus": 1,
         "date": "2026-03-17 09:06:06.000583",
         "cpu_time": 0.02947711944580078,
         "user": "sebastien.bocquet",
         "machine": "B20191729",
         "vims_git_version": "1b6e7132b9faba0cc93317d127a381ee76a8cb8e",
         "directory_archive_root": "C:\\Users\\sebastien.bocquet\\PycharmProjects\\vimseo\\docs\\runnable_examples\\model_runs\\archive\\calibration_coupled",
         "directory_archive_job": "C:\\Users\\sebastien.bocquet\\PycharmProjects\\vimseo\\docs\\runnable_examples\\model_runs\\archive\\calibration_coupled\\BendingTestAnalytical\\Cantilever\\84",
         "directory_scratch_root": "C:\\Users\\sebastien.bocquet\\PycharmProjects\\vimseo\\docs\\runnable_examples\\model_runs\\scratch\\calibration_coupled",
         "directory_scratch_job": ""
    }
}