{
     "inputs": {
         "young_modulus": 220000.0,
         "Cantilever:length": 600.0,
         "Cantilever:width": 30.0968017578125,
         "Cantilever:height": 39.488525390625,
         "Cantilever:imposed_dplt": -5.0556640625,
         "Cantilever:relative_dplt_location": 1.0,
         "Cantilever:nu_p": 0.3
    },
     "outputs": {
         "length": 600.0,
         "width": 30.0968017578125,
         "height": 39.488525390625,
         "imposed_dplt": -5.0556640625,
         "relative_dplt_location": 1.0,
         "nu_p": 0.3,
         "reaction_forces": -2385.724240199751,
         "moment": [1431434.5441198505, 0.0],
         "moment_grid": [0.0, 600.0],
         "dplt": [0.0, -0.0007711419688673279, -0.003074147038052188, -0.0068933839514288865, -0.012213221452871736, -0.019018028286255054, -0.02729217319545313, -0.037020024924340325, -0.04818595221679091, -0.06077432381667921, -0.07476950846787953, -0.09015587491426619, -0.10691779189971347, -0.12503962816809575, -0.14450575246328728, -0.16530053352916235, -0.1874083401095954, -0.2108135409484606, -0.23550050478963228, -0.2614536003769844, -0.288657196454392, -0.3170956617657289, -0.34675336505486976, -0.37761467506568863, -0.40966396054205967, -0.4428855902278576, -0.4772639328669565, -0.5127833572032306, -0.5494282319805546, -0.5871829259428022, -0.6260318078338483, -0.6659592463975669, -0.7069496103778322, -0.7489872685185187, -0.7920565895635008, -0.8361419422566525, -0.8812276953418486, -0.9272982175629629, -0.9743378776638699, -1.022331044388444, -1.0712620864805593, -1.1211153726840903, -1.1718752717429115, -1.2235261524008971, -1.2760523834019208, -1.3294383334898576, -1.3836683714085818, -1.438726865901967, -1.4945981857138881, -1.5512666995882194, -1.6087167762688355, -1.6669327844996102, -1.725899093024418, -1.7856000705871329, -1.8460200859316303, -1.9071435078017829, -1.9689547049414657, -2.031438046094554, -2.0945779000049205, -2.1583586354164406, -2.2227646210729888, -2.2877802257184374, -2.353389818096664, -2.419577766951539, -2.4863284410269406, -2.5536262090667403, -2.6214554398148144, -2.6898005020150344, -2.7586457644112787, -2.8279755957474175, -2.8977743647673284, -2.9680264402148833, -3.0387161908339584, -3.109827985368426, -3.181346192562163, -3.2532551811590404, -3.3255393199029357, -3.3981829775377204, -3.471170522807272, -3.544486324455462, -3.618114751226167, -3.6920401718632574, -3.7662469551106117, -3.840719469712104, -3.915442084411605, -3.9903991679529933, -4.065575089080141, -4.140954216536922, -4.216520919067211, -4.292259565414883, -4.368154524323813, -4.444190164537872, -4.520350854800938, -4.596620963856884, -4.672984860449584, -4.749426913322913, -4.825931491220743, -4.902482962886951, -4.979065697065409, -5.055664062499996],
         "dplt_grid": [0.0, 6.0606060606060606, 12.121212121212121, 18.18181818181818, 24.242424242424242, 30.303030303030305, 36.36363636363636, 42.42424242424242, 48.484848484848484, 54.54545454545455, 60.60606060606061, 66.66666666666667, 72.72727272727272, 78.78787878787878, 84.84848484848484, 90.9090909090909, 96.96969696969697, 103.03030303030303, 109.0909090909091, 115.15151515151516, 121.21212121212122, 127.27272727272727, 133.33333333333334, 139.3939393939394, 145.45454545454544, 151.5151515151515, 157.57575757575756, 163.63636363636363, 169.6969696969697, 175.75757575757575, 181.8181818181818, 187.87878787878788, 193.93939393939394, 200.0, 206.06060606060606, 212.12121212121212, 218.1818181818182, 224.24242424242425, 230.3030303030303, 236.36363636363637, 242.42424242424244, 248.48484848484847, 254.54545454545453, 260.6060606060606, 266.6666666666667, 272.72727272727275, 278.7878787878788, 284.8484848484849, 290.9090909090909, 296.96969696969694, 303.030303030303, 309.09090909090907, 315.1515151515151, 321.2121212121212, 327.27272727272725, 333.3333333333333, 339.3939393939394, 345.45454545454544, 351.5151515151515, 357.57575757575756, 363.6363636363636, 369.6969696969697, 375.75757575757575, 381.8181818181818, 387.8787878787879, 393.93939393939394, 400.0, 406.06060606060606, 412.1212121212121, 418.1818181818182, 424.24242424242425, 430.3030303030303, 436.3636363636364, 442.42424242424244, 448.4848484848485, 454.54545454545456, 460.6060606060606, 466.6666666666667, 472.72727272727275, 478.7878787878788, 484.8484848484849, 490.9090909090909, 496.96969696969694, 503.030303030303, 509.09090909090907, 515.1515151515151, 521.2121212121212, 527.2727272727273, 533.3333333333334, 539.3939393939394, 545.4545454545455, 551.5151515151515, 557.5757575757576, 563.6363636363636, 569.6969696969697, 575.7575757575758, 581.8181818181818, 587.8787878787879, 593.9393939393939, 600.0],
         "dplt_at_force_location": -5.055664062499996,
         "maximum_dplt": -5.055664062499996,
         "location_max_dplt": 600.0
    },
     "metadata": {
         "error_code": 0,
         "model": "BendingTestAnalytical",
         "load_case": "Cantilever",
         "description": "",
         "job_name": "",
         "persistent_result_files": "",
         "n_cpus": 1,
         "date": "2026-03-17 09:05:55.975776",
         "cpu_time": 0.009063959121704102,
         "user": "sebastien.bocquet",
         "machine": "B20191729",
         "vims_git_version": "1b6e7132b9faba0cc93317d127a381ee76a8cb8e",
         "directory_archive_root": "C:\\Users\\sebastien.bocquet\\PycharmProjects\\vimseo\\docs\\runnable_examples\\model_runs\\archive\\calibration_coupled",
         "directory_archive_job": "C:\\Users\\sebastien.bocquet\\PycharmProjects\\vimseo\\docs\\runnable_examples\\model_runs\\archive\\calibration_coupled\\BendingTestAnalytical\\Cantilever\\11",
         "directory_scratch_root": "C:\\Users\\sebastien.bocquet\\PycharmProjects\\vimseo\\docs\\runnable_examples\\model_runs\\scratch\\calibration_coupled",
         "directory_scratch_job": ""
    }
}