{
     "inputs": {
         "x": 1.25,
         "Dummy:x_1": 0.9944541492686033
    },
     "outputs": {
         "x_1": 0.9944541492686033,
         "y": [0.9944541492686033, 1.007080411894866, 1.0197066745211285, 1.0323329371473913, 1.0449591997736538, 1.0575854623999164, 1.0702117250261791, 1.0828379876524417, 1.0954642502787044, 1.108090512904967, 1.1207167755312295, 1.1333430381574923, 1.1459693007837548, 1.1585955634100173, 1.1712218260362801, 1.1838480886625427, 1.1964743512888054, 1.209100613915068, 1.2217268765413305, 1.2343531391675933, 1.2469794017938558, 1.2596056644201186, 1.272231927046381, 1.2848581896726436, 1.2974844522989064, 1.310110714925169, 1.3227369775514317, 1.3353632401776943, 1.3479895028039568, 1.3606157654302193, 1.373242028056482, 1.3858682906827449, 1.3984945533090074, 1.41112081593527, 1.4237470785615327, 1.4363733411877952, 1.448999603814058, 1.4616258664403206, 1.474252129066583, 1.4868783916928459, 1.4995046543191084, 1.5121309169453712, 1.5247571795716337, 1.5373834421978962, 1.5500097048241588, 1.5626359674504215, 1.5752622300766843, 1.5878884927029469, 1.6005147553292094, 1.613141017955472, 1.6257672805817347, 1.6383935432079975, 1.65101980583426, 1.6636460684605225, 1.676272331086785, 1.6888985937130476, 1.7015248563393106, 1.7141511189655732, 1.7267773815918357, 1.7394036442180982, 1.7520299068443608, 1.7646561694706238, 1.7772824320968863, 1.7899086947231488, 1.8025349573494114, 1.815161219975674, 1.827787482601937, 1.8404137452281994, 1.853040007854462, 1.8656662704807245, 1.8782925331069873, 1.8909187957332498, 1.9035450583595126, 1.9161713209857751, 1.9287975836120377, 1.9414238462383004, 1.954050108864563, 1.9666763714908255, 1.9793026341170883, 1.9919288967433508, 2.0045551593696134, 2.017181421995876, 2.029807684622139, 2.0424339472484014, 2.055060209874664, 2.0676864725009265, 2.080312735127189, 2.092938997753452, 2.1055652603797146, 2.118191523005977, 2.1308177856322397, 2.143444048258502, 2.156070310884765, 2.1686965735110277, 2.1813228361372903, 2.193949098763553, 2.2065753613898154, 2.2192016240160783, 2.231827886642341, 2.2444541492686034],
         "y_axis": [0.0, 0.010101010101010102, 0.020202020202020204, 0.030303030303030304, 0.04040404040404041, 0.05050505050505051, 0.06060606060606061, 0.07070707070707072, 0.08080808080808081, 0.09090909090909091, 0.10101010101010102, 0.11111111111111112, 0.12121212121212122, 0.13131313131313133, 0.14141414141414144, 0.15151515151515152, 0.16161616161616163, 0.17171717171717174, 0.18181818181818182, 0.19191919191919193, 0.20202020202020204, 0.21212121212121213, 0.22222222222222224, 0.23232323232323235, 0.24242424242424243, 0.25252525252525254, 0.26262626262626265, 0.27272727272727276, 0.2828282828282829, 0.29292929292929293, 0.30303030303030304, 0.31313131313131315, 0.32323232323232326, 0.33333333333333337, 0.3434343434343435, 0.3535353535353536, 0.36363636363636365, 0.37373737373737376, 0.38383838383838387, 0.393939393939394, 0.4040404040404041, 0.4141414141414142, 0.42424242424242425, 0.43434343434343436, 0.4444444444444445, 0.4545454545454546, 0.4646464646464647, 0.4747474747474748, 0.48484848484848486, 0.494949494949495, 0.5050505050505051, 0.5151515151515152, 0.5252525252525253, 0.5353535353535354, 0.5454545454545455, 0.5555555555555556, 0.5656565656565657, 0.5757575757575758, 0.5858585858585859, 0.595959595959596, 0.6060606060606061, 0.6161616161616162, 0.6262626262626263, 0.6363636363636365, 0.6464646464646465, 0.6565656565656566, 0.6666666666666667, 0.6767676767676768, 0.686868686868687, 0.696969696969697, 0.7070707070707072, 0.7171717171717172, 0.7272727272727273, 0.7373737373737375, 0.7474747474747475, 0.7575757575757577, 0.7676767676767677, 0.7777777777777778, 0.787878787878788, 0.797979797979798, 0.8080808080808082, 0.8181818181818182, 0.8282828282828284, 0.8383838383838385, 0.8484848484848485, 0.8585858585858587, 0.8686868686868687, 0.8787878787878789, 0.888888888888889, 0.8989898989898991, 0.9090909090909092, 0.9191919191919192, 0.9292929292929294, 0.9393939393939394, 0.9494949494949496, 0.9595959595959597, 0.9696969696969697, 0.9797979797979799, 0.98989898989899, 1.0]
    },
     "metadata": {
         "error_code": 0,
         "model": "MockCurves",
         "load_case": "Dummy",
         "description": "",
         "job_name": "",
         "persistent_result_files": "",
         "n_cpus": 1,
         "date": "2026-03-17 09:05:33.010010",
         "cpu_time": 0.0030350685119628906,
         "user": "sebastien.bocquet",
         "machine": "B20191729",
         "vims_git_version": "1b6e7132b9faba0cc93317d127a381ee76a8cb8e",
         "directory_archive_root": "C:\\Users\\sebastien.bocquet\\PycharmProjects\\vimseo\\docs\\runnable_examples\\model_runs\\archive\\calibration_curves",
         "directory_archive_job": "C:\\Users\\sebastien.bocquet\\PycharmProjects\\vimseo\\docs\\runnable_examples\\model_runs\\archive\\calibration_curves\\MockCurves\\Dummy\\3",
         "directory_scratch_root": "C:\\Users\\sebastien.bocquet\\PycharmProjects\\vimseo\\docs\\runnable_examples\\model_runs\\scratch\\calibration_curves",
         "directory_scratch_job": ""
    }
}