{
     "inputs": {
         "length": 601.6857634052485,
         "width": 29.78974506814575,
         "height": 39.69822433590848,
         "imposed_dplt": -14.68352361467004,
         "relative_dplt_location": 0.8689184845031888,
         "young_modulus": 208990.98554540324,
         "nu_p": 0.2919931623210273
    },
     "outputs": {
         "reaction_forces": -10005.333400858932,
         "moment": [5230947.20352477, 0.0, 0.0],
         "moment_grid": [0.0, 522.8158816852327, 601.6857634052485],
         "dplt": [0.0, -0.00296487884659, -0.011813381760449625, -0.026476308302713348, -0.04688445803451563, -0.0729686305169909, -0.10465962531127353, -0.14188824197849806, -0.18458528007979888, -0.23268153917631046, -0.2861078188291671, -0.34479491859950345, -0.40867363804845364, -0.47767477673715286, -0.5517291342267346, -0.6307675100783341, -0.7147207038530855, -0.8035195151121226, -0.8970947434165812, -0.9953771883275955, -1.098297649406299, -1.2057869262138265, -1.3177758183113126, -1.4341951252598921, -1.554975646620698, -1.680048181954867, -1.809343530823532, -1.9427924927878277, -2.0803258674088885, -2.2218744542478492, -2.367369052865844, -2.5167404628240067, -2.6699194836834734, -2.826836915005378, -2.987423556350853, -3.1516102072810352, -3.319327667357059, -3.490506736140057, -3.665078213191164, -3.8429728980715177, -4.024121590342248, -4.208455089564492, -4.395904195299383, -4.586399707108055, -4.7798724245516455, -4.976253147191286, -5.175472674588112, -5.377461806303257, -5.5821513418978554, -5.789472080933043, -5.999354822969956, -6.211730367569725, -6.426529514293486, -6.643683062702373, -6.863121812357522, -7.084776562820064, -7.308578113651136, -7.534457264411874, -7.762344814663409, -7.992171563966879, -8.223868311883415, -8.457365857974157, -8.69259500180023, -8.929486542922776, -9.167971280902925, -9.407980015301819, -9.649443545680583, -9.892292671600357, -10.136458192622273, -10.381870908307466, -10.628461618217072, -10.876161121912226, -11.12490021895406, -11.374609708903707, -11.625220391322307, -11.876663065770991, -12.128868531810895, -12.38176758900315, -12.635291036908894, -12.88936967508926, -13.14393430310538, -13.398915720518387, -13.654244726889424, -13.909850017657226, -14.165641267220428, -14.421565296641592, -14.677584280273622, -14.933665136545239, -15.189779527960999, -15.445903861101286, -15.702019286622313, -15.958111699256122, -16.214171737810588, -16.4701947851694, -16.726180968292102, -16.98213515821404, -17.2380669700464, -17.49399076297621, -17.749925640266305, -18.005895449255362],
         "dplt_grid": [0.0, 6.077633973790389, 12.155267947580779, 18.232901921371166, 24.310535895161557, 30.388169868951948, 36.46580384274233, 42.54343781653272, 48.621071790323114, 54.698705764113505, 60.776339737903896, 66.85397371169428, 72.93160768548466, 79.00924165927506, 85.08687563306545, 91.16450960685584, 97.24214358064623, 103.31977755443661, 109.39741152822701, 115.4750455020174, 121.55267947580779, 127.63031344959818, 133.70794742338856, 139.78558139717896, 145.86321537096933, 151.94084934475973, 158.01848331855012, 164.09611729234052, 170.1737512661309, 176.2513852399213, 182.3290192137117, 188.40665318750206, 194.48428716129246, 200.56192113508286, 206.63955510887322, 212.71718908266362, 218.79482305645402, 224.8724570302444, 230.9500910040348, 237.0277249778252, 243.10535895161559, 249.18299292540596, 255.26062689919635, 261.3382608729867, 267.4158948467771, 273.4935288205675, 279.5711627943579, 285.6487967681483, 291.72643074193866, 297.80406471572906, 303.88169868951945, 309.95933266330985, 316.03696663710025, 322.11460061089065, 328.19223458468105, 334.2698685584714, 340.3475025322618, 346.4251365060522, 352.5027704798426, 358.580404453633, 364.6580384274234, 370.7356724012137, 376.8133063750041, 382.8909403487945, 388.9685743225849, 395.0462082963753, 401.1238422701657, 407.2014762439561, 413.27911021774645, 419.35674419153685, 425.43437816532725, 431.51201213911764, 437.58964611290804, 443.66728008669844, 449.7449140604888, 455.8225480342792, 461.9001820080696, 467.97781598186, 474.0554499556504, 480.1330839294408, 486.21071790323117, 492.2883518770215, 498.3659858508119, 504.4436198246023, 510.5212537983927, 516.598887772183, 522.6765217459734, 528.7541557197638, 534.8317896935542, 540.9094236673446, 546.987057641135, 553.0646916149254, 559.1423255887158, 565.2199595625062, 571.2975935362966, 577.375227510087, 583.4528614838773, 589.5304954576677, 595.6081294314581, 601.6857634052485],
         "dplt_at_force_location": -14.683456205553984,
         "maximum_dplt": -18.005895449255362,
         "location_max_dplt": 601.6857634052485
    },
     "metadata": {
         "error_code": 0,
         "model": "BendingTestAnalytical",
         "load_case": "Cantilever",
         "description": "",
         "job_name": "",
         "persistent_result_files": "",
         "n_cpus": 1,
         "date": "2026-03-26 14:57:55.529390",
         "cpu_time": 0.005349397659301758,
         "user": "sebastien.bocquet",
         "machine": "IPF7101",
         "vims_git_version": "d0050d8de498c8354552cdde540fb3e524454871",
         "directory_archive_root": "/home/sebastien.bocquet/PycharmProjects/vimseo/docs/runnable_examples/model_runs/archive/uq",
         "directory_archive_job": "/home/sebastien.bocquet/PycharmProjects/vimseo/docs/runnable_examples/model_runs/archive/uq/BendingTestAnalytical/Cantilever/48",
         "directory_scratch_root": "/home/sebastien.bocquet/PycharmProjects/vimseo/docs/runnable_examples/model_runs/scratch/uq",
         "directory_scratch_job": ""
    }
}