{
     "inputs": {
         "length": 608.302906684096,
         "width": 30.778194529325628,
         "height": 41.740429678585556,
         "imposed_dplt": -4.858031791041686,
         "relative_dplt_location": 0.9027934021819715,
         "young_modulus": 208955.56940961402,
         "nu_p": 0.30052043080461494
    },
     "outputs": {
         "reaction_forces": -3429.599397663873,
         "moment": [1883439.4483147156, 0.0, 0.0],
         "moment_grid": [0.0, 549.1718506825173, 608.302906684096],
         "dplt": [0.0, -0.0009088280511594218, -0.003621703410800577, -0.008118212888167818, -0.014377943292505488, -0.02238048143305792, -0.03210541411906944, -0.043532328159784424, -0.056640810364447146, -0.071410447542302, -0.08782082650259333, -0.10585153405456542, -0.12548215700746268, -0.1466922821705294, -0.16946149635300994, -0.19376938636414862, -0.21959553901318987, -0.2469195411093779, -0.2757209794619571, -0.30597944088017237, -0.3376745121732671, -0.3707857801504861, -0.40529283162107355, -0.44117525339427405, -0.4784126322793316, -0.516984555085491, -0.5568706086219961, -0.5980503796980916, -0.6405034551230218, -0.6842094217060306, -0.729147866256363, -0.7752983755832629, -0.8226405364959747, -0.8711539358037429, -0.9208181603158118, -0.9716127968414255, -1.0235174321898288, -1.0765116531702654, -1.1305750465919806, -1.1856871992642177, -1.2418276979962217, -1.2989761295972366, -1.3571120808765071, -1.416215138643277, -1.476264889706791, -1.5372409208762936, -1.5991228189610287, -1.6618901707702411, -1.725522563113175, -1.7899995827990747, -1.8553008166371838, -1.9214058514367482, -1.988294274007011, -2.055945671157217, -2.1243396296966113, -2.1934557364344367, -2.2632735781799385, -2.3337727417423597, -2.4049328139309467, -2.4767333815549426, -2.5491540314235914, -2.62217435034614, -2.6957739251318285, -2.7699323425899056, -2.844629189529612, -2.9198440527601948, -2.995556519090896, -3.0717461753309623, -3.148392608289635, -3.2254754047761622, -3.302974151599785, -3.380868435569751, -3.459137843495301, -3.537761962185681, -3.6167203784501347, -3.6959926790979094, -3.7755584509382465, -3.8553972807803887, -3.9354887554335853, -4.015812461707076, -4.096347986410108, -4.1770749163519225, -4.25797283834177, -4.3390210022910205, -4.420191888058334, -4.501462361030618, -4.582813687719154, -4.664228986543209, -4.745693227830029, -4.827193233814846, -4.908717678640871, -4.990257088359302, -5.071803840929315, -5.153352166218073, -5.234898146000717, -5.316439713960375, -5.397976655688153, -5.479510608683145, -5.561045062352421, -5.64258535801104],
         "dplt_grid": [0.0, 6.144473804889858, 12.288947609779717, 18.433421414669574, 24.577895219559434, 30.722369024449293, 36.86684282933915, 43.01131663422901, 49.15579043911887, 55.30026424400872, 61.444738048898586, 67.58921185378844, 73.7336856586783, 79.87815946356815, 86.02263326845802, 92.16710707334788, 98.31158087823773, 104.45605468312759, 110.60052848801745, 116.74500229290732, 122.88947609779717, 129.03394990268703, 135.17842370757688, 141.32289751246674, 147.4673713173566, 153.61184512224645, 159.7563189271363, 165.9007927320262, 172.04526653691605, 178.1897403418059, 184.33421414669576, 190.4786879515856, 196.62316175647547, 202.76763556136532, 208.91210936625518, 215.05658317114504, 221.2010569760349, 227.34553078092475, 233.49000458581463, 239.6344783907045, 245.77895219559434, 251.9234260004842, 258.06789980537405, 264.2123736102639, 270.35684741515377, 276.5013212200436, 282.6457950249335, 288.79026882982333, 294.9347426347132, 301.07921643960304, 307.2236902444929, 313.36816404938276, 319.5126378542726, 325.65711165916247, 331.8015854640524, 337.94605926894224, 344.0905330738321, 350.23500687872195, 356.3794806836118, 362.52395448850166, 368.6684282933915, 374.81290209828137, 380.9573759031712, 387.1018497080611, 393.24632351295094, 399.3907973178408, 405.53527112273065, 411.6797449276205, 417.82421873251036, 423.9686925374002, 430.11316634229007, 436.2576401471799, 442.4021139520698, 448.54658775695964, 454.6910615618495, 460.8355353667394, 466.98000917162926, 473.1244829765191, 479.268956781409, 485.41343058629883, 491.5579043911887, 497.70237819607854, 503.8468520009684, 509.99132580585825, 516.1357996107481, 522.2802734156379, 528.4247472205278, 534.5692210254177, 540.7136948303075, 546.8581686351974, 553.0026424400872, 559.1471162449772, 565.291590049867, 571.4360638547569, 577.5805376596467, 583.7250114645366, 589.8694852694264, 596.0139590743163, 602.1584328792061, 608.302906684096],
         "dplt_at_force_location": -4.857891003941489,
         "maximum_dplt": -5.64258535801104,
         "location_max_dplt": 608.302906684096
    },
     "metadata": {
         "error_code": 0,
         "model": "BendingTestAnalytical",
         "load_case": "Cantilever",
         "description": "",
         "job_name": "",
         "persistent_result_files": "",
         "n_cpus": 1,
         "date": "2026-03-17 09:07:35.258259",
         "cpu_time": 0.011548757553100586,
         "user": "sebastien.bocquet",
         "machine": "B20191729",
         "vims_git_version": "1b6e7132b9faba0cc93317d127a381ee76a8cb8e",
         "directory_archive_root": "C:\\Users\\sebastien.bocquet\\PycharmProjects\\vimseo\\docs\\runnable_examples\\model_runs\\archive\\sensitivity",
         "directory_archive_job": "C:\\Users\\sebastien.bocquet\\PycharmProjects\\vimseo\\docs\\runnable_examples\\model_runs\\archive\\sensitivity\\BendingTestAnalytical\\Cantilever\\9",
         "directory_scratch_root": "C:\\Users\\sebastien.bocquet\\PycharmProjects\\vimseo\\docs\\runnable_examples\\model_runs\\scratch\\sensitivity",
         "directory_scratch_job": ""
    }
}