{
     "inputs": {
         "length": 608.302906684096,
         "width": 30.778194529325628,
         "height": 41.740429678585556,
         "imposed_dplt": -4.858031791041686,
         "relative_dplt_location": 0.9027934021819715,
         "young_modulus": 208955.56940961402,
         "nu_p": 0.30052043080461494
    },
     "outputs": {
         "reaction_forces": -3429.599397663873,
         "moment": [1883439.4483147156, 0.0, 0.0],
         "moment_grid": [0.0, 549.1718506825173, 608.302906684096],
         "dplt": [0.0, -0.0009088280511594222, -0.003621703410800578, -0.00811821288816781, -0.01437794329250546, -0.022380481433057868, -0.03210541411906937, -0.04353232815978434, -0.05664081036444706, -0.07141044754230191, -0.08782082650259326, -0.10585153405456536, -0.12548215700746265, -0.14669228217052946, -0.16946149635301005, -0.19376938636414878, -0.2195955390131901, -0.2469195411093781, -0.2757209794619574, -0.30597944088017265, -0.3376745121732674, -0.37078578015048635, -0.4052928316210739, -0.44117525339427427, -0.47841263227933195, -0.5169845550854912, -0.5568706086219963, -0.5980503796980919, -0.640503455123022, -0.6842094217060309, -0.7291478662563633, -0.7752983755832632, -0.822640536495975, -0.8711539358037432, -0.9208181603158121, -0.9716127968414259, -1.023517432189829, -1.0765116531702659, -1.1305750465919808, -1.185687199264218, -1.2418276979962222, -1.298976129597237, -1.3571120808765074, -1.4162151386432775, -1.4762648897067914, -1.537240920876294, -1.5991228189610291, -1.6618901707702416, -1.7255225631131756, -1.789999582799075, -1.8553008166371843, -1.9214058514367485, -1.9882942740070115, -2.055945671157218, -2.1243396296966113, -2.193455736434437, -2.2632735781799385, -2.33377274174236, -2.404932813930947, -2.476733381554943, -2.5491540314235923, -2.6221743503461408, -2.6957739251318293, -2.7699323425899065, -2.8446291895296127, -2.919844052760195, -2.995556519090897, -3.071746175330963, -3.148392608289636, -3.225475404776164, -3.302974151599786, -3.3808684355697523, -3.459137843495302, -3.537761962185683, -3.6167203784501365, -3.6959926790979103, -3.775558450938248, -3.8553972807803905, -3.9354887554335867, -4.015812461707077, -4.09634798641011, -4.177074916351925, -4.257972838341771, -4.339021002291019, -4.420191888058333, -4.501462361030616, -4.5828136877191525, -4.664228986543208, -4.745693227830027, -4.827193233814844, -4.908717678640869, -4.9902570883593, -5.071803840929313, -5.153352166218071, -5.234898146000715, -5.316439713960373, -5.397976655688151, -5.479510608683142, -5.561045062352418, -5.642585358011038],
         "dplt_grid": [0.0, 6.144473804889858, 12.288947609779717, 18.433421414669574, 24.577895219559434, 30.722369024449293, 36.86684282933915, 43.01131663422901, 49.15579043911887, 55.30026424400872, 61.444738048898586, 67.58921185378844, 73.7336856586783, 79.87815946356815, 86.02263326845802, 92.16710707334788, 98.31158087823773, 104.45605468312759, 110.60052848801745, 116.74500229290732, 122.88947609779717, 129.03394990268703, 135.17842370757688, 141.32289751246674, 147.4673713173566, 153.61184512224645, 159.7563189271363, 165.9007927320262, 172.04526653691605, 178.1897403418059, 184.33421414669576, 190.4786879515856, 196.62316175647547, 202.76763556136532, 208.91210936625518, 215.05658317114504, 221.2010569760349, 227.34553078092475, 233.49000458581463, 239.6344783907045, 245.77895219559434, 251.9234260004842, 258.06789980537405, 264.2123736102639, 270.35684741515377, 276.5013212200436, 282.6457950249335, 288.79026882982333, 294.9347426347132, 301.07921643960304, 307.2236902444929, 313.36816404938276, 319.5126378542726, 325.65711165916247, 331.8015854640524, 337.94605926894224, 344.0905330738321, 350.23500687872195, 356.3794806836118, 362.52395448850166, 368.6684282933915, 374.81290209828137, 380.9573759031712, 387.1018497080611, 393.24632351295094, 399.3907973178408, 405.53527112273065, 411.6797449276205, 417.82421873251036, 423.9686925374002, 430.11316634229007, 436.2576401471799, 442.4021139520698, 448.54658775695964, 454.6910615618495, 460.8355353667394, 466.98000917162926, 473.1244829765191, 479.268956781409, 485.41343058629883, 491.5579043911887, 497.70237819607854, 503.8468520009684, 509.99132580585825, 516.1357996107481, 522.2802734156379, 528.4247472205278, 534.5692210254177, 540.7136948303075, 546.8581686351974, 553.0026424400872, 559.1471162449772, 565.291590049867, 571.4360638547569, 577.5805376596467, 583.7250114645366, 589.8694852694264, 596.0139590743163, 602.1584328792061, 608.302906684096],
         "dplt_at_force_location": -4.8578910039414875,
         "maximum_dplt": -5.642585358011038,
         "location_max_dplt": 608.302906684096
    },
     "metadata": {
         "error_code": 0,
         "model": "BendingTestAnalytical",
         "load_case": "Cantilever",
         "description": "",
         "job_name": "",
         "persistent_result_files": "",
         "n_cpus": 1,
         "date": "2026-03-26 14:57:51.468585",
         "cpu_time": 0.003511667251586914,
         "user": "sebastien.bocquet",
         "machine": "IPF7101",
         "vims_git_version": "d0050d8de498c8354552cdde540fb3e524454871",
         "directory_archive_root": "/home/sebastien.bocquet/PycharmProjects/vimseo/docs/runnable_examples/model_runs/archive/sensitivity",
         "directory_archive_job": "/home/sebastien.bocquet/PycharmProjects/vimseo/docs/runnable_examples/model_runs/archive/sensitivity/BendingTestAnalytical/Cantilever/9",
         "directory_scratch_root": "/home/sebastien.bocquet/PycharmProjects/vimseo/docs/runnable_examples/model_runs/scratch/sensitivity",
         "directory_scratch_job": ""
    }
}