{
     "inputs": {
         "length": 595.1066592594906,
         "width": 30.076932734100087,
         "height": 39.7518331487845,
         "imposed_dplt": -14.384353287650395,
         "relative_dplt_location": 0.922419274224779,
         "young_modulus": 211062.2617672044,
         "nu_p": 0.3063805043366768
    },
     "outputs": {
         "reaction_forces": -8669.148196729724,
         "moment": [4758823.596028368, 0.0, 0.0],
         "moment_grid": [0.0, 548.9378527204722, 595.1066592594906],
         "dplt": [0.0, -0.0025779014814261174, -0.01027382873612346, -0.023031115979720497, -0.0407930974278457, -0.06350310729612756, -0.09110447980019451, -0.12354054915567503, -0.16075464957819763, -0.2026901152833908, -0.24929028048688284, -0.30049847940430247, -0.35625804625127805, -0.41651231524343807, -0.4812046205964108, -0.5502782965258252, -0.6236766772473091, -0.7013430969764914, -0.7832208899290011, -0.8692533903204656, -0.9593839323665139, -1.0535558502827747, -1.1517124782848756, -1.2537971505884467, -1.3597532014091147, -1.469523964962509, -1.5830527754642576, -1.7002829671299895, -1.821157874175333, -1.9456208308159169, -2.073615171267369, -2.2050842297453177, -2.3399713404653917, -2.4782198376432203, -2.619773055494431, -2.7645743282346524, -2.9125669900795135, -3.0636943752446424, -3.217899817945667, -3.3751266523982166, -3.5353182128179195, -3.698417833420403, -3.8643688484212984, -4.033114592036232, -4.204598398480831, -4.378763601970729, -4.555553536721549, -4.734911536948921, -4.9167809368684745, -5.101105070695837, -5.287827272646637, -5.476890876936504, -5.668239217781066, -5.861815629395951, -6.057563445996789, -6.255426001799206, -6.455346631018831, -6.657268667871295, -6.861135446572227, -7.066890301337248, -7.274476566381995, -7.483837575922092, -7.694916664173169, -7.907657165350857, -8.122002413670774, -8.337895743348563, -8.555280488599841, -8.774099983640246, -8.994297562685395, -9.215816559950929, -9.438600309652465, -9.662592146005641, -9.887735403226083, -10.113973415529413, -10.341249517131269, -10.56950704224727, -10.798689325093054, -11.028739699884238, -11.259601500836466, -11.491218062165352, -11.723532718086535, -11.95648880281563, -12.190029650568281, -12.424098595560105, -12.658636865543313, -12.89357945267254, -13.128865967023719, -13.36444087916633, -13.60025340140541, -13.836257487781598, -14.072411834071087, -14.30867987778565, -14.54502979817265, -14.781434516215004, -15.01787169463123, -15.254323737875396, -15.490777792137168, -15.72722574534177, -15.963664227150018, -16.20009460895829],
         "dplt_grid": [0.0, 6.011178376358491, 12.022356752716982, 18.033535129075474, 24.044713505433965, 30.055891881792455, 36.06707025815095, 42.078248634509436, 48.08942701086793, 54.10060538722642, 60.11178376358491, 66.1229621399434, 72.1341405163019, 78.14531889266038, 84.15649726901887, 90.16767564537737, 96.17885402173586, 102.19003239809435, 108.20121077445285, 114.21238915081133, 120.22356752716982, 126.23474590352832, 132.2459242798868, 138.2571026562453, 144.2682810326038, 150.27945940896228, 156.29063778532077, 162.30181616167926, 168.31299453803774, 174.32417291439626, 180.33535129075474, 186.34652966711323, 192.35770804347172, 198.3688864198302, 204.3800647961887, 210.39124317254718, 216.4024215489057, 222.41359992526418, 228.42477830162267, 234.43595667798115, 240.44713505433964, 246.45831343069813, 252.46949180705664, 258.4806701834151, 264.4918485597736, 270.50302693613213, 276.5142053124906, 282.5253836888491, 288.5365620652076, 294.5477404415661, 300.55891881792456, 306.57009719428305, 312.58127557064154, 318.592453947, 324.6036323233585, 330.614810699717, 336.6259890760755, 342.63716745243397, 348.6483458287925, 354.659524205151, 360.6707025815095, 366.681880957868, 372.69305933422646, 378.70423771058495, 384.71541608694343, 390.7265944633019, 396.7377728396604, 402.7489512160189, 408.7601295923774, 414.77130796873587, 420.78248634509436, 426.7936647214529, 432.8048430978114, 438.8160214741699, 444.82719985052836, 450.83837822688685, 456.84955660324533, 462.8607349796038, 468.8719133559623, 474.8830917323208, 480.8942701086793, 486.90544848503777, 492.91662686139625, 498.92780523775474, 504.9389836141133, 510.95016199047177, 516.9613403668302, 522.9725187431887, 528.9836971195472, 534.9948754959057, 541.0060538722643, 547.0172322486227, 553.0284106249812, 559.0395890013397, 565.0507673776982, 571.0619457540566, 577.0731241304152, 583.0843025067736, 589.0954808831322, 595.1066592594906],
         "dplt_at_force_location": -14.384195603188271,
         "maximum_dplt": -16.20009460895829,
         "location_max_dplt": 595.1066592594906
    },
     "metadata": {
         "error_code": 0,
         "model": "BendingTestAnalytical",
         "load_case": "Cantilever",
         "description": "",
         "job_name": "",
         "persistent_result_files": "",
         "n_cpus": 1,
         "date": "2026-03-17 09:07:46.127860",
         "cpu_time": 0.021502017974853516,
         "user": "sebastien.bocquet",
         "machine": "B20191729",
         "vims_git_version": "1b6e7132b9faba0cc93317d127a381ee76a8cb8e",
         "directory_archive_root": "C:\\Users\\sebastien.bocquet\\PycharmProjects\\vimseo\\docs\\runnable_examples\\model_runs\\archive\\uq",
         "directory_archive_job": "C:\\Users\\sebastien.bocquet\\PycharmProjects\\vimseo\\docs\\runnable_examples\\model_runs\\archive\\uq\\BendingTestAnalytical\\Cantilever\\66",
         "directory_scratch_root": "C:\\Users\\sebastien.bocquet\\PycharmProjects\\vimseo\\docs\\runnable_examples\\model_runs\\scratch\\uq",
         "directory_scratch_job": ""
    }
}