{
     "inputs": {
         "young_modulus": 219609.375,
         "Cantilever:length": 600.0,
         "Cantilever:width": 30.1181640625,
         "Cantilever:height": 39.6412353515625,
         "Cantilever:imposed_dplt": -4.913818359375,
         "Cantilever:relative_dplt_location": 1.0,
         "Cantilever:nu_p": 0.3
    },
     "outputs": {
         "length": 600.0,
         "width": 30.1181640625,
         "height": 39.6412353515625,
         "imposed_dplt": -4.913818359375,
         "relative_dplt_location": 1.0,
         "nu_p": 0.3,
         "reaction_forces": -2343.2912293413974,
         "moment": [1405974.7376048383, 0.0],
         "moment_grid": [0.0, 600.0],
         "dplt": [0.0, -0.0007495062008592196, -0.002987896341263104, -0.006699977727950997, -0.011870557667662244, -0.01848444346713618, -0.026526442433112127, -0.035981361872329455, -0.04683400909152748, -0.05906919139744555, -0.07267171609682302, -0.08762639049639918, -0.10391802190291342, -0.12153141762310507, -0.1404513849637135, -0.16066273123147792, -0.18215026373313786, -0.20489878977543258, -0.22889311666510134, -0.2541180517088836, -0.28055840221351863, -0.3081989754857457, -0.33702457883230447, -0.36702001955993396, -0.3981701049753734, -0.4304596423853626, -0.4638734390966405, -0.4983963024159467, -0.5340130396500203, -0.5707084581056008, -0.6084673650894274, -0.6472745679082397, -0.6871148738687768, -0.727973090277778, -0.7698340244419831, -0.8126824836681307, -0.8565032752629609, -0.9012812065332123, -0.9470010847856247, -0.9936477173269375, -1.0412059114638896, -1.0896604745032208, -1.1389962137516703, -1.1891979365159773, -1.2402504501028817, -1.292138561819122, -1.344847078971438, -1.3983608088665689, -1.4526645588112534, -1.5077431361122327, -1.5635813480762442, -1.6201640020100285, -1.6774759052203245, -1.7355018650138712, -1.7942266886974083, -1.8536351835776752, -1.9137121569614113, -1.9744424161553555, -2.035810768466247, -2.097802021200826, -2.160400981665832, -2.2235924571680026, -2.2873612550140794, -2.3516921825107997, -2.4165700469649045, -2.4819796556831317, -2.547905815972222, -2.614333335138913, -2.681247020489947, -2.748631679332059, -2.8164721189719923, -2.884753146716484, -2.9534595698722756, -3.0225761957461033, -3.0920878316447094, -3.161979284874831, -3.2322353627432094, -3.302840872556581, -3.3737806216216897, -3.445039417245271, -3.516602066734066, -3.5884533773948117, -3.660578156534251, -3.732961211459122, -3.8055873494761627, -3.878441377892114, -3.951508104013714, -4.024772335147703, -4.09821887860082, -4.171832541679803, -4.245598131691393, -4.31950045594233, -4.393524321739351, -4.4676545363891975, -4.541875907198609, -4.61617324147432, -4.690531346523077, -4.764935029651616, -4.8393690981666735, -4.913818359374995],
         "dplt_grid": [0.0, 6.0606060606060606, 12.121212121212121, 18.18181818181818, 24.242424242424242, 30.303030303030305, 36.36363636363636, 42.42424242424242, 48.484848484848484, 54.54545454545455, 60.60606060606061, 66.66666666666667, 72.72727272727272, 78.78787878787878, 84.84848484848484, 90.9090909090909, 96.96969696969697, 103.03030303030303, 109.0909090909091, 115.15151515151516, 121.21212121212122, 127.27272727272727, 133.33333333333334, 139.3939393939394, 145.45454545454544, 151.5151515151515, 157.57575757575756, 163.63636363636363, 169.6969696969697, 175.75757575757575, 181.8181818181818, 187.87878787878788, 193.93939393939394, 200.0, 206.06060606060606, 212.12121212121212, 218.1818181818182, 224.24242424242425, 230.3030303030303, 236.36363636363637, 242.42424242424244, 248.48484848484847, 254.54545454545453, 260.6060606060606, 266.6666666666667, 272.72727272727275, 278.7878787878788, 284.8484848484849, 290.9090909090909, 296.96969696969694, 303.030303030303, 309.09090909090907, 315.1515151515151, 321.2121212121212, 327.27272727272725, 333.3333333333333, 339.3939393939394, 345.45454545454544, 351.5151515151515, 357.57575757575756, 363.6363636363636, 369.6969696969697, 375.75757575757575, 381.8181818181818, 387.8787878787879, 393.93939393939394, 400.0, 406.06060606060606, 412.1212121212121, 418.1818181818182, 424.24242424242425, 430.3030303030303, 436.3636363636364, 442.42424242424244, 448.4848484848485, 454.54545454545456, 460.6060606060606, 466.6666666666667, 472.72727272727275, 478.7878787878788, 484.8484848484849, 490.9090909090909, 496.96969696969694, 503.030303030303, 509.09090909090907, 515.1515151515151, 521.2121212121212, 527.2727272727273, 533.3333333333334, 539.3939393939394, 545.4545454545455, 551.5151515151515, 557.5757575757576, 563.6363636363636, 569.6969696969697, 575.7575757575758, 581.8181818181818, 587.8787878787879, 593.9393939393939, 600.0],
         "dplt_at_force_location": -4.913818359374995,
         "maximum_dplt": -4.913818359374995,
         "location_max_dplt": 600.0
    },
     "metadata": {
         "error_code": 0,
         "model": "BendingTestAnalytical",
         "load_case": "Cantilever",
         "description": "",
         "job_name": "",
         "persistent_result_files": "",
         "n_cpus": 1,
         "date": "2026-03-26 14:57:48.625491",
         "cpu_time": 0.009429693222045898,
         "user": "sebastien.bocquet",
         "machine": "IPF7101",
         "vims_git_version": "d0050d8de498c8354552cdde540fb3e524454871",
         "directory_archive_root": "/home/sebastien.bocquet/PycharmProjects/vimseo/docs/runnable_examples/model_runs/archive/calibration_scalars",
         "directory_archive_job": "/home/sebastien.bocquet/PycharmProjects/vimseo/docs/runnable_examples/model_runs/archive/calibration_scalars/BendingTestAnalytical/Cantilever/456",
         "directory_scratch_root": "/home/sebastien.bocquet/PycharmProjects/vimseo/docs/runnable_examples/model_runs/scratch/calibration_scalars",
         "directory_scratch_job": ""
    }
}