{
     "inputs": {
         "length": 595.3766432815928,
         "width": 29.72567331004757,
         "height": 39.955663340596324,
         "imposed_dplt": -5.059313591875855,
         "relative_dplt_location": 0.9381385469687452,
         "young_modulus": 207888.33881424673,
         "nu_p": 0.3092149179183565
    },
     "outputs": {
         "reaction_forces": -2861.2259175434715,
         "moment": [1598125.6590874835, 0.0, 0.0],
         "moment_grid": [0.0, 558.5457790273224, 595.3766432815928],
         "dplt": [0.0, -0.000876631373085567, -0.0034938951515707567, -0.007832845824298305, -0.013874537880110945, -0.02160002580785141, -0.03099036409636246, -0.042026607234486806, -0.05468980971106721, -0.06896102601494639, -0.08482131063496709, -0.10225171805997202, -0.12123330277880404, -0.14174711928030573, -0.16377422205331987, -0.1872956655866892, -0.21229250436925645, -0.2387457928898644, -0.26663658563735587, -0.29594593710057326, -0.3266549017683596, -0.35874453412955765, -0.39219588867300986, -0.4269900198875594, -0.46310798226204863, -0.5005308302853204, -0.5392396184462175, -0.5792154012335826, -0.6204392331362585, -0.662892168643088, -0.7065552622429137, -0.7514095684245783, -0.7974361416769247, -0.8446160364887954, -0.8929303073490331, -0.9423600087464812, -0.9928861951699819, -1.0444899211083778, -1.097152241050512, -1.1508542094852268, -1.2055768809013654, -1.2613013097877703, -1.3180085506332844, -1.37567965792675, -1.4342956861570104, -1.4938376898129087, -1.5542867233832864, -1.6156238413569868, -1.6778300982228527, -1.740886548469727, -1.8047742465864522, -1.8694742470618708, -1.9349676043848263, -2.0012353730441608, -2.0682586075287173, -2.1360183623273383, -2.2044956919288663, -2.273671650822145, -2.3435272934960167, -2.414043674439323, -2.4852018481409086, -2.5569828690896155, -2.6293677917742855, -2.7023376706837623, -2.7758735603068883, -2.8499565151325066, -2.924567589649459, -2.9996878383465897, -3.07529831571274, -3.1513800762367543, -3.227914174407472, -3.3048816647137413, -3.3822636016444005, -3.4600410396882917, -3.5381950333342624, -3.6167066370711503, -3.6955569053878032, -3.7747268927730575, -3.854197653715761, -3.933950242704753, -4.013965714228881, -4.094225122776984, -4.1747095228379045, -4.255399968900487, -4.336277515453574, -4.4173232169860075, -4.49851812798663, -4.579843302944285, -4.661278810813166, -4.742802622947081, -4.824395818975877, -4.90604177701081, -4.987726084925308, -5.06943654035497, -5.151163150697575, -5.232898133113064, -5.314635914523562, -5.396373131613358, -5.4781086308289195, -5.559843468378883],
         "dplt_grid": [0.0, 6.013905487692857, 12.027810975385714, 18.041716463078572, 24.055621950771428, 30.069527438464284, 36.083432926157144, 42.09733841385, 48.111243901542856, 54.125149389235716, 60.13905487692857, 66.15296036462142, 72.16686585231429, 78.18077134000714, 84.1946768277, 90.20858231539286, 96.22248780308571, 102.23639329077857, 108.25029877847143, 114.26420426616428, 120.27810975385714, 126.29201524155, 132.30592072924284, 138.31982621693572, 144.33373170462858, 150.34763719232143, 156.36154268001428, 162.37544816770713, 168.3893536554, 174.40325914309287, 180.41716463078572, 186.43107011847857, 192.44497560617143, 198.45888109386428, 204.47278658155713, 210.48669206924998, 216.50059755694286, 222.51450304463572, 228.52840853232857, 234.54231402002142, 240.55621950771427, 246.57012499540713, 252.5840304831, 258.59793597079283, 264.6118414584857, 270.6257469461786, 276.63965243387145, 282.6535579215643, 288.66746340925715, 294.68136889695, 300.69527438464286, 306.7091798723357, 312.72308536002856, 318.7369908477214, 324.75089633541427, 330.7648018231071, 336.7787073108, 342.7926127984928, 348.80651828618574, 354.8204237738786, 360.83432926157144, 366.8482347492643, 372.86214023695715, 378.87604572465, 384.88995121234285, 390.9038567000357, 396.91776218772856, 402.9316676754214, 408.94557316311426, 414.9594786508071, 420.97338413849997, 426.9872896261929, 433.00119511388573, 439.0151006015786, 445.02900608927143, 451.0429115769643, 457.05681706465714, 463.07072255235, 469.08462804004284, 475.0985335277357, 481.11243901542855, 487.1263445031214, 493.14024999081425, 499.1541554785071, 505.1680609662, 511.18196645389287, 517.1958719415857, 523.2097774292786, 529.2236829169714, 535.2375884046643, 541.2514938923572, 547.26539938005, 553.2793048677429, 559.2932103554357, 565.3071158431286, 571.3210213308214, 577.3349268185143, 583.3488323062071, 589.3627377939, 595.3766432815928],
         "dplt_at_force_location": -5.059281250361218,
         "maximum_dplt": -5.559843468378883,
         "location_max_dplt": 595.3766432815928
    },
     "metadata": {
         "error_code": 0,
         "model": "BendingTestAnalytical",
         "load_case": "Cantilever",
         "description": "",
         "job_name": "",
         "persistent_result_files": "",
         "n_cpus": 1,
         "date": "2026-03-17 09:07:37.088482",
         "cpu_time": 0.018744945526123047,
         "user": "sebastien.bocquet",
         "machine": "B20191729",
         "vims_git_version": "1b6e7132b9faba0cc93317d127a381ee76a8cb8e",
         "directory_archive_root": "C:\\Users\\sebastien.bocquet\\PycharmProjects\\vimseo\\docs\\runnable_examples\\model_runs\\archive\\sensitivity",
         "directory_archive_job": "C:\\Users\\sebastien.bocquet\\PycharmProjects\\vimseo\\docs\\runnable_examples\\model_runs\\archive\\sensitivity\\BendingTestAnalytical\\Cantilever\\40",
         "directory_scratch_root": "C:\\Users\\sebastien.bocquet\\PycharmProjects\\vimseo\\docs\\runnable_examples\\model_runs\\scratch\\sensitivity",
         "directory_scratch_job": ""
    }
}