{
     "inputs": {
         "length": 616.7847578486039,
         "width": 30.649739980080014,
         "height": 40.290173804754005,
         "imposed_dplt": -15.23708588872183,
         "relative_dplt_location": 0.9075222164487304,
         "young_modulus": 209120.28037027593,
         "nu_p": 0.3037858678812702
    },
     "outputs": {
         "reaction_forces": -9105.202290951065,
         "moment": [5096599.3825595565, 0.0, 0.0],
         "moment_grid": [0.0, 559.7458705145585, 616.7847578486039],
         "dplt": [0.0, -0.002820940847936085, -0.011241743538534656, -0.02519937829198119, -0.044630815328461144, -0.06947302486815995, -0.09966297713126313, -0.135137642337956, -0.17583399070842412, -0.221688992462853, -0.27263961782142787, -0.32862283700433437, -0.38957562023175807, -0.4554349377238841, -0.5261377597008984, -0.601621056382986, -0.6818217979903323, -0.7666769547431234, -0.8561234968615452, -0.9500983945657814, -1.0485386180760186, -1.151381137612442, -1.258562923395237, -1.3700209456445893, -1.4856921745806844, -1.605513580423707, -1.729422133393844, -1.85735480371128, -1.9892485615961994, -2.1250403772687902, -2.2646672209492356, -2.4080660628577215, -2.555173873214434, -2.7059276222395585, -2.8602642801532796, -3.018120817175784, -3.179434203527257, -3.3441414094278823, -3.5121794050978474, -3.683485160757338, -3.857995646626536, -4.035647832925632, -4.216378689874807, -4.4001251876942495, -4.586824296604144, -4.776412986824676, -4.968828228576028, -5.1640069920783915, -5.361886247551947, -5.562402965216883, -5.7654941152933805, -5.971096668001632, -6.179147593561815, -6.389583862194122, -6.602342444118735, -6.8173603095558395, -7.0345744287256196, -7.253921771848265, -7.475339309143957, -7.698764010832885, -7.924132847135233, -8.15138278827118, -8.38045080446092, -8.61127386592464, -8.843788942882513, -9.077933005554739, -9.313643024161497, -9.550855968922965, -9.789508810059344, -10.02953851779081, -10.270882062337545, -10.513476413919744, -10.757258542757588, -11.002165419071257, -11.248134013080946, -11.49510129500684, -11.743004235069112, -11.991779803487962, -12.24136497048357, -12.491696706276116, -12.742711981085794, -12.99434767567887, -13.24653202944411, -13.499192203351539, -13.752263088905186, -14.00568425754016, -14.259399960622677, -14.51335912945002, -14.767515375250568, -15.0218269891838, -15.276256942340266, -15.53077288574161, -15.785347150340575, -16.039956747020977, -16.294583366597724, -16.549213379816823, -16.803837837355356, -17.0584524698215, -17.313057687754522, -17.56765858162477],
         "dplt_grid": [0.0, 6.230149069177817, 12.460298138355634, 18.690447207533452, 24.92059627671127, 31.150745345889085, 37.380894415066905, 43.61104348424472, 49.84119255342254, 56.07134162260036, 62.30149069177817, 68.53163976095598, 74.76178883013381, 80.99193789931162, 87.22208696848944, 93.45223603766726, 99.68238510684508, 105.91253417602289, 112.14268324520071, 118.37283231437853, 124.60298138355634, 130.83313045273417, 137.06327952191197, 143.2934285910898, 149.52357766026762, 155.75372672944542, 161.98387579862325, 168.21402486780107, 174.44417393697887, 180.6743230061567, 186.90447207533452, 193.13462114451232, 199.36477021369015, 205.59491928286798, 211.82506835204578, 218.0552174212236, 224.28536649040143, 230.51551555957923, 236.74566462875705, 242.97581369793488, 249.20596276711268, 255.4361118362905, 261.66626090546833, 267.89640997464613, 274.12655904382393, 280.3567081130018, 286.5868571821796, 292.8170062513574, 299.04715532053524, 305.27730438971304, 311.50745345889084, 317.7376025280687, 323.9677515972465, 330.1979006664243, 336.42804973560214, 342.65819880477994, 348.88834787395774, 355.1184969431356, 361.3486460123134, 367.5787950814912, 373.80894415066905, 380.03909321984685, 386.26924228902465, 392.4993913582025, 398.7295404273803, 404.9596894965581, 411.18983856573595, 417.41998763491375, 423.65013670409155, 429.8802857732694, 436.1104348424472, 442.340583911625, 448.57073298080286, 454.80088204998066, 461.03103111915846, 467.2611801883363, 473.4913292575141, 479.7214783266919, 485.95162739586976, 492.18177646504756, 498.41192553422536, 504.6420746034032, 510.872223672581, 517.1023727417588, 523.3325218109367, 529.5626708801144, 535.7928199492923, 542.0229690184701, 548.2531180876479, 554.4832671568257, 560.7134162260036, 566.9435652951813, 573.1737143643592, 579.403863433537, 585.6340125027148, 591.8641615718926, 598.0943106410705, 604.3244597102482, 610.5546087794261, 616.7847578486039],
         "dplt_at_force_location": -15.236743825189093,
         "maximum_dplt": -17.56765858162477,
         "location_max_dplt": 616.7847578486039
    },
     "metadata": {
         "error_code": 0,
         "model": "BendingTestAnalytical",
         "load_case": "Cantilever",
         "description": "",
         "job_name": "",
         "persistent_result_files": "",
         "n_cpus": 1,
         "date": "2026-03-17 09:07:42.368515",
         "cpu_time": 0.012430667877197266,
         "user": "sebastien.bocquet",
         "machine": "B20191729",
         "vims_git_version": "1b6e7132b9faba0cc93317d127a381ee76a8cb8e",
         "directory_archive_root": "C:\\Users\\sebastien.bocquet\\PycharmProjects\\vimseo\\docs\\runnable_examples\\model_runs\\archive\\uq",
         "directory_archive_job": "C:\\Users\\sebastien.bocquet\\PycharmProjects\\vimseo\\docs\\runnable_examples\\model_runs\\archive\\uq\\BendingTestAnalytical\\Cantilever\\6",
         "directory_scratch_root": "C:\\Users\\sebastien.bocquet\\PycharmProjects\\vimseo\\docs\\runnable_examples\\model_runs\\scratch\\uq",
         "directory_scratch_job": ""
    }
}