{
     "inputs": {
         "young_modulus": 220004.8828125,
         "Cantilever:length": 600.0,
         "Cantilever:width": 30.4969482421875,
         "Cantilever:height": 40.7369384765625,
         "Cantilever:imposed_dplt": -5.064697265625,
         "Cantilever:relative_dplt_location": 1.0,
         "Cantilever:nu_p": 0.3
    },
     "outputs": {
         "length": 600.0,
         "width": 30.4969482421875,
         "height": 40.7369384765625,
         "imposed_dplt": -5.064697265625,
         "relative_dplt_location": 1.0,
         "nu_p": 0.3,
         "reaction_forces": -2658.848624975377,
         "moment": [1595309.1749852262, 0.0],
         "moment_grid": [0.0, 600.0],
         "dplt": [0.0, -0.0007725198060726639, -0.0030796397674518377, -0.006905700698879285, -0.012235043415096783, -0.019052008730846105, -0.027340937460869002, -0.03708617041990726, -0.048272048422702656, -0.06088291228399695, -0.07490310281853191, -0.09031696084104933, -0.1071088271662909, -0.1252630426089985, -0.14476394798391387, -0.16559588410577872, -0.18774319178933485, -0.2111902118493241, -0.23592128510048807, -0.26192075235756906, -0.28917295443530816, -0.3176622321484473, -0.3473729263117285, -0.37828937773989335, -0.4103959272476835, -0.443676915649841, -0.4781166837611075, -0.5136995723962248, -0.5504099223699346, -0.5882320744969787, -0.627150369592099, -0.6671491484700371, -0.7082127519455347, -0.7503255208333337, -0.7934717959481761, -0.8376359181048032, -0.882802228117957, -0.9289550668023796, -0.9760787749728119, -1.0241576934439964, -1.0731761630306749, -1.1231185245475888, -1.1739691188094799, -1.22571228663109, -1.2783323688271615, -1.3318137062124351, -1.3861406396016533, -1.4412975098095575, -1.4972686576508896, -1.5540384239403917, -1.6115911494928048, -1.669911175122872, -1.7289828416453337, -1.7887904898749318, -1.8493184606264095, -1.9105510947145066, -1.9724727329539662, -2.03506771615953, -2.098320385145939, -2.1622150807279352, -2.226736143720261, -2.291867914937657, -2.3575947351948674, -2.4239009453066305, -2.490770886087691, -2.5581888983527894, -2.6261393229166674, -2.6946065005940665, -2.7635747721997297, -2.8330284785483966, -2.902951960454812, -2.9733295587337154, -3.04414561419985, -3.115384467667955, -3.187030459952777, -3.2590679318690516, -3.3314812242315255, -3.404254677854937, -3.4773726335540314, -3.550819432143548, -3.6245794144382293, -3.698636921252816, -3.7729762934020514, -3.847581871700677, -3.9224379969634335, -3.9975290100050653, -4.072839251640311, -4.148353062683913, -4.224054783950616, -4.299928756255157, -4.375959320412282, -4.452130817236731, -4.528427587543246, -4.604833972146566, -4.6813343118614394, -4.7579129475026, -4.8345542198847955, -4.911242469822767, -4.987962038131251, -5.0646972656249964],
         "dplt_grid": [0.0, 6.0606060606060606, 12.121212121212121, 18.18181818181818, 24.242424242424242, 30.303030303030305, 36.36363636363636, 42.42424242424242, 48.484848484848484, 54.54545454545455, 60.60606060606061, 66.66666666666667, 72.72727272727272, 78.78787878787878, 84.84848484848484, 90.9090909090909, 96.96969696969697, 103.03030303030303, 109.0909090909091, 115.15151515151516, 121.21212121212122, 127.27272727272727, 133.33333333333334, 139.3939393939394, 145.45454545454544, 151.5151515151515, 157.57575757575756, 163.63636363636363, 169.6969696969697, 175.75757575757575, 181.8181818181818, 187.87878787878788, 193.93939393939394, 200.0, 206.06060606060606, 212.12121212121212, 218.1818181818182, 224.24242424242425, 230.3030303030303, 236.36363636363637, 242.42424242424244, 248.48484848484847, 254.54545454545453, 260.6060606060606, 266.6666666666667, 272.72727272727275, 278.7878787878788, 284.8484848484849, 290.9090909090909, 296.96969696969694, 303.030303030303, 309.09090909090907, 315.1515151515151, 321.2121212121212, 327.27272727272725, 333.3333333333333, 339.3939393939394, 345.45454545454544, 351.5151515151515, 357.57575757575756, 363.6363636363636, 369.6969696969697, 375.75757575757575, 381.8181818181818, 387.8787878787879, 393.93939393939394, 400.0, 406.06060606060606, 412.1212121212121, 418.1818181818182, 424.24242424242425, 430.3030303030303, 436.3636363636364, 442.42424242424244, 448.4848484848485, 454.54545454545456, 460.6060606060606, 466.6666666666667, 472.72727272727275, 478.7878787878788, 484.8484848484849, 490.9090909090909, 496.96969696969694, 503.030303030303, 509.09090909090907, 515.1515151515151, 521.2121212121212, 527.2727272727273, 533.3333333333334, 539.3939393939394, 545.4545454545455, 551.5151515151515, 557.5757575757576, 563.6363636363636, 569.6969696969697, 575.7575757575758, 581.8181818181818, 587.8787878787879, 593.9393939393939, 600.0],
         "dplt_at_force_location": -5.0646972656249964,
         "maximum_dplt": -5.0646972656249964,
         "location_max_dplt": 600.0
    },
     "metadata": {
         "error_code": 0,
         "model": "BendingTestAnalytical",
         "load_case": "Cantilever",
         "description": "",
         "job_name": "",
         "persistent_result_files": "",
         "n_cpus": 1,
         "date": "2026-03-26 14:57:37.454906",
         "cpu_time": 0.006459951400756836,
         "user": "sebastien.bocquet",
         "machine": "IPF7101",
         "vims_git_version": "d0050d8de498c8354552cdde540fb3e524454871",
         "directory_archive_root": "/home/sebastien.bocquet/PycharmProjects/vimseo/docs/runnable_examples/model_runs/archive/calibration_scalars",
         "directory_archive_job": "/home/sebastien.bocquet/PycharmProjects/vimseo/docs/runnable_examples/model_runs/archive/calibration_scalars/BendingTestAnalytical/Cantilever/81",
         "directory_scratch_root": "/home/sebastien.bocquet/PycharmProjects/vimseo/docs/runnable_examples/model_runs/scratch/calibration_scalars",
         "directory_scratch_job": ""
    }
}