{
     "inputs": {
         "young_modulus": 220004.8828125,
         "Cantilever:length": 600.0,
         "Cantilever:width": 30.4969482421875,
         "Cantilever:height": 40.7369384765625,
         "Cantilever:imposed_dplt": -5.064697265625,
         "Cantilever:relative_dplt_location": 1.0,
         "Cantilever:nu_p": 0.3
    },
     "outputs": {
         "length": 600.0,
         "width": 30.4969482421875,
         "height": 40.7369384765625,
         "imposed_dplt": -5.064697265625,
         "relative_dplt_location": 1.0,
         "nu_p": 0.3,
         "reaction_forces": -2658.848624975377,
         "moment": [1595309.1749852262, 0.0],
         "moment_grid": [0.0, 600.0],
         "dplt": [0.0, -0.0007725198060726634, -0.0030796397674518377, -0.00690570069887929, -0.012235043415096795, -0.01905200873084612, -0.027340937460869023, -0.0370861704199073, -0.048272048422702704, -0.060882912283997004, -0.07490310281853195, -0.09031696084104936, -0.10710882716629094, -0.12526304260899856, -0.14476394798391395, -0.16559588410577875, -0.1877431917893349, -0.2111902118493241, -0.2359212851004881, -0.261920752357569, -0.2891729544353081, -0.3176622321484473, -0.34737292631172856, -0.3782893777398934, -0.4103959272476836, -0.44367691564984113, -0.4781166837611077, -0.513699572396225, -0.550409922369935, -0.5882320744969791, -0.6271503695920995, -0.6671491484700376, -0.7082127519455352, -0.7503255208333346, -0.7934717959481769, -0.8376359181048039, -0.8828022281179579, -0.9289550668023804, -0.9760787749728129, -1.0241576934439975, -1.0731761630306758, -1.1231185245475896, -1.173969118809481, -1.2257122866310912, -1.2783323688271626, -1.3318137062124367, -1.3861406396016547, -1.4412975098095588, -1.4972686576508907, -1.5540384239403926, -1.611591149492806, -1.6699111751228728, -1.7289828416453348, -1.788790489874933, -1.8493184606264101, -1.9105510947145075, -1.9724727329539669, -2.0350677161595305, -2.0983203851459393, -2.1622150807279352, -2.2267361437202613, -2.291867914937657, -2.3575947351948674, -2.42390094530663, -2.4907708860876916, -2.558188898352789, -2.626139322916667, -2.694606500594066, -2.7635747721997284, -2.8330284785483952, -2.9029519604548106, -2.973329558733714, -3.0441456141998477, -3.115384467667954, -3.1870304599527746, -3.2590679318690485, -3.3314812242315224, -3.404254677854934, -3.4773726335540287, -3.550819432143544, -3.6245794144382257, -3.6986369212528114, -3.7729762934020474, -3.8475818717006733, -3.9224379969634295, -3.997529010005061, -4.072839251640306, -4.148353062683909, -4.224054783950612, -4.299928756255152, -4.375959320412277, -4.452130817236725, -4.528427587543239, -4.60483397214656, -4.681334311861432, -4.757912947502593, -4.834554219884788, -4.911242469822759, -4.987962038131245, -5.064697265624989],
         "dplt_grid": [0.0, 6.0606060606060606, 12.121212121212121, 18.18181818181818, 24.242424242424242, 30.303030303030305, 36.36363636363636, 42.42424242424242, 48.484848484848484, 54.54545454545455, 60.60606060606061, 66.66666666666667, 72.72727272727272, 78.78787878787878, 84.84848484848484, 90.9090909090909, 96.96969696969697, 103.03030303030303, 109.0909090909091, 115.15151515151516, 121.21212121212122, 127.27272727272727, 133.33333333333334, 139.3939393939394, 145.45454545454544, 151.5151515151515, 157.57575757575756, 163.63636363636363, 169.6969696969697, 175.75757575757575, 181.8181818181818, 187.87878787878788, 193.93939393939394, 200.0, 206.06060606060606, 212.12121212121212, 218.1818181818182, 224.24242424242425, 230.3030303030303, 236.36363636363637, 242.42424242424244, 248.48484848484847, 254.54545454545453, 260.6060606060606, 266.6666666666667, 272.72727272727275, 278.7878787878788, 284.8484848484849, 290.9090909090909, 296.96969696969694, 303.030303030303, 309.09090909090907, 315.1515151515151, 321.2121212121212, 327.27272727272725, 333.3333333333333, 339.3939393939394, 345.45454545454544, 351.5151515151515, 357.57575757575756, 363.6363636363636, 369.6969696969697, 375.75757575757575, 381.8181818181818, 387.8787878787879, 393.93939393939394, 400.0, 406.06060606060606, 412.1212121212121, 418.1818181818182, 424.24242424242425, 430.3030303030303, 436.3636363636364, 442.42424242424244, 448.4848484848485, 454.54545454545456, 460.6060606060606, 466.6666666666667, 472.72727272727275, 478.7878787878788, 484.8484848484849, 490.9090909090909, 496.96969696969694, 503.030303030303, 509.09090909090907, 515.1515151515151, 521.2121212121212, 527.2727272727273, 533.3333333333334, 539.3939393939394, 545.4545454545455, 551.5151515151515, 557.5757575757576, 563.6363636363636, 569.6969696969697, 575.7575757575758, 581.8181818181818, 587.8787878787879, 593.9393939393939, 600.0],
         "dplt_at_force_location": -5.064697265624989,
         "maximum_dplt": -5.064697265624989,
         "location_max_dplt": 600.0
    },
     "metadata": {
         "error_code": 0,
         "model": "BendingTestAnalytical",
         "load_case": "Cantilever",
         "description": "",
         "job_name": "",
         "persistent_result_files": "",
         "n_cpus": 1,
         "date": "2026-03-17 09:06:29.224851",
         "cpu_time": 0.028238296508789062,
         "user": "sebastien.bocquet",
         "machine": "B20191729",
         "vims_git_version": "1b6e7132b9faba0cc93317d127a381ee76a8cb8e",
         "directory_archive_root": "C:\\Users\\sebastien.bocquet\\PycharmProjects\\vimseo\\docs\\runnable_examples\\model_runs\\archive\\calibration_scalars",
         "directory_archive_job": "C:\\Users\\sebastien.bocquet\\PycharmProjects\\vimseo\\docs\\runnable_examples\\model_runs\\archive\\calibration_scalars\\BendingTestAnalytical\\Cantilever\\81",
         "directory_scratch_root": "C:\\Users\\sebastien.bocquet\\PycharmProjects\\vimseo\\docs\\runnable_examples\\model_runs\\scratch\\calibration_scalars",
         "directory_scratch_job": ""
    }
}