{
     "inputs": {
         "young_modulus": 219905.42700239795,
         "Cantilever:length": 600.0,
         "Cantilever:width": 29.61376953125,
         "Cantilever:height": 39.2391357421875,
         "Cantilever:imposed_dplt": -4.9503173828125,
         "Cantilever:relative_dplt_location": 1.0,
         "Cantilever:nu_p": 0.3
    },
     "outputs": {
         "length": 600.0,
         "width": 29.61376953125,
         "height": 39.2391357421875,
         "imposed_dplt": -4.9503173828125,
         "relative_dplt_location": 1.0,
         "nu_p": 0.3,
         "reaction_forces": -2254.276797339462,
         "moment": [1352566.0784036773, 0.0],
         "moment_grid": [0.0, 600.0],
         "dplt": [0.0, -0.0007550734079456442, -0.0030100899370806046, -0.0067497440453519394, -0.0119587301907067, -0.01862174283109192, -0.02672347642445464, -0.03624862542874193, -0.0471818843019008, -0.059507947501878315, -0.07321150948662153, -0.08827726471407749, -0.1046899076421932, -0.12243413272891578, -0.14149463443219223, -0.16185610720996957, -0.18350324552019495, -0.20642074382081535, -0.23059329656977784, -0.25600559822502983, -0.2826423432445177, -0.31048822608618876, -0.33952794120799024, -0.369746183067869, -0.40112764612377194, -0.43365702483364654, -0.4673190136554395, -0.502098307047098, -0.5379795994665691, -0.5749475853717998, -0.6129869592207371, -0.6520824154713283, -0.69221864858152, -0.7333803530092595, -0.7755522232124941, -0.8187189536491706, -0.8628652387772358, -0.907975773054637, -0.9540352509393215, -1.0010283668892357, -1.048939815362327, -1.097754290816543, -1.1474564877098297, -1.1980311005001352, -1.2494628236454057, -1.3017363516035887, -1.3548363788326307, -1.4087475997904795, -1.4634547089350813, -1.5189424007243844, -1.5751953696163343, -1.6321983100688797, -1.6899359165399666, -1.7483928834875417, -1.807553905369553, -1.867403676643947, -1.927926891768671, -1.9891082452016726, -2.050932431400897, -2.1133841448242934, -2.176448079929808, -2.2401089311753863, -2.3043513930189783, -2.369160159918528, -2.434519926331985, -2.500415386717295, -2.5668312355324057, -2.633752167235264, -2.7011628762838176, -2.76904805713601, -2.8373924042497927, -2.9061806120831113, -2.975397375093912, -3.0450273877401415, -3.11505534447975, -3.1854659397706797, -3.2562438680708827, -3.3273738238383017, -3.398840501530887, -3.470628595606583, -3.5427228005233404, -3.6151078107391004, -3.687768320711815, -3.7606890248994307, -3.833854617759892, -3.90724979375115, -3.9808592473311486, -4.054667672957834, -4.128659765089157, -4.202820218183059, -4.277133726697495, -4.351584985090405, -4.426158687819738, -4.500839529343443, -4.575612204119467, -4.650461406605752, -4.725371831260251, -4.80032817254091, -4.875315124905672, -4.950317382812489],
         "dplt_grid": [0.0, 6.0606060606060606, 12.121212121212121, 18.18181818181818, 24.242424242424242, 30.303030303030305, 36.36363636363636, 42.42424242424242, 48.484848484848484, 54.54545454545455, 60.60606060606061, 66.66666666666667, 72.72727272727272, 78.78787878787878, 84.84848484848484, 90.9090909090909, 96.96969696969697, 103.03030303030303, 109.0909090909091, 115.15151515151516, 121.21212121212122, 127.27272727272727, 133.33333333333334, 139.3939393939394, 145.45454545454544, 151.5151515151515, 157.57575757575756, 163.63636363636363, 169.6969696969697, 175.75757575757575, 181.8181818181818, 187.87878787878788, 193.93939393939394, 200.0, 206.06060606060606, 212.12121212121212, 218.1818181818182, 224.24242424242425, 230.3030303030303, 236.36363636363637, 242.42424242424244, 248.48484848484847, 254.54545454545453, 260.6060606060606, 266.6666666666667, 272.72727272727275, 278.7878787878788, 284.8484848484849, 290.9090909090909, 296.96969696969694, 303.030303030303, 309.09090909090907, 315.1515151515151, 321.2121212121212, 327.27272727272725, 333.3333333333333, 339.3939393939394, 345.45454545454544, 351.5151515151515, 357.57575757575756, 363.6363636363636, 369.6969696969697, 375.75757575757575, 381.8181818181818, 387.8787878787879, 393.93939393939394, 400.0, 406.06060606060606, 412.1212121212121, 418.1818181818182, 424.24242424242425, 430.3030303030303, 436.3636363636364, 442.42424242424244, 448.4848484848485, 454.54545454545456, 460.6060606060606, 466.6666666666667, 472.72727272727275, 478.7878787878788, 484.8484848484849, 490.9090909090909, 496.96969696969694, 503.030303030303, 509.09090909090907, 515.1515151515151, 521.2121212121212, 527.2727272727273, 533.3333333333334, 539.3939393939394, 545.4545454545455, 551.5151515151515, 557.5757575757576, 563.6363636363636, 569.6969696969697, 575.7575757575758, 581.8181818181818, 587.8787878787879, 593.9393939393939, 600.0],
         "dplt_at_force_location": -4.950317382812489,
         "maximum_dplt": -4.950317382812489,
         "location_max_dplt": 600.0
    },
     "metadata": {
         "error_code": 0,
         "model": "BendingTestAnalytical",
         "load_case": "Cantilever",
         "description": "",
         "job_name": "",
         "persistent_result_files": "",
         "n_cpus": 1,
         "date": "2026-03-26 14:57:41.330460",
         "cpu_time": 0.004879951477050781,
         "user": "sebastien.bocquet",
         "machine": "IPF7101",
         "vims_git_version": "d0050d8de498c8354552cdde540fb3e524454871",
         "directory_archive_root": "/home/sebastien.bocquet/PycharmProjects/vimseo/docs/runnable_examples/model_runs/archive/calibration_scalars",
         "directory_archive_job": "/home/sebastien.bocquet/PycharmProjects/vimseo/docs/runnable_examples/model_runs/archive/calibration_scalars/BendingTestAnalytical/Cantilever/167",
         "directory_scratch_root": "/home/sebastien.bocquet/PycharmProjects/vimseo/docs/runnable_examples/model_runs/scratch/calibration_scalars",
         "directory_scratch_job": ""
    }
}