{
     "inputs": {
         "length": 590.5801775182551,
         "width": 30.28557586739634,
         "height": 39.9767161302099,
         "imposed_dplt": -14.443384661304895,
         "relative_dplt_location": 0.9014383039420342,
         "young_modulus": 208641.1894119809,
         "nu_p": 0.3009187259840793
    },
     "outputs": {
         "reaction_forces": -9660.98924297301,
         "moment": [5143236.238684671, 0.0, 0.0],
         "moment_grid": [0.0, 532.3715935638414, 590.5801775182551],
         "dplt": [0.0, -0.002710145708721293, -0.010799939871590421, -0.024208418043665296, -0.042874615780003816, -0.06673756863566381, -0.09573631216570312, -0.1298098819251797, -0.1688973134691513, -0.21293764235267584, -0.2618699041308113, -0.3156331343586153, -0.374166368591146, -0.43740864238346105, -0.5052989912906185, -0.5777764508676763, -0.654780056669692, -0.7362488442517239, -0.8221218491688296, -0.9123381069760678, -1.0068366532284951, -1.1055565234811702, -1.2084367532891505, -1.3154163782074941, -1.426434433791259, -1.5414299555955027, -1.6603419791752834, -1.7831095400856598, -1.909671673881688, -2.0399674161184267, -2.1739358023509343, -2.3115158681342676, -2.4526466490234853, -2.5972671805736454, -2.7453164983398053, -2.8967336378770234, -3.0514576347403564, -3.2094275244848633, -3.3705823426656023, -3.5348611248376303, -3.702202906556005, -3.872546723375785, -4.045831610852028, -4.221996604539791, -4.400980739994135, -4.582723052770114, -4.767162578422787, -4.954238352507214, -5.143889410578449, -5.3360547881915545, -5.530673520901585, -5.727684644263598, -5.9270271938326555, -6.128640205163809, -6.3324627138121246, -6.538433755332654, -6.746492365280455, -6.956577579210589, -7.168628432678112, -7.382583961238081, -7.598383200445554, -7.815965185855591, -8.035268953023246, -8.256233537503583, -8.478797974851652, -8.702901300622521, -8.928482550371236, -9.155480759652868, -9.383834964022459, -9.613484199035083, -9.844367500245786, -10.076423903209635, -10.30959244348168, -10.543812156616985, -10.7790220781706, -11.015161243697595, -11.252168688753018, -11.489983448891927, -11.728544559669388, -11.967791056640447, -12.207661975360175, -12.448096351383613, -12.689033220265843, -12.93041161614731, -13.172153497791749, -13.414181806999894, -13.656440435221715, -13.898878991903521, -14.141452804487948, -14.384122918413983, -14.626856097116931, -14.869624822028452, -15.11240729257652, -15.35518742618547, -15.597954858275944, -15.840704942264951, -16.083438749565808, -16.32616306958819, -16.568890409738085, -16.811638995417844],
         "dplt_grid": [0.0, 5.9654563385682335, 11.930912677136467, 17.8963690157047, 23.861825354272934, 29.82728169284117, 35.7927380314094, 41.75819436997764, 47.72365070854587, 53.6891070471141, 59.65456338568234, 65.62001972425057, 71.5854760628188, 77.55093240138703, 83.51638873995527, 89.4818450785235, 95.44730141709174, 101.41275775565997, 107.3782140942282, 113.34367043279644, 119.30912677136467, 125.2745831099329, 131.24003944850114, 137.20549578706937, 143.1709521256376, 149.13640846420583, 155.10186480277406, 161.06732114134232, 167.03277747991055, 172.99823381847878, 178.963690157047, 184.92914649561524, 190.89460283418347, 196.8600591727517, 202.82551551131994, 208.79097184988817, 214.7564281884564, 220.72188452702463, 226.6873408655929, 232.65279720416112, 238.61825354272935, 244.58370988129758, 250.5491662198658, 256.51462255843404, 262.4800788970023, 268.4455352355705, 274.41099157413873, 280.37644791270696, 286.3419042512752, 292.3073605898434, 298.27281692841166, 304.2382732669799, 310.2037296055481, 316.16918594411635, 322.13464228268464, 328.10009862125287, 334.0655549598211, 340.03101129838933, 345.99646763695756, 351.9619239755258, 357.927380314094, 363.89283665266225, 369.8582929912305, 375.8237493297987, 381.78920566836695, 387.7546620069352, 393.7201183455034, 399.68557468407164, 405.65103102263987, 411.6164873612081, 417.58194369977633, 423.54740003834456, 429.5128563769128, 435.478312715481, 441.44376905404926, 447.40922539261754, 453.3746817311858, 459.340138069754, 465.30559440832224, 471.27105074689047, 477.2365070854587, 483.2019634240269, 489.16741976259516, 495.1328761011634, 501.0983324397316, 507.06378877829985, 513.0292451168681, 518.9947014554364, 524.9601577940045, 530.9256141325728, 536.891070471141, 542.8565268097093, 548.8219831482775, 554.7874394868458, 560.7528958254139, 566.7183521639822, 572.6838085025504, 578.6492648411187, 584.6147211796869, 590.5801775182551],
         "dplt_at_force_location": -14.442959520975583,
         "maximum_dplt": -16.811638995417844,
         "location_max_dplt": 590.5801775182551
    },
     "metadata": {
         "error_code": 0,
         "model": "BendingTestAnalytical",
         "load_case": "Cantilever",
         "description": "",
         "job_name": "",
         "persistent_result_files": "",
         "n_cpus": 1,
         "date": "2026-03-17 09:07:46.196586",
         "cpu_time": 0.02312302589416504,
         "user": "sebastien.bocquet",
         "machine": "B20191729",
         "vims_git_version": "1b6e7132b9faba0cc93317d127a381ee76a8cb8e",
         "directory_archive_root": "C:\\Users\\sebastien.bocquet\\PycharmProjects\\vimseo\\docs\\runnable_examples\\model_runs\\archive\\uq",
         "directory_archive_job": "C:\\Users\\sebastien.bocquet\\PycharmProjects\\vimseo\\docs\\runnable_examples\\model_runs\\archive\\uq\\BendingTestAnalytical\\Cantilever\\67",
         "directory_scratch_root": "C:\\Users\\sebastien.bocquet\\PycharmProjects\\vimseo\\docs\\runnable_examples\\model_runs\\scratch\\uq",
         "directory_scratch_job": ""
    }
}