{
     "inputs": {
         "young_modulus": 224375.0,
         "Cantilever:length": 600.0,
         "Cantilever:width": 30.003662109375,
         "Cantilever:height": 40.6124267578125,
         "Cantilever:imposed_dplt": -4.952392578125,
         "Cantilever:relative_dplt_location": 1.0,
         "Cantilever:nu_p": 0.3
    },
     "outputs": {
         "length": 600.0,
         "width": 30.003662109375,
         "height": 40.6124267578125,
         "imposed_dplt": -4.952392578125,
         "relative_dplt_location": 1.0,
         "nu_p": 0.3,
         "reaction_forces": -2584.7995943264373,
         "moment": [1550879.7565958623, 0.0],
         "moment_grid": [0.0, 600.0],
         "dplt": [0.0, -0.0007553899381144366, -0.0030113517803210667, -0.0067525735684148686, -0.011963743344190824, -0.018629549149443907, -0.02673467902596908, -0.03626382101556135, -0.04720166316001567, -0.05953289350112702, -0.07324220008069036, -0.0883142709405007, -0.10473379412235298, -0.12248545766804222, -0.14155394961936343, -0.16192395801811152, -0.18358017090608145, -0.2065072763250683, -0.23068996231686686, -0.25611291692327237, -0.28276082818607967, -0.31061838414708365, -0.3396702728480795, -0.369901182330862, -0.40129580063722603, -0.43383881580896694, -0.4675149158878794, -0.5023087889157586, -0.5382051229343994, -0.5751886059855967, -0.6132439261111458, -0.6523557713528412, -0.6925088297524782, -0.7336877893518516, -0.7758773381927566, -0.819062164316988, -0.8632269557663408, -0.9083564005826101, -0.9544351868075907, -1.0014480024830776, -1.049379535650866, -1.0982144743527507, -1.1479375066305264, -1.1985333205259887, -1.2499866040809324, -1.3022820453371522, -1.355404332336443, -1.4093381531206002, -1.4640681957314177, -1.5195791482106924, -1.5758556986002177, -1.6328825349417895, -1.6906443452772022, -1.7491258176482507, -1.808311640096731, -1.8681865006644363, -1.928735087393163, -1.9899420883247059, -2.05179219150086, -2.1142700849634193, -2.17736045675418, -2.2410479949149362, -2.305317387487484, -2.3701533225136155, -2.43554048803513, -2.501463572093819, -2.56790726273148, -2.634856247989906, -2.7022952159108935, -2.7702088545362353, -2.838581851907729, -2.9073988960671673, -2.976644675056347, -3.0463038769170616, -3.1163611896911076, -3.1868013014202785, -3.257608900146371, -3.3287686739111764, -3.4002653107564957, -3.4720834987241185, -3.544207925855843, -3.6166232801934606, -3.68931424977877, -3.762265522653565, -3.8354617868596397, -3.908887730438791, -3.9825280414328117, -4.0563674078834975, -4.1303905178326445, -4.204582059322044, -4.278926720393499, -4.3534091890887945, -4.428014153449732, -4.502726301518104, -4.577530321335707, -4.652410900944334, -4.727352728385782, -4.802340491701844, -4.8773588789343165, -4.952392578124996],
         "dplt_grid": [0.0, 6.0606060606060606, 12.121212121212121, 18.18181818181818, 24.242424242424242, 30.303030303030305, 36.36363636363636, 42.42424242424242, 48.484848484848484, 54.54545454545455, 60.60606060606061, 66.66666666666667, 72.72727272727272, 78.78787878787878, 84.84848484848484, 90.9090909090909, 96.96969696969697, 103.03030303030303, 109.0909090909091, 115.15151515151516, 121.21212121212122, 127.27272727272727, 133.33333333333334, 139.3939393939394, 145.45454545454544, 151.5151515151515, 157.57575757575756, 163.63636363636363, 169.6969696969697, 175.75757575757575, 181.8181818181818, 187.87878787878788, 193.93939393939394, 200.0, 206.06060606060606, 212.12121212121212, 218.1818181818182, 224.24242424242425, 230.3030303030303, 236.36363636363637, 242.42424242424244, 248.48484848484847, 254.54545454545453, 260.6060606060606, 266.6666666666667, 272.72727272727275, 278.7878787878788, 284.8484848484849, 290.9090909090909, 296.96969696969694, 303.030303030303, 309.09090909090907, 315.1515151515151, 321.2121212121212, 327.27272727272725, 333.3333333333333, 339.3939393939394, 345.45454545454544, 351.5151515151515, 357.57575757575756, 363.6363636363636, 369.6969696969697, 375.75757575757575, 381.8181818181818, 387.8787878787879, 393.93939393939394, 400.0, 406.06060606060606, 412.1212121212121, 418.1818181818182, 424.24242424242425, 430.3030303030303, 436.3636363636364, 442.42424242424244, 448.4848484848485, 454.54545454545456, 460.6060606060606, 466.6666666666667, 472.72727272727275, 478.7878787878788, 484.8484848484849, 490.9090909090909, 496.96969696969694, 503.030303030303, 509.09090909090907, 515.1515151515151, 521.2121212121212, 527.2727272727273, 533.3333333333334, 539.3939393939394, 545.4545454545455, 551.5151515151515, 557.5757575757576, 563.6363636363636, 569.6969696969697, 575.7575757575758, 581.8181818181818, 587.8787878787879, 593.9393939393939, 600.0],
         "dplt_at_force_location": -4.952392578124996,
         "maximum_dplt": -4.952392578124996,
         "location_max_dplt": 600.0
    },
     "metadata": {
         "error_code": 0,
         "model": "BendingTestAnalytical",
         "load_case": "Cantilever",
         "description": "",
         "job_name": "",
         "persistent_result_files": "",
         "n_cpus": 1,
         "date": "2026-06-16 18:09:23.033839",
         "cpu_time": 0.13899922370910645,
         "user": "sebastien.bocquet",
         "machine": "PCBM20250036",
         "vims_git_version": "3de96ae2320a30b8a84551033e41da0fca6276ac",
         "directory_archive_root": "C:\\Users\\sebastien.bocquet\\Dev\\vimseo\\docs\\runnable_examples\\model_runs\\archive\\calibration_coupled",
         "directory_archive_job": "C:\\Users\\sebastien.bocquet\\Dev\\vimseo\\docs\\runnable_examples\\model_runs\\archive\\calibration_coupled\\BendingTestAnalytical\\Cantilever\\188",
         "directory_scratch_root": "C:\\Users\\sebastien.bocquet\\Dev\\vimseo\\docs\\runnable_examples\\model_runs\\scratch\\calibration_coupled",
         "directory_scratch_job": ""
    }
}