{
     "inputs": {
         "young_modulus": 220019.53125,
         "Cantilever:length": 600.0,
         "Cantilever:width": 29.599609375,
         "Cantilever:height": 40.2264404296875,
         "Cantilever:imposed_dplt": -5.0703125,
         "Cantilever:relative_dplt_location": 1.0,
         "Cantilever:nu_p": 0.3
    },
     "outputs": {
         "length": 600.0,
         "width": 29.599609375,
         "height": 40.2264404296875,
         "imposed_dplt": -5.0703125,
         "relative_dplt_location": 1.0,
         "nu_p": 0.3,
         "reaction_forces": -2487.728676174562,
         "moment": [1492637.2057047372, 0.0],
         "moment_grid": [0.0, 600.0],
         "dplt": [0.0, -0.0007733762994705754, -0.0030830541668083735, -0.00691335705540251, -0.012248608418642098, -0.019073131709916244, -0.027371250382614037, -0.03712728789012462, -0.04832556768583708, -0.06095041322314052, -0.07498614795542406, -0.09041709533607681, -0.10722757881848788, -0.12540192185604637, -0.14492444790214146, -0.16577948041016213, -0.1879513428334976, -0.21142435862553696, -0.2361828512396693, -0.2622111441292837, -0.2894935607477694, -0.31801442454851525, -0.34775805898491075, -0.37870878751034465, -0.41085093357820607, -0.44416882064188445, -0.4786467721547686, -0.5142691115702478, -0.551020162341711, -0.5888842479225473, -0.6278456917661462, -0.6678888173258963, -0.7089979480551869, -0.7511574074074074, -0.7943515188359465, -0.8385646057941933, -0.8837809917355373, -0.9299850001133672, -0.9771609543810723, -1.0252931779920418, -1.0743659943996646, -1.1243637270573297, -1.1752706994184265, -1.2270712349363444, -1.2797496570644722, -1.3332902892561986, -1.3876774549649131, -1.4428954776440048, -1.4989286807468625, -1.5557613877268757, -1.6133779220374338, -1.6717626071319254, -1.7308997664637398, -1.7907737234862657, -1.8513688016528929, -1.9126693244170099, -1.9746596152320062, -2.0373239975512707, -2.100646794828193, -2.164612330516161, -2.2292049280685653, -2.2944089109387935, -2.3602086025802365, -2.4265883264462818, -2.4935324059903197, -2.561025164665738, -2.6290509259259274, -2.6975940132242746, -2.7666387500141725, -2.8361694597490055, -2.9061704658821674, -2.976626091867044, -3.0475206611570265, -3.118838497205502, -3.190563923465861, -3.2626812633914914, -3.335174840435785, -3.408028978052127, -3.481227999693911, -3.554756228814522, -3.6285979888673516, -3.7027376033057866, -3.777159395583218, -3.8518476891530353, -3.9267868074686265, -4.001961073983383, -4.07735481215069, -4.152952345423937, -4.228737997256518, -4.3046960911018175, -4.380810950413226, -4.457066898644133, -4.533448259247924, -4.609939355677994, -4.686524511387729, -4.763188049830518, -4.839914294459753, -4.916687568728818, -4.993492196091104, -5.0703125000000036],
         "dplt_grid": [0.0, 6.0606060606060606, 12.121212121212121, 18.18181818181818, 24.242424242424242, 30.303030303030305, 36.36363636363636, 42.42424242424242, 48.484848484848484, 54.54545454545455, 60.60606060606061, 66.66666666666667, 72.72727272727272, 78.78787878787878, 84.84848484848484, 90.9090909090909, 96.96969696969697, 103.03030303030303, 109.0909090909091, 115.15151515151516, 121.21212121212122, 127.27272727272727, 133.33333333333334, 139.3939393939394, 145.45454545454544, 151.5151515151515, 157.57575757575756, 163.63636363636363, 169.6969696969697, 175.75757575757575, 181.8181818181818, 187.87878787878788, 193.93939393939394, 200.0, 206.06060606060606, 212.12121212121212, 218.1818181818182, 224.24242424242425, 230.3030303030303, 236.36363636363637, 242.42424242424244, 248.48484848484847, 254.54545454545453, 260.6060606060606, 266.6666666666667, 272.72727272727275, 278.7878787878788, 284.8484848484849, 290.9090909090909, 296.96969696969694, 303.030303030303, 309.09090909090907, 315.1515151515151, 321.2121212121212, 327.27272727272725, 333.3333333333333, 339.3939393939394, 345.45454545454544, 351.5151515151515, 357.57575757575756, 363.6363636363636, 369.6969696969697, 375.75757575757575, 381.8181818181818, 387.8787878787879, 393.93939393939394, 400.0, 406.06060606060606, 412.1212121212121, 418.1818181818182, 424.24242424242425, 430.3030303030303, 436.3636363636364, 442.42424242424244, 448.4848484848485, 454.54545454545456, 460.6060606060606, 466.6666666666667, 472.72727272727275, 478.7878787878788, 484.8484848484849, 490.9090909090909, 496.96969696969694, 503.030303030303, 509.09090909090907, 515.1515151515151, 521.2121212121212, 527.2727272727273, 533.3333333333334, 539.3939393939394, 545.4545454545455, 551.5151515151515, 557.5757575757576, 563.6363636363636, 569.6969696969697, 575.7575757575758, 581.8181818181818, 587.8787878787879, 593.9393939393939, 600.0],
         "dplt_at_force_location": -5.0703125000000036,
         "maximum_dplt": -5.0703125000000036,
         "location_max_dplt": 600.0
    },
     "metadata": {
         "error_code": 0,
         "model": "BendingTestAnalytical",
         "load_case": "Cantilever",
         "description": "",
         "job_name": "",
         "persistent_result_files": "",
         "n_cpus": 1,
         "date": "2026-03-26 14:57:37.272498",
         "cpu_time": 0.006151676177978516,
         "user": "sebastien.bocquet",
         "machine": "IPF7101",
         "vims_git_version": "d0050d8de498c8354552cdde540fb3e524454871",
         "directory_archive_root": "/home/sebastien.bocquet/PycharmProjects/vimseo/docs/runnable_examples/model_runs/archive/calibration_scalars",
         "directory_archive_job": "/home/sebastien.bocquet/PycharmProjects/vimseo/docs/runnable_examples/model_runs/archive/calibration_scalars/BendingTestAnalytical/Cantilever/70",
         "directory_scratch_root": "/home/sebastien.bocquet/PycharmProjects/vimseo/docs/runnable_examples/model_runs/scratch/calibration_scalars",
         "directory_scratch_job": ""
    }
}