{
     "inputs": {
         "length": 631.8723246086679,
         "width": 30.0,
         "height": 25.35740591286168,
         "imposed_dplt": 5.115019935188874,
         "relative_dplt_location": 0.33237745058546536,
         "young_modulus": 210000.0,
         "nu_p": 0.3
    },
     "outputs": {
         "reaction_forces": 14179.460188853598,
         "moment": [-2977971.8219103636, 0.0, 0.0],
         "moment_grid": [0.0, 210.02011234894064, 631.8723246086679],
         "dplt": [0.0, 0.007014282158671914, 0.027769999616809635, 0.06183645884759625, 0.10878296632421468, 0.1681788285198479, 0.239593351907679, 0.3225958429608907, 0.41675560815266643, 0.5216419539561886, 0.6368241868446405, 0.7618716132912052, 0.896353539769066, 1.0398392727514052, 1.1918981187114057, 1.3520993841222517, 1.520012375457125, 1.6952063991892097, 1.8771558997944957, 2.065019346692632, 2.258310268088604, 2.456603143134604, 2.659488921485147, 2.86657502329707, 3.077485339229533, 3.291860230444018, 3.5093565286043296, 3.729647535876594, 3.9524230249292627, 4.177389238933106, 4.404268891561219, 4.632801166989018, 4.862741719894242, 5.093862675456953, 5.325952629359534, 5.558816647786694, 5.79227626742546, 6.026169495465181, 6.2603508095975355, 6.494691158016517, 6.729077959418445, 6.963415103001958, 7.197622948468024, 7.431638326019926, 7.665414536363272, 7.898921350705995, 8.132145010758345, 8.365088228732903, 8.597770187344558, 8.83022653981054, 9.062509409850387, 9.294687391685967, 9.526845550041461, 9.75908542014339, 9.991525007720574, 10.22429878900418, 10.457557710727679, 10.69133414310484, 10.925167612940367, 11.159001082775893, 11.39283455261142, 11.626668022446946, 11.860501492282474, 12.094334962118001, 12.328168431953527, 12.562001901789053, 12.79583537162458, 13.029668841460108, 13.263502311295634, 13.497335781131161, 13.731169250966687, 13.965002720802214, 14.198836190637742, 14.432669660473268, 14.666503130308794, 14.90033660014432, 15.134170069979845, 15.368003539815373, 15.6018370096509, 15.835670479486426, 16.069503949321952, 16.30333741915748, 16.537170888993007, 16.771004358828534, 17.00483782866406, 17.238671298499586, 17.472504768335114, 17.70633823817064, 17.940171708006165, 18.174005177841693, 18.40783864767722, 18.641672117512744, 18.87550558734827, 19.109339057183796, 19.343172527019327, 19.577005996854854, 19.81083946669038, 20.044672936525906, 20.278506406361434, 20.512339876196958],
         "dplt_grid": [0.0, 6.3825487334208875, 12.765097466841775, 19.147646200262663, 25.53019493368355, 31.912743667104436, 38.29529240052533, 44.67784113394621, 51.0603898673671, 57.44293860078799, 63.82548733420887, 70.20803606762976, 76.59058480105065, 82.97313353447154, 89.35568226789242, 95.73823100131331, 102.1207797347342, 108.50332846815509, 114.88587720157598, 121.26842593499686, 127.65097466841775, 134.03352340183864, 140.41607213525953, 146.79862086868042, 153.1811696021013, 159.5637183355222, 165.9462670689431, 172.32881580236395, 178.71136453578484, 185.09391326920573, 191.47646200262662, 197.8590107360475, 204.2415594694684, 210.6241082028893, 217.00665693631018, 223.38920566973107, 229.77175440315196, 236.15430313657285, 242.5368518699937, 248.9194006034146, 255.3019493368355, 261.6844980702564, 268.0670468036773, 274.44959553709816, 280.83214427051905, 287.21469300393994, 293.59724173736083, 299.9797904707817, 306.3623392042026, 312.7448879376235, 319.1274366710444, 325.5099854044653, 331.8925341378862, 338.27508287130706, 344.6576316047279, 351.0401803381488, 357.4227290715697, 363.80527780499057, 370.18782653841146, 376.57037527183235, 382.95292400525324, 389.3354727386741, 395.718021472095, 402.1005702055159, 408.4831189389368, 414.8656676723577, 421.2482164057786, 427.63076513919947, 434.01331387262036, 440.39586260604125, 446.77841133946214, 453.16096007288303, 459.5435088063039, 465.9260575397248, 472.3086062731457, 478.69115500656653, 485.0737037399874, 491.4562524734083, 497.8388012068292, 504.2213499402501, 510.603898673671, 516.9864474070919, 523.3689961405128, 529.7515448739337, 536.1340936073545, 542.5166423407754, 548.8991910741963, 555.2817398076172, 561.6642885410381, 568.046837274459, 574.4293860078799, 580.8119347413008, 587.1944834747217, 593.5770322081426, 599.9595809415634, 606.3421296749843, 612.7246784084052, 619.1072271418261, 625.489775875247, 631.8723246086679],
         "dplt_at_force_location": 5.071991146581731,
         "maximum_dplt": 20.512339876196958,
         "location_max_dplt": 631.8723246086679
    },
     "metadata": {
         "error_code": 0,
         "model": "BendingTestAnalytical",
         "load_case": "Cantilever",
         "description": "",
         "job_name": "",
         "persistent_result_files": "",
         "n_cpus": 1,
         "date": "2026-03-17 09:05:03.436762",
         "cpu_time": 0.014136791229248047,
         "user": "sebastien.bocquet",
         "machine": "B20191729",
         "vims_git_version": "1b6e7132b9faba0cc93317d127a381ee76a8cb8e",
         "directory_archive_root": "C:\\Users\\sebastien.bocquet\\PycharmProjects\\vimseo\\docs\\runnable_examples\\model_runs\\archive\\verification_vs_model",
         "directory_archive_job": "C:\\Users\\sebastien.bocquet\\PycharmProjects\\vimseo\\docs\\runnable_examples\\model_runs\\archive\\verification_vs_model\\BendingTestAnalytical\\Cantilever\\19",
         "directory_scratch_root": "C:\\Users\\sebastien.bocquet\\PycharmProjects\\vimseo\\docs\\runnable_examples\\model_runs\\scratch\\verification_vs_model",
         "directory_scratch_job": ""
    }
}