{
     "inputs": {
         "young_modulus": 220721.72309824295,
         "Cantilever:length": 600.0,
         "Cantilever:width": 29.499755859375,
         "Cantilever:height": 40.2801513671875,
         "Cantilever:imposed_dplt": -5.006591796875,
         "Cantilever:relative_dplt_location": 1.0,
         "Cantilever:nu_p": 0.3
    },
     "outputs": {
         "length": 600.0,
         "width": 29.499755859375,
         "height": 40.2801513671875,
         "imposed_dplt": -5.006591796875,
         "relative_dplt_location": 1.0,
         "nu_p": 0.3,
         "reaction_forces": -2465.841868213148,
         "moment": [1479505.1209278887, 0.0],
         "moment_grid": [0.0, 600.0],
         "dplt": [0.0, -0.0007636569613464508, -0.00304430815671896, -0.006826474053117265, -0.012094675117541101, -0.018833431816990202, -0.027027264618464275, -0.03666069398896309, -0.04771824039548637, -0.060184424305033825, -0.0740437661846052, -0.08928078650120023, -0.10588000572181865, -0.1238259443134602, -0.14310312274312464, -0.16369606147781163, -0.18558928098452096, -0.2087673017302524, -0.23321464418200558, -0.2589158288067807, -0.2858553760715768, -0.31401780644339383, -0.3433876403892318, -0.3739493983760902, -0.40568760087096856, -0.43858676834086713, -0.47263142125278534, -0.507806080073723, -0.5440952652706798, -0.5814834973106553, -0.6199552966606497, -0.6594951837876623, -0.7000876791586929, -0.7417173032407415, -0.7843685765008076, -0.8280260194058908, -0.8726741524229911, -0.9182974960191083, -0.9648805706612418, -1.0124078968163917, -1.0608639949515573, -1.1102333855337387, -1.1605005890299356, -1.2116501259071477, -1.2636665166323744, -1.3165342816726162, -1.3702379414948715, -1.4247620165661414, -1.480091027353425, -1.5362094943237221, -1.5931019379440328, -1.6507528786813563, -1.7091468370026928, -1.768268333375041, -1.8281018882654025, -1.8886320221407755, -1.9498432554681597, -2.0117201087145564, -2.0742471023469635, -2.137408756832382, -2.20118959263781, -2.2655741302302492, -2.3305468900766995, -2.3960923926441575, -2.4621951583996267, -2.528839707810104, -2.5960105613425917, -2.6636922394640865, -2.731869262641592, -2.800526151342103, -2.869647426032624, -2.939217607180152, -3.0092212152516877, -3.0796427707142295, -3.1504667940347804, -3.2216778056803355, -3.293260326117899, -3.365198875814467, -3.437477975237042, -3.510082144852622, -3.582995905128208, -3.656203776530797, -3.729690279527393, -3.803439934584993, -3.8774372621705964, -3.9516667827512055, -4.0261130167938175, -4.1007604847654315, -4.175593707133052, -4.250597204363673, -4.325755496924297, -4.401053105281923, -4.4764745499035525, -4.552004351256182, -4.627627029806814, -4.703327106022446, -4.779089100370081, -4.854897533316717, -4.930736925329351, -5.006591796874989],
         "dplt_grid": [0.0, 6.0606060606060606, 12.121212121212121, 18.18181818181818, 24.242424242424242, 30.303030303030305, 36.36363636363636, 42.42424242424242, 48.484848484848484, 54.54545454545455, 60.60606060606061, 66.66666666666667, 72.72727272727272, 78.78787878787878, 84.84848484848484, 90.9090909090909, 96.96969696969697, 103.03030303030303, 109.0909090909091, 115.15151515151516, 121.21212121212122, 127.27272727272727, 133.33333333333334, 139.3939393939394, 145.45454545454544, 151.5151515151515, 157.57575757575756, 163.63636363636363, 169.6969696969697, 175.75757575757575, 181.8181818181818, 187.87878787878788, 193.93939393939394, 200.0, 206.06060606060606, 212.12121212121212, 218.1818181818182, 224.24242424242425, 230.3030303030303, 236.36363636363637, 242.42424242424244, 248.48484848484847, 254.54545454545453, 260.6060606060606, 266.6666666666667, 272.72727272727275, 278.7878787878788, 284.8484848484849, 290.9090909090909, 296.96969696969694, 303.030303030303, 309.09090909090907, 315.1515151515151, 321.2121212121212, 327.27272727272725, 333.3333333333333, 339.3939393939394, 345.45454545454544, 351.5151515151515, 357.57575757575756, 363.6363636363636, 369.6969696969697, 375.75757575757575, 381.8181818181818, 387.8787878787879, 393.93939393939394, 400.0, 406.06060606060606, 412.1212121212121, 418.1818181818182, 424.24242424242425, 430.3030303030303, 436.3636363636364, 442.42424242424244, 448.4848484848485, 454.54545454545456, 460.6060606060606, 466.6666666666667, 472.72727272727275, 478.7878787878788, 484.8484848484849, 490.9090909090909, 496.96969696969694, 503.030303030303, 509.09090909090907, 515.1515151515151, 521.2121212121212, 527.2727272727273, 533.3333333333334, 539.3939393939394, 545.4545454545455, 551.5151515151515, 557.5757575757576, 563.6363636363636, 569.6969696969697, 575.7575757575758, 581.8181818181818, 587.8787878787879, 593.9393939393939, 600.0],
         "dplt_at_force_location": -5.006591796874989,
         "maximum_dplt": -5.006591796874989,
         "location_max_dplt": 600.0
    },
     "metadata": {
         "error_code": 0,
         "model": "BendingTestAnalytical",
         "load_case": "Cantilever",
         "description": "",
         "job_name": "",
         "persistent_result_files": "",
         "n_cpus": 1,
         "date": "2026-06-16 18:11:52.871442",
         "cpu_time": 0.2877926826477051,
         "user": "sebastien.bocquet",
         "machine": "PCBM20250036",
         "vims_git_version": "5cd5cf5ab4caf1fa2c2190f0396e06b5b5639fd0",
         "directory_archive_root": "C:\\Users\\sebastien.bocquet\\Dev\\vimseo\\docs\\runnable_examples\\model_runs\\archive\\calibration_scalars",
         "directory_archive_job": "C:\\Users\\sebastien.bocquet\\Dev\\vimseo\\docs\\runnable_examples\\model_runs\\archive\\calibration_scalars\\BendingTestAnalytical\\Cantilever\\804",
         "directory_scratch_root": "C:\\Users\\sebastien.bocquet\\Dev\\vimseo\\docs\\runnable_examples\\model_runs\\scratch\\calibration_scalars",
         "directory_scratch_job": ""
    }
}