{
     "inputs": {
         "young_modulus": 221346.72309824295,
         "Cantilever:length": 600.0,
         "Cantilever:width": 30.1181640625,
         "Cantilever:height": 39.6412353515625,
         "Cantilever:imposed_dplt": -4.913818359375,
         "Cantilever:relative_dplt_location": 1.0,
         "Cantilever:nu_p": 0.3
    },
     "outputs": {
         "length": 600.0,
         "width": 30.1181640625,
         "height": 39.6412353515625,
         "imposed_dplt": -4.913818359375,
         "relative_dplt_location": 1.0,
         "nu_p": 0.3,
         "reaction_forces": -2361.829201870693,
         "moment": [1417097.5211224158, 0.0],
         "moment_grid": [0.0, 600.0],
         "dplt": [0.0, -0.0007495062008592203, -0.0029878963412631036, -0.006699977727950997, -0.011870557667662244, -0.018484443467136177, -0.02652644243311213, -0.03598136187232947, -0.0468340090915275, -0.05906919139744557, -0.07267171609682302, -0.0876263904963992, -0.10391802190291345, -0.12153141762310513, -0.1404513849637136, -0.16066273123147803, -0.182150263733138, -0.20489878977543274, -0.22889311666510156, -0.25411805170888374, -0.2805584022135188, -0.30819897548574593, -0.33702457883230463, -0.36702001955993413, -0.39817010497537364, -0.4304596423853628, -0.46387343909664075, -0.4983963024159469, -0.5340130396500206, -0.570708458105601, -0.6084673650894277, -0.64727456790824, -0.687114873868777, -0.7279730902777783, -0.7698340244419833, -0.8126824836681309, -0.8565032752629611, -0.9012812065332126, -0.9470010847856251, -0.9936477173269378, -1.0412059114638899, -1.0896604745032212, -1.1389962137516705, -1.1891979365159777, -1.240250450102882, -1.292138561819122, -1.344847078971438, -1.3983608088665689, -1.4526645588112537, -1.5077431361122329, -1.5635813480762446, -1.620164002010029, -1.6774759052203247, -1.7355018650138714, -1.794226688697409, -1.8536351835776756, -1.913712156961412, -1.9744424161553562, -2.035810768466248, -2.0978020212008275, -2.160400981665833, -2.223592457168004, -2.2873612550140807, -2.3516921825108015, -2.416570046964906, -2.481979655683133, -2.547905815972223, -2.6143333351389146, -2.6812470204899483, -2.748631679332061, -2.8164721189719946, -2.884753146716486, -2.953459569872277, -3.022576195746105, -3.092087831644712, -3.161979284874833, -3.2322353627432117, -3.3028408725565837, -3.3737806216216923, -3.445039417245274, -3.5166020667340696, -3.5884533773948153, -3.660578156534255, -3.732961211459125, -3.8055873494761654, -3.878441377892117, -3.9515081040137177, -4.024772335147705, -4.098218878600823, -4.171832541679805, -4.245598131691397, -4.3195004559423325, -4.3935243217393545, -4.467654536389201, -4.5418759071986115, -4.616173241474324, -4.69053134652308, -4.764935029651619, -4.839369098166677, -4.913818359374999],
         "dplt_grid": [0.0, 6.0606060606060606, 12.121212121212121, 18.18181818181818, 24.242424242424242, 30.303030303030305, 36.36363636363636, 42.42424242424242, 48.484848484848484, 54.54545454545455, 60.60606060606061, 66.66666666666667, 72.72727272727272, 78.78787878787878, 84.84848484848484, 90.9090909090909, 96.96969696969697, 103.03030303030303, 109.0909090909091, 115.15151515151516, 121.21212121212122, 127.27272727272727, 133.33333333333334, 139.3939393939394, 145.45454545454544, 151.5151515151515, 157.57575757575756, 163.63636363636363, 169.6969696969697, 175.75757575757575, 181.8181818181818, 187.87878787878788, 193.93939393939394, 200.0, 206.06060606060606, 212.12121212121212, 218.1818181818182, 224.24242424242425, 230.3030303030303, 236.36363636363637, 242.42424242424244, 248.48484848484847, 254.54545454545453, 260.6060606060606, 266.6666666666667, 272.72727272727275, 278.7878787878788, 284.8484848484849, 290.9090909090909, 296.96969696969694, 303.030303030303, 309.09090909090907, 315.1515151515151, 321.2121212121212, 327.27272727272725, 333.3333333333333, 339.3939393939394, 345.45454545454544, 351.5151515151515, 357.57575757575756, 363.6363636363636, 369.6969696969697, 375.75757575757575, 381.8181818181818, 387.8787878787879, 393.93939393939394, 400.0, 406.06060606060606, 412.1212121212121, 418.1818181818182, 424.24242424242425, 430.3030303030303, 436.3636363636364, 442.42424242424244, 448.4848484848485, 454.54545454545456, 460.6060606060606, 466.6666666666667, 472.72727272727275, 478.7878787878788, 484.8484848484849, 490.9090909090909, 496.96969696969694, 503.030303030303, 509.09090909090907, 515.1515151515151, 521.2121212121212, 527.2727272727273, 533.3333333333334, 539.3939393939394, 545.4545454545455, 551.5151515151515, 557.5757575757576, 563.6363636363636, 569.6969696969697, 575.7575757575758, 581.8181818181818, 587.8787878787879, 593.9393939393939, 600.0],
         "dplt_at_force_location": -4.913818359374999,
         "maximum_dplt": -4.913818359374999,
         "location_max_dplt": 600.0
    },
     "metadata": {
         "error_code": 0,
         "model": "BendingTestAnalytical",
         "load_case": "Cantilever",
         "description": "",
         "job_name": "",
         "persistent_result_files": "",
         "n_cpus": 1,
         "date": "2026-03-26 14:57:43.627910",
         "cpu_time": 0.006917476654052734,
         "user": "sebastien.bocquet",
         "machine": "IPF7101",
         "vims_git_version": "d0050d8de498c8354552cdde540fb3e524454871",
         "directory_archive_root": "/home/sebastien.bocquet/PycharmProjects/vimseo/docs/runnable_examples/model_runs/archive/calibration_scalars",
         "directory_archive_job": "/home/sebastien.bocquet/PycharmProjects/vimseo/docs/runnable_examples/model_runs/archive/calibration_scalars/BendingTestAnalytical/Cantilever/300",
         "directory_scratch_root": "/home/sebastien.bocquet/PycharmProjects/vimseo/docs/runnable_examples/model_runs/scratch/calibration_scalars",
         "directory_scratch_job": ""
    }
}