{
     "inputs": {
         "x": 1.50048828125,
         "Dummy:x_1": 0.9944541492686033
    },
     "outputs": {
         "x_1": 0.9944541492686033,
         "y": [0.9944541492686033, 1.0096105965539568, 1.0247670438393104, 1.039923491124664, 1.0550799384100173, 1.070236385695371, 1.0853928329807245, 1.1005492802660781, 1.1157057275514317, 1.130862174836785, 1.1460186221221387, 1.1611750694074923, 1.1763315166928456, 1.1914879639781992, 1.2066444112635528, 1.2218008585489064, 1.23695730583426, 1.2521137531196134, 1.267270200404967, 1.2824266476903206, 1.297583094975674, 1.3127395422610275, 1.327895989546381, 1.3430524368317347, 1.3582088841170883, 1.3733653314024417, 1.3885217786877952, 1.4036782259731488, 1.4188346732585024, 1.4339911205438558, 1.4491475678292094, 1.464304015114563, 1.4794604623999166, 1.49461690968527, 1.5097733569706235, 1.5249298042559771, 1.5400862515413305, 1.5552426988266843, 1.5703991461120377, 1.5855555933973913, 1.6007120406827449, 1.6158684879680982, 1.6310249352534518, 1.6461813825388054, 1.6613378298241588, 1.6764942771095126, 1.691650724394866, 1.7068071716802196, 1.7219636189655732, 1.7371200662509265, 1.7522765135362801, 1.7674329608216337, 1.782589408106987, 1.7977458553923407, 1.8129023026776943, 1.8280587499630478, 1.8432151972484014, 1.8583716445337548, 1.8735280918191084, 1.888684539104462, 1.9038409863898154, 1.9189974336751692, 1.9341538809605225, 1.9493103282458764, 1.9644667755312297, 1.979623222816583, 1.994779670101937, 2.0099361173872903, 2.0250925646726436, 2.0402490119579975, 2.055405459243351, 2.0705619065287046, 2.085718353814058, 2.1008748010994114, 2.116031248384765, 2.1311876956701186, 2.146344142955472, 2.1615005902408257, 2.176657037526179, 2.1918134848115325, 2.2069699320968863, 2.2221263793822397, 2.2372828266675935, 2.252439273952947, 2.2675957212383, 2.282752168523654, 2.2979086158090074, 2.313065063094361, 2.3282215103797146, 2.343377957665068, 2.3585344049504218, 2.373690852235775, 2.3888472995211285, 2.4040037468064823, 2.4191601940918357, 2.4343166413771895, 2.449473088662543, 2.4646295359478962, 2.47978598323325, 2.4949424305186034],
         "y_axis": [0.0, 0.010101010101010102, 0.020202020202020204, 0.030303030303030304, 0.04040404040404041, 0.05050505050505051, 0.06060606060606061, 0.07070707070707072, 0.08080808080808081, 0.09090909090909091, 0.10101010101010102, 0.11111111111111112, 0.12121212121212122, 0.13131313131313133, 0.14141414141414144, 0.15151515151515152, 0.16161616161616163, 0.17171717171717174, 0.18181818181818182, 0.19191919191919193, 0.20202020202020204, 0.21212121212121213, 0.22222222222222224, 0.23232323232323235, 0.24242424242424243, 0.25252525252525254, 0.26262626262626265, 0.27272727272727276, 0.2828282828282829, 0.29292929292929293, 0.30303030303030304, 0.31313131313131315, 0.32323232323232326, 0.33333333333333337, 0.3434343434343435, 0.3535353535353536, 0.36363636363636365, 0.37373737373737376, 0.38383838383838387, 0.393939393939394, 0.4040404040404041, 0.4141414141414142, 0.42424242424242425, 0.43434343434343436, 0.4444444444444445, 0.4545454545454546, 0.4646464646464647, 0.4747474747474748, 0.48484848484848486, 0.494949494949495, 0.5050505050505051, 0.5151515151515152, 0.5252525252525253, 0.5353535353535354, 0.5454545454545455, 0.5555555555555556, 0.5656565656565657, 0.5757575757575758, 0.5858585858585859, 0.595959595959596, 0.6060606060606061, 0.6161616161616162, 0.6262626262626263, 0.6363636363636365, 0.6464646464646465, 0.6565656565656566, 0.6666666666666667, 0.6767676767676768, 0.686868686868687, 0.696969696969697, 0.7070707070707072, 0.7171717171717172, 0.7272727272727273, 0.7373737373737375, 0.7474747474747475, 0.7575757575757577, 0.7676767676767677, 0.7777777777777778, 0.787878787878788, 0.797979797979798, 0.8080808080808082, 0.8181818181818182, 0.8282828282828284, 0.8383838383838385, 0.8484848484848485, 0.8585858585858587, 0.8686868686868687, 0.8787878787878789, 0.888888888888889, 0.8989898989898991, 0.9090909090909092, 0.9191919191919192, 0.9292929292929294, 0.9393939393939394, 0.9494949494949496, 0.9595959595959597, 0.9696969696969697, 0.9797979797979799, 0.98989898989899, 1.0]
    },
     "metadata": {
         "error_code": 0,
         "model": "MockCurves",
         "load_case": "Dummy",
         "description": "",
         "job_name": "",
         "persistent_result_files": "",
         "n_cpus": 1,
         "date": "2026-03-17 09:05:35.752417",
         "cpu_time": 0.010576248168945312,
         "user": "sebastien.bocquet",
         "machine": "B20191729",
         "vims_git_version": "1b6e7132b9faba0cc93317d127a381ee76a8cb8e",
         "directory_archive_root": "C:\\Users\\sebastien.bocquet\\PycharmProjects\\vimseo\\docs\\runnable_examples\\model_runs\\archive\\calibration_curves",
         "directory_archive_job": "C:\\Users\\sebastien.bocquet\\PycharmProjects\\vimseo\\docs\\runnable_examples\\model_runs\\archive\\calibration_curves\\MockCurves\\Dummy\\25",
         "directory_scratch_root": "C:\\Users\\sebastien.bocquet\\PycharmProjects\\vimseo\\docs\\runnable_examples\\model_runs\\scratch\\calibration_curves",
         "directory_scratch_job": ""
    }
}