{
     "inputs": {
         "young_modulus": 224746.09375,
         "ThreePoints:length": 600.0,
         "ThreePoints:width": 29.8634033203125,
         "ThreePoints:height": 40.7276611328125,
         "ThreePoints:imposed_dplt": -5.00537109375,
         "ThreePoints:relative_support_location": 0.5,
         "ThreePoints:nu_p": 0.3
    },
     "outputs": {
         "length": 600.0,
         "width": 29.8634033203125,
         "height": 40.7276611328125,
         "imposed_dplt": -5.00537109375,
         "relative_support_location": 0.5,
         "nu_p": 0.3,
         "reaction_forces": -42028.35431871819,
         "moment": [0.0, -6304253.1478077285, 0.0],
         "moment_grid": [0.0, 300.0, 600.0],
         "dplt": [0.0, -0.15166243617302505, -0.30320106627570476, -0.45449208423769377, -0.6054116839886469, -0.7558360594582186, -0.9056414045760636, -1.0547039132718368, -1.2028997794751926, -1.3501051971157858, -1.496196360123271, -1.641049462427303, -1.7845406979575362, -1.9265462606436259, -2.066942344415226, -2.205605143201992, -2.3424108509335775, -2.477235661539638, -2.609955768949828, -2.740447367093802, -2.8685866499012147, -2.994249811301721, -3.117313045224976, -3.2376525456006338, -3.3551445063583483, -3.4696651214277754, -3.5810905847385697, -3.689297090220385, -3.7941608318028766, -3.8955580034156987, -3.9933647989885066, -4.087457412450955, -4.1777120377326975, -4.26400486876339, -4.346212099472687, -4.424209923790244, -4.497874535645713, -4.56708212896875, -4.631708897689011, -4.691631035736148, -4.746724737039818, -4.796866195529675, -4.841931605135374, -4.881797159786569, -4.916339053412915, -4.945433479944067, -4.96895663330968, -4.986784707439407, -4.998793896262903, -5.004860393709824, -5.004860393709824, -4.998793896262903, -4.986784707439407, -4.96895663330968, -4.945433479944067, -4.916339053412915, -4.881797159786569, -4.841931605135374, -4.796866195529675, -4.746724737039818, -4.691631035736148, -4.631708897689011, -4.56708212896875, -4.497874535645713, -4.424209923790244, -4.346212099472687, -4.26400486876339, -4.1777120377326975, -4.087457412450955, -3.9933647989885066, -3.8955580034156987, -3.7941608318028766, -3.689297090220385, -3.5810905847385697, -3.4696651214277754, -3.3551445063583483, -3.2376525456006333, -3.1173130452249755, -2.994249811301721, -2.8685866499012147, -2.740447367093802, -2.609955768949829, -2.477235661539639, -2.3424108509335784, -2.2056051432019927, -2.066942344415227, -1.9265462606436254, -1.7845406979575371, -1.6410494624273022, -1.4961963601232715, -1.350105197115785, -1.202899779475193, -1.0547039132718357, -0.9056414045760638, -0.7558360594582173, -0.605411683988647, -0.45449208423769527, -0.3032010662757048, -0.15166243617302655, 1.3854070885291336e-17],
         "dplt_grid": [0.0, 6.0606060606060606, 12.121212121212121, 18.18181818181818, 24.242424242424242, 30.303030303030305, 36.36363636363636, 42.42424242424242, 48.484848484848484, 54.54545454545455, 60.60606060606061, 66.66666666666667, 72.72727272727272, 78.78787878787878, 84.84848484848484, 90.9090909090909, 96.96969696969697, 103.03030303030303, 109.0909090909091, 115.15151515151516, 121.21212121212122, 127.27272727272727, 133.33333333333334, 139.3939393939394, 145.45454545454544, 151.5151515151515, 157.57575757575756, 163.63636363636363, 169.6969696969697, 175.75757575757575, 181.8181818181818, 187.87878787878788, 193.93939393939394, 200.0, 206.06060606060606, 212.12121212121212, 218.1818181818182, 224.24242424242425, 230.3030303030303, 236.36363636363637, 242.42424242424244, 248.48484848484847, 254.54545454545453, 260.6060606060606, 266.6666666666667, 272.72727272727275, 278.7878787878788, 284.8484848484849, 290.9090909090909, 296.96969696969694, 303.030303030303, 309.09090909090907, 315.1515151515151, 321.2121212121212, 327.27272727272725, 333.3333333333333, 339.3939393939394, 345.45454545454544, 351.5151515151515, 357.57575757575756, 363.6363636363636, 369.6969696969697, 375.75757575757575, 381.8181818181818, 387.8787878787879, 393.93939393939394, 400.0, 406.06060606060606, 412.1212121212121, 418.1818181818182, 424.24242424242425, 430.3030303030303, 436.3636363636364, 442.42424242424244, 448.4848484848485, 454.54545454545456, 460.6060606060606, 466.6666666666667, 472.72727272727275, 478.7878787878788, 484.8484848484849, 490.9090909090909, 496.96969696969694, 503.030303030303, 509.09090909090907, 515.1515151515151, 521.2121212121212, 527.2727272727273, 533.3333333333334, 539.3939393939394, 545.4545454545455, 551.5151515151515, 557.5757575757576, 563.6363636363636, 569.6969696969697, 575.7575757575758, 581.8181818181818, 587.8787878787879, 593.9393939393939, 600.0],
         "dplt_at_force_location": -5.004860393709824,
         "maximum_dplt": -5.004860393709824,
         "location_max_dplt": 296.96969696969694
    },
     "metadata": {
         "error_code": 0,
         "model": "BendingTestAnalytical",
         "load_case": "ThreePoints",
         "description": "",
         "job_name": "",
         "persistent_result_files": "",
         "n_cpus": 1,
         "date": "2026-06-16 18:09:41.601199",
         "cpu_time": 0.15847563743591309,
         "user": "sebastien.bocquet",
         "machine": "PCBM20250036",
         "vims_git_version": "3de96ae2320a30b8a84551033e41da0fca6276ac",
         "directory_archive_root": "C:\\Users\\sebastien.bocquet\\Dev\\vimseo\\docs\\runnable_examples\\model_runs\\archive\\calibration_coupled",
         "directory_archive_job": "C:\\Users\\sebastien.bocquet\\Dev\\vimseo\\docs\\runnable_examples\\model_runs\\archive\\calibration_coupled\\BendingTestAnalytical\\ThreePoints\\226",
         "directory_scratch_root": "C:\\Users\\sebastien.bocquet\\Dev\\vimseo\\docs\\runnable_examples\\model_runs\\scratch\\calibration_coupled",
         "directory_scratch_job": ""
    }
}