{
     "inputs": {
         "young_modulus": 219375.0,
         "Cantilever:length": 600.0,
         "Cantilever:width": 30.5928955078125,
         "Cantilever:height": 40.24951171875,
         "Cantilever:imposed_dplt": -4.9840087890625,
         "Cantilever:relative_dplt_location": 1.0,
         "Cantilever:nu_p": 0.3
    },
     "outputs": {
         "length": 600.0,
         "width": 30.5928955078125,
         "height": 40.24951171875,
         "imposed_dplt": -4.9840087890625,
         "relative_dplt_location": 1.0,
         "nu_p": 0.3,
         "reaction_forces": -2524.3793718415204,
         "moment": [1514627.6231049122, 0.0],
         "moment_grid": [0.0, 600.0],
         "dplt": [0.0, -0.0007602123683331114, -0.003030576333219836, -0.006795682184491267, -0.012040120211978488, -0.018748480705512587, -0.02690535395492463, -0.03649533025004572, -0.04750299988070692, -0.05991295313673933, -0.07370978030797402, -0.08887807168424208, -0.1054024175553746, -0.12326740821120268, -0.14245763394155736, -0.16295768503626976, -0.184752151785171, -0.20782562447809214, -0.23216269340486423, -0.2577479488553189, -0.28456598111928627, -0.3126013804865979, -0.34183873724708497, -0.37226264169057843, -0.40385768410690914, -0.4366084547859087, -0.4704995440174079, -0.5055155420912378, -0.5416410392972296, -0.5788606259252143, -0.6171588922650231, -0.6565204286064868, -0.6969298252394368, -0.738371672453704, -0.7808305605391199, -0.8242910797855149, -0.8687378204827204, -0.9141553729205677, -0.9605283273888874, -1.0078412741775113, -1.0560788035762694, -1.1052255058749938, -1.1552659713635154, -1.2061847903316654, -1.257966553069274, -1.3105958498661732, -1.3640572710121937, -1.4183354067971665, -1.4734148475109226, -1.5292801834432934, -1.5859160048841103, -1.643306902123204, -1.7014374654504054, -1.7602922851555458, -1.8198559515284565, -1.880113054858968, -1.9410481854369117, -2.0026459335521194, -2.0648908894944213, -2.127767643553648, -2.1912607860196314, -2.2553549071822028, -2.320034597331193, -2.3852844467564327, -2.4510890457477537, -2.5174329845949863, -2.5843008535879624, -2.651677243016512, -2.719546743170468, -2.787893944339659, -2.8567034368139184, -2.9259598108830756, -2.995647656836963, -3.0657515649654106, -3.136256125558251, -3.207145928905312, -3.278405565296429, -3.35001962502143, -3.4219726983701486, -3.4942493756324122, -3.5668342470980563, -3.639711903056907, -3.712866933798801, -3.7862839296135644, -3.859947480791031, -3.933842177621033, -4.007952610393399, -4.08226336939796, -4.156759044924549, -4.231424227262995, -4.306243506703131, -4.381201473534787, -4.456282718047792, -4.5314718305319825, -4.606753401277187, -4.682112020573232, -4.757532278709956, -4.832998765977187, -4.908496072664752, -4.984008789062491],
         "dplt_grid": [0.0, 6.0606060606060606, 12.121212121212121, 18.18181818181818, 24.242424242424242, 30.303030303030305, 36.36363636363636, 42.42424242424242, 48.484848484848484, 54.54545454545455, 60.60606060606061, 66.66666666666667, 72.72727272727272, 78.78787878787878, 84.84848484848484, 90.9090909090909, 96.96969696969697, 103.03030303030303, 109.0909090909091, 115.15151515151516, 121.21212121212122, 127.27272727272727, 133.33333333333334, 139.3939393939394, 145.45454545454544, 151.5151515151515, 157.57575757575756, 163.63636363636363, 169.6969696969697, 175.75757575757575, 181.8181818181818, 187.87878787878788, 193.93939393939394, 200.0, 206.06060606060606, 212.12121212121212, 218.1818181818182, 224.24242424242425, 230.3030303030303, 236.36363636363637, 242.42424242424244, 248.48484848484847, 254.54545454545453, 260.6060606060606, 266.6666666666667, 272.72727272727275, 278.7878787878788, 284.8484848484849, 290.9090909090909, 296.96969696969694, 303.030303030303, 309.09090909090907, 315.1515151515151, 321.2121212121212, 327.27272727272725, 333.3333333333333, 339.3939393939394, 345.45454545454544, 351.5151515151515, 357.57575757575756, 363.6363636363636, 369.6969696969697, 375.75757575757575, 381.8181818181818, 387.8787878787879, 393.93939393939394, 400.0, 406.06060606060606, 412.1212121212121, 418.1818181818182, 424.24242424242425, 430.3030303030303, 436.3636363636364, 442.42424242424244, 448.4848484848485, 454.54545454545456, 460.6060606060606, 466.6666666666667, 472.72727272727275, 478.7878787878788, 484.8484848484849, 490.9090909090909, 496.96969696969694, 503.030303030303, 509.09090909090907, 515.1515151515151, 521.2121212121212, 527.2727272727273, 533.3333333333334, 539.3939393939394, 545.4545454545455, 551.5151515151515, 557.5757575757576, 563.6363636363636, 569.6969696969697, 575.7575757575758, 581.8181818181818, 587.8787878787879, 593.9393939393939, 600.0],
         "dplt_at_force_location": -4.984008789062491,
         "maximum_dplt": -4.984008789062491,
         "location_max_dplt": 600.0
    },
     "metadata": {
         "error_code": 0,
         "model": "BendingTestAnalytical",
         "load_case": "Cantilever",
         "description": "",
         "job_name": "",
         "persistent_result_files": "",
         "n_cpus": 1,
         "date": "2026-06-16 18:10:32.036633",
         "cpu_time": 0.09426403045654297,
         "user": "sebastien.bocquet",
         "machine": "PCBM20250036",
         "vims_git_version": "3de96ae2320a30b8a84551033e41da0fca6276ac",
         "directory_archive_root": "C:\\Users\\sebastien.bocquet\\Dev\\vimseo\\docs\\runnable_examples\\model_runs\\archive\\calibration_scalars",
         "directory_archive_job": "C:\\Users\\sebastien.bocquet\\Dev\\vimseo\\docs\\runnable_examples\\model_runs\\archive\\calibration_scalars\\BendingTestAnalytical\\Cantilever\\521",
         "directory_scratch_root": "C:\\Users\\sebastien.bocquet\\Dev\\vimseo\\docs\\runnable_examples\\model_runs\\scratch\\calibration_scalars",
         "directory_scratch_job": ""
    }
}