{
     "inputs": {
         "young_modulus": 220000.01907348633,
         "Cantilever:length": 600.0,
         "Cantilever:width": 29.599609375,
         "Cantilever:height": 40.2264404296875,
         "Cantilever:imposed_dplt": -5.0703125,
         "Cantilever:relative_dplt_location": 1.0,
         "Cantilever:nu_p": 0.3
    },
     "outputs": {
         "length": 600.0,
         "width": 29.599609375,
         "height": 40.2264404296875,
         "imposed_dplt": -5.0703125,
         "relative_dplt_location": 1.0,
         "nu_p": 0.3,
         "reaction_forces": -2487.50805484712,
         "moment": [1492504.832908272, 0.0],
         "moment_grid": [0.0, 600.0],
         "dplt": [0.0, -0.0007733762994705759, -0.0030830541668083753, -0.006913357055402516, -0.01224860841864211, -0.01907313170991626, -0.027371250382614065, -0.03712728789012465, -0.048325567685837116, -0.060950413223140563, -0.0749861479554241, -0.09041709533607686, -0.10722757881848792, -0.12540192185604643, -0.14492444790214148, -0.16577948041016216, -0.18795134283349763, -0.21142435862553705, -0.2361828512396693, -0.26221114412928376, -0.2894935607477694, -0.3180144245485153, -0.3477580589849108, -0.37870878751034476, -0.4108509335782062, -0.44416882064188457, -0.4786467721547688, -0.514269111570248, -0.5510201623417113, -0.5888842479225478, -0.6278456917661466, -0.6678888173258968, -0.7089979480551873, -0.7511574074074078, -0.7943515188359469, -0.8385646057941938, -0.8837809917355379, -0.9299850001133678, -0.9771609543810729, -1.0252931779920424, -1.074365994399665, -1.1243637270573306, -1.1752706994184274, -1.2270712349363453, -1.279749657064473, -1.3332902892561995, -1.387677454964914, -1.4428954776440055, -1.4989286807468634, -1.5557613877268768, -1.6133779220374345, -1.671762607131926, -1.7308997664637404, -1.7907737234862664, -1.8513688016528935, -1.9126693244170103, -1.9746596152320066, -2.0373239975512716, -2.100646794828193, -2.164612330516161, -2.2292049280685653, -2.2944089109387935, -2.3602086025802365, -2.4265883264462813, -2.49353240599032, -2.561025164665738, -2.629050925925927, -2.6975940132242746, -2.766638750014172, -2.8361694597490055, -2.9061704658821674, -2.9766260918670437, -3.0475206611570256, -3.118838497205501, -3.1905639234658607, -3.2626812633914906, -3.3351748404357844, -3.408028978052126, -3.4812279996939095, -3.55475622881452, -3.62859798886735, -3.702737603305785, -3.7771593955832174, -3.8518476891530335, -3.926786807468625, -4.001961073983381, -4.077354812150689, -4.1529523454239365, -4.228737997256517, -4.304696091101816, -4.380810950413224, -4.457066898644131, -4.533448259247923, -4.609939355677993, -4.686524511387729, -4.763188049830516, -4.8399142944597475, -4.916687568728815, -4.9934921960911005, -5.0703125],
         "dplt_grid": [0.0, 6.0606060606060606, 12.121212121212121, 18.18181818181818, 24.242424242424242, 30.303030303030305, 36.36363636363636, 42.42424242424242, 48.484848484848484, 54.54545454545455, 60.60606060606061, 66.66666666666667, 72.72727272727272, 78.78787878787878, 84.84848484848484, 90.9090909090909, 96.96969696969697, 103.03030303030303, 109.0909090909091, 115.15151515151516, 121.21212121212122, 127.27272727272727, 133.33333333333334, 139.3939393939394, 145.45454545454544, 151.5151515151515, 157.57575757575756, 163.63636363636363, 169.6969696969697, 175.75757575757575, 181.8181818181818, 187.87878787878788, 193.93939393939394, 200.0, 206.06060606060606, 212.12121212121212, 218.1818181818182, 224.24242424242425, 230.3030303030303, 236.36363636363637, 242.42424242424244, 248.48484848484847, 254.54545454545453, 260.6060606060606, 266.6666666666667, 272.72727272727275, 278.7878787878788, 284.8484848484849, 290.9090909090909, 296.96969696969694, 303.030303030303, 309.09090909090907, 315.1515151515151, 321.2121212121212, 327.27272727272725, 333.3333333333333, 339.3939393939394, 345.45454545454544, 351.5151515151515, 357.57575757575756, 363.6363636363636, 369.6969696969697, 375.75757575757575, 381.8181818181818, 387.8787878787879, 393.93939393939394, 400.0, 406.06060606060606, 412.1212121212121, 418.1818181818182, 424.24242424242425, 430.3030303030303, 436.3636363636364, 442.42424242424244, 448.4848484848485, 454.54545454545456, 460.6060606060606, 466.6666666666667, 472.72727272727275, 478.7878787878788, 484.8484848484849, 490.9090909090909, 496.96969696969694, 503.030303030303, 509.09090909090907, 515.1515151515151, 521.2121212121212, 527.2727272727273, 533.3333333333334, 539.3939393939394, 545.4545454545455, 551.5151515151515, 557.5757575757576, 563.6363636363636, 569.6969696969697, 575.7575757575758, 581.8181818181818, 587.8787878787879, 593.9393939393939, 600.0],
         "dplt_at_force_location": -5.0703125,
         "maximum_dplt": -5.0703125,
         "location_max_dplt": 600.0
    },
     "metadata": {
         "error_code": 0,
         "model": "BendingTestAnalytical",
         "load_case": "Cantilever",
         "description": "",
         "job_name": "",
         "persistent_result_files": "",
         "n_cpus": 1,
         "date": "2026-03-17 09:06:33.585112",
         "cpu_time": 0.05221223831176758,
         "user": "sebastien.bocquet",
         "machine": "B20191729",
         "vims_git_version": "1b6e7132b9faba0cc93317d127a381ee76a8cb8e",
         "directory_archive_root": "C:\\Users\\sebastien.bocquet\\PycharmProjects\\vimseo\\docs\\runnable_examples\\model_runs\\archive\\calibration_scalars",
         "directory_archive_job": "C:\\Users\\sebastien.bocquet\\PycharmProjects\\vimseo\\docs\\runnable_examples\\model_runs\\archive\\calibration_scalars\\BendingTestAnalytical\\Cantilever\\130",
         "directory_scratch_root": "C:\\Users\\sebastien.bocquet\\PycharmProjects\\vimseo\\docs\\runnable_examples\\model_runs\\scratch\\calibration_scalars",
         "directory_scratch_job": ""
    }
}