{
     "inputs": {
         "young_modulus": 221346.72309824295,
         "Cantilever:length": 600.0,
         "Cantilever:width": 30.4969482421875,
         "Cantilever:height": 40.7369384765625,
         "Cantilever:imposed_dplt": -5.064697265625,
         "Cantilever:relative_dplt_location": 1.0,
         "Cantilever:nu_p": 0.3
    },
     "outputs": {
         "length": 600.0,
         "width": 30.4969482421875,
         "height": 40.7369384765625,
         "imposed_dplt": -5.064697265625,
         "relative_dplt_location": 1.0,
         "nu_p": 0.3,
         "reaction_forces": -2675.065311410127,
         "moment": [1605039.186846076, 0.0],
         "moment_grid": [0.0, 600.0],
         "dplt": [0.0, -0.0007725198060726636, -0.0030796397674518377, -0.006905700698879292, -0.0122350434150968, -0.019052008730846136, -0.02734093746086904, -0.037086170419907326, -0.04827204842270271, -0.06088291228399701, -0.07490310281853195, -0.09031696084104934, -0.10710882716629093, -0.1252630426089985, -0.14476394798391387, -0.16559588410577866, -0.1877431917893348, -0.21119021184932402, -0.23592128510048802, -0.2619207523575689, -0.28917295443530794, -0.3176622321484471, -0.3473729263117283, -0.37828937773989313, -0.41039592724768326, -0.44367691564984074, -0.4781166837611072, -0.5136995723962245, -0.5504099223699344, -0.5882320744969783, -0.6271503695920986, -0.6671491484700367, -0.7082127519455342, -0.7503255208333334, -0.7934717959481755, -0.8376359181048028, -0.8828022281179567, -0.9289550668023789, -0.9760787749728115, -1.024157693443996, -1.073176163030674, -1.123118524547588, -1.1739691188094792, -1.2257122866310897, -1.2783323688271608, -1.3318137062124347, -1.3861406396016527, -1.4412975098095568, -1.4972686576508887, -1.5540384239403906, -1.6115911494928041, -1.6699111751228712, -1.7289828416453328, -1.7887904898749312, -1.8493184606264086, -1.910551094714506, -1.9724727329539653, -2.035067716159529, -2.098320385145938, -2.1622150807279343, -2.22673614372026, -2.291867914937656, -2.3575947351948665, -2.4239009453066296, -2.4907708860876907, -2.558188898352788, -2.626139322916666, -2.694606500594065, -2.7635747721997292, -2.8330284785483957, -2.9029519604548115, -2.973329558733715, -3.0441456141998495, -3.1153844676679547, -3.1870304599527755, -3.2590679318690507, -3.331481224231525, -3.404254677854937, -3.477372633554031, -3.5508194321435482, -3.6245794144382297, -3.6986369212528163, -3.772976293402051, -3.8475818717006773, -3.9224379969634344, -3.9975290100050653, -4.072839251640312, -4.148353062683915, -4.224054783950617, -4.2999287562551585, -4.375959320412283, -4.452130817236732, -4.528427587543247, -4.604833972146569, -4.68133431186144, -4.757912947502602, -4.834554219884798, -4.911242469822768, -4.987962038131253, -5.064697265625],
         "dplt_grid": [0.0, 6.0606060606060606, 12.121212121212121, 18.18181818181818, 24.242424242424242, 30.303030303030305, 36.36363636363636, 42.42424242424242, 48.484848484848484, 54.54545454545455, 60.60606060606061, 66.66666666666667, 72.72727272727272, 78.78787878787878, 84.84848484848484, 90.9090909090909, 96.96969696969697, 103.03030303030303, 109.0909090909091, 115.15151515151516, 121.21212121212122, 127.27272727272727, 133.33333333333334, 139.3939393939394, 145.45454545454544, 151.5151515151515, 157.57575757575756, 163.63636363636363, 169.6969696969697, 175.75757575757575, 181.8181818181818, 187.87878787878788, 193.93939393939394, 200.0, 206.06060606060606, 212.12121212121212, 218.1818181818182, 224.24242424242425, 230.3030303030303, 236.36363636363637, 242.42424242424244, 248.48484848484847, 254.54545454545453, 260.6060606060606, 266.6666666666667, 272.72727272727275, 278.7878787878788, 284.8484848484849, 290.9090909090909, 296.96969696969694, 303.030303030303, 309.09090909090907, 315.1515151515151, 321.2121212121212, 327.27272727272725, 333.3333333333333, 339.3939393939394, 345.45454545454544, 351.5151515151515, 357.57575757575756, 363.6363636363636, 369.6969696969697, 375.75757575757575, 381.8181818181818, 387.8787878787879, 393.93939393939394, 400.0, 406.06060606060606, 412.1212121212121, 418.1818181818182, 424.24242424242425, 430.3030303030303, 436.3636363636364, 442.42424242424244, 448.4848484848485, 454.54545454545456, 460.6060606060606, 466.6666666666667, 472.72727272727275, 478.7878787878788, 484.8484848484849, 490.9090909090909, 496.96969696969694, 503.030303030303, 509.09090909090907, 515.1515151515151, 521.2121212121212, 527.2727272727273, 533.3333333333334, 539.3939393939394, 545.4545454545455, 551.5151515151515, 557.5757575757576, 563.6363636363636, 569.6969696969697, 575.7575757575758, 581.8181818181818, 587.8787878787879, 593.9393939393939, 600.0],
         "dplt_at_force_location": -5.064697265625,
         "maximum_dplt": -5.064697265625,
         "location_max_dplt": 600.0
    },
     "metadata": {
         "error_code": 0,
         "model": "BendingTestAnalytical",
         "load_case": "Cantilever",
         "description": "",
         "job_name": "",
         "persistent_result_files": "",
         "n_cpus": 1,
         "date": "2026-03-17 09:06:57.730075",
         "cpu_time": 0.08156943321228027,
         "user": "sebastien.bocquet",
         "machine": "B20191729",
         "vims_git_version": "1b6e7132b9faba0cc93317d127a381ee76a8cb8e",
         "directory_archive_root": "C:\\Users\\sebastien.bocquet\\PycharmProjects\\vimseo\\docs\\runnable_examples\\model_runs\\archive\\calibration_scalars",
         "directory_archive_job": "C:\\Users\\sebastien.bocquet\\PycharmProjects\\vimseo\\docs\\runnable_examples\\model_runs\\archive\\calibration_scalars\\BendingTestAnalytical\\Cantilever\\297",
         "directory_scratch_root": "C:\\Users\\sebastien.bocquet\\PycharmProjects\\vimseo\\docs\\runnable_examples\\model_runs\\scratch\\calibration_scalars",
         "directory_scratch_job": ""
    }
}