{
     "inputs": {
         "length": 612.6230178163268,
         "width": 29.454699749200508,
         "height": 40.72440513199716,
         "imposed_dplt": -15.271079306773887,
         "relative_dplt_location": 0.894605959419423,
         "young_modulus": 209342.65926307387,
         "nu_p": 0.304698129624196
    },
     "outputs": {
         "reaction_forces": -9658.530018157764,
         "moment": [5293417.284604163, 0.0, 0.0],
         "moment_grid": [0.0, 548.0562026159972, 612.6230178163268],
         "dplt": [0.0, -0.0029093060023983736, -0.011593259849188704, -0.025985915299763858, -0.04602132611351666, -0.07163354604983993, -0.1027566288681265, -0.13932462832776926, -0.18127159818816094, -0.22853159220869448, -0.2810386641487626, -0.3387268677677581, -0.40153025682507415, -0.46938288508010334, -0.5422188062922382, -0.6199720742208722, -0.7025767426253977, -0.789966865265208, -0.8820764958996957, -0.9788396882882534, -1.0801904961902742, -1.1860629733651507, -1.2963911735722757, -1.411109150571043, -1.530150958120844, -1.6534506499810724, -1.7809422799111205, -1.9125599016703823, -2.048237569018249, -2.187909335714115, -2.3315092555173713, -2.478971382187413, -2.6302297694836305, -2.7852184711654187, -2.94387154099217, -3.1061230327232763, -3.271907000118131, -3.441157496936126, -3.613808576936657, -3.7897942938791136, -3.9690487015228904, -4.15150585362738, -4.337099803951975, -4.525764606256066, -4.717434314299051, -4.912042981840319, -5.109524662639264, -5.309813410455278, -5.512843279047754, -5.718548322176085, -5.926862593599665, -6.137720147077887, -6.3510550363701395, -6.5668013152358204, -6.784893037434324, -7.005264256725037, -7.227849026867355, -7.4525814016206695, -7.679395434744378, -7.908225179997867, -8.139004691140535, -8.371668021931768, -8.606149226130968, -8.84238235749752, -9.08030146979082, -9.319840616770264, -9.560933852195236, -9.803515229825138, -10.047518803419361, -10.292878626737291, -10.53952875353833, -10.787403237581868, -11.036436132627289, -11.286561492434002, -11.537713370761383, -11.789825821368838, -12.042832898015758, -12.296668654461524, -12.551267144465545, -12.806562421787204, -13.062488540185893, -13.318979553421014, -13.575969515251948, -13.833392479438093, -14.09118249973885, -14.349257951622585, -14.60752257724486, -14.865920826222688, -15.124405511084513, -15.38293660527122, -15.6414812431361, -15.900013719944862, -16.158515491875658, -16.416975176019037, -16.675388550377992, -16.933758553867925, -17.19209528631665, -17.450416008464437, -17.708745141963934, -17.96711426938025],
         "dplt_grid": [0.0, 6.188111291074008, 12.376222582148015, 18.564333873222022, 24.75244516429603, 30.94055645537004, 37.128667746444044, 43.31677903751805, 49.50489032859206, 55.69300161966607, 61.88111291074008, 68.06922420181408, 74.25733549288809, 80.4454467839621, 86.6335580750361, 92.82166936611011, 99.00978065718412, 105.19789194825813, 111.38600323933214, 117.57411453040615, 123.76222582148016, 129.95033711255417, 136.13844840362816, 142.32655969470218, 148.51467098577618, 154.7027822768502, 160.8908935679242, 167.07900485899822, 173.2671161500722, 179.45522744114623, 185.64333873222023, 191.83145002329425, 198.01956131436825, 204.20767260544224, 210.39578389651626, 216.58389518759026, 222.77200647866428, 228.96011776973828, 235.1482290608123, 241.3363403518863, 247.52445164296032, 253.7125629340343, 259.90067422510833, 266.0887855161823, 272.2768968072563, 278.4650080983304, 284.65311938940437, 290.84123068047836, 297.02934197155236, 303.21745326262635, 309.4055645537004, 315.5936758447744, 321.7817871358484, 327.9698984269224, 334.15800971799644, 340.34612100907043, 346.5342323001444, 352.7223435912184, 358.91045488229247, 365.09856617336646, 371.28667746444046, 377.47478875551445, 383.6629000465885, 389.8510113376625, 396.0391226287365, 402.2272339198105, 408.4153452108845, 414.60345650195853, 420.7915677930325, 426.9796790841065, 433.1677903751805, 439.35590166625457, 445.54401295732856, 451.73212424840256, 457.92023553947655, 464.1083468305506, 470.2964581216246, 476.4845694126986, 482.6726807037726, 488.86079199484664, 495.04890328592063, 501.2370145769946, 507.4251258680686, 513.6132371591426, 519.8013484502167, 525.9894597412906, 532.1775710323647, 538.3656823234387, 544.5537936145126, 550.7419049055867, 556.9300161966607, 563.1181274877347, 569.3062387788087, 575.4943500698827, 581.6824613609567, 587.8705726520308, 594.0586839431047, 600.2467952341788, 606.4349065252527, 612.6230178163268],
         "dplt_at_force_location": -15.270731520564865,
         "maximum_dplt": -17.96711426938025,
         "location_max_dplt": 612.6230178163268
    },
     "metadata": {
         "error_code": 0,
         "model": "BendingTestAnalytical",
         "load_case": "Cantilever",
         "description": "",
         "job_name": "",
         "persistent_result_files": "",
         "n_cpus": 1,
         "date": "2026-03-26 14:57:55.427249",
         "cpu_time": 0.0036416053771972656,
         "user": "sebastien.bocquet",
         "machine": "IPF7101",
         "vims_git_version": "d0050d8de498c8354552cdde540fb3e524454871",
         "directory_archive_root": "/home/sebastien.bocquet/PycharmProjects/vimseo/docs/runnable_examples/model_runs/archive/uq",
         "directory_archive_job": "/home/sebastien.bocquet/PycharmProjects/vimseo/docs/runnable_examples/model_runs/archive/uq/BendingTestAnalytical/Cantilever/39",
         "directory_scratch_root": "/home/sebastien.bocquet/PycharmProjects/vimseo/docs/runnable_examples/model_runs/scratch/uq",
         "directory_scratch_job": ""
    }
}