{
     "inputs": {
         "x": 1.625,
         "Dummy:x_1": 0.9625086499676455
    },
     "outputs": {
         "x_1": 0.9625086499676455,
         "y": [0.9625086499676455, 0.978922791381787, 0.9953369327959284, 1.0117510742100697, 1.0281652156242111, 1.0445793570383526, 1.060993498452494, 1.0774076398666355, 1.093821781280777, 1.1102359226949183, 1.1266500641090598, 1.143064205523201, 1.1594783469373424, 1.1758924883514839, 1.1923066297656253, 1.2087207711797667, 1.2251349125939082, 1.2415490540080496, 1.257963195422191, 1.2743773368363325, 1.290791478250474, 1.3072056196646153, 1.3236197610787568, 1.340033902492898, 1.3564480439070394, 1.3728621853211809, 1.3892763267353223, 1.4056904681494637, 1.4221046095636052, 1.4385187509777464, 1.4549328923918878, 1.4713470338060293, 1.4877611752201707, 1.5041753166343121, 1.5205894580484536, 1.537003599462595, 1.5534177408767365, 1.569831882290878, 1.5862460237050193, 1.6026601651191608, 1.6190743065333022, 1.6354884479474436, 1.651902589361585, 1.6683167307757265, 1.684730872189868, 1.7011450136040094, 1.7175591550181506, 1.733973296432292, 1.7503874378464332, 1.7668015792605747, 1.7832157206747161, 1.7996298620888578, 1.816044003502999, 1.8324581449171404, 1.8488722863312819, 1.8652864277454233, 1.8817005691595647, 1.8981147105737062, 1.9145288519878476, 1.930942993401989, 1.9473571348161305, 1.963771276230272, 1.9801854176444134, 1.9965995590585548, 2.0130137004726962, 2.0294278418868377, 2.045841983300979, 2.06225612471512, 2.078670266129262, 2.095084407543403, 2.111498548957545, 2.127912690371686, 2.1443268317858273, 2.1607409731999687, 2.17715511461411, 2.1935692560282516, 2.209983397442393, 2.2263975388565345, 2.242811680270676, 2.2592258216848173, 2.2756399630989588, 2.2920541045131, 2.3084682459272416, 2.324882387341383, 2.3412965287555245, 2.357710670169666, 2.3741248115838074, 2.390538952997949, 2.4069530944120903, 2.4233672358262317, 2.439781377240373, 2.456195518654514, 2.4726096600686556, 2.489023801482797, 2.5054379428969384, 2.52185208431108, 2.5382662257252213, 2.5546803671393628, 2.571094508553504, 2.5875086499676456],
         "y_axis": [0.0, 0.010101010101010102, 0.020202020202020204, 0.030303030303030304, 0.04040404040404041, 0.05050505050505051, 0.06060606060606061, 0.07070707070707072, 0.08080808080808081, 0.09090909090909091, 0.10101010101010102, 0.11111111111111112, 0.12121212121212122, 0.13131313131313133, 0.14141414141414144, 0.15151515151515152, 0.16161616161616163, 0.17171717171717174, 0.18181818181818182, 0.19191919191919193, 0.20202020202020204, 0.21212121212121213, 0.22222222222222224, 0.23232323232323235, 0.24242424242424243, 0.25252525252525254, 0.26262626262626265, 0.27272727272727276, 0.2828282828282829, 0.29292929292929293, 0.30303030303030304, 0.31313131313131315, 0.32323232323232326, 0.33333333333333337, 0.3434343434343435, 0.3535353535353536, 0.36363636363636365, 0.37373737373737376, 0.38383838383838387, 0.393939393939394, 0.4040404040404041, 0.4141414141414142, 0.42424242424242425, 0.43434343434343436, 0.4444444444444445, 0.4545454545454546, 0.4646464646464647, 0.4747474747474748, 0.48484848484848486, 0.494949494949495, 0.5050505050505051, 0.5151515151515152, 0.5252525252525253, 0.5353535353535354, 0.5454545454545455, 0.5555555555555556, 0.5656565656565657, 0.5757575757575758, 0.5858585858585859, 0.595959595959596, 0.6060606060606061, 0.6161616161616162, 0.6262626262626263, 0.6363636363636365, 0.6464646464646465, 0.6565656565656566, 0.6666666666666667, 0.6767676767676768, 0.686868686868687, 0.696969696969697, 0.7070707070707072, 0.7171717171717172, 0.7272727272727273, 0.7373737373737375, 0.7474747474747475, 0.7575757575757577, 0.7676767676767677, 0.7777777777777778, 0.787878787878788, 0.797979797979798, 0.8080808080808082, 0.8181818181818182, 0.8282828282828284, 0.8383838383838385, 0.8484848484848485, 0.8585858585858587, 0.8686868686868687, 0.8787878787878789, 0.888888888888889, 0.8989898989898991, 0.9090909090909092, 0.9191919191919192, 0.9292929292929294, 0.9393939393939394, 0.9494949494949496, 0.9595959595959597, 0.9696969696969697, 0.9797979797979799, 0.98989898989899, 1.0]
    },
     "metadata": {
         "error_code": 0,
         "model": "MockCurves",
         "load_case": "Dummy",
         "description": "",
         "job_name": "",
         "persistent_result_files": "",
         "n_cpus": 1,
         "date": "2026-03-26 14:57:23.771607",
         "cpu_time": 0.0009829998016357422,
         "user": "sebastien.bocquet",
         "machine": "IPF7101",
         "vims_git_version": "d0050d8de498c8354552cdde540fb3e524454871",
         "directory_archive_root": "/home/sebastien.bocquet/PycharmProjects/vimseo/docs/runnable_examples/model_runs/archive/calibration_curves",
         "directory_archive_job": "/home/sebastien.bocquet/PycharmProjects/vimseo/docs/runnable_examples/model_runs/archive/calibration_curves/MockCurves/Dummy/10",
         "directory_scratch_root": "/home/sebastien.bocquet/PycharmProjects/vimseo/docs/runnable_examples/model_runs/scratch/calibration_curves",
         "directory_scratch_job": ""
    }
}