{
     "inputs": {
         "young_modulus": 213846.72309824295,
         "Cantilever:length": 600.0,
         "Cantilever:width": 29.499755859375,
         "Cantilever:height": 40.2801513671875,
         "Cantilever:imposed_dplt": -5.006591796875,
         "Cantilever:relative_dplt_location": 1.0,
         "Cantilever:nu_p": 0.3
    },
     "outputs": {
         "length": 600.0,
         "width": 29.499755859375,
         "height": 40.2801513671875,
         "imposed_dplt": -5.006591796875,
         "relative_dplt_location": 1.0,
         "nu_p": 0.3,
         "reaction_forces": -2389.0362751523335,
         "moment": [1433421.7650914001, 0.0],
         "moment_grid": [0.0, 600.0],
         "dplt": [0.0, -0.0007636569613464505, -0.0030443081567189606, -0.006826474053117264, -0.012094675117541098, -0.018833431816990192, -0.027027264618464275, -0.036660693988963086, -0.04771824039548636, -0.060184424305033825, -0.07404376618460522, -0.08928078650120028, -0.10588000572181867, -0.12382594431346026, -0.14310312274312476, -0.16369606147781174, -0.1855892809845211, -0.2087673017302526, -0.23321464418200583, -0.25891582880678077, -0.2858553760715769, -0.31401780644339394, -0.34338764038923186, -0.37394939837609026, -0.40568760087096867, -0.4385867683408672, -0.47263142125278534, -0.507806080073723, -0.5440952652706796, -0.5814834973106553, -0.6199552966606494, -0.6594951837876621, -0.7000876791586927, -0.7417173032407411, -0.7843685765008073, -0.8280260194058905, -0.872674152422991, -0.918297496019108, -0.9648805706612416, -1.0124078968163912, -1.060863994951557, -1.1102333855337383, -1.160500589029935, -1.211650125907147, -1.263666516632374, -1.3165342816726158, -1.3702379414948713, -1.4247620165661412, -1.4800910273534242, -1.536209494323722, -1.593101937944032, -1.650752878681356, -1.7091468370026925, -1.7682683333750409, -1.8281018882654023, -1.8886320221407757, -1.94984325546816, -2.011720108714556, -2.074247102346963, -2.1374087568323823, -2.2011895926378107, -2.2655741302302497, -2.3305468900767004, -2.396092392644158, -2.462195158399627, -2.5288397078101053, -2.5960105613425926, -2.6636922394640874, -2.731869262641593, -2.8005261513421043, -2.8696474260326257, -2.939217607180154, -3.009221215251689, -3.0796427707142313, -3.1504667940347817, -3.221677805680338, -3.2932603261179016, -3.365198875814469, -3.437477975237045, -3.510082144852625, -3.582995905128211, -3.6562037765308006, -3.729690279527396, -3.8034399345849965, -3.8774372621706, -3.9516667827512086, -4.026113016793821, -4.100760484765436, -4.175593707133055, -4.250597204363675, -4.325755496924301, -4.401053105281926, -4.476474549903556, -4.552004351256185, -4.627627029806818, -4.703327106022451, -4.779089100370085, -4.854897533316721, -4.930736925329357, -5.006591796874993],
         "dplt_grid": [0.0, 6.0606060606060606, 12.121212121212121, 18.18181818181818, 24.242424242424242, 30.303030303030305, 36.36363636363636, 42.42424242424242, 48.484848484848484, 54.54545454545455, 60.60606060606061, 66.66666666666667, 72.72727272727272, 78.78787878787878, 84.84848484848484, 90.9090909090909, 96.96969696969697, 103.03030303030303, 109.0909090909091, 115.15151515151516, 121.21212121212122, 127.27272727272727, 133.33333333333334, 139.3939393939394, 145.45454545454544, 151.5151515151515, 157.57575757575756, 163.63636363636363, 169.6969696969697, 175.75757575757575, 181.8181818181818, 187.87878787878788, 193.93939393939394, 200.0, 206.06060606060606, 212.12121212121212, 218.1818181818182, 224.24242424242425, 230.3030303030303, 236.36363636363637, 242.42424242424244, 248.48484848484847, 254.54545454545453, 260.6060606060606, 266.6666666666667, 272.72727272727275, 278.7878787878788, 284.8484848484849, 290.9090909090909, 296.96969696969694, 303.030303030303, 309.09090909090907, 315.1515151515151, 321.2121212121212, 327.27272727272725, 333.3333333333333, 339.3939393939394, 345.45454545454544, 351.5151515151515, 357.57575757575756, 363.6363636363636, 369.6969696969697, 375.75757575757575, 381.8181818181818, 387.8787878787879, 393.93939393939394, 400.0, 406.06060606060606, 412.1212121212121, 418.1818181818182, 424.24242424242425, 430.3030303030303, 436.3636363636364, 442.42424242424244, 448.4848484848485, 454.54545454545456, 460.6060606060606, 466.6666666666667, 472.72727272727275, 478.7878787878788, 484.8484848484849, 490.9090909090909, 496.96969696969694, 503.030303030303, 509.09090909090907, 515.1515151515151, 521.2121212121212, 527.2727272727273, 533.3333333333334, 539.3939393939394, 545.4545454545455, 551.5151515151515, 557.5757575757576, 563.6363636363636, 569.6969696969697, 575.7575757575758, 581.8181818181818, 587.8787878787879, 593.9393939393939, 600.0],
         "dplt_at_force_location": -5.006591796874993,
         "maximum_dplt": -5.006591796874993,
         "location_max_dplt": 600.0
    },
     "metadata": {
         "error_code": 0,
         "model": "BendingTestAnalytical",
         "load_case": "Cantilever",
         "description": "",
         "job_name": "",
         "persistent_result_files": "",
         "n_cpus": 1,
         "date": "2026-06-16 18:11:43.798462",
         "cpu_time": 0.24100732803344727,
         "user": "sebastien.bocquet",
         "machine": "PCBM20250036",
         "vims_git_version": "5cd5cf5ab4caf1fa2c2190f0396e06b5b5639fd0",
         "directory_archive_root": "C:\\Users\\sebastien.bocquet\\Dev\\vimseo\\docs\\runnable_examples\\model_runs\\archive\\calibration_scalars",
         "directory_archive_job": "C:\\Users\\sebastien.bocquet\\Dev\\vimseo\\docs\\runnable_examples\\model_runs\\archive\\calibration_scalars\\BendingTestAnalytical\\Cantilever\\774",
         "directory_scratch_root": "C:\\Users\\sebastien.bocquet\\Dev\\vimseo\\docs\\runnable_examples\\model_runs\\scratch\\calibration_scalars",
         "directory_scratch_job": ""
    }
}