{
     "inputs": {
         "young_modulus": 215505.3483839161,
         "Cantilever:length": 600.0,
         "Cantilever:width": 30.57470703125,
         "Cantilever:height": 39.9837646484375,
         "Cantilever:imposed_dplt": -5.054931640625,
         "Cantilever:relative_dplt_location": 1.0,
         "Cantilever:nu_p": 0.3
    },
     "outputs": {
         "length": 600.0,
         "width": 30.57470703125,
         "height": 39.9837646484375,
         "imposed_dplt": -5.054931640625,
         "relative_dplt_location": 1.0,
         "nu_p": 0.3,
         "reaction_forces": -2464.1829536062005,
         "moment": [1478509.7721637203, 0.0],
         "moment_grid": [0.0, 600.0],
         "dplt": [0.0, -0.000771030252337166, -0.003073701681614376, -0.006892385296230206, -0.01221145210458323, -0.019015273115072014, -0.027288219336095113, -0.03701466177605113, -0.04817897144333861, -0.06076551934635613, -0.07475867649350226, -0.09014281389317556, -0.1069023025537746, -0.125021513483698, -0.14448481769134427, -0.165276586185112, -0.18738118997339978, -0.21078300006460624, -0.23546638746712978, -0.26141572318936923, -0.28861537823972294, -0.31704972362658945, -0.34670313035836753, -0.3775599694434556, -0.4096046118902521, -0.442821428707156, -0.4771947909025656, -0.5127090694848795, -0.5493486354624963, -0.5870978598438146, -0.6259411136372329, -0.66586276785115, -0.706847193493964, -0.7488787615740737, -0.7919418430998779, -0.8360208090797749, -0.8811000305221635, -0.9271638784354419, -0.9741967238280089, -1.0221829377082634, -1.0711068910846033, -1.1209529549654274, -1.1717055003591346, -1.2233488982741236, -1.275867519718792, -1.3292457357015395, -1.3834679172307638, -1.4385184353148641, -1.494381660962238, -1.5510419651812855, -1.6084837189804042, -1.6666912933679932, -1.7256490593524505, -1.785341387942175, -1.8457526501455657, -1.90686721697102, -1.9686694594269376, -2.0311437485217163, -2.0942744552637556, -2.1580459506614527, -2.2224426057232076, -2.287448791457418, -2.3530488788724835, -2.4192272389768, -2.4859682427787697, -2.5532562612867884, -2.621075665509257, -2.6894108264545706, -2.7582461151311315, -2.8275659025473354, -2.897354559711584, -2.9675964576322724, -3.038275967317802, -3.1093774597765695, -3.180885306016975, -3.2527838770474147, -3.3250575438762904, -3.3976906775119966, -3.470667648962937, -3.5439728292375055, -3.617590589344104, -3.6915053002911287, -3.7657013330869775, -3.8401630587400533, -3.91487484825875, -3.989821072651471, -4.06498610292661, -4.140354310092567, -4.215910065157743, -4.291637739130533, -4.367521703019339, -4.443546327832556, -4.519695984578585, -4.595955044265823, -4.672307877902671, -4.748738856497525, -4.825232351058786, -4.901772732594852, -4.978344372114119, -5.0549316406249885],
         "dplt_grid": [0.0, 6.0606060606060606, 12.121212121212121, 18.18181818181818, 24.242424242424242, 30.303030303030305, 36.36363636363636, 42.42424242424242, 48.484848484848484, 54.54545454545455, 60.60606060606061, 66.66666666666667, 72.72727272727272, 78.78787878787878, 84.84848484848484, 90.9090909090909, 96.96969696969697, 103.03030303030303, 109.0909090909091, 115.15151515151516, 121.21212121212122, 127.27272727272727, 133.33333333333334, 139.3939393939394, 145.45454545454544, 151.5151515151515, 157.57575757575756, 163.63636363636363, 169.6969696969697, 175.75757575757575, 181.8181818181818, 187.87878787878788, 193.93939393939394, 200.0, 206.06060606060606, 212.12121212121212, 218.1818181818182, 224.24242424242425, 230.3030303030303, 236.36363636363637, 242.42424242424244, 248.48484848484847, 254.54545454545453, 260.6060606060606, 266.6666666666667, 272.72727272727275, 278.7878787878788, 284.8484848484849, 290.9090909090909, 296.96969696969694, 303.030303030303, 309.09090909090907, 315.1515151515151, 321.2121212121212, 327.27272727272725, 333.3333333333333, 339.3939393939394, 345.45454545454544, 351.5151515151515, 357.57575757575756, 363.6363636363636, 369.6969696969697, 375.75757575757575, 381.8181818181818, 387.8787878787879, 393.93939393939394, 400.0, 406.06060606060606, 412.1212121212121, 418.1818181818182, 424.24242424242425, 430.3030303030303, 436.3636363636364, 442.42424242424244, 448.4848484848485, 454.54545454545456, 460.6060606060606, 466.6666666666667, 472.72727272727275, 478.7878787878788, 484.8484848484849, 490.9090909090909, 496.96969696969694, 503.030303030303, 509.09090909090907, 515.1515151515151, 521.2121212121212, 527.2727272727273, 533.3333333333334, 539.3939393939394, 545.4545454545455, 551.5151515151515, 557.5757575757576, 563.6363636363636, 569.6969696969697, 575.7575757575758, 581.8181818181818, 587.8787878787879, 593.9393939393939, 600.0],
         "dplt_at_force_location": -5.0549316406249885,
         "maximum_dplt": -5.0549316406249885,
         "location_max_dplt": 600.0
    },
     "metadata": {
         "error_code": 0,
         "model": "BendingTestAnalytical",
         "load_case": "Cantilever",
         "description": "",
         "job_name": "",
         "persistent_result_files": "",
         "n_cpus": 1,
         "date": "2026-06-16 18:12:18.464027",
         "cpu_time": 0.2408428192138672,
         "user": "sebastien.bocquet",
         "machine": "PCBM20250036",
         "vims_git_version": "5cd5cf5ab4caf1fa2c2190f0396e06b5b5639fd0",
         "directory_archive_root": "C:\\Users\\sebastien.bocquet\\Dev\\vimseo\\docs\\runnable_examples\\model_runs\\archive\\calibration_scalars",
         "directory_archive_job": "C:\\Users\\sebastien.bocquet\\Dev\\vimseo\\docs\\runnable_examples\\model_runs\\archive\\calibration_scalars\\BendingTestAnalytical\\Cantilever\\883",
         "directory_scratch_root": "C:\\Users\\sebastien.bocquet\\Dev\\vimseo\\docs\\runnable_examples\\model_runs\\scratch\\calibration_scalars",
         "directory_scratch_job": ""
    }
}