{
     "inputs": {
         "young_modulus": 224396.2904293925,
         "Cantilever:length": 600.0,
         "Cantilever:width": 30.32763671875,
         "Cantilever:height": 39.7525634765625,
         "Cantilever:imposed_dplt": -4.9739990234375,
         "Cantilever:relative_dplt_location": 1.0,
         "Cantilever:nu_p": 0.3
    },
     "outputs": {
         "length": 600.0,
         "width": 30.32763671875,
         "height": 39.7525634765625,
         "imposed_dplt": -4.9739990234375,
         "relative_dplt_location": 1.0,
         "nu_p": 0.3,
         "reaction_forces": -2461.1700118566223,
         "moment": [1476702.0071139734, 0.0],
         "moment_grid": [0.0, 600.0],
         "dplt": [0.0, -0.0007586855757542261, -0.003024489795236438, -0.006782033896775954, -0.01201593911870208, -0.018710826699344117, -0.02685131787703135, -0.03642203389009312, -0.04740759597685871, -0.059792625375657424, -0.07356174332481856, -0.08869957106267143, -0.10519072982754533, -0.12301984085776961, -0.1421715253916736, -0.1626304046675865, -0.18438109992383764, -0.20740823239875641, -0.2316964233306721, -0.2572302939579142, -0.2839944655188116, -0.3119735592516938, -0.3411521963948902, -0.37151499818672995, -0.4030465858655422, -0.43573158066965684, -0.46955460383740266, -0.5045002766071092, -0.5405532202171056, -0.5776980559057214, -0.6159194049112857, -0.655201888472128, -0.6955301278265773, -0.736888744212963, -0.7792623588696148, -0.8226355930348614, -0.8669930679470328, -0.9123194048444574, -0.9585992249654653, -1.0058171495483856, -1.0539577998315472, -1.1030057970532798, -1.1529457624519128, -1.2037623172657756, -1.255440082733197, -1.3079636800925063, -1.3613177305820334, -1.415486855440107, -1.4704556759050564, -1.526208813215212, -1.5827308886089018, -1.640006523324456, -1.698020338600203, -1.7567569556744727, -1.8162009957855945, -1.8763370801718975, -1.9371498300717114, -1.9986238667233645, -2.0607438113651875, -2.123494285235508, -2.186859909572657, -2.2508253056149625, -2.315375094600755, -2.380493897768362, -2.4461663363561152, -2.512377031602342, -2.579110604745373, -2.646351677023536, -2.714084869675163, -2.782294803938579, -2.850966101052118, -2.9200833822541057, -2.9896312687828734, -3.05959438187675, -3.1299573427740643, -3.2007047727131464, -3.271821292932325, -3.343291524669928, -3.4151000891642886, -3.487231607653733, -3.5596707013765916, -3.6324019915711916, -3.705410099475866, -3.7786796463289414, -3.852195253368747, -3.9259415418336157, -3.9999031329618733, -4.0740646479918485, -4.148410708161872, -4.2229259347102746, -4.297594948875385, -4.372402371895528, -4.447332825009039, -4.522370929454244, -4.597501306469475, -4.672708577293057, -4.747977363163322, -4.8232922853186, -4.89863796499722, -4.97399902343751],
         "dplt_grid": [0.0, 6.0606060606060606, 12.121212121212121, 18.18181818181818, 24.242424242424242, 30.303030303030305, 36.36363636363636, 42.42424242424242, 48.484848484848484, 54.54545454545455, 60.60606060606061, 66.66666666666667, 72.72727272727272, 78.78787878787878, 84.84848484848484, 90.9090909090909, 96.96969696969697, 103.03030303030303, 109.0909090909091, 115.15151515151516, 121.21212121212122, 127.27272727272727, 133.33333333333334, 139.3939393939394, 145.45454545454544, 151.5151515151515, 157.57575757575756, 163.63636363636363, 169.6969696969697, 175.75757575757575, 181.8181818181818, 187.87878787878788, 193.93939393939394, 200.0, 206.06060606060606, 212.12121212121212, 218.1818181818182, 224.24242424242425, 230.3030303030303, 236.36363636363637, 242.42424242424244, 248.48484848484847, 254.54545454545453, 260.6060606060606, 266.6666666666667, 272.72727272727275, 278.7878787878788, 284.8484848484849, 290.9090909090909, 296.96969696969694, 303.030303030303, 309.09090909090907, 315.1515151515151, 321.2121212121212, 327.27272727272725, 333.3333333333333, 339.3939393939394, 345.45454545454544, 351.5151515151515, 357.57575757575756, 363.6363636363636, 369.6969696969697, 375.75757575757575, 381.8181818181818, 387.8787878787879, 393.93939393939394, 400.0, 406.06060606060606, 412.1212121212121, 418.1818181818182, 424.24242424242425, 430.3030303030303, 436.3636363636364, 442.42424242424244, 448.4848484848485, 454.54545454545456, 460.6060606060606, 466.6666666666667, 472.72727272727275, 478.7878787878788, 484.8484848484849, 490.9090909090909, 496.96969696969694, 503.030303030303, 509.09090909090907, 515.1515151515151, 521.2121212121212, 527.2727272727273, 533.3333333333334, 539.3939393939394, 545.4545454545455, 551.5151515151515, 557.5757575757576, 563.6363636363636, 569.6969696969697, 575.7575757575758, 581.8181818181818, 587.8787878787879, 593.9393939393939, 600.0],
         "dplt_at_force_location": -4.97399902343751,
         "maximum_dplt": -4.97399902343751,
         "location_max_dplt": 600.0
    },
     "metadata": {
         "error_code": 0,
         "model": "BendingTestAnalytical",
         "load_case": "Cantilever",
         "description": "",
         "job_name": "",
         "persistent_result_files": "",
         "n_cpus": 1,
         "date": "2026-06-16 18:11:24.269199",
         "cpu_time": 0.22232675552368164,
         "user": "sebastien.bocquet",
         "machine": "PCBM20250036",
         "vims_git_version": "5cd5cf5ab4caf1fa2c2190f0396e06b5b5639fd0",
         "directory_archive_root": "C:\\Users\\sebastien.bocquet\\Dev\\vimseo\\docs\\runnable_examples\\model_runs\\archive\\calibration_scalars",
         "directory_archive_job": "C:\\Users\\sebastien.bocquet\\Dev\\vimseo\\docs\\runnable_examples\\model_runs\\archive\\calibration_scalars\\BendingTestAnalytical\\Cantilever\\706",
         "directory_scratch_root": "C:\\Users\\sebastien.bocquet\\Dev\\vimseo\\docs\\runnable_examples\\model_runs\\scratch\\calibration_scalars",
         "directory_scratch_job": ""
    }
}