{
     "inputs": {
         "young_modulus": 219960.9375,
         "Cantilever:length": 600.0,
         "Cantilever:width": 30.5928955078125,
         "Cantilever:height": 40.24951171875,
         "Cantilever:imposed_dplt": -4.9840087890625,
         "Cantilever:relative_dplt_location": 1.0,
         "Cantilever:nu_p": 0.3
    },
     "outputs": {
         "length": 600.0,
         "width": 30.5928955078125,
         "height": 40.24951171875,
         "imposed_dplt": -4.9840087890625,
         "relative_dplt_location": 1.0,
         "nu_p": 0.3,
         "reaction_forces": -2531.121838112465,
         "moment": [1518673.102867479, 0.0],
         "moment_grid": [0.0, 600.0],
         "dplt": [0.0, -0.0007602123683331114, -0.003030576333219837, -0.006795682184491263, -0.012040120211978481, -0.01874848070551257, -0.0269053539549246, -0.03649533025004569, -0.04750299988070689, -0.05991295313673931, -0.07370978030797401, -0.0888780716842421, -0.10540241755537463, -0.12326740821120272, -0.1424576339415575, -0.1629576850362699, -0.18475215178517118, -0.2078256244780924, -0.23216269340486448, -0.25774794885531893, -0.2845659811192864, -0.31260138048659797, -0.3418387372470851, -0.37226264169057854, -0.40385768410690925, -0.4366084547859088, -0.470499544017408, -0.505515542091238, -0.5416410392972297, -0.5788606259252144, -0.6171588922650232, -0.6565204286064871, -0.696929825239437, -0.7383716724537043, -0.78083056053912, -0.8242910797855151, -0.8687378204827206, -0.9141553729205678, -0.9605283273888877, -1.0078412741775113, -1.0560788035762698, -1.1052255058749942, -1.1552659713635158, -1.2061847903316656, -1.2579665530692745, -1.3105958498661736, -1.3640572710121939, -1.4183354067971667, -1.4734148475109228, -1.529280183443294, -1.5859160048841106, -1.6433069021232047, -1.7014374654504063, -1.7602922851555463, -1.819855951528457, -1.8801130548589686, -1.9410481854369128, -2.0026459335521203, -2.064890889494422, -2.127767643553649, -2.191260786019633, -2.2553549071822037, -2.3200345973311944, -2.3852844467564336, -2.451089045747755, -2.517432984594987, -2.5843008535879637, -2.651677243016514, -2.7195467431704703, -2.7878939443396606, -2.85670343681392, -2.925959810883078, -2.995647656836965, -3.0657515649654123, -3.1362561255582535, -3.207145928905315, -3.278405565296432, -3.3500196250214325, -3.4219726983701513, -3.4942493756324158, -3.56683424709806, -3.6397119030569116, -3.7128669337988045, -3.7862839296135693, -3.859947480791036, -3.9338421776210377, -4.007952610393404, -4.082263369397965, -4.156759044924556, -4.231424227263001, -4.3062435067031375, -4.381201473534794, -4.456282718047801, -4.5314718305319905, -4.606753401277194, -4.682112020573241, -4.757532278709964, -4.832998765977195, -4.908496072664762, -4.984008789062501],
         "dplt_grid": [0.0, 6.0606060606060606, 12.121212121212121, 18.18181818181818, 24.242424242424242, 30.303030303030305, 36.36363636363636, 42.42424242424242, 48.484848484848484, 54.54545454545455, 60.60606060606061, 66.66666666666667, 72.72727272727272, 78.78787878787878, 84.84848484848484, 90.9090909090909, 96.96969696969697, 103.03030303030303, 109.0909090909091, 115.15151515151516, 121.21212121212122, 127.27272727272727, 133.33333333333334, 139.3939393939394, 145.45454545454544, 151.5151515151515, 157.57575757575756, 163.63636363636363, 169.6969696969697, 175.75757575757575, 181.8181818181818, 187.87878787878788, 193.93939393939394, 200.0, 206.06060606060606, 212.12121212121212, 218.1818181818182, 224.24242424242425, 230.3030303030303, 236.36363636363637, 242.42424242424244, 248.48484848484847, 254.54545454545453, 260.6060606060606, 266.6666666666667, 272.72727272727275, 278.7878787878788, 284.8484848484849, 290.9090909090909, 296.96969696969694, 303.030303030303, 309.09090909090907, 315.1515151515151, 321.2121212121212, 327.27272727272725, 333.3333333333333, 339.3939393939394, 345.45454545454544, 351.5151515151515, 357.57575757575756, 363.6363636363636, 369.6969696969697, 375.75757575757575, 381.8181818181818, 387.8787878787879, 393.93939393939394, 400.0, 406.06060606060606, 412.1212121212121, 418.1818181818182, 424.24242424242425, 430.3030303030303, 436.3636363636364, 442.42424242424244, 448.4848484848485, 454.54545454545456, 460.6060606060606, 466.6666666666667, 472.72727272727275, 478.7878787878788, 484.8484848484849, 490.9090909090909, 496.96969696969694, 503.030303030303, 509.09090909090907, 515.1515151515151, 521.2121212121212, 527.2727272727273, 533.3333333333334, 539.3939393939394, 545.4545454545455, 551.5151515151515, 557.5757575757576, 563.6363636363636, 569.6969696969697, 575.7575757575758, 581.8181818181818, 587.8787878787879, 593.9393939393939, 600.0],
         "dplt_at_force_location": -4.984008789062501,
         "maximum_dplt": -4.984008789062501,
         "location_max_dplt": 600.0
    },
     "metadata": {
         "error_code": 0,
         "model": "BendingTestAnalytical",
         "load_case": "Cantilever",
         "description": "",
         "job_name": "",
         "persistent_result_files": "",
         "n_cpus": 1,
         "date": "2026-06-16 18:10:37.477135",
         "cpu_time": 0.17298293113708496,
         "user": "sebastien.bocquet",
         "machine": "PCBM20250036",
         "vims_git_version": "3de96ae2320a30b8a84551033e41da0fca6276ac",
         "directory_archive_root": "C:\\Users\\sebastien.bocquet\\Dev\\vimseo\\docs\\runnable_examples\\model_runs\\archive\\calibration_scalars",
         "directory_archive_job": "C:\\Users\\sebastien.bocquet\\Dev\\vimseo\\docs\\runnable_examples\\model_runs\\archive\\calibration_scalars\\BendingTestAnalytical\\Cantilever\\545",
         "directory_scratch_root": "C:\\Users\\sebastien.bocquet\\Dev\\vimseo\\docs\\runnable_examples\\model_runs\\scratch\\calibration_scalars",
         "directory_scratch_job": ""
    }
}