{
     "inputs": {
         "length": 595.6094363268897,
         "width": 30.154131361528954,
         "height": 40.21229655075,
         "imposed_dplt": -14.934970638411885,
         "relative_dplt_location": 0.875246634053568,
         "young_modulus": 220348.63149662525,
         "nu_p": 0.292411864498469
    },
     "outputs": {
         "reaction_forces": -11386.811592839944,
         "moment": [5936003.575024168, 0.0, 0.0],
         "moment_grid": [0.0, 521.3051543556531, 595.6094363268897],
         "dplt": [0.0, -0.002972284842474166, -0.011843226183167325, -0.026543954241985503, -0.047005599238834676, -0.07315929139362086, -0.10493616092625005, -0.1422673380566282, -0.18508395300466135, -0.2333171359902554, -0.2868980172333165, -0.3457577269537506, -0.40982739537146357, -0.4790381527063613, -0.5533211291783506, -0.6326074550073365, -0.7168282604132254, -0.8059146756159233, -0.8997978308353362, -0.9984210191949481, -1.10177602057296, -1.209794132555102, -1.3223971915243622, -1.4395073872867499, -1.5610472630712975, -1.6869397155300594, -1.8171079947381124, -1.9514757041935546, -2.089966800817508, -2.232505594954115, -2.379016750370541, -2.529425284256974, -2.683656567226625, -2.8416363233157234, -3.0032906299835256, -3.168545918112308, -3.337328972007368, -3.50956692939703, -3.6851872814326327, -3.864117872688544, -4.04628690116215, -4.231622918273862, -4.420054828867112, -4.6115118912083535, -4.8059237169870626, -5.003220271315739, -5.203331872729904, -5.4061891931881, -5.6117232580718905, -5.819865446185866, -6.030547489757636, -6.243701474437829, -6.4592598393001035, -6.677155376841134, -6.8973212329806195, -7.11969090706128, -7.344198251848861, -7.570777473532126, -7.799363131722862, -8.029890139455881, -8.26229376318901, -8.496509622803103, -8.732473691602047, -8.97012229631273, -9.209392117085077, -9.450220187492027, -9.69254389452955, -9.936300978616632, -10.181429533595283, -10.427868006730534, -10.675555198710438, -10.924430263646075, -11.174432709071537, -11.425502395943951, -11.67757953864346, -11.930604704973224, -12.184518816159434, -12.439263146851301, -12.69477932512105, -12.951009332463943, -13.207895503798254, -13.46538052746528, -13.723407445229341, -13.981919652277782, -14.24086089722097, -14.500175282092284, -14.759807262348147, -15.019701646867977, -15.279803597954235, -15.540058631332396, -15.800412616150956, -16.060804552631115, -16.321197073482207, -16.581589594333295, -16.841982115184386, -17.102374636035478, -17.362767156886566, -17.623159677737657, -17.88355219858875, -18.143944719439837],
         "dplt_grid": [0.0, 6.016256932594846, 12.032513865189692, 18.048770797784538, 24.065027730379384, 30.08128466297423, 36.097541595569076, 42.113798528163926, 48.13005546075877, 54.14631239335361, 60.16256932594846, 66.17882625854331, 72.19508319113815, 78.211340123733, 84.22759705632785, 90.2438539889227, 96.26011092151754, 102.27636785411238, 108.29262478670722, 114.30888171930208, 120.32513865189692, 126.34139558449176, 132.35765251708662, 138.37390944968146, 144.3901663822763, 150.40642331487115, 156.422680247466, 162.43893718006083, 168.4551941126557, 174.47145104525055, 180.4877079778454, 186.50396491044023, 192.52022184303507, 198.53647877562992, 204.55273570822476, 210.5689926408196, 216.58524957341444, 222.60150650600931, 228.61776343860416, 234.634020371199, 240.65027730379384, 246.66653423638869, 252.68279116898353, 258.6990481015784, 264.71530503417324, 270.7315619667681, 276.7478188993629, 282.76407583195777, 288.7803327645526, 294.79658969714745, 300.8128466297423, 306.82910356233714, 312.845360494932, 318.8616174275268, 324.87787436012167, 330.8941312927165, 336.9103882253114, 342.92664515790625, 348.9429020905011, 354.95915902309594, 360.9754159556908, 366.9916728882856, 373.00792982088046, 379.0241867534753, 385.04044368607015, 391.056700618665, 397.07295755125983, 403.0892144838547, 409.1054714164495, 415.12172834904436, 421.1379852816392, 427.15424221423405, 433.1704991468289, 439.1867560794238, 445.20301301201863, 451.2192699446135, 457.2355268772083, 463.25178380980316, 469.268040742398, 475.28429767499284, 481.3005546075877, 487.3168115401825, 493.33306847277737, 499.3493254053722, 505.36558233796706, 511.3818392705619, 517.3980962031568, 523.4143531357516, 529.4306100683465, 535.4468670009413, 541.4631239335362, 547.479380866131, 553.4956377987259, 559.5118947313207, 565.5281516639155, 571.5444085965104, 577.5606655291052, 583.5769224617001, 589.5931793942949, 595.6094363268897],
         "dplt_at_force_location": -14.928587034422852,
         "maximum_dplt": -18.143944719439837,
         "location_max_dplt": 595.6094363268897
    },
     "metadata": {
         "error_code": 0,
         "model": "BendingTestAnalytical",
         "load_case": "Cantilever",
         "description": "",
         "job_name": "",
         "persistent_result_files": "",
         "n_cpus": 1,
         "date": "2026-03-26 14:57:55.448756",
         "cpu_time": 0.0036411285400390625,
         "user": "sebastien.bocquet",
         "machine": "IPF7101",
         "vims_git_version": "d0050d8de498c8354552cdde540fb3e524454871",
         "directory_archive_root": "/home/sebastien.bocquet/PycharmProjects/vimseo/docs/runnable_examples/model_runs/archive/uq",
         "directory_archive_job": "/home/sebastien.bocquet/PycharmProjects/vimseo/docs/runnable_examples/model_runs/archive/uq/BendingTestAnalytical/Cantilever/41",
         "directory_scratch_root": "/home/sebastien.bocquet/PycharmProjects/vimseo/docs/runnable_examples/model_runs/scratch/uq",
         "directory_scratch_job": ""
    }
}