{
     "inputs": {
         "young_modulus": 220096.72309824295,
         "Cantilever:length": 600.0,
         "Cantilever:width": 29.599609375,
         "Cantilever:height": 40.2264404296875,
         "Cantilever:imposed_dplt": -5.0703125,
         "Cantilever:relative_dplt_location": 1.0,
         "Cantilever:nu_p": 0.3
    },
     "outputs": {
         "length": 600.0,
         "width": 29.599609375,
         "height": 40.2264404296875,
         "imposed_dplt": -5.0703125,
         "relative_dplt_location": 1.0,
         "nu_p": 0.3,
         "reaction_forces": -2488.6014731183154,
         "moment": [1493160.8838709893, 0.0],
         "moment_grid": [0.0, 600.0],
         "dplt": [0.0, -0.0007733762994705764, -0.003083054166808374, -0.006913357055402515, -0.012248608418642108, -0.019073131709916258, -0.02737125038261406, -0.03712728789012465, -0.04832556768583711, -0.060950413223140563, -0.0749861479554241, -0.09041709533607686, -0.1072275788184879, -0.1254019218560464, -0.14492444790214146, -0.16577948041016213, -0.18795134283349757, -0.2114243586255369, -0.23618285123966923, -0.2622111441292838, -0.2894935607477695, -0.31801442454851536, -0.34775805898491086, -0.3787087875103448, -0.41085093357820623, -0.44416882064188457, -0.47864677215476875, -0.5142691115702479, -0.5510201623417113, -0.5888842479225476, -0.6278456917661464, -0.6678888173258966, -0.7089979480551872, -0.7511574074074077, -0.7943515188359467, -0.8385646057941936, -0.8837809917355375, -0.9299850001133674, -0.9771609543810726, -1.025293177992042, -1.0743659943996648, -1.1243637270573301, -1.175270699418427, -1.2270712349363446, -1.2797496570644724, -1.3332902892561986, -1.3876774549649133, -1.4428954776440046, -1.4989286807468627, -1.5557613877268759, -1.6133779220374338, -1.6717626071319251, -1.7308997664637396, -1.7907737234862655, -1.8513688016528926, -1.9126693244170097, -1.9746596152320057, -2.0373239975512707, -2.1006467948281924, -2.1646123305161606, -2.229204928068565, -2.294408910938793, -2.360208602580236, -2.426588326446281, -2.493532405990319, -2.5610251646657374, -2.6290509259259265, -2.6975940132242746, -2.7666387500141716, -2.836169459749005, -2.906170465882167, -2.9766260918670433, -3.0475206611570256, -3.1188384972055005, -3.19056392346586, -3.2626812633914906, -3.3351748404357835, -3.4080289780521253, -3.481227999693909, -3.55475622881452, -3.62859798886735, -3.7027376033057853, -3.777159395583217, -3.8518476891530335, -3.9267868074686243, -4.001961073983381, -4.077354812150688, -4.1529523454239365, -4.228737997256516, -4.304696091101815, -4.380810950413224, -4.457066898644129, -4.5334482592479235, -4.609939355677993, -4.686524511387728, -4.763188049830516, -4.839914294459748, -4.916687568728815, -4.9934921960911005, -5.070312499999999],
         "dplt_grid": [0.0, 6.0606060606060606, 12.121212121212121, 18.18181818181818, 24.242424242424242, 30.303030303030305, 36.36363636363636, 42.42424242424242, 48.484848484848484, 54.54545454545455, 60.60606060606061, 66.66666666666667, 72.72727272727272, 78.78787878787878, 84.84848484848484, 90.9090909090909, 96.96969696969697, 103.03030303030303, 109.0909090909091, 115.15151515151516, 121.21212121212122, 127.27272727272727, 133.33333333333334, 139.3939393939394, 145.45454545454544, 151.5151515151515, 157.57575757575756, 163.63636363636363, 169.6969696969697, 175.75757575757575, 181.8181818181818, 187.87878787878788, 193.93939393939394, 200.0, 206.06060606060606, 212.12121212121212, 218.1818181818182, 224.24242424242425, 230.3030303030303, 236.36363636363637, 242.42424242424244, 248.48484848484847, 254.54545454545453, 260.6060606060606, 266.6666666666667, 272.72727272727275, 278.7878787878788, 284.8484848484849, 290.9090909090909, 296.96969696969694, 303.030303030303, 309.09090909090907, 315.1515151515151, 321.2121212121212, 327.27272727272725, 333.3333333333333, 339.3939393939394, 345.45454545454544, 351.5151515151515, 357.57575757575756, 363.6363636363636, 369.6969696969697, 375.75757575757575, 381.8181818181818, 387.8787878787879, 393.93939393939394, 400.0, 406.06060606060606, 412.1212121212121, 418.1818181818182, 424.24242424242425, 430.3030303030303, 436.3636363636364, 442.42424242424244, 448.4848484848485, 454.54545454545456, 460.6060606060606, 466.6666666666667, 472.72727272727275, 478.7878787878788, 484.8484848484849, 490.9090909090909, 496.96969696969694, 503.030303030303, 509.09090909090907, 515.1515151515151, 521.2121212121212, 527.2727272727273, 533.3333333333334, 539.3939393939394, 545.4545454545455, 551.5151515151515, 557.5757575757576, 563.6363636363636, 569.6969696969697, 575.7575757575758, 581.8181818181818, 587.8787878787879, 593.9393939393939, 600.0],
         "dplt_at_force_location": -5.070312499999999,
         "maximum_dplt": -5.070312499999999,
         "location_max_dplt": 600.0
    },
     "metadata": {
         "error_code": 0,
         "model": "BendingTestAnalytical",
         "load_case": "Cantilever",
         "description": "",
         "job_name": "",
         "persistent_result_files": "",
         "n_cpus": 1,
         "date": "2026-03-17 09:07:00.559064",
         "cpu_time": 0.08771204948425293,
         "user": "sebastien.bocquet",
         "machine": "B20191729",
         "vims_git_version": "1b6e7132b9faba0cc93317d127a381ee76a8cb8e",
         "directory_archive_root": "C:\\Users\\sebastien.bocquet\\PycharmProjects\\vimseo\\docs\\runnable_examples\\model_runs\\archive\\calibration_scalars",
         "directory_archive_job": "C:\\Users\\sebastien.bocquet\\PycharmProjects\\vimseo\\docs\\runnable_examples\\model_runs\\archive\\calibration_scalars\\BendingTestAnalytical\\Cantilever\\316",
         "directory_scratch_root": "C:\\Users\\sebastien.bocquet\\PycharmProjects\\vimseo\\docs\\runnable_examples\\model_runs\\scratch\\calibration_scalars",
         "directory_scratch_job": ""
    }
}