{
     "inputs": {
         "young_modulus": 219997.55859375,
         "Cantilever:length": 600.0,
         "Cantilever:width": 30.1756591796875,
         "Cantilever:height": 39.9495849609375,
         "Cantilever:imposed_dplt": -5.0394287109375,
         "Cantilever:relative_dplt_location": 1.0,
         "Cantilever:nu_p": 0.3
    },
     "outputs": {
         "length": 600.0,
         "width": 30.1756591796875,
         "height": 39.9495849609375,
         "imposed_dplt": -5.0394287109375,
         "relative_dplt_location": 1.0,
         "nu_p": 0.3,
         "reaction_forces": -2468.760760725883,
         "moment": [1481256.4564355297, 0.0],
         "moment_grid": [0.0, 600.0],
         "dplt": [0.0, -0.0007686655857820629, -0.00306427497034741, -0.006871247094524793, -0.012174000899142954, -0.018956955325030632, -0.02720452931301655, -0.036901141803929484, -0.04803121173859815, -0.060579158057851294, -0.07452939970251767, -0.089866355613426, -0.10657444473140504, -0.12463808599728352, -0.1440416983518902, -0.1647697007360538, -0.18680651209060312, -0.21013655135636689, -0.23474423747417378, -0.26061398938485225, -0.2877302260292317, -0.31607736634814043, -0.3456398292824075, -0.3764020337728613, -0.40834839876033063, -0.44146334318564445, -0.4757312859896313, -0.5111366461131202, -0.5476638424969394, -0.5852972940819181, -0.6240214198088848, -0.6638206386186685, -0.7046793694520974, -0.7465820312500009, -0.7895130429532073, -0.8334568235025452, -0.8783977918388441, -0.9243203669029321, -0.9712089676356379, -1.0190480129777906, -1.0678219218702187, -1.117515113253751, -1.168112006069216, -1.2195970192574432, -1.271954571759261, -1.3251690825154974, -1.3792249704669823, -1.4341066545545431, -1.4897985537190097, -1.5462850869012104, -1.6035506730419737, -1.6615797310821294, -1.720356679962505, -1.7798659386239297, -1.8400919260072324, -1.9010190610532416, -1.962631762702786, -2.024914449896695, -2.0878515415757963, -2.1514274566809193, -2.215626614152893, -2.280433432932545, -2.345832331960706, -2.411807730178202, -2.4783440465258644, -2.5454256999445204, -2.613037109374999, -2.6811626937581288, -2.749786872034741, -2.8188940631456596, -2.8884686860317172, -2.958495159633741, -3.02895790289256, -3.0998413347490024, -3.1711298741438987, -3.2428079400180754, -3.3148599513123633, -3.3872703269675886, -3.4600234859245833, -3.5331038471241722, -3.606495829507189, -3.6801838520144576, -3.7541523335868088, -3.828385693165073, -3.9028683496900753, -3.977584722102649, -4.052519229343619, -4.127656290353816, -4.202980324074067, -4.278475749445201, -4.35412698540805, -4.429918450903438, -4.505834564872198, -4.581859746255156, -4.657978413993142, -4.734174987026984, -4.8104338842975105, -4.886739524745551, -4.963076327311933, -5.0394287109374885],
         "dplt_grid": [0.0, 6.0606060606060606, 12.121212121212121, 18.18181818181818, 24.242424242424242, 30.303030303030305, 36.36363636363636, 42.42424242424242, 48.484848484848484, 54.54545454545455, 60.60606060606061, 66.66666666666667, 72.72727272727272, 78.78787878787878, 84.84848484848484, 90.9090909090909, 96.96969696969697, 103.03030303030303, 109.0909090909091, 115.15151515151516, 121.21212121212122, 127.27272727272727, 133.33333333333334, 139.3939393939394, 145.45454545454544, 151.5151515151515, 157.57575757575756, 163.63636363636363, 169.6969696969697, 175.75757575757575, 181.8181818181818, 187.87878787878788, 193.93939393939394, 200.0, 206.06060606060606, 212.12121212121212, 218.1818181818182, 224.24242424242425, 230.3030303030303, 236.36363636363637, 242.42424242424244, 248.48484848484847, 254.54545454545453, 260.6060606060606, 266.6666666666667, 272.72727272727275, 278.7878787878788, 284.8484848484849, 290.9090909090909, 296.96969696969694, 303.030303030303, 309.09090909090907, 315.1515151515151, 321.2121212121212, 327.27272727272725, 333.3333333333333, 339.3939393939394, 345.45454545454544, 351.5151515151515, 357.57575757575756, 363.6363636363636, 369.6969696969697, 375.75757575757575, 381.8181818181818, 387.8787878787879, 393.93939393939394, 400.0, 406.06060606060606, 412.1212121212121, 418.1818181818182, 424.24242424242425, 430.3030303030303, 436.3636363636364, 442.42424242424244, 448.4848484848485, 454.54545454545456, 460.6060606060606, 466.6666666666667, 472.72727272727275, 478.7878787878788, 484.8484848484849, 490.9090909090909, 496.96969696969694, 503.030303030303, 509.09090909090907, 515.1515151515151, 521.2121212121212, 527.2727272727273, 533.3333333333334, 539.3939393939394, 545.4545454545455, 551.5151515151515, 557.5757575757576, 563.6363636363636, 569.6969696969697, 575.7575757575758, 581.8181818181818, 587.8787878787879, 593.9393939393939, 600.0],
         "dplt_at_force_location": -5.0394287109374885,
         "maximum_dplt": -5.0394287109374885,
         "location_max_dplt": 600.0
    },
     "metadata": {
         "error_code": 0,
         "model": "BendingTestAnalytical",
         "load_case": "Cantilever",
         "description": "",
         "job_name": "",
         "persistent_result_files": "",
         "n_cpus": 1,
         "date": "2026-06-16 18:10:42.993383",
         "cpu_time": 0.21932291984558105,
         "user": "sebastien.bocquet",
         "machine": "PCBM20250036",
         "vims_git_version": "3de96ae2320a30b8a84551033e41da0fca6276ac",
         "directory_archive_root": "C:\\Users\\sebastien.bocquet\\Dev\\vimseo\\docs\\runnable_examples\\model_runs\\archive\\calibration_scalars",
         "directory_archive_job": "C:\\Users\\sebastien.bocquet\\Dev\\vimseo\\docs\\runnable_examples\\model_runs\\archive\\calibration_scalars\\BendingTestAnalytical\\Cantilever\\566",
         "directory_scratch_root": "C:\\Users\\sebastien.bocquet\\Dev\\vimseo\\docs\\runnable_examples\\model_runs\\scratch\\calibration_scalars",
         "directory_scratch_job": ""
    }
}