{
     "inputs": {
         "young_modulus": 205000.0,
         "Cantilever:length": 600.0,
         "Cantilever:width": 30.1756591796875,
         "Cantilever:height": 39.9495849609375,
         "Cantilever:imposed_dplt": -5.0394287109375,
         "Cantilever:relative_dplt_location": 1.0,
         "Cantilever:nu_p": 0.3
    },
     "outputs": {
         "length": 600.0,
         "width": 30.1756591796875,
         "height": 39.9495849609375,
         "imposed_dplt": -5.0394287109375,
         "relative_dplt_location": 1.0,
         "nu_p": 0.3,
         "reaction_forces": -2300.461692319816,
         "moment": [1380277.0153918895, 0.0],
         "moment_grid": [0.0, 600.0],
         "dplt": [0.0, -0.0007686655857820635, -0.0030642749703474097, -0.006871247094524791, -0.012174000899142948, -0.01895695532503063, -0.02720452931301655, -0.036901141803929484, -0.04803121173859816, -0.06057915805785131, -0.07452939970251769, -0.08986635561342603, -0.10657444473140505, -0.12463808599728358, -0.14404169835189032, -0.16476970073605393, -0.18680651209060328, -0.2101365513563671, -0.23474423747417406, -0.26061398938485214, -0.28773022602923154, -0.31607736634814027, -0.3456398292824073, -0.3764020337728611, -0.40834839876033036, -0.44146334318564406, -0.475731285989631, -0.5111366461131197, -0.5476638424969389, -0.5852972940819176, -0.6240214198088841, -0.6638206386186677, -0.7046793694520966, -0.74658203125, -0.7895130429532062, -0.8334568235025445, -0.878397791838843, -0.9243203669029312, -0.9712089676356369, -1.0190480129777895, -1.0678219218702174, -1.1175151132537497, -1.168112006069215, -1.2195970192574421, -1.2719545717592595, -1.325169082515496, -1.3792249704669806, -1.4341066545545418, -1.489798553719008, -1.5462850869012088, -1.6035506730419722, -1.661579731082128, -1.7203566799625034, -1.7798659386239282, -1.8400919260072313, -1.9010190610532403, -1.962631762702785, -2.024914449896694, -2.0878515415757954, -2.151427456680918, -2.2156266141528915, -2.280433432932545, -2.3458323319607053, -2.4118077301782015, -2.478344046525864, -2.5454256999445195, -2.6130371093749987, -2.6811626937581288, -2.7497868720347407, -2.8188940631456596, -2.8884686860317172, -2.958495159633741, -3.02895790289256, -3.0998413347490033, -3.1711298741439, -3.2428079400180763, -3.3148599513123647, -3.3872703269675895, -3.460023485924584, -3.5331038471241736, -3.606495829507191, -3.680183852014459, -3.7541523335868114, -3.828385693165075, -3.9028683496900776, -3.9775847221026512, -4.0525192293436225, -4.127656290353819, -4.20298032407407, -4.278475749445205, -4.354126985408054, -4.429918450903442, -4.5058345648722025, -4.58185974625516, -4.6579784139931455, -4.734174987026988, -4.810433884297514, -4.886739524745555, -4.963076327311938, -5.039428710937494],
         "dplt_grid": [0.0, 6.0606060606060606, 12.121212121212121, 18.18181818181818, 24.242424242424242, 30.303030303030305, 36.36363636363636, 42.42424242424242, 48.484848484848484, 54.54545454545455, 60.60606060606061, 66.66666666666667, 72.72727272727272, 78.78787878787878, 84.84848484848484, 90.9090909090909, 96.96969696969697, 103.03030303030303, 109.0909090909091, 115.15151515151516, 121.21212121212122, 127.27272727272727, 133.33333333333334, 139.3939393939394, 145.45454545454544, 151.5151515151515, 157.57575757575756, 163.63636363636363, 169.6969696969697, 175.75757575757575, 181.8181818181818, 187.87878787878788, 193.93939393939394, 200.0, 206.06060606060606, 212.12121212121212, 218.1818181818182, 224.24242424242425, 230.3030303030303, 236.36363636363637, 242.42424242424244, 248.48484848484847, 254.54545454545453, 260.6060606060606, 266.6666666666667, 272.72727272727275, 278.7878787878788, 284.8484848484849, 290.9090909090909, 296.96969696969694, 303.030303030303, 309.09090909090907, 315.1515151515151, 321.2121212121212, 327.27272727272725, 333.3333333333333, 339.3939393939394, 345.45454545454544, 351.5151515151515, 357.57575757575756, 363.6363636363636, 369.6969696969697, 375.75757575757575, 381.8181818181818, 387.8787878787879, 393.93939393939394, 400.0, 406.06060606060606, 412.1212121212121, 418.1818181818182, 424.24242424242425, 430.3030303030303, 436.3636363636364, 442.42424242424244, 448.4848484848485, 454.54545454545456, 460.6060606060606, 466.6666666666667, 472.72727272727275, 478.7878787878788, 484.8484848484849, 490.9090909090909, 496.96969696969694, 503.030303030303, 509.09090909090907, 515.1515151515151, 521.2121212121212, 527.2727272727273, 533.3333333333334, 539.3939393939394, 545.4545454545455, 551.5151515151515, 557.5757575757576, 563.6363636363636, 569.6969696969697, 575.7575757575758, 581.8181818181818, 587.8787878787879, 593.9393939393939, 600.0],
         "dplt_at_force_location": -5.039428710937494,
         "maximum_dplt": -5.039428710937494,
         "location_max_dplt": 600.0
    },
     "metadata": {
         "error_code": 0,
         "model": "BendingTestAnalytical",
         "load_case": "Cantilever",
         "description": "",
         "job_name": "",
         "persistent_result_files": "",
         "n_cpus": 1,
         "date": "2026-06-16 18:10:59.788831",
         "cpu_time": 0.26348090171813965,
         "user": "sebastien.bocquet",
         "machine": "PCBM20250036",
         "vims_git_version": "5cd5cf5ab4caf1fa2c2190f0396e06b5b5639fd0",
         "directory_archive_root": "C:\\Users\\sebastien.bocquet\\Dev\\vimseo\\docs\\runnable_examples\\model_runs\\archive\\calibration_scalars",
         "directory_archive_job": "C:\\Users\\sebastien.bocquet\\Dev\\vimseo\\docs\\runnable_examples\\model_runs\\archive\\calibration_scalars\\BendingTestAnalytical\\Cantilever\\626",
         "directory_scratch_root": "C:\\Users\\sebastien.bocquet\\Dev\\vimseo\\docs\\runnable_examples\\model_runs\\scratch\\calibration_scalars",
         "directory_scratch_job": ""
    }
}