{
     "inputs": {
         "length": 603.5298875941273,
         "width": 30.81684092249876,
         "height": 39.05984244812238,
         "imposed_dplt": -14.829737243053579,
         "relative_dplt_location": 0.910160077535027,
         "young_modulus": 214399.3197397626,
         "nu_p": 0.3062327767639676
    },
     "outputs": {
         "reaction_forces": -8806.974813862284,
         "moment": [4837748.848426611, 0.0, 0.0],
         "moment_grid": [0.0, 549.3088092873771, 603.5298875941273],
         "dplt": [0.0, -0.002729663887616384, -0.010878113610910796, -0.024384536260551155, -0.043188118927205345, -0.0672280487015413, -0.09644351267422692, -0.13077369793593005, -0.17015779157731867, -0.2145349806890607, -0.26384445236182397, -0.31802539368627647, -0.3770169917530861, -0.44075843365292056, -0.509188906476448, -0.5822475973143363, -0.659873693257253, -0.7420063813958667, -0.8285848488208445, -0.919548282622856, -1.014835869892567, -1.1143867977206465, -1.2181402531977616, -1.326035423414581, -1.4380114954617724, -1.5540076564300036, -1.6739630934099425, -1.7978169934922572, -1.9255085437676154, -2.0569769313266852, -2.1921613432601346, -2.331000966658631, -2.4734349886128424, -2.619402596213437, -2.7688429765510825, -2.9216953167164474, -3.077898803800199, -3.2373926248930056, -3.400115967085534, -3.5660080174684534, -3.735007963132431, -3.9070549911681356, -4.082088288666234, -4.260047042717394, -4.440870440412285, -4.624497668841574, -4.810867915095928, -4.999920366266017, -5.191594209442506, -5.385828631716065, -5.582562820177364, -5.781735961917065, -5.983287244025839, -6.187155853594357, -6.393280977713283, -6.6016018034732875, -6.812057517965035, -7.024587308279193, -7.239130361506438, -7.455625864737426, -7.674013005062833, -7.894230969573322, -8.116218945359568, -8.339916119512232, -8.565261679121983, -8.79219481127949, -9.020654703075424, -9.25058054160045, -9.48191151394523, -9.714586807200444, -9.948545608456751, -10.18372710480482, -10.420070483335321, -10.657514931138923, -10.895999635306291, -11.135463782928095, -11.375846561095003, -11.617087156897679, -11.859124757426796, -12.101898549773018, -12.34534772102702, -12.589411442802856, -12.834022956277064, -13.079112184621827, -13.324615275421925, -13.570472842877907, -13.816629967806115, -14.06303619763867, -14.30964554642348, -14.556416494824232, -14.803311990120399, -15.050299446207239, -15.29735074359579, -15.544442229412867, -15.791554717401086, -16.038673487918828, -16.28578828794027, -16.532893331055366, -16.77998729746985, -17.02707333400525],
         "dplt_grid": [0.0, 6.096261490849771, 12.192522981699542, 18.288784472549313, 24.385045963399083, 30.481307454248853, 36.577568945098626, 42.673830435948396, 48.770091926798166, 54.866353417647936, 60.962614908497706, 67.05887639934748, 73.15513789019725, 79.25139938104702, 85.34766087189679, 91.44392236274656, 97.54018385359633, 103.6364453444461, 109.73270683529587, 115.82896832614564, 121.92522981699541, 128.0214913078452, 134.11775279869497, 140.21401428954474, 146.3102757803945, 152.40653727124428, 158.50279876209405, 164.59906025294381, 170.69532174379358, 176.79158323464335, 182.88784472549312, 188.9841062163429, 195.08036770719266, 201.17662919804243, 207.2728906888922, 213.36915217974197, 219.46541367059174, 225.5616751614415, 231.65793665229128, 237.75419814314105, 243.85045963399082, 249.9467211248406, 256.0429826156904, 262.13924410654016, 268.23550559738993, 274.3317670882397, 280.42802857908947, 286.52429006993924, 292.620551560789, 298.7168130516388, 304.81307454248855, 310.9093360333383, 317.0055975241881, 323.10185901503786, 329.19812050588763, 335.2943819967374, 341.39064348758717, 347.48690497843694, 353.5831664692867, 359.6794279601365, 365.77568945098625, 371.871950941836, 377.9682124326858, 384.06447392353556, 390.16073541438533, 396.2569969052351, 402.35325839608487, 408.44951988693464, 414.5457813777844, 420.6420428686342, 426.73830435948395, 432.8345658503337, 438.9308273411835, 445.02708883203326, 451.123350322883, 457.2196118137328, 463.31587330458257, 469.41213479543234, 475.5083962862821, 481.6046577771319, 487.70091926798165, 493.7971807588314, 499.8934422496812, 505.98970374053096, 512.0859652313808, 518.1822267222306, 524.2784882130803, 530.3747497039301, 536.4710111947799, 542.5672726856296, 548.6635341764794, 554.7597956673292, 560.8560571581789, 566.9523186490287, 573.0485801398785, 579.1448416307283, 585.241103121578, 591.3373646124278, 597.4336261032776, 603.5298875941273],
         "dplt_at_force_location": -14.829455038340361,
         "maximum_dplt": -17.02707333400525,
         "location_max_dplt": 603.5298875941273
    },
     "metadata": {
         "error_code": 0,
         "model": "BendingTestAnalytical",
         "load_case": "Cantilever",
         "description": "",
         "job_name": "",
         "persistent_result_files": "",
         "n_cpus": 1,
         "date": "2026-03-17 09:07:46.736080",
         "cpu_time": 0.026429414749145508,
         "user": "sebastien.bocquet",
         "machine": "B20191729",
         "vims_git_version": "1b6e7132b9faba0cc93317d127a381ee76a8cb8e",
         "directory_archive_root": "C:\\Users\\sebastien.bocquet\\PycharmProjects\\vimseo\\docs\\runnable_examples\\model_runs\\archive\\uq",
         "directory_archive_job": "C:\\Users\\sebastien.bocquet\\PycharmProjects\\vimseo\\docs\\runnable_examples\\model_runs\\archive\\uq\\BendingTestAnalytical\\Cantilever\\75",
         "directory_scratch_root": "C:\\Users\\sebastien.bocquet\\PycharmProjects\\vimseo\\docs\\runnable_examples\\model_runs\\scratch\\uq",
         "directory_scratch_job": ""
    }
}