{
     "inputs": {
         "young_modulus": 224777.83203125,
         "ThreePoints:length": 600.0,
         "ThreePoints:width": 29.87646484375,
         "ThreePoints:height": 40.021484375,
         "ThreePoints:imposed_dplt": -4.9354248046875,
         "ThreePoints:relative_support_location": 0.5,
         "ThreePoints:nu_p": 0.3
    },
     "outputs": {
         "length": 600.0,
         "width": 29.87646484375,
         "height": 40.021484375,
         "imposed_dplt": -4.9354248046875,
         "relative_support_location": 0.5,
         "nu_p": 0.3,
         "reaction_forces": -39345.316461263385,
         "moment": [0.0, -5901797.469189508, 0.0],
         "moment_grid": [0.0, 300.0, 600.0],
         "dplt": [6.484968433072794e-18, -0.1495430679180465, -0.29896405986228236, -0.44814089985889694, -0.5969515119340797, -0.7452738201140199, -0.8929857484249066, -1.0399652208929295, -1.1860901615442778, -1.3312384944051407, -1.475288143501708, -1.6181170328601688, -1.759603086506712, -1.8996242284675278, -2.038058382768805, -2.174783473436733, -2.3096774244975014, -2.4426181599772994, -2.573483603902316, -2.702151680298741, -2.8285003131927637, -2.9524074266105735, -3.07375094457836, -3.192408791122312, -3.3082588902686183, -3.4211791660434696, -3.531047542473055, -3.6377419435835634, -3.7411402934011844, -3.841120515952107, -3.9375605352625205, -4.0303382753586146, -4.119331660266578, -4.204418614012601, -4.285477060622873, -4.362384924123583, -4.435020128540919, -4.503260597901072, -4.5669842562302305, -4.626069027554585, -4.6803928359003235, -4.729833605293637, -4.774269259760714, -4.813577723327744, -4.847636920020915, -4.876324773866418, -4.8995192088904425, -4.917098149119176, -4.928939518578808, -4.9349212412955294, -4.9349212412955294, -4.928939518578808, -4.917098149119176, -4.8995192088904425, -4.876324773866418, -4.847636920020915, -4.813577723327744, -4.7742692597607155, -4.729833605293639, -4.680392835900326, -4.626069027554587, -4.566984256230233, -4.5032605979010745, -4.435020128540922, -4.362384924123585, -4.285477060622876, -4.204418614012604, -4.119331660266581, -4.030338275358617, -3.937560535262523, -3.8411205159521096, -3.741140293401187, -3.637741943583566, -3.5310475424730576, -3.4211791660434723, -3.3082588902686205, -3.1924087911223133, -3.0737509445783613, -2.952407426610575, -2.828500313192765, -2.7021516802987424, -2.5734836039023183, -2.4426181599773016, -2.3096774244975036, -2.1747834734367353, -2.0380583827688072, -1.8996242284675284, -1.7596030865067138, -1.6181170328601688, -1.4752881435017093, -1.3312384944051407, -1.186090161544279, -1.039965220892929, -0.8929857484249075, -0.7452738201140192, -0.5969515119340804, -0.44814089985889893, -0.29896405986228275, -0.1495430679180481, 7.115076756936123e-18],
         "dplt_grid": [0.0, 6.0606060606060606, 12.121212121212121, 18.18181818181818, 24.242424242424242, 30.303030303030305, 36.36363636363636, 42.42424242424242, 48.484848484848484, 54.54545454545455, 60.60606060606061, 66.66666666666667, 72.72727272727272, 78.78787878787878, 84.84848484848484, 90.9090909090909, 96.96969696969697, 103.03030303030303, 109.0909090909091, 115.15151515151516, 121.21212121212122, 127.27272727272727, 133.33333333333334, 139.3939393939394, 145.45454545454544, 151.5151515151515, 157.57575757575756, 163.63636363636363, 169.6969696969697, 175.75757575757575, 181.8181818181818, 187.87878787878788, 193.93939393939394, 200.0, 206.06060606060606, 212.12121212121212, 218.1818181818182, 224.24242424242425, 230.3030303030303, 236.36363636363637, 242.42424242424244, 248.48484848484847, 254.54545454545453, 260.6060606060606, 266.6666666666667, 272.72727272727275, 278.7878787878788, 284.8484848484849, 290.9090909090909, 296.96969696969694, 303.030303030303, 309.09090909090907, 315.1515151515151, 321.2121212121212, 327.27272727272725, 333.3333333333333, 339.3939393939394, 345.45454545454544, 351.5151515151515, 357.57575757575756, 363.6363636363636, 369.6969696969697, 375.75757575757575, 381.8181818181818, 387.8787878787879, 393.93939393939394, 400.0, 406.06060606060606, 412.1212121212121, 418.1818181818182, 424.24242424242425, 430.3030303030303, 436.3636363636364, 442.42424242424244, 448.4848484848485, 454.54545454545456, 460.6060606060606, 466.6666666666667, 472.72727272727275, 478.7878787878788, 484.8484848484849, 490.9090909090909, 496.96969696969694, 503.030303030303, 509.09090909090907, 515.1515151515151, 521.2121212121212, 527.2727272727273, 533.3333333333334, 539.3939393939394, 545.4545454545455, 551.5151515151515, 557.5757575757576, 563.6363636363636, 569.6969696969697, 575.7575757575758, 581.8181818181818, 587.8787878787879, 593.9393939393939, 600.0],
         "dplt_at_force_location": -4.9349212412955294,
         "maximum_dplt": -4.9349212412955294,
         "location_max_dplt": 296.96969696969694
    },
     "metadata": {
         "error_code": 0,
         "model": "BendingTestAnalytical",
         "load_case": "ThreePoints",
         "description": "",
         "job_name": "",
         "persistent_result_files": "",
         "n_cpus": 1,
         "date": "2026-03-26 14:57:33.088379",
         "cpu_time": 0.0047686100006103516,
         "user": "sebastien.bocquet",
         "machine": "IPF7101",
         "vims_git_version": "d0050d8de498c8354552cdde540fb3e524454871",
         "directory_archive_root": "/home/sebastien.bocquet/PycharmProjects/vimseo/docs/runnable_examples/model_runs/archive/calibration_coupled",
         "directory_archive_job": "/home/sebastien.bocquet/PycharmProjects/vimseo/docs/runnable_examples/model_runs/archive/calibration_coupled/BendingTestAnalytical/ThreePoints/120",
         "directory_scratch_root": "/home/sebastien.bocquet/PycharmProjects/vimseo/docs/runnable_examples/model_runs/scratch/calibration_coupled",
         "directory_scratch_job": ""
    }
}