{
     "inputs": {
         "young_modulus": 228410.80442290206,
         "Cantilever:length": 600.0,
         "Cantilever:width": 30.0101318359375,
         "Cantilever:height": 39.2188720703125,
         "Cantilever:imposed_dplt": -5.0433349609375,
         "Cantilever:relative_dplt_location": 1.0,
         "Cantilever:nu_p": 0.3
    },
     "outputs": {
         "length": 600.0,
         "width": 30.0101318359375,
         "height": 39.2188720703125,
         "imposed_dplt": -5.0433349609375,
         "relative_dplt_location": 1.0,
         "nu_p": 0.3,
         "reaction_forces": -2413.6478963389636,
         "moment": [1448188.7378033781, 0.0],
         "moment_grid": [0.0, 600.0],
         "dplt": [0.0, -0.0007692614072762628, -0.003066650204682395, -0.006876573255584425, -0.012183437423348376, -0.018971649571340267, -0.0272256165629261, -0.036929745261471934, -0.048068442530343765, -0.0606261152329076, -0.07458717023252949, -0.08993601439257545, -0.10665705457641146, -0.12473469764740365, -0.14415335046891795, -0.16489741990432036, -0.186951312816977, -0.21029943607025386, -0.2349261965275169, -0.26081600105213204, -0.28795325650746556, -0.3163223697568834, -0.3459077476637516, -0.3766937970914361, -0.40866492490330275, -0.44180553796271804, -0.47610004313304766, -0.5115328472776577, -0.5480883572599141, -0.585750979943183, -0.6245051221908305, -0.6643351908662224, -0.7052255928327248, -0.7471607349537038, -0.7901250240925254, -0.8341028671125555, -0.8790786708771604, -0.9250368422497058, -0.9719617880935578, -1.0198379152720825, -1.068649630648646, -1.1183813410866141, -1.169017453449353, -1.2205423746002286, -1.272940511402607, -1.3261962707198542, -1.3802940594153363, -1.435218284352419, -1.4909533523944685, -1.5474836704048511, -1.6047936452469325, -1.6628676837840792, -1.7216901928796566, -1.781245579397031, -1.8415182501995684, -1.9024926121506347, -1.9641530721135962, -2.026484036951819, -2.089469913528668, -2.153095108707511, -2.2173440293517133, -2.28220108232464, -2.347650674489658, -2.4136772127101334, -2.480265103849432, -2.54739875477092, -2.6150625723379632, -2.683240963413927, -2.751918334862179, -2.821079093546084, -2.8907076463290085, -2.960788400074318, -3.0313057616453793, -3.1022441379055574, -3.17358793571822, -3.2453215619467306, -3.3174294234544583, -3.3898959271047655, -3.4627054797610226, -3.5358424882865913, -3.609291359544841, -3.6830365003991345, -3.757062317712841, -3.831353218349325, -3.905893609171952, -3.98066789704409, -4.055660488829104, -4.130855791390357, -4.20623821159122, -4.281792156295055, -4.357502032365231, -4.433352246665113, -4.5093272060580665, -4.585411317407457, -4.661588987576653, -4.737844623429018, -4.814162631827919, -4.890527419636722, -4.966923393718794, -5.043334960937499],
         "dplt_grid": [0.0, 6.0606060606060606, 12.121212121212121, 18.18181818181818, 24.242424242424242, 30.303030303030305, 36.36363636363636, 42.42424242424242, 48.484848484848484, 54.54545454545455, 60.60606060606061, 66.66666666666667, 72.72727272727272, 78.78787878787878, 84.84848484848484, 90.9090909090909, 96.96969696969697, 103.03030303030303, 109.0909090909091, 115.15151515151516, 121.21212121212122, 127.27272727272727, 133.33333333333334, 139.3939393939394, 145.45454545454544, 151.5151515151515, 157.57575757575756, 163.63636363636363, 169.6969696969697, 175.75757575757575, 181.8181818181818, 187.87878787878788, 193.93939393939394, 200.0, 206.06060606060606, 212.12121212121212, 218.1818181818182, 224.24242424242425, 230.3030303030303, 236.36363636363637, 242.42424242424244, 248.48484848484847, 254.54545454545453, 260.6060606060606, 266.6666666666667, 272.72727272727275, 278.7878787878788, 284.8484848484849, 290.9090909090909, 296.96969696969694, 303.030303030303, 309.09090909090907, 315.1515151515151, 321.2121212121212, 327.27272727272725, 333.3333333333333, 339.3939393939394, 345.45454545454544, 351.5151515151515, 357.57575757575756, 363.6363636363636, 369.6969696969697, 375.75757575757575, 381.8181818181818, 387.8787878787879, 393.93939393939394, 400.0, 406.06060606060606, 412.1212121212121, 418.1818181818182, 424.24242424242425, 430.3030303030303, 436.3636363636364, 442.42424242424244, 448.4848484848485, 454.54545454545456, 460.6060606060606, 466.6666666666667, 472.72727272727275, 478.7878787878788, 484.8484848484849, 490.9090909090909, 496.96969696969694, 503.030303030303, 509.09090909090907, 515.1515151515151, 521.2121212121212, 527.2727272727273, 533.3333333333334, 539.3939393939394, 545.4545454545455, 551.5151515151515, 557.5757575757576, 563.6363636363636, 569.6969696969697, 575.7575757575758, 581.8181818181818, 587.8787878787879, 593.9393939393939, 600.0],
         "dplt_at_force_location": -5.043334960937499,
         "maximum_dplt": -5.043334960937499,
         "location_max_dplt": 600.0
    },
     "metadata": {
         "error_code": 0,
         "model": "BendingTestAnalytical",
         "load_case": "Cantilever",
         "description": "",
         "job_name": "",
         "persistent_result_files": "",
         "n_cpus": 1,
         "date": "2026-03-17 09:07:05.640639",
         "cpu_time": 0.10594439506530762,
         "user": "sebastien.bocquet",
         "machine": "B20191729",
         "vims_git_version": "1b6e7132b9faba0cc93317d127a381ee76a8cb8e",
         "directory_archive_root": "C:\\Users\\sebastien.bocquet\\PycharmProjects\\vimseo\\docs\\runnable_examples\\model_runs\\archive\\calibration_scalars",
         "directory_archive_job": "C:\\Users\\sebastien.bocquet\\PycharmProjects\\vimseo\\docs\\runnable_examples\\model_runs\\archive\\calibration_scalars\\BendingTestAnalytical\\Cantilever\\349",
         "directory_scratch_root": "C:\\Users\\sebastien.bocquet\\PycharmProjects\\vimseo\\docs\\runnable_examples\\model_runs\\scratch\\calibration_scalars",
         "directory_scratch_job": ""
    }
}