{
     "inputs": {
         "young_modulus": 224746.09375,
         "Cantilever:length": 600.0,
         "Cantilever:width": 29.7513427734375,
         "Cantilever:height": 39.251953125,
         "Cantilever:imposed_dplt": -5.041015625,
         "Cantilever:relative_dplt_location": 1.0,
         "Cantilever:nu_p": 0.3
    },
     "outputs": {
         "length": 600.0,
         "width": 29.7513427734375,
         "height": 39.251953125,
         "imposed_dplt": -5.041015625,
         "relative_dplt_location": 1.0,
         "nu_p": 0.3,
         "reaction_forces": -2359.3199466529195,
         "moment": [1415591.9679917516, 0.0],
         "moment_grid": [0.0, 600.0],
         "dplt": [0.0, -0.000768907638264082, -0.003065239909295996, -0.006873410847455262, -0.012177834487101389, -0.018962924862593895, -0.027213096008292276, -0.03691276195855606, -0.04804633674774477, -0.060598234410217895, -0.07455286898033495, -0.08989465449245546, -0.1066080049809389, -0.1246773344801449, -0.14408705702443284, -0.16482158664816224, -0.18686533738569272, -0.21020272327138373, -0.23481815833959474, -0.26069605662468476, -0.2878208321610143, -0.3161768989829423, -0.3457486711248286, -0.3765205626210324, -0.4084769875059131, -0.4416023598138306, -0.4758810935791442, -0.5112976028362135, -0.5478363016193979, -0.585481603963057, -0.6242179239015502, -0.6640296754692372, -0.7049012727004773, -0.74681712962963, -0.7897616602910552, -0.8337192787191119, -0.8786743989481599, -0.9246114350125587, -0.9715148009466676, -1.0193689107848465, -1.0681581785614545, -1.1178670183108512, -1.1684798440673965, -1.2199810698654496, -1.2723551097393702, -1.3255863777235173, -1.3796592878522507, -1.43455825415993, -1.4902676906809145, -1.5467720114495638, -1.604055630500238, -1.662102961867296, -1.7208984195850978, -1.7804264176880018, -1.840671370210369, -1.9016176911865572, -1.9632497946509275, -2.025552094637839, -2.088509005181651, -2.1521049403167223, -2.2163243140774136, -2.281151540498083, -2.346571033613093, -2.412567207456799, -2.479124476063564, -2.546227253467745, -2.6138599537037037, -2.682006990805797, -2.750652778808388, -2.8197817317458322, -2.8893782636524925, -2.9594267885627255, -3.029911720510894, -3.100817473531354, -3.1721284616584673, -3.243829098926592, -3.3159037993700897, -3.3883369770233176, -3.461113045920637, -3.534216420096407, -3.6076315135849866, -3.681342740420733, -3.755334514638011, -3.8295912502711764, -3.90409736135459, -3.9788372619226107, -4.053795366009599, -4.128956087649911, -4.204303840877912, -4.2798230397279555, -4.355498098234407, -4.431313430431622, -4.50725345035396, -4.583302572035781, -4.659445209511446, -4.7356657768153125, -4.81194868798174, -4.888278357045093, -4.964639198039722, -5.0410156249999964],
         "dplt_grid": [0.0, 6.0606060606060606, 12.121212121212121, 18.18181818181818, 24.242424242424242, 30.303030303030305, 36.36363636363636, 42.42424242424242, 48.484848484848484, 54.54545454545455, 60.60606060606061, 66.66666666666667, 72.72727272727272, 78.78787878787878, 84.84848484848484, 90.9090909090909, 96.96969696969697, 103.03030303030303, 109.0909090909091, 115.15151515151516, 121.21212121212122, 127.27272727272727, 133.33333333333334, 139.3939393939394, 145.45454545454544, 151.5151515151515, 157.57575757575756, 163.63636363636363, 169.6969696969697, 175.75757575757575, 181.8181818181818, 187.87878787878788, 193.93939393939394, 200.0, 206.06060606060606, 212.12121212121212, 218.1818181818182, 224.24242424242425, 230.3030303030303, 236.36363636363637, 242.42424242424244, 248.48484848484847, 254.54545454545453, 260.6060606060606, 266.6666666666667, 272.72727272727275, 278.7878787878788, 284.8484848484849, 290.9090909090909, 296.96969696969694, 303.030303030303, 309.09090909090907, 315.1515151515151, 321.2121212121212, 327.27272727272725, 333.3333333333333, 339.3939393939394, 345.45454545454544, 351.5151515151515, 357.57575757575756, 363.6363636363636, 369.6969696969697, 375.75757575757575, 381.8181818181818, 387.8787878787879, 393.93939393939394, 400.0, 406.06060606060606, 412.1212121212121, 418.1818181818182, 424.24242424242425, 430.3030303030303, 436.3636363636364, 442.42424242424244, 448.4848484848485, 454.54545454545456, 460.6060606060606, 466.6666666666667, 472.72727272727275, 478.7878787878788, 484.8484848484849, 490.9090909090909, 496.96969696969694, 503.030303030303, 509.09090909090907, 515.1515151515151, 521.2121212121212, 527.2727272727273, 533.3333333333334, 539.3939393939394, 545.4545454545455, 551.5151515151515, 557.5757575757576, 563.6363636363636, 569.6969696969697, 575.7575757575758, 581.8181818181818, 587.8787878787879, 593.9393939393939, 600.0],
         "dplt_at_force_location": -5.0410156249999964,
         "maximum_dplt": -5.0410156249999964,
         "location_max_dplt": 600.0
    },
     "metadata": {
         "error_code": 0,
         "model": "BendingTestAnalytical",
         "load_case": "Cantilever",
         "description": "",
         "job_name": "",
         "persistent_result_files": "",
         "n_cpus": 1,
         "date": "2026-06-16 18:09:41.372706",
         "cpu_time": 0.14304065704345703,
         "user": "sebastien.bocquet",
         "machine": "PCBM20250036",
         "vims_git_version": "3de96ae2320a30b8a84551033e41da0fca6276ac",
         "directory_archive_root": "C:\\Users\\sebastien.bocquet\\Dev\\vimseo\\docs\\runnable_examples\\model_runs\\archive\\calibration_coupled",
         "directory_archive_job": "C:\\Users\\sebastien.bocquet\\Dev\\vimseo\\docs\\runnable_examples\\model_runs\\archive\\calibration_coupled\\BendingTestAnalytical\\Cantilever\\226",
         "directory_scratch_root": "C:\\Users\\sebastien.bocquet\\Dev\\vimseo\\docs\\runnable_examples\\model_runs\\scratch\\calibration_coupled",
         "directory_scratch_job": ""
    }
}