{
     "inputs": {
         "young_modulus": 227500.0,
         "Cantilever:length": 600.0,
         "Cantilever:width": 29.966064453125,
         "Cantilever:height": 40.191162109375,
         "Cantilever:imposed_dplt": -5.030029296875,
         "Cantilever:relative_dplt_location": 1.0,
         "Cantilever:nu_p": 0.3
    },
     "outputs": {
         "length": 600.0,
         "width": 29.966064453125,
         "height": 40.191162109375,
         "imposed_dplt": -5.030029296875,
         "relative_dplt_location": 1.0,
         "nu_p": 0.3,
         "reaction_forces": -2576.6745847663315,
         "moment": [1546004.7508597989, 0.0],
         "moment_grid": [0.0, 600.0],
         "dplt": [0.0, -0.0007672318903116463, -0.003058559562728858, -0.006858431019475045, -0.01215129426277362, -0.018921597294848002, -0.027153788117921594, -0.03683231473421782, -0.04794162514596011, -0.060466167355371844, -0.07439038936467646, -0.08969873917609736, -0.10637566479185795, -0.12440561421418168, -0.1437730354452919, -0.16446237648741205, -0.18645808534276553, -0.2097446100135758, -0.2343063985020662, -0.26012789881046033, -0.2871935589409813, -0.31548782689585264, -0.34499515067729797, -0.3756999782875405, -0.4075867577288034, -0.4406399370033106, -0.4748439641132852, -0.5101832870609507, -0.5466423538485305, -0.5842056124782481, -0.6228575109523268, -0.66258249727299, -0.7033650194424611, -0.7451895254629637, -0.788040463336721, -0.8319022810659563, -0.8767594266528934, -0.9225963480997557, -0.969397493408766, -1.017147310582148, -1.0658302476221255, -1.1154307525309217, -1.16593327331076, -1.2173222579638638, -1.2695821544924568, -1.3226974108987617, -1.3766524751850022, -1.431431795353402, -1.4870198194061839, -1.543400995345572, -1.6005597711737898, -1.6584805948930603, -1.7171479145056068, -1.7765461780136529, -1.8366598334194226, -1.8974733287251382, -1.9589711119330235, -2.0211376310453026, -2.083957334064198, -2.1474146689919333, -2.211494083830732, -2.276180026582818, -2.3414569452504153, -2.407309287835744, -2.4737215023410317, -2.540678036768499, -2.6081633391203716, -2.67616185739887, -2.7446580396062203, -2.8136363337446433, -2.883081187816366, -2.9529770498236085, -3.0233083677685957, -3.09405958965355, -3.1652151634806973, -3.2367595372522575, -3.308677158970457, -3.3809524766375167, -3.453569938255663, -3.5265139918271164, -3.5997690853541022, -3.673319666838842, -3.7471501842835613, -3.821245085690484, -3.89558881906183, -3.9701658323998257, -4.044960573706694, -4.119957490984658, -4.195141032235941, -4.2704956454627645, -4.346005778667356, -4.421655879851936, -4.4974303970187295, -4.5733137781699575, -4.649290471307846, -4.725344924434617, -4.801461585552495, -4.877624902663702, -4.953819323770462, -5.030029296875],
         "dplt_grid": [0.0, 6.0606060606060606, 12.121212121212121, 18.18181818181818, 24.242424242424242, 30.303030303030305, 36.36363636363636, 42.42424242424242, 48.484848484848484, 54.54545454545455, 60.60606060606061, 66.66666666666667, 72.72727272727272, 78.78787878787878, 84.84848484848484, 90.9090909090909, 96.96969696969697, 103.03030303030303, 109.0909090909091, 115.15151515151516, 121.21212121212122, 127.27272727272727, 133.33333333333334, 139.3939393939394, 145.45454545454544, 151.5151515151515, 157.57575757575756, 163.63636363636363, 169.6969696969697, 175.75757575757575, 181.8181818181818, 187.87878787878788, 193.93939393939394, 200.0, 206.06060606060606, 212.12121212121212, 218.1818181818182, 224.24242424242425, 230.3030303030303, 236.36363636363637, 242.42424242424244, 248.48484848484847, 254.54545454545453, 260.6060606060606, 266.6666666666667, 272.72727272727275, 278.7878787878788, 284.8484848484849, 290.9090909090909, 296.96969696969694, 303.030303030303, 309.09090909090907, 315.1515151515151, 321.2121212121212, 327.27272727272725, 333.3333333333333, 339.3939393939394, 345.45454545454544, 351.5151515151515, 357.57575757575756, 363.6363636363636, 369.6969696969697, 375.75757575757575, 381.8181818181818, 387.8787878787879, 393.93939393939394, 400.0, 406.06060606060606, 412.1212121212121, 418.1818181818182, 424.24242424242425, 430.3030303030303, 436.3636363636364, 442.42424242424244, 448.4848484848485, 454.54545454545456, 460.6060606060606, 466.6666666666667, 472.72727272727275, 478.7878787878788, 484.8484848484849, 490.9090909090909, 496.96969696969694, 503.030303030303, 509.09090909090907, 515.1515151515151, 521.2121212121212, 527.2727272727273, 533.3333333333334, 539.3939393939394, 545.4545454545455, 551.5151515151515, 557.5757575757576, 563.6363636363636, 569.6969696969697, 575.7575757575758, 581.8181818181818, 587.8787878787879, 593.9393939393939, 600.0],
         "dplt_at_force_location": -5.030029296875,
         "maximum_dplt": -5.030029296875,
         "location_max_dplt": 600.0
    },
     "metadata": {
         "error_code": 0,
         "model": "BendingTestAnalytical",
         "load_case": "Cantilever",
         "description": "",
         "job_name": "",
         "persistent_result_files": "",
         "n_cpus": 1,
         "date": "2026-03-17 09:05:58.467445",
         "cpu_time": 0.012618541717529297,
         "user": "sebastien.bocquet",
         "machine": "B20191729",
         "vims_git_version": "1b6e7132b9faba0cc93317d127a381ee76a8cb8e",
         "directory_archive_root": "C:\\Users\\sebastien.bocquet\\PycharmProjects\\vimseo\\docs\\runnable_examples\\model_runs\\archive\\calibration_coupled",
         "directory_archive_job": "C:\\Users\\sebastien.bocquet\\PycharmProjects\\vimseo\\docs\\runnable_examples\\model_runs\\archive\\calibration_coupled\\BendingTestAnalytical\\Cantilever\\30",
         "directory_scratch_root": "C:\\Users\\sebastien.bocquet\\PycharmProjects\\vimseo\\docs\\runnable_examples\\model_runs\\scratch\\calibration_coupled",
         "directory_scratch_job": ""
    }
}