{
     "inputs": {
         "young_modulus": 224843.75,
         "Cantilever:length": 600.0,
         "Cantilever:width": 29.8519287109375,
         "Cantilever:height": 40.728271484375,
         "Cantilever:imposed_dplt": -5.087890625,
         "Cantilever:relative_dplt_location": 1.0,
         "Cantilever:nu_p": 0.3
    },
     "outputs": {
         "length": 600.0,
         "width": 29.8519287109375,
         "height": 40.728271484375,
         "imposed_dplt": -5.087890625,
         "relative_dplt_location": 1.0,
         "nu_p": 0.3,
         "reaction_forces": -2670.3314871425073,
         "moment": [1602198.8922855044, 0.0],
         "moment_grid": [0.0, 600.0],
         "dplt": [0.0, -0.0007760574961944716, -0.0030937427213158, -0.006937324780170855, -0.012291072777566511, -0.019139255818309636, -0.02746614300720708, -0.03725600344906573, -0.04849310624869246, -0.061161720510894114, -0.07524611534047755, -0.09073055984224969, -0.10759932312101735, -0.12583667428158746, -0.14542688242876686, -0.16635421666736236, -0.18860294610218092, -0.21215733983802942, -0.23700166697971461, -0.2631201966320432, -0.29049719789982253, -0.31911693988785916, -0.3489636917009602, -0.3800217224439323, -0.4122753012215821, -0.4457086971387171, -0.4803061793001436, -0.5160520168106688, -0.5529304787750995, -0.5909258342982423, -0.6300223524849045, -0.6702043024398927, -0.7114559532680138, -0.7537615740740746, -0.7971054339628822, -0.8414718020392433, -0.8868449474079647, -0.9332091391738535, -0.9805486464417164, -1.0288477383163601, -1.0780906839025919, -1.1282617523052183, -1.1793452126290462, -1.2313253339788828, -1.2841863854595348, -1.337912636175809, -1.392488355232512, -1.447897811734451, -1.5041252747864327, -1.5611550134932641, -1.618971296959752, -1.677558394290704, -1.736900574590926, -1.7969821069652248, -1.857787260518408, -1.919300304355282, -1.9815055075806536, -2.0443871392993307, -2.107929468616118, -2.172116764635824, -2.236933296463256, -2.3023633332032194, -2.3683911439605225, -2.43500099783997, -2.502177163946372, -2.5699039113845323, -2.6381655092592595, -2.7069462266753597, -2.776230332737641, -2.8460020965509076, -2.9162457872199705, -2.9869456738496325, -3.0580860255447027, -3.1296511114099865, -3.2016252005502936, -3.2739925620704273, -3.3467374650751975, -3.4198441786694076, -3.4932969719578693, -3.567080114045385, -3.641177874036764, -3.715574521036811, -3.790254324150336, -3.865201552482144, -3.940400475137041, -4.015835361219837, -4.091490479835336, -4.167350100088345, -4.243398491083673, -4.319619921926123, -4.395998661720507, -4.472518979571628, -4.549165144584295, -4.625921425863313, -4.70277209251349, -4.77970141363963, -4.856693658346546, -4.933733095739041, -5.01080399492192, -5.087890624999996],
         "dplt_grid": [0.0, 6.0606060606060606, 12.121212121212121, 18.18181818181818, 24.242424242424242, 30.303030303030305, 36.36363636363636, 42.42424242424242, 48.484848484848484, 54.54545454545455, 60.60606060606061, 66.66666666666667, 72.72727272727272, 78.78787878787878, 84.84848484848484, 90.9090909090909, 96.96969696969697, 103.03030303030303, 109.0909090909091, 115.15151515151516, 121.21212121212122, 127.27272727272727, 133.33333333333334, 139.3939393939394, 145.45454545454544, 151.5151515151515, 157.57575757575756, 163.63636363636363, 169.6969696969697, 175.75757575757575, 181.8181818181818, 187.87878787878788, 193.93939393939394, 200.0, 206.06060606060606, 212.12121212121212, 218.1818181818182, 224.24242424242425, 230.3030303030303, 236.36363636363637, 242.42424242424244, 248.48484848484847, 254.54545454545453, 260.6060606060606, 266.6666666666667, 272.72727272727275, 278.7878787878788, 284.8484848484849, 290.9090909090909, 296.96969696969694, 303.030303030303, 309.09090909090907, 315.1515151515151, 321.2121212121212, 327.27272727272725, 333.3333333333333, 339.3939393939394, 345.45454545454544, 351.5151515151515, 357.57575757575756, 363.6363636363636, 369.6969696969697, 375.75757575757575, 381.8181818181818, 387.8787878787879, 393.93939393939394, 400.0, 406.06060606060606, 412.1212121212121, 418.1818181818182, 424.24242424242425, 430.3030303030303, 436.3636363636364, 442.42424242424244, 448.4848484848485, 454.54545454545456, 460.6060606060606, 466.6666666666667, 472.72727272727275, 478.7878787878788, 484.8484848484849, 490.9090909090909, 496.96969696969694, 503.030303030303, 509.09090909090907, 515.1515151515151, 521.2121212121212, 527.2727272727273, 533.3333333333334, 539.3939393939394, 545.4545454545455, 551.5151515151515, 557.5757575757576, 563.6363636363636, 569.6969696969697, 575.7575757575758, 581.8181818181818, 587.8787878787879, 593.9393939393939, 600.0],
         "dplt_at_force_location": -5.087890624999996,
         "maximum_dplt": -5.087890624999996,
         "location_max_dplt": 600.0
    },
     "metadata": {
         "error_code": 0,
         "model": "BendingTestAnalytical",
         "load_case": "Cantilever",
         "description": "",
         "job_name": "",
         "persistent_result_files": "",
         "n_cpus": 1,
         "date": "2026-03-26 14:57:31.617685",
         "cpu_time": 0.0047342777252197266,
         "user": "sebastien.bocquet",
         "machine": "IPF7101",
         "vims_git_version": "d0050d8de498c8354552cdde540fb3e524454871",
         "directory_archive_root": "/home/sebastien.bocquet/PycharmProjects/vimseo/docs/runnable_examples/model_runs/archive/calibration_coupled",
         "directory_archive_job": "/home/sebastien.bocquet/PycharmProjects/vimseo/docs/runnable_examples/model_runs/archive/calibration_coupled/BendingTestAnalytical/Cantilever/67",
         "directory_scratch_root": "/home/sebastien.bocquet/PycharmProjects/vimseo/docs/runnable_examples/model_runs/scratch/calibration_coupled",
         "directory_scratch_job": ""
    }
}