{
     "inputs": {
         "young_modulus": 220000.30517578125,
         "Cantilever:length": 600.0,
         "Cantilever:width": 29.499755859375,
         "Cantilever:height": 40.2801513671875,
         "Cantilever:imposed_dplt": -5.006591796875,
         "Cantilever:relative_dplt_location": 1.0,
         "Cantilever:nu_p": 0.3
    },
     "outputs": {
         "length": 600.0,
         "width": 29.499755859375,
         "height": 40.2801513671875,
         "imposed_dplt": -5.006591796875,
         "relative_dplt_location": 1.0,
         "nu_p": 0.3,
         "reaction_forces": -2457.7823872852387,
         "moment": [1474669.4323711433, 0.0],
         "moment_grid": [0.0, 600.0],
         "dplt": [0.0, -0.0007636569613464515, -0.003044308156718959, -0.006826474053117265, -0.012094675117541101, -0.018833431816990206, -0.027027264618464292, -0.036660693988963114, -0.04771824039548638, -0.06018442430503384, -0.07404376618460522, -0.08928078650120023, -0.10588000572181865, -0.1238259443134602, -0.14310312274312467, -0.16369606147781163, -0.18558928098452096, -0.2087673017302524, -0.2332146441820056, -0.25891582880678066, -0.28585537607157674, -0.3140178064433938, -0.34338764038923175, -0.3739493983760901, -0.40568760087096845, -0.4385867683408671, -0.47263142125278523, -0.5078060800737227, -0.5440952652706795, -0.5814834973106552, -0.6199552966606494, -0.659495183787662, -0.7000876791586926, -0.7417173032407413, -0.7843685765008074, -0.8280260194058907, -0.8726741524229908, -0.918297496019108, -0.9648805706612414, -1.0124078968163912, -1.060863994951557, -1.1102333855337383, -1.1605005890299351, -1.2116501259071473, -1.2636665166323742, -1.3165342816726158, -1.3702379414948713, -1.4247620165661412, -1.4800910273534245, -1.5362094943237217, -1.593101937944032, -1.650752878681356, -1.7091468370026923, -1.7682683333750409, -1.8281018882654023, -1.8886320221407753, -1.94984325546816, -2.011720108714556, -2.074247102346963, -2.1374087568323814, -2.20118959263781, -2.265574130230249, -2.330546890076699, -2.396092392644157, -2.4621951583996267, -2.5288397078101035, -2.596010561342591, -2.663692239464086, -2.7318692626415917, -2.800526151342103, -2.869647426032624, -2.9392176071801526, -3.0092212152516877, -3.07964277071423, -3.150466794034781, -3.221677805680336, -3.293260326117899, -3.3651988758144675, -3.437477975237043, -3.5100821448526225, -3.582995905128208, -3.656203776530798, -3.729690279527394, -3.8034399345849934, -3.8774372621705977, -3.9516667827512064, -4.026113016793818, -4.100760484765434, -4.175593707133053, -4.2505972043636735, -4.325755496924298, -4.401053105281924, -4.476474549903553, -4.5520043512561825, -4.627627029806815, -4.703327106022448, -4.779089100370082, -4.854897533316719, -4.930736925329354, -5.006591796874991],
         "dplt_grid": [0.0, 6.0606060606060606, 12.121212121212121, 18.18181818181818, 24.242424242424242, 30.303030303030305, 36.36363636363636, 42.42424242424242, 48.484848484848484, 54.54545454545455, 60.60606060606061, 66.66666666666667, 72.72727272727272, 78.78787878787878, 84.84848484848484, 90.9090909090909, 96.96969696969697, 103.03030303030303, 109.0909090909091, 115.15151515151516, 121.21212121212122, 127.27272727272727, 133.33333333333334, 139.3939393939394, 145.45454545454544, 151.5151515151515, 157.57575757575756, 163.63636363636363, 169.6969696969697, 175.75757575757575, 181.8181818181818, 187.87878787878788, 193.93939393939394, 200.0, 206.06060606060606, 212.12121212121212, 218.1818181818182, 224.24242424242425, 230.3030303030303, 236.36363636363637, 242.42424242424244, 248.48484848484847, 254.54545454545453, 260.6060606060606, 266.6666666666667, 272.72727272727275, 278.7878787878788, 284.8484848484849, 290.9090909090909, 296.96969696969694, 303.030303030303, 309.09090909090907, 315.1515151515151, 321.2121212121212, 327.27272727272725, 333.3333333333333, 339.3939393939394, 345.45454545454544, 351.5151515151515, 357.57575757575756, 363.6363636363636, 369.6969696969697, 375.75757575757575, 381.8181818181818, 387.8787878787879, 393.93939393939394, 400.0, 406.06060606060606, 412.1212121212121, 418.1818181818182, 424.24242424242425, 430.3030303030303, 436.3636363636364, 442.42424242424244, 448.4848484848485, 454.54545454545456, 460.6060606060606, 466.6666666666667, 472.72727272727275, 478.7878787878788, 484.8484848484849, 490.9090909090909, 496.96969696969694, 503.030303030303, 509.09090909090907, 515.1515151515151, 521.2121212121212, 527.2727272727273, 533.3333333333334, 539.3939393939394, 545.4545454545455, 551.5151515151515, 557.5757575757576, 563.6363636363636, 569.6969696969697, 575.7575757575758, 581.8181818181818, 587.8787878787879, 593.9393939393939, 600.0],
         "dplt_at_force_location": -5.006591796874991,
         "maximum_dplt": -5.006591796874991,
         "location_max_dplt": 600.0
    },
     "metadata": {
         "error_code": 0,
         "model": "BendingTestAnalytical",
         "load_case": "Cantilever",
         "description": "",
         "job_name": "",
         "persistent_result_files": "",
         "n_cpus": 1,
         "date": "2026-06-16 18:10:48.544516",
         "cpu_time": 0.18461108207702637,
         "user": "sebastien.bocquet",
         "machine": "PCBM20250036",
         "vims_git_version": "3de96ae2320a30b8a84551033e41da0fca6276ac",
         "directory_archive_root": "C:\\Users\\sebastien.bocquet\\Dev\\vimseo\\docs\\runnable_examples\\model_runs\\archive\\calibration_scalars",
         "directory_archive_job": "C:\\Users\\sebastien.bocquet\\Dev\\vimseo\\docs\\runnable_examples\\model_runs\\archive\\calibration_scalars\\BendingTestAnalytical\\Cantilever\\588",
         "directory_scratch_root": "C:\\Users\\sebastien.bocquet\\Dev\\vimseo\\docs\\runnable_examples\\model_runs\\scratch\\calibration_scalars",
         "directory_scratch_job": ""
    }
}