{
     "inputs": {
         "young_modulus": 224375.0,
         "ThreePoints:length": 600.0,
         "ThreePoints:width": 29.6524658203125,
         "ThreePoints:height": 39.775634765625,
         "ThreePoints:imposed_dplt": -4.9088134765625,
         "ThreePoints:relative_support_location": 0.5,
         "ThreePoints:nu_p": 0.3
    },
     "outputs": {
         "length": 600.0,
         "width": 29.6524658203125,
         "height": 39.775634765625,
         "imposed_dplt": -4.9088134765625,
         "relative_support_location": 0.5,
         "nu_p": 0.3,
         "reaction_forces": -38060.05466353338,
         "moment": [0.0, -5709008.199530007, 0.0],
         "moment_grid": [0.0, 300.0, 600.0],
         "dplt": [0.0, -0.14873674631318556, -0.2973520748742787, -0.4457245679311871, -0.5937328077318184, -0.74125537652408, -0.8881708565558795, -1.0343578300751248, -1.1796948793297235, -1.324060586567583, -1.467333534036611, -1.609392303984715, -1.7501154786598019, -1.8893816403097805, -2.027069371182558, -2.1630572535260417, -2.2972238695881395, -2.4294478016167593, -2.5596076318598087, -2.6875819425651946, -2.813249315980825, -2.936488334354607, -3.0571775799344496, -3.175195634968259, -3.290421081703943, -3.4027325023894095, -3.5120084792725663, -3.618127594601321, -3.720968430623581, -3.8204095695872535, -3.916329593740247, -4.008607085330468, -4.097120626605824, -4.181748799814224, -4.262370187203575, -4.338863371021784, -4.411106933516759, -4.4789794569364085, -4.542359523528639, -4.601125715541359, -4.6551566152224755, -4.704330804819896, -4.7485268665815275, -4.787623382755279, -4.821498935589057, -4.85003210733077, -4.873101480228325, -4.89058563652963, -4.902363158482592, -4.908312628335119, -4.908312628335119, -4.902363158482592, -4.89058563652963, -4.873101480228325, -4.85003210733077, -4.821498935589057, -4.787623382755279, -4.748526866581528, -4.704330804819897, -4.655156615222476, -4.60112571554136, -4.54235952352864, -4.478979456936409, -4.41110693351676, -4.338863371021785, -4.262370187203576, -4.181748799814225, -4.097120626605825, -4.0086070853304685, -3.916329593740248, -3.8204095695872544, -3.7209684306235813, -3.6181275946013214, -3.5120084792725668, -3.40273250238941, -3.2904210817039434, -3.1751956349682593, -3.05717757993445, -2.936488334354608, -2.813249315980826, -2.6875819425651954, -2.559607631859811, -2.4294478016167615, -2.2972238695881417, -2.163057253526044, -2.02706937118256, -1.889381640309781, -1.7501154786598034, -1.6093923039847147, -1.467333534036612, -1.3240605865675827, -1.1796948793297246, -1.0343578300751246, -0.8881708565558806, -0.7412553765240794, -0.5937328077318189, -0.445724567931189, -0.29735207487427906, -0.14873674631318712, 2.225324959026498e-17],
         "dplt_grid": [0.0, 6.0606060606060606, 12.121212121212121, 18.18181818181818, 24.242424242424242, 30.303030303030305, 36.36363636363636, 42.42424242424242, 48.484848484848484, 54.54545454545455, 60.60606060606061, 66.66666666666667, 72.72727272727272, 78.78787878787878, 84.84848484848484, 90.9090909090909, 96.96969696969697, 103.03030303030303, 109.0909090909091, 115.15151515151516, 121.21212121212122, 127.27272727272727, 133.33333333333334, 139.3939393939394, 145.45454545454544, 151.5151515151515, 157.57575757575756, 163.63636363636363, 169.6969696969697, 175.75757575757575, 181.8181818181818, 187.87878787878788, 193.93939393939394, 200.0, 206.06060606060606, 212.12121212121212, 218.1818181818182, 224.24242424242425, 230.3030303030303, 236.36363636363637, 242.42424242424244, 248.48484848484847, 254.54545454545453, 260.6060606060606, 266.6666666666667, 272.72727272727275, 278.7878787878788, 284.8484848484849, 290.9090909090909, 296.96969696969694, 303.030303030303, 309.09090909090907, 315.1515151515151, 321.2121212121212, 327.27272727272725, 333.3333333333333, 339.3939393939394, 345.45454545454544, 351.5151515151515, 357.57575757575756, 363.6363636363636, 369.6969696969697, 375.75757575757575, 381.8181818181818, 387.8787878787879, 393.93939393939394, 400.0, 406.06060606060606, 412.1212121212121, 418.1818181818182, 424.24242424242425, 430.3030303030303, 436.3636363636364, 442.42424242424244, 448.4848484848485, 454.54545454545456, 460.6060606060606, 466.6666666666667, 472.72727272727275, 478.7878787878788, 484.8484848484849, 490.9090909090909, 496.96969696969694, 503.030303030303, 509.09090909090907, 515.1515151515151, 521.2121212121212, 527.2727272727273, 533.3333333333334, 539.3939393939394, 545.4545454545455, 551.5151515151515, 557.5757575757576, 563.6363636363636, 569.6969696969697, 575.7575757575758, 581.8181818181818, 587.8787878787879, 593.9393939393939, 600.0],
         "dplt_at_force_location": -4.908312628335119,
         "maximum_dplt": -4.908312628335119,
         "location_max_dplt": 296.96969696969694
    },
     "metadata": {
         "error_code": 0,
         "model": "BendingTestAnalytical",
         "load_case": "ThreePoints",
         "description": "",
         "job_name": "",
         "persistent_result_files": "",
         "n_cpus": 1,
         "date": "2026-06-16 18:09:23.739740",
         "cpu_time": 0.11124610900878906,
         "user": "sebastien.bocquet",
         "machine": "PCBM20250036",
         "vims_git_version": "3de96ae2320a30b8a84551033e41da0fca6276ac",
         "directory_archive_root": "C:\\Users\\sebastien.bocquet\\Dev\\vimseo\\docs\\runnable_examples\\model_runs\\archive\\calibration_coupled",
         "directory_archive_job": "C:\\Users\\sebastien.bocquet\\Dev\\vimseo\\docs\\runnable_examples\\model_runs\\archive\\calibration_coupled\\BendingTestAnalytical\\ThreePoints\\189",
         "directory_scratch_root": "C:\\Users\\sebastien.bocquet\\Dev\\vimseo\\docs\\runnable_examples\\model_runs\\scratch\\calibration_coupled",
         "directory_scratch_job": ""
    }
}