{
     "inputs": {
         "young_modulus": 224765.625,
         "Cantilever:length": 600.0,
         "Cantilever:width": 30.04931640625,
         "Cantilever:height": 40.17333984375,
         "Cantilever:imposed_dplt": -5.0364990234375,
         "Cantilever:relative_dplt_location": 1.0,
         "Cantilever:nu_p": 0.3
    },
     "outputs": {
         "length": 600.0,
         "width": 30.04931640625,
         "height": 40.17333984375,
         "imposed_dplt": -5.0364990234375,
         "relative_dplt_location": 1.0,
         "nu_p": 0.3,
         "reaction_forces": -2552.6620185430884,
         "moment": [1531597.211125853, 0.0],
         "moment_grid": [0.0, 600.0],
         "dplt": [0.0, -0.0007682187196614137, -0.003062493544596174, -0.006867252473730071, -0.012166923505988886, -0.018945934640298402, -0.027188713875584383, -0.03687968921077263, -0.04800328864478892, -0.06054394017655902, -0.07448607180500873, -0.08981411152906384, -0.10651248734765008, -0.1245656272596933, -0.14395795926411928, -0.16467391135985374, -0.1866979115458225, -0.2100143878209514, -0.2346077681841661, -0.26046248063439226, -0.2875629531705561, -0.31589361379158304, -0.34543889049639914, -0.37618321128393, -0.4081110041531012, -0.44120669710283894, -0.4754547181320688, -0.5108394952397166, -0.5473454564247081, -0.584957029685969, -0.6236586430224251, -0.6634347244330024, -0.7042697019166263, -0.7461480034722231, -0.7890540570987181, -0.8329722907950372, -0.8778871325601064, -0.9237830103928512, -0.9706443522921974, -1.018455586257071, -1.0672011402863975, -1.1168654423791031, -1.1674329205341132, -1.218888002750354, -1.2712151170267507, -1.3243986913622292, -1.3784231537557157, -1.4332729322061355, -1.4889324547124148, -1.545386149273479, -1.6026184438882543, -1.6606137665556662, -1.7193565452746409, -1.778831208044103, -1.8390221828629798, -1.8999138977301961, -1.9614907806446782, -2.023737259605352, -2.0866377626111423, -2.1501767176609756, -2.2143385527537776, -2.2791076958884737, -2.3444685750639915, -2.4104056182792535, -2.476903253533189, -2.543945908824721, -2.6115180121527772, -2.6796039915162817, -2.748188274914163, -2.8172552903453423, -2.88678946580875, -2.956775229303309, -3.0271970088279474, -3.0980392323815873, -3.16928632796316, -3.2409227235715856, -3.312932847205794, -3.3853011268647077, -3.4580119905472557, -3.531049866252362, -3.6043991819789523, -3.6780443657259525, -3.7519698454922885, -3.826160049276887, -3.900599405078672, -3.9752723408965727, -4.0501632847295115, -4.125256664576413, -4.200536908436207, -4.275988444307817, -4.35159570019017, -4.42734310408219, -4.503215083982803, -4.579196067890936, -4.655270483805516, -4.731422759725464, -4.80763732364971, -4.8838986035771805, -4.960191027506797, -5.03649902343749],
         "dplt_grid": [0.0, 6.0606060606060606, 12.121212121212121, 18.18181818181818, 24.242424242424242, 30.303030303030305, 36.36363636363636, 42.42424242424242, 48.484848484848484, 54.54545454545455, 60.60606060606061, 66.66666666666667, 72.72727272727272, 78.78787878787878, 84.84848484848484, 90.9090909090909, 96.96969696969697, 103.03030303030303, 109.0909090909091, 115.15151515151516, 121.21212121212122, 127.27272727272727, 133.33333333333334, 139.3939393939394, 145.45454545454544, 151.5151515151515, 157.57575757575756, 163.63636363636363, 169.6969696969697, 175.75757575757575, 181.8181818181818, 187.87878787878788, 193.93939393939394, 200.0, 206.06060606060606, 212.12121212121212, 218.1818181818182, 224.24242424242425, 230.3030303030303, 236.36363636363637, 242.42424242424244, 248.48484848484847, 254.54545454545453, 260.6060606060606, 266.6666666666667, 272.72727272727275, 278.7878787878788, 284.8484848484849, 290.9090909090909, 296.96969696969694, 303.030303030303, 309.09090909090907, 315.1515151515151, 321.2121212121212, 327.27272727272725, 333.3333333333333, 339.3939393939394, 345.45454545454544, 351.5151515151515, 357.57575757575756, 363.6363636363636, 369.6969696969697, 375.75757575757575, 381.8181818181818, 387.8787878787879, 393.93939393939394, 400.0, 406.06060606060606, 412.1212121212121, 418.1818181818182, 424.24242424242425, 430.3030303030303, 436.3636363636364, 442.42424242424244, 448.4848484848485, 454.54545454545456, 460.6060606060606, 466.6666666666667, 472.72727272727275, 478.7878787878788, 484.8484848484849, 490.9090909090909, 496.96969696969694, 503.030303030303, 509.09090909090907, 515.1515151515151, 521.2121212121212, 527.2727272727273, 533.3333333333334, 539.3939393939394, 545.4545454545455, 551.5151515151515, 557.5757575757576, 563.6363636363636, 569.6969696969697, 575.7575757575758, 581.8181818181818, 587.8787878787879, 593.9393939393939, 600.0],
         "dplt_at_force_location": -5.03649902343749,
         "maximum_dplt": -5.03649902343749,
         "location_max_dplt": 600.0
    },
     "metadata": {
         "error_code": 0,
         "model": "BendingTestAnalytical",
         "load_case": "Cantilever",
         "description": "",
         "job_name": "",
         "persistent_result_files": "",
         "n_cpus": 1,
         "date": "2026-03-26 14:57:31.524305",
         "cpu_time": 0.004481315612792969,
         "user": "sebastien.bocquet",
         "machine": "IPF7101",
         "vims_git_version": "d0050d8de498c8354552cdde540fb3e524454871",
         "directory_archive_root": "/home/sebastien.bocquet/PycharmProjects/vimseo/docs/runnable_examples/model_runs/archive/calibration_coupled",
         "directory_archive_job": "/home/sebastien.bocquet/PycharmProjects/vimseo/docs/runnable_examples/model_runs/archive/calibration_coupled/BendingTestAnalytical/Cantilever/64",
         "directory_scratch_root": "/home/sebastien.bocquet/PycharmProjects/vimseo/docs/runnable_examples/model_runs/scratch/calibration_coupled",
         "directory_scratch_job": ""
    }
}