{
     "inputs": {
         "young_modulus": 219905.42700239795,
         "Cantilever:length": 600.0,
         "Cantilever:width": 30.5316162109375,
         "Cantilever:height": 39.9625244140625,
         "Cantilever:imposed_dplt": -5.0740966796875,
         "Cantilever:relative_dplt_location": 1.0,
         "Cantilever:nu_p": 0.3
    },
     "outputs": {
         "length": 600.0,
         "width": 30.5316162109375,
         "height": 39.9625244140625,
         "imposed_dplt": -5.0740966796875,
         "relative_dplt_location": 1.0,
         "nu_p": 0.3,
         "reaction_forces": -2516.4568105033522,
         "moment": [1509874.0863020113, 0.0],
         "moment_grid": [0.0, 600.0],
         "dplt": [0.0, -0.0007739535015430813, -0.0030853551750703876, -0.006918516773929028, -0.012257750051466105, -0.019087366761028717, -0.02739167865596393, -0.0371549974896189, -0.04836163501534069, -0.06099590298647638, -0.0750421131563731, -0.09048457727837796, -0.107307607105838, -0.1254955143921004, -0.14503261089051223, -0.16590320835442052, -0.18809161853717252, -0.2115821531921152, -0.23635912407259574, -0.2624068429319611, -0.2897096215235586, -0.31825177160073514, -0.3480176049168381, -0.37899143322521434, -0.4111575682792107, -0.44450032183217486, -0.4790040056374536, -0.5146529314483941, -0.5514314110183435, -0.5893237561006487, -0.628314278448657, -0.6683872898157154, -0.709527101955171, -0.7517180266203708, -0.7949443755646624, -0.8391904605413919, -0.8844405933039076, -0.9306790856055558, -0.9778902491996836, -1.0260583958396388, -1.0751678372787676, -1.1252028852704177, -1.176147851567936, -1.2279870479246695, -1.2807047860939658, -1.334285377829171, -1.3887131348836332, -1.443972369010699, -1.5000473919637152, -1.5569225154960298, -1.6145820513609892, -1.6730103113119412, -1.7321916071022319, -1.7921102504852089, -1.8527505532142194, -1.9140968270426106, -1.9761333837237292, -2.0388445350109228, -2.1022145926575377, -2.166227868416922, -2.230868674042422, -2.2961213212873846, -2.361970121905159, -2.4283993876490895, -2.4953934302725247, -2.5629365615288116, -2.631013093171297, -2.6996073369533273, -2.7687036046282523, -2.8382862079494147, -2.908339458670166, -2.9788476685438505, -3.0497951493238165, -3.1211662127634106, -3.192945170615981, -3.265116334634872, -3.337664016573435, -3.4105725281850123, -3.4838261812229554, -3.557409287440608, -3.6313061585913204, -3.7055011064284353, -3.7799784427053043, -3.8547224791752717, -3.9297175275916856, -4.004947899707894, -4.080397907277243, -4.156051862053078, -4.231894075788752, -4.3079088602376014, -4.384080527152985, -4.460393388288242, -4.536831755396724, -4.613379940231774, -4.690022254546745, -4.766743010094977, -4.8435265186298215, -4.920357091904626, -4.997219041672735, -5.074096679687497],
         "dplt_grid": [0.0, 6.0606060606060606, 12.121212121212121, 18.18181818181818, 24.242424242424242, 30.303030303030305, 36.36363636363636, 42.42424242424242, 48.484848484848484, 54.54545454545455, 60.60606060606061, 66.66666666666667, 72.72727272727272, 78.78787878787878, 84.84848484848484, 90.9090909090909, 96.96969696969697, 103.03030303030303, 109.0909090909091, 115.15151515151516, 121.21212121212122, 127.27272727272727, 133.33333333333334, 139.3939393939394, 145.45454545454544, 151.5151515151515, 157.57575757575756, 163.63636363636363, 169.6969696969697, 175.75757575757575, 181.8181818181818, 187.87878787878788, 193.93939393939394, 200.0, 206.06060606060606, 212.12121212121212, 218.1818181818182, 224.24242424242425, 230.3030303030303, 236.36363636363637, 242.42424242424244, 248.48484848484847, 254.54545454545453, 260.6060606060606, 266.6666666666667, 272.72727272727275, 278.7878787878788, 284.8484848484849, 290.9090909090909, 296.96969696969694, 303.030303030303, 309.09090909090907, 315.1515151515151, 321.2121212121212, 327.27272727272725, 333.3333333333333, 339.3939393939394, 345.45454545454544, 351.5151515151515, 357.57575757575756, 363.6363636363636, 369.6969696969697, 375.75757575757575, 381.8181818181818, 387.8787878787879, 393.93939393939394, 400.0, 406.06060606060606, 412.1212121212121, 418.1818181818182, 424.24242424242425, 430.3030303030303, 436.3636363636364, 442.42424242424244, 448.4848484848485, 454.54545454545456, 460.6060606060606, 466.6666666666667, 472.72727272727275, 478.7878787878788, 484.8484848484849, 490.9090909090909, 496.96969696969694, 503.030303030303, 509.09090909090907, 515.1515151515151, 521.2121212121212, 527.2727272727273, 533.3333333333334, 539.3939393939394, 545.4545454545455, 551.5151515151515, 557.5757575757576, 563.6363636363636, 569.6969696969697, 575.7575757575758, 581.8181818181818, 587.8787878787879, 593.9393939393939, 600.0],
         "dplt_at_force_location": -5.074096679687497,
         "maximum_dplt": -5.074096679687497,
         "location_max_dplt": 600.0
    },
     "metadata": {
         "error_code": 0,
         "model": "BendingTestAnalytical",
         "load_case": "Cantilever",
         "description": "",
         "job_name": "",
         "persistent_result_files": "",
         "n_cpus": 1,
         "date": "2026-03-26 14:57:41.294017",
         "cpu_time": 0.005537271499633789,
         "user": "sebastien.bocquet",
         "machine": "IPF7101",
         "vims_git_version": "d0050d8de498c8354552cdde540fb3e524454871",
         "directory_archive_root": "/home/sebastien.bocquet/PycharmProjects/vimseo/docs/runnable_examples/model_runs/archive/calibration_scalars",
         "directory_archive_job": "/home/sebastien.bocquet/PycharmProjects/vimseo/docs/runnable_examples/model_runs/archive/calibration_scalars/BendingTestAnalytical/Cantilever/164",
         "directory_scratch_root": "/home/sebastien.bocquet/PycharmProjects/vimseo/docs/runnable_examples/model_runs/scratch/calibration_scalars",
         "directory_scratch_job": ""
    }
}