{
     "inputs": {
         "young_modulus": 221130.3483839161,
         "Cantilever:length": 600.0,
         "Cantilever:width": 29.599609375,
         "Cantilever:height": 40.2264404296875,
         "Cantilever:imposed_dplt": -5.0703125,
         "Cantilever:relative_dplt_location": 1.0,
         "Cantilever:nu_p": 0.3
    },
     "outputs": {
         "length": 600.0,
         "width": 29.599609375,
         "height": 40.2264404296875,
         "imposed_dplt": -5.0703125,
         "relative_dplt_location": 1.0,
         "nu_p": 0.3,
         "reaction_forces": -2500.288523122373,
         "moment": [1500173.1138734238, 0.0],
         "moment_grid": [0.0, 600.0],
         "dplt": [0.0, -0.0007733762994705759, -0.003083054166808373, -0.006913357055402513, -0.012248608418642108, -0.01907313170991626, -0.027371250382614065, -0.03712728789012466, -0.04832556768583712, -0.06095041322314058, -0.0749861479554241, -0.09041709533607688, -0.1072275788184879, -0.12540192185604643, -0.1449244479021415, -0.1657794804101622, -0.18795134283349763, -0.21142435862553705, -0.23618285123966937, -0.2622111441292836, -0.2894935607477693, -0.31801442454851514, -0.34775805898491063, -0.37870878751034454, -0.4108509335782059, -0.4441688206418843, -0.4786467721547685, -0.5142691115702476, -0.5510201623417108, -0.5888842479225472, -0.627845691766146, -0.6678888173258962, -0.7089979480551869, -0.7511574074074072, -0.7943515188359463, -0.8385646057941931, -0.883780991735537, -0.929985000113367, -0.977160954381072, -1.0252931779920416, -1.0743659943996644, -1.1243637270573297, -1.1752706994184265, -1.2270712349363442, -1.279749657064472, -1.3332902892561984, -1.387677454964913, -1.4428954776440044, -1.4989286807468623, -1.5557613877268754, -1.6133779220374334, -1.671762607131925, -1.730899766463739, -1.7907737234862653, -1.8513688016528924, -1.9126693244170094, -1.9746596152320057, -2.0373239975512702, -2.100646794828192, -2.16461233051616, -2.2292049280685644, -2.294408910938793, -2.360208602580236, -2.4265883264462804, -2.4935324059903192, -2.5610251646657374, -2.6290509259259265, -2.6975940132242737, -2.7666387500141716, -2.8361694597490046, -2.9061704658821665, -2.9766260918670437, -3.0475206611570256, -3.1188384972055, -3.19056392346586, -3.2626812633914906, -3.335174840435784, -3.4080289780521253, -3.48122799969391, -3.5547562288145205, -3.6285979888673503, -3.702737603305785, -3.7771593955832166, -3.8518476891530344, -3.9267868074686247, -4.001961073983381, -4.077354812150689, -4.1529523454239365, -4.228737997256516, -4.304696091101815, -4.380810950413225, -4.45706689864413, -4.533448259247923, -4.609939355677992, -4.686524511387727, -4.763188049830515, -4.839914294459748, -4.916687568728815, -4.9934921960911005, -5.0703125],
         "dplt_grid": [0.0, 6.0606060606060606, 12.121212121212121, 18.18181818181818, 24.242424242424242, 30.303030303030305, 36.36363636363636, 42.42424242424242, 48.484848484848484, 54.54545454545455, 60.60606060606061, 66.66666666666667, 72.72727272727272, 78.78787878787878, 84.84848484848484, 90.9090909090909, 96.96969696969697, 103.03030303030303, 109.0909090909091, 115.15151515151516, 121.21212121212122, 127.27272727272727, 133.33333333333334, 139.3939393939394, 145.45454545454544, 151.5151515151515, 157.57575757575756, 163.63636363636363, 169.6969696969697, 175.75757575757575, 181.8181818181818, 187.87878787878788, 193.93939393939394, 200.0, 206.06060606060606, 212.12121212121212, 218.1818181818182, 224.24242424242425, 230.3030303030303, 236.36363636363637, 242.42424242424244, 248.48484848484847, 254.54545454545453, 260.6060606060606, 266.6666666666667, 272.72727272727275, 278.7878787878788, 284.8484848484849, 290.9090909090909, 296.96969696969694, 303.030303030303, 309.09090909090907, 315.1515151515151, 321.2121212121212, 327.27272727272725, 333.3333333333333, 339.3939393939394, 345.45454545454544, 351.5151515151515, 357.57575757575756, 363.6363636363636, 369.6969696969697, 375.75757575757575, 381.8181818181818, 387.8787878787879, 393.93939393939394, 400.0, 406.06060606060606, 412.1212121212121, 418.1818181818182, 424.24242424242425, 430.3030303030303, 436.3636363636364, 442.42424242424244, 448.4848484848485, 454.54545454545456, 460.6060606060606, 466.6666666666667, 472.72727272727275, 478.7878787878788, 484.8484848484849, 490.9090909090909, 496.96969696969694, 503.030303030303, 509.09090909090907, 515.1515151515151, 521.2121212121212, 527.2727272727273, 533.3333333333334, 539.3939393939394, 545.4545454545455, 551.5151515151515, 557.5757575757576, 563.6363636363636, 569.6969696969697, 575.7575757575758, 581.8181818181818, 587.8787878787879, 593.9393939393939, 600.0],
         "dplt_at_force_location": -5.0703125,
         "maximum_dplt": -5.0703125,
         "location_max_dplt": 600.0
    },
     "metadata": {
         "error_code": 0,
         "model": "BendingTestAnalytical",
         "load_case": "Cantilever",
         "description": "",
         "job_name": "",
         "persistent_result_files": "",
         "n_cpus": 1,
         "date": "2026-03-26 14:57:46.214138",
         "cpu_time": 0.007246971130371094,
         "user": "sebastien.bocquet",
         "machine": "IPF7101",
         "vims_git_version": "d0050d8de498c8354552cdde540fb3e524454871",
         "directory_archive_root": "/home/sebastien.bocquet/PycharmProjects/vimseo/docs/runnable_examples/model_runs/archive/calibration_scalars",
         "directory_archive_job": "/home/sebastien.bocquet/PycharmProjects/vimseo/docs/runnable_examples/model_runs/archive/calibration_scalars/BendingTestAnalytical/Cantilever/436",
         "directory_scratch_root": "/home/sebastien.bocquet/PycharmProjects/vimseo/docs/runnable_examples/model_runs/scratch/calibration_scalars",
         "directory_scratch_job": ""
    }
}