{
     "inputs": {
         "young_modulus": 224531.25,
         "Cantilever:length": 600.0,
         "Cantilever:width": 29.966064453125,
         "Cantilever:height": 40.191162109375,
         "Cantilever:imposed_dplt": -5.030029296875,
         "Cantilever:relative_dplt_location": 1.0,
         "Cantilever:nu_p": 0.3
    },
     "outputs": {
         "length": 600.0,
         "width": 29.966064453125,
         "height": 40.191162109375,
         "imposed_dplt": -5.030029296875,
         "relative_dplt_location": 1.0,
         "nu_p": 0.3,
         "reaction_forces": -2543.0503971903977,
         "moment": [1525830.2383142386, 0.0],
         "moment_grid": [0.0, 600.0],
         "dplt": [0.0, -0.0007672318903116469, -0.003058559562728857, -0.006858431019475042, -0.012151294262773615, -0.018921597294847995, -0.027153788117921577, -0.036832314734217816, -0.04794162514596009, -0.060466167355371844, -0.07439038936467646, -0.08969873917609739, -0.10637566479185798, -0.12440561421418173, -0.143773035445292, -0.16446237648741216, -0.1864580853427657, -0.209744610013576, -0.23430639850206644, -0.2601278988104605, -0.2871935589409815, -0.3154878268958528, -0.34499515067729813, -0.37569997828754065, -0.4075867577288036, -0.44063993700331083, -0.47484396411328544, -0.5101832870609511, -0.5466423538485309, -0.5842056124782484, -0.6228575109523271, -0.6625824972729903, -0.7033650194424614, -0.745189525462964, -0.7880404633367213, -0.8319022810659569, -0.876759426652894, -0.922596348099756, -0.9693974934087664, -1.017147310582149, -1.0658302476221264, -1.1154307525309224, -1.1659332733107606, -1.2173222579638647, -1.2695821544924573, -1.3226974108987624, -1.3766524751850029, -1.4314317953534026, -1.4870198194061843, -1.5434009953455727, -1.6005597711737907, -1.658480594893061, -1.7171479145056079, -1.7765461780136538, -1.8366598334194233, -1.8974733287251389, -1.9589711119330246, -2.0211376310453035, -2.0839573340641993, -2.1474146689919342, -2.2114940838307335, -2.276180026582819, -2.3414569452504166, -2.4073092878357456, -2.4737215023410335, -2.540678036768501, -2.6081633391203725, -2.676161857398871, -2.7446580396062217, -2.813636333744645, -2.883081187816367, -2.9529770498236094, -3.0233083677685975, -3.0940595896535514, -3.165215163480699, -3.236759537252259, -3.308677158970459, -3.380952476637518, -3.453569938255664, -3.526513991827118, -3.599769085354104, -3.6733196668388435, -3.7471501842835635, -3.8212450856904843, -3.895588819061831, -3.9701658323998275, -4.044960573706696, -4.119957490984659, -4.1951410322359415, -4.270495645462766, -4.346005778667357, -4.4216558798519365, -4.49743039701873, -4.573313778169958, -4.6492904713078484, -4.725344924434618, -4.801461585552496, -4.877624902663704, -4.953819323770463, -5.030029296875003],
         "dplt_grid": [0.0, 6.0606060606060606, 12.121212121212121, 18.18181818181818, 24.242424242424242, 30.303030303030305, 36.36363636363636, 42.42424242424242, 48.484848484848484, 54.54545454545455, 60.60606060606061, 66.66666666666667, 72.72727272727272, 78.78787878787878, 84.84848484848484, 90.9090909090909, 96.96969696969697, 103.03030303030303, 109.0909090909091, 115.15151515151516, 121.21212121212122, 127.27272727272727, 133.33333333333334, 139.3939393939394, 145.45454545454544, 151.5151515151515, 157.57575757575756, 163.63636363636363, 169.6969696969697, 175.75757575757575, 181.8181818181818, 187.87878787878788, 193.93939393939394, 200.0, 206.06060606060606, 212.12121212121212, 218.1818181818182, 224.24242424242425, 230.3030303030303, 236.36363636363637, 242.42424242424244, 248.48484848484847, 254.54545454545453, 260.6060606060606, 266.6666666666667, 272.72727272727275, 278.7878787878788, 284.8484848484849, 290.9090909090909, 296.96969696969694, 303.030303030303, 309.09090909090907, 315.1515151515151, 321.2121212121212, 327.27272727272725, 333.3333333333333, 339.3939393939394, 345.45454545454544, 351.5151515151515, 357.57575757575756, 363.6363636363636, 369.6969696969697, 375.75757575757575, 381.8181818181818, 387.8787878787879, 393.93939393939394, 400.0, 406.06060606060606, 412.1212121212121, 418.1818181818182, 424.24242424242425, 430.3030303030303, 436.3636363636364, 442.42424242424244, 448.4848484848485, 454.54545454545456, 460.6060606060606, 466.6666666666667, 472.72727272727275, 478.7878787878788, 484.8484848484849, 490.9090909090909, 496.96969696969694, 503.030303030303, 509.09090909090907, 515.1515151515151, 521.2121212121212, 527.2727272727273, 533.3333333333334, 539.3939393939394, 545.4545454545455, 551.5151515151515, 557.5757575757576, 563.6363636363636, 569.6969696969697, 575.7575757575758, 581.8181818181818, 587.8787878787879, 593.9393939393939, 600.0],
         "dplt_at_force_location": -5.030029296875003,
         "maximum_dplt": -5.030029296875003,
         "location_max_dplt": 600.0
    },
     "metadata": {
         "error_code": 0,
         "model": "BendingTestAnalytical",
         "load_case": "Cantilever",
         "description": "",
         "job_name": "",
         "persistent_result_files": "",
         "n_cpus": 1,
         "date": "2026-03-17 09:06:02.462242",
         "cpu_time": 0.018405675888061523,
         "user": "sebastien.bocquet",
         "machine": "B20191729",
         "vims_git_version": "1b6e7132b9faba0cc93317d127a381ee76a8cb8e",
         "directory_archive_root": "C:\\Users\\sebastien.bocquet\\PycharmProjects\\vimseo\\docs\\runnable_examples\\model_runs\\archive\\calibration_coupled",
         "directory_archive_job": "C:\\Users\\sebastien.bocquet\\PycharmProjects\\vimseo\\docs\\runnable_examples\\model_runs\\archive\\calibration_coupled\\BendingTestAnalytical\\Cantilever\\60",
         "directory_scratch_root": "C:\\Users\\sebastien.bocquet\\PycharmProjects\\vimseo\\docs\\runnable_examples\\model_runs\\scratch\\calibration_coupled",
         "directory_scratch_job": ""
    }
}