{
     "inputs": {
         "young_modulus": 217405.42700239795,
         "Cantilever:length": 600.0,
         "Cantilever:width": 30.1181640625,
         "Cantilever:height": 39.6412353515625,
         "Cantilever:imposed_dplt": -4.913818359375,
         "Cantilever:relative_dplt_location": 1.0,
         "Cantilever:nu_p": 0.3
    },
     "outputs": {
         "length": 600.0,
         "width": 30.1181640625,
         "height": 39.6412353515625,
         "imposed_dplt": -4.913818359375,
         "relative_dplt_location": 1.0,
         "nu_p": 0.3,
         "reaction_forces": -2319.774510108872,
         "moment": [1391864.7060653232, 0.0],
         "moment_grid": [0.0, 600.0],
         "dplt": [0.0, -0.00074950620085922, -0.002987896341263103, -0.006699977727951001, -0.011870557667662256, -0.0184844434671362, -0.026526442433112158, -0.0359813618723295, -0.04683400909152753, -0.059069191397445604, -0.07267171609682305, -0.08762639049639923, -0.10391802190291345, -0.1215314176231051, -0.14045138496371354, -0.160662731231478, -0.18215026373313795, -0.20489878977543266, -0.22889311666510148, -0.2541180517088835, -0.2805584022135186, -0.3081989754857457, -0.3370245788323044, -0.3670200195599339, -0.3981701049753733, -0.4304596423853624, -0.46387343909664036, -0.49839630241594646, -0.53401303965002, -0.5707084581056004, -0.6084673650894271, -0.6472745679082393, -0.6871148738687762, -0.7279730902777776, -0.7698340244419826, -0.8126824836681301, -0.85650327526296, -0.9012812065332114, -0.9470010847856238, -0.9936477173269365, -1.0412059114638887, -1.08966047450322, -1.1389962137516692, -1.1891979365159762, -1.2402504501028804, -1.2921385618191206, -1.3448470789714364, -1.398360808866567, -1.452664558811252, -1.5077431361122313, -1.5635813480762428, -1.620164002010027, -1.677475905220323, -1.7355018650138696, -1.794226688697407, -1.8536351835776737, -1.9137121569614095, -1.9744424161553542, -2.035810768466246, -2.0978020212008253, -2.1604009816658305, -2.2235924571680017, -2.287361255014078, -2.3516921825107984, -2.416570046964903, -2.48197965568313, -2.5479058159722205, -2.614333335138912, -2.681247020489946, -2.748631679332058, -2.816472118971992, -2.8847531467164833, -2.9534595698722743, -3.022576195746103, -3.092087831644709, -3.16197928487483, -3.232235362743209, -3.302840872556581, -3.3737806216216897, -3.445039417245271, -3.516602066734066, -3.5884533773948117, -3.6605781565342514, -3.7329612114591226, -3.8055873494761623, -3.878441377892114, -3.951508104013715, -4.024772335147702, -4.09821887860082, -4.171832541679803, -4.245598131691394, -4.31950045594233, -4.393524321739352, -4.4676545363891975, -4.54187590719861, -4.616173241474321, -4.690531346523076, -4.764935029651616, -4.839369098166674, -4.913818359374996],
         "dplt_grid": [0.0, 6.0606060606060606, 12.121212121212121, 18.18181818181818, 24.242424242424242, 30.303030303030305, 36.36363636363636, 42.42424242424242, 48.484848484848484, 54.54545454545455, 60.60606060606061, 66.66666666666667, 72.72727272727272, 78.78787878787878, 84.84848484848484, 90.9090909090909, 96.96969696969697, 103.03030303030303, 109.0909090909091, 115.15151515151516, 121.21212121212122, 127.27272727272727, 133.33333333333334, 139.3939393939394, 145.45454545454544, 151.5151515151515, 157.57575757575756, 163.63636363636363, 169.6969696969697, 175.75757575757575, 181.8181818181818, 187.87878787878788, 193.93939393939394, 200.0, 206.06060606060606, 212.12121212121212, 218.1818181818182, 224.24242424242425, 230.3030303030303, 236.36363636363637, 242.42424242424244, 248.48484848484847, 254.54545454545453, 260.6060606060606, 266.6666666666667, 272.72727272727275, 278.7878787878788, 284.8484848484849, 290.9090909090909, 296.96969696969694, 303.030303030303, 309.09090909090907, 315.1515151515151, 321.2121212121212, 327.27272727272725, 333.3333333333333, 339.3939393939394, 345.45454545454544, 351.5151515151515, 357.57575757575756, 363.6363636363636, 369.6969696969697, 375.75757575757575, 381.8181818181818, 387.8787878787879, 393.93939393939394, 400.0, 406.06060606060606, 412.1212121212121, 418.1818181818182, 424.24242424242425, 430.3030303030303, 436.3636363636364, 442.42424242424244, 448.4848484848485, 454.54545454545456, 460.6060606060606, 466.6666666666667, 472.72727272727275, 478.7878787878788, 484.8484848484849, 490.9090909090909, 496.96969696969694, 503.030303030303, 509.09090909090907, 515.1515151515151, 521.2121212121212, 527.2727272727273, 533.3333333333334, 539.3939393939394, 545.4545454545455, 551.5151515151515, 557.5757575757576, 563.6363636363636, 569.6969696969697, 575.7575757575758, 581.8181818181818, 587.8787878787879, 593.9393939393939, 600.0],
         "dplt_at_force_location": -4.913818359374996,
         "maximum_dplt": -4.913818359374996,
         "location_max_dplt": 600.0
    },
     "metadata": {
         "error_code": 0,
         "model": "BendingTestAnalytical",
         "load_case": "Cantilever",
         "description": "",
         "job_name": "",
         "persistent_result_files": "",
         "n_cpus": 1,
         "date": "2026-03-17 09:06:42.950701",
         "cpu_time": 0.05710911750793457,
         "user": "sebastien.bocquet",
         "machine": "B20191729",
         "vims_git_version": "1b6e7132b9faba0cc93317d127a381ee76a8cb8e",
         "directory_archive_root": "C:\\Users\\sebastien.bocquet\\PycharmProjects\\vimseo\\docs\\runnable_examples\\model_runs\\archive\\calibration_scalars",
         "directory_archive_job": "C:\\Users\\sebastien.bocquet\\PycharmProjects\\vimseo\\docs\\runnable_examples\\model_runs\\archive\\calibration_scalars\\BendingTestAnalytical\\Cantilever\\186",
         "directory_scratch_root": "C:\\Users\\sebastien.bocquet\\PycharmProjects\\vimseo\\docs\\runnable_examples\\model_runs\\scratch\\calibration_scalars",
         "directory_scratch_job": ""
    }
}