{
     "inputs": {
         "length": 611.8471865322803,
         "width": 30.246038575386027,
         "height": 40.15750273008677,
         "imposed_dplt": -15.501472560049573,
         "relative_dplt_location": 0.9297900681248926,
         "young_modulus": 209510.0586683685,
         "nu_p": 0.29444347819952676
    },
     "outputs": {
         "reaction_forces": -8637.793690450051,
         "moment": [4913949.591623356, 0.0, 0.0],
         "moment_grid": [0.0, 568.8894372478727, 611.8471865322803],
         "dplt": [0.0, -0.002734314567721579, -0.010897507765070178, -0.02442995383332159, -0.0432720270137516, -0.06736410154763602, -0.09664655167625068, -0.13105975164087133, -0.1705440756827738, -0.2150398980432339, -0.2644875929635274, -0.31882753468493, -0.37800009744871776, -0.4419456554961664, -0.5106045830685514, -0.5839172544071488, -0.6618240437532344, -0.7442653253480839, -0.8311814734329747, -0.9225128622491797, -1.0181998660379763, -1.11818285904064, -1.2224022154984464, -1.3307983096526725, -1.4433115157445926, -1.559882208015483, -1.6804507607066195, -1.8049575480592783, -1.9333429443147345, -2.0655473237142647, -2.2015110604991444, -2.3411745289106487, -2.484478103190054, -2.6313621575786366, -2.7817670663176712, -2.9356332036484343, -3.0929009438122024, -3.25351066105025, -3.4174027296038534, -3.584517523714287, -3.754795417622829, -3.928176785570754, -4.104602001799337, -4.2840114405498575, -4.4663454760635855, -4.651544482581802, -4.8395488343457815, -5.030298905596796, -5.223735070576125, -5.419797703525044, -5.618427178684829, -5.819563870296753, -6.023148152602097, -6.229120399842133, -6.437420986258135, -6.6479902860913835, -6.860768673583151, -7.075696522974716, -7.292714208507353, -7.511762104422335, -7.732780584960941, -7.955710024364446, -8.180490796874128, -8.407063276731257, -8.635367838177114, -8.865344855452976, -9.096934702800116, -9.33007775445981, -9.564714384673328, -9.800784967681956, -10.038229877726966, -10.276989489049633, -10.517004175891232, -10.758214312493037, -11.00056027309633, -11.243982431942381, -11.488421163272472, -11.733816841327874, -11.980109840349854, -12.227240534579709, -12.4751492982587, -12.723776505628106, -12.9730625309292, -13.222947748403266, -13.47337253229157, -13.724276748685368, -13.975594221235953, -14.227259782525756, -14.479213914028593, -14.73140250393667, -14.983776847160554, -15.236293645329198, -15.488915006789933, -15.741608446608458, -15.994346886568865, -16.247108655173612, -16.49987748764353, -16.752642525917842, -17.005398318654134, -17.25814482122838],
         "dplt_grid": [0.0, 6.1802746114371745, 12.360549222874349, 18.540823834311524, 24.721098445748698, 30.90137305718587, 37.08164766862305, 43.26192228006022, 49.442196891497396, 55.62247150293457, 61.80274611437174, 67.98302072580891, 74.1632953372461, 80.34356994868327, 86.52384456012044, 92.70411917155762, 98.88439378299479, 105.06466839443196, 111.24494300586915, 117.42521761730632, 123.60549222874349, 129.78576684018066, 135.96604145161783, 142.14631606305502, 148.3265906744922, 154.50686528592936, 160.68713989736654, 166.8674145088037, 173.04768912024088, 179.22796373167807, 185.40823834311524, 191.5885129545524, 197.76878756598958, 203.94906217742675, 210.12933678886392, 216.3096114003011, 222.4898860117383, 228.67016062317546, 234.85043523461263, 241.0307098460498, 247.21098445748697, 253.39125906892414, 259.5715336803613, 265.7518082917985, 271.93208290323565, 278.11235751467285, 284.29263212611005, 290.4729067375472, 296.6531813489844, 302.83345596042153, 309.01373057185873, 315.19400518329587, 321.37427979473307, 327.55455440617027, 333.7348290176074, 339.9151036290446, 346.09537824048175, 352.27565285191895, 358.45592746335615, 364.6362020747933, 370.8164766862305, 376.99675129766763, 383.1770259091048, 389.35730052054197, 395.53757513197917, 401.71784974341637, 407.8981243548535, 414.0783989662907, 420.25867357772785, 426.43894818916505, 432.6192228006022, 438.7994974120394, 444.9797720234766, 451.1600466349137, 457.3403212463509, 463.52059585778807, 469.70087046922526, 475.88114508066246, 482.0614196920996, 488.2416943035368, 494.42196891497395, 500.60224352641114, 506.7825181378483, 512.9627927492854, 519.1430673607226, 525.3233419721598, 531.503616583597, 537.6838911950342, 543.8641658064713, 550.0444404179085, 556.2247150293457, 562.4049896407829, 568.5852642522201, 574.7655388636572, 580.9458134750944, 587.1260880865316, 593.3063626979688, 599.486637309406, 605.6669119208431, 611.8471865322803],
         "dplt_at_force_location": -15.50135175522003,
         "maximum_dplt": -17.25814482122838,
         "location_max_dplt": 611.8471865322803
    },
     "metadata": {
         "error_code": 0,
         "model": "BendingTestAnalytical",
         "load_case": "Cantilever",
         "description": "",
         "job_name": "",
         "persistent_result_files": "",
         "n_cpus": 1,
         "date": "2026-03-17 09:07:47.549716",
         "cpu_time": 0.03369545936584473,
         "user": "sebastien.bocquet",
         "machine": "B20191729",
         "vims_git_version": "1b6e7132b9faba0cc93317d127a381ee76a8cb8e",
         "directory_archive_root": "C:\\Users\\sebastien.bocquet\\PycharmProjects\\vimseo\\docs\\runnable_examples\\model_runs\\archive\\uq",
         "directory_archive_job": "C:\\Users\\sebastien.bocquet\\PycharmProjects\\vimseo\\docs\\runnable_examples\\model_runs\\archive\\uq\\BendingTestAnalytical\\Cantilever\\86",
         "directory_scratch_root": "C:\\Users\\sebastien.bocquet\\PycharmProjects\\vimseo\\docs\\runnable_examples\\model_runs\\scratch\\uq",
         "directory_scratch_job": ""
    }
}