{
     "inputs": {
         "young_modulus": 221250.0,
         "Cantilever:length": 600.0,
         "Cantilever:width": 30.1181640625,
         "Cantilever:height": 39.6412353515625,
         "Cantilever:imposed_dplt": -4.913818359375,
         "Cantilever:relative_dplt_location": 1.0,
         "Cantilever:nu_p": 0.3
    },
     "outputs": {
         "length": 600.0,
         "width": 30.1181640625,
         "height": 39.6412353515625,
         "imposed_dplt": -4.913818359375,
         "relative_dplt_location": 1.0,
         "nu_p": 0.3,
         "reaction_forces": -2360.797140339679,
         "moment": [1416478.2842038074, 0.0],
         "moment_grid": [0.0, 600.0],
         "dplt": [0.0, -0.0007495062008592198, -0.002987896341263104, -0.006699977727950999, -0.011870557667662249, -0.01848444346713619, -0.026526442433112134, -0.03598136187232947, -0.0468340090915275, -0.05906919139744556, -0.072671716096823, -0.08762639049639917, -0.10391802190291338, -0.121531417623105, -0.14045138496371343, -0.1606627312314778, -0.1821502637331377, -0.20489878977543244, -0.22889311666510112, -0.2541180517088836, -0.28055840221351863, -0.30819897548574576, -0.3370245788323045, -0.367020019559934, -0.39817010497537353, -0.43045964238536266, -0.4638734390966407, -0.4983963024159468, -0.5340130396500204, -0.5707084581056009, -0.6084673650894277, -0.64727456790824, -0.6871148738687771, -0.7279730902777783, -0.7698340244419835, -0.812682483668131, -0.856503275262961, -0.9012812065332125, -0.9470010847856251, -0.9936477173269377, -1.04120591146389, -1.0896604745032212, -1.1389962137516707, -1.189197936515978, -1.2402504501028822, -1.2921385618191226, -1.3448470789714382, -1.398360808866569, -1.4526645588112541, -1.507743136112233, -1.5635813480762448, -1.6201640020100292, -1.677475905220325, -1.7355018650138716, -1.794226688697409, -1.8536351835776759, -1.913712156961412, -1.9744424161553562, -2.035810768466248, -2.097802021200827, -2.160400981665833, -2.2235924571680035, -2.2873612550140803, -2.3516921825108, -2.416570046964906, -2.4819796556831326, -2.5479058159722223, -2.6143333351389137, -2.681247020489948, -2.74863167933206, -2.8164721189719937, -2.884753146716486, -2.9534595698722765, -3.022576195746104, -3.092087831644711, -3.1619792848748323, -3.232235362743211, -3.3028408725565828, -3.373780621621691, -3.445039417245273, -3.516602066734068, -3.5884533773948144, -3.6605781565342537, -3.7329612114591235, -3.8055873494761636, -3.8784413778921154, -3.9515081040137168, -4.024772335147705, -4.0982188786008225, -4.171832541679805, -4.2455981316913975, -4.3195004559423325, -4.393524321739355, -4.4676545363892, -4.5418759071986115, -4.616173241474324, -4.690531346523079, -4.764935029651618, -4.839369098166677, -4.913818359374998],
         "dplt_grid": [0.0, 6.0606060606060606, 12.121212121212121, 18.18181818181818, 24.242424242424242, 30.303030303030305, 36.36363636363636, 42.42424242424242, 48.484848484848484, 54.54545454545455, 60.60606060606061, 66.66666666666667, 72.72727272727272, 78.78787878787878, 84.84848484848484, 90.9090909090909, 96.96969696969697, 103.03030303030303, 109.0909090909091, 115.15151515151516, 121.21212121212122, 127.27272727272727, 133.33333333333334, 139.3939393939394, 145.45454545454544, 151.5151515151515, 157.57575757575756, 163.63636363636363, 169.6969696969697, 175.75757575757575, 181.8181818181818, 187.87878787878788, 193.93939393939394, 200.0, 206.06060606060606, 212.12121212121212, 218.1818181818182, 224.24242424242425, 230.3030303030303, 236.36363636363637, 242.42424242424244, 248.48484848484847, 254.54545454545453, 260.6060606060606, 266.6666666666667, 272.72727272727275, 278.7878787878788, 284.8484848484849, 290.9090909090909, 296.96969696969694, 303.030303030303, 309.09090909090907, 315.1515151515151, 321.2121212121212, 327.27272727272725, 333.3333333333333, 339.3939393939394, 345.45454545454544, 351.5151515151515, 357.57575757575756, 363.6363636363636, 369.6969696969697, 375.75757575757575, 381.8181818181818, 387.8787878787879, 393.93939393939394, 400.0, 406.06060606060606, 412.1212121212121, 418.1818181818182, 424.24242424242425, 430.3030303030303, 436.3636363636364, 442.42424242424244, 448.4848484848485, 454.54545454545456, 460.6060606060606, 466.6666666666667, 472.72727272727275, 478.7878787878788, 484.8484848484849, 490.9090909090909, 496.96969696969694, 503.030303030303, 509.09090909090907, 515.1515151515151, 521.2121212121212, 527.2727272727273, 533.3333333333334, 539.3939393939394, 545.4545454545455, 551.5151515151515, 557.5757575757576, 563.6363636363636, 569.6969696969697, 575.7575757575758, 581.8181818181818, 587.8787878787879, 593.9393939393939, 600.0],
         "dplt_at_force_location": -4.913818359374998,
         "maximum_dplt": -4.913818359374998,
         "location_max_dplt": 600.0
    },
     "metadata": {
         "error_code": 0,
         "model": "BendingTestAnalytical",
         "load_case": "Cantilever",
         "description": "",
         "job_name": "",
         "persistent_result_files": "",
         "n_cpus": 1,
         "date": "2026-03-26 14:57:36.690740",
         "cpu_time": 0.005994319915771484,
         "user": "sebastien.bocquet",
         "machine": "IPF7101",
         "vims_git_version": "d0050d8de498c8354552cdde540fb3e524454871",
         "directory_archive_root": "/home/sebastien.bocquet/PycharmProjects/vimseo/docs/runnable_examples/model_runs/archive/calibration_scalars",
         "directory_archive_job": "/home/sebastien.bocquet/PycharmProjects/vimseo/docs/runnable_examples/model_runs/archive/calibration_scalars/BendingTestAnalytical/Cantilever/36",
         "directory_scratch_root": "/home/sebastien.bocquet/PycharmProjects/vimseo/docs/runnable_examples/model_runs/scratch/calibration_scalars",
         "directory_scratch_job": ""
    }
}