{
     "inputs": {
         "young_modulus": 210000.0,
         "Cantilever:length": 600.0,
         "Cantilever:width": 30.5928955078125,
         "Cantilever:height": 40.24951171875,
         "Cantilever:imposed_dplt": -4.9840087890625,
         "Cantilever:relative_dplt_location": 1.0,
         "Cantilever:nu_p": 0.3
    },
     "outputs": {
         "length": 600.0,
         "width": 30.5928955078125,
         "height": 40.24951171875,
         "imposed_dplt": -4.9840087890625,
         "relative_dplt_location": 1.0,
         "nu_p": 0.3,
         "reaction_forces": -2416.4999115064124,
         "moment": [1449899.9469038474, 0.0],
         "moment_grid": [0.0, 600.0],
         "dplt": [0.0, -0.0007602123683331116, -0.0030305763332198355, -0.006795682184491264, -0.012040120211978485, -0.018748480705512577, -0.02690535395492462, -0.03649533025004571, -0.047502999880706935, -0.05991295313673936, -0.07370978030797408, -0.0888780716842422, -0.10540241755537474, -0.12326740821120288, -0.1424576339415577, -0.16295768503627017, -0.1847521517851715, -0.20782562447809275, -0.23216269340486495, -0.2577479488553189, -0.2845659811192863, -0.3126013804865979, -0.3418387372470849, -0.3722626416905783, -0.40385768410690903, -0.4366084547859086, -0.4704995440174076, -0.5055155420912375, -0.5416410392972292, -0.5788606259252139, -0.6171588922650225, -0.6565204286064864, -0.6969298252394363, -0.7383716724537035, -0.7808305605391189, -0.824291079785514, -0.8687378204827195, -0.9141553729205666, -0.9605283273888865, -1.00784127417751, -1.0560788035762685, -1.105225505874993, -1.1552659713635143, -1.206184790331664, -1.2579665530692727, -1.3105958498661723, -1.3640572710121925, -1.4183354067971652, -1.4734148475109217, -1.5292801834432925, -1.5859160048841092, -1.643306902123203, -1.7014374654504045, -1.760292285155545, -1.8198559515284558, -1.8801130548589673, -1.9410481854369113, -2.002645933552119, -2.0648908894944205, -2.127767643553648, -2.1912607860196314, -2.2553549071822028, -2.3200345973311935, -2.3852844467564327, -2.4510890457477545, -2.5174329845949868, -2.5843008535879637, -2.6516772430165134, -2.71954674317047, -2.7878939443396606, -2.856703436813921, -2.9259598108830787, -2.9956476568369657, -3.0657515649654137, -3.1362561255582544, -3.207145928905317, -3.278405565296434, -3.3500196250214342, -3.4219726983701535, -3.4942493756324184, -3.5668342470980625, -3.6397119030569134, -3.7128669337988067, -3.7862839296135715, -3.859947480791039, -3.9338421776210404, -4.007952610393407, -4.082263369397968, -4.1567590449245575, -4.2314242272630045, -4.306243506703142, -4.381201473534796, -4.456282718047805, -4.531471830531995, -4.606753401277199, -4.682112020573246, -4.757532278709968, -4.832998765977201, -4.908496072664767, -4.984008789062505],
         "dplt_grid": [0.0, 6.0606060606060606, 12.121212121212121, 18.18181818181818, 24.242424242424242, 30.303030303030305, 36.36363636363636, 42.42424242424242, 48.484848484848484, 54.54545454545455, 60.60606060606061, 66.66666666666667, 72.72727272727272, 78.78787878787878, 84.84848484848484, 90.9090909090909, 96.96969696969697, 103.03030303030303, 109.0909090909091, 115.15151515151516, 121.21212121212122, 127.27272727272727, 133.33333333333334, 139.3939393939394, 145.45454545454544, 151.5151515151515, 157.57575757575756, 163.63636363636363, 169.6969696969697, 175.75757575757575, 181.8181818181818, 187.87878787878788, 193.93939393939394, 200.0, 206.06060606060606, 212.12121212121212, 218.1818181818182, 224.24242424242425, 230.3030303030303, 236.36363636363637, 242.42424242424244, 248.48484848484847, 254.54545454545453, 260.6060606060606, 266.6666666666667, 272.72727272727275, 278.7878787878788, 284.8484848484849, 290.9090909090909, 296.96969696969694, 303.030303030303, 309.09090909090907, 315.1515151515151, 321.2121212121212, 327.27272727272725, 333.3333333333333, 339.3939393939394, 345.45454545454544, 351.5151515151515, 357.57575757575756, 363.6363636363636, 369.6969696969697, 375.75757575757575, 381.8181818181818, 387.8787878787879, 393.93939393939394, 400.0, 406.06060606060606, 412.1212121212121, 418.1818181818182, 424.24242424242425, 430.3030303030303, 436.3636363636364, 442.42424242424244, 448.4848484848485, 454.54545454545456, 460.6060606060606, 466.6666666666667, 472.72727272727275, 478.7878787878788, 484.8484848484849, 490.9090909090909, 496.96969696969694, 503.030303030303, 509.09090909090907, 515.1515151515151, 521.2121212121212, 527.2727272727273, 533.3333333333334, 539.3939393939394, 545.4545454545455, 551.5151515151515, 557.5757575757576, 563.6363636363636, 569.6969696969697, 575.7575757575758, 581.8181818181818, 587.8787878787879, 593.9393939393939, 600.0],
         "dplt_at_force_location": -4.984008789062505,
         "maximum_dplt": -4.984008789062505,
         "location_max_dplt": 600.0
    },
     "metadata": {
         "error_code": 0,
         "model": "BendingTestAnalytical",
         "load_case": "Cantilever",
         "description": "",
         "job_name": "",
         "persistent_result_files": "",
         "n_cpus": 1,
         "date": "2026-06-16 18:10:20.201446",
         "cpu_time": 0.23762869834899902,
         "user": "sebastien.bocquet",
         "machine": "PCBM20250036",
         "vims_git_version": "3de96ae2320a30b8a84551033e41da0fca6276ac",
         "directory_archive_root": "C:\\Users\\sebastien.bocquet\\Dev\\vimseo\\docs\\runnable_examples\\model_runs\\archive\\calibration_scalars",
         "directory_archive_job": "C:\\Users\\sebastien.bocquet\\Dev\\vimseo\\docs\\runnable_examples\\model_runs\\archive\\calibration_scalars\\BendingTestAnalytical\\Cantilever\\485",
         "directory_scratch_root": "C:\\Users\\sebastien.bocquet\\Dev\\vimseo\\docs\\runnable_examples\\model_runs\\scratch\\calibration_scalars",
         "directory_scratch_job": ""
    }
}