{
     "inputs": {
         "young_modulus": 224782.71484375,
         "Cantilever:length": 600.0,
         "Cantilever:width": 30.04931640625,
         "Cantilever:height": 40.17333984375,
         "Cantilever:imposed_dplt": -5.0364990234375,
         "Cantilever:relative_dplt_location": 1.0,
         "Cantilever:nu_p": 0.3
    },
     "outputs": {
         "length": 600.0,
         "width": 30.04931640625,
         "height": 40.17333984375,
         "imposed_dplt": -5.0364990234375,
         "relative_dplt_location": 1.0,
         "nu_p": 0.3,
         "reaction_forces": -2552.856107808489,
         "moment": [1531713.6646850933, 0.0],
         "moment_grid": [0.0, 600.0],
         "dplt": [0.0, -0.0007682187196614141, -0.003062493544596174, -0.006867252473730069, -0.012166923505988882, -0.018945934640298392, -0.027188713875584365, -0.036879689210772615, -0.04800328864478889, -0.06054394017655899, -0.07448607180500869, -0.08981411152906377, -0.10651248734765, -0.12456562725969321, -0.14395795926411917, -0.16467391135985354, -0.18669791154582227, -0.21001438782095114, -0.23460776818416576, -0.26046248063439237, -0.28756295317055613, -0.3158936137915831, -0.3454388904963992, -0.37618321128393, -0.40811100415310114, -0.4412066971028389, -0.4754547181320687, -0.5108394952397164, -0.5473454564247079, -0.5849570296859687, -0.6236586430224247, -0.663434724433002, -0.704269701916626, -0.7461480034722225, -0.7890540570987175, -0.8329722907950365, -0.8778871325601056, -0.9237830103928504, -0.9706443522921968, -1.0184555862570703, -1.0672011402863968, -1.1168654423791022, -1.1674329205341123, -1.2188880027503528, -1.2712151170267498, -1.3243986913622283, -1.3784231537557146, -1.433272932206135, -1.4889324547124136, -1.5453861492734782, -1.6026184438882531, -1.6606137665556657, -1.71935654527464, -1.7788312080441024, -1.8390221828629791, -1.8999138977301955, -1.9614907806446777, -2.0237372596053516, -2.0866377626111423, -2.150176717660975, -2.2143385527537776, -2.2791076958884737, -2.3444685750639915, -2.4104056182792535, -2.4769032535331896, -2.543945908824721, -2.6115180121527777, -2.679603991516282, -2.748188274914163, -2.8172552903453436, -2.8867894658087514, -2.9567752293033105, -3.0271970088279483, -3.098039232381589, -3.1692863279631616, -3.2409227235715874, -3.3129328472057966, -3.38530112686471, -3.4580119905472584, -3.531049866252364, -3.6043991819789567, -3.6780443657259565, -3.7519698454922925, -3.826160049276891, -3.9005994050786756, -3.9752723408965758, -4.050163284729515, -4.125256664576417, -4.200536908436212, -4.275988444307821, -4.351595700190174, -4.427343104082194, -4.503215083982808, -4.579196067890941, -4.655270483805521, -4.731422759725469, -4.807637323649716, -4.883898603577186, -4.960191027506802, -5.036499023437495],
         "dplt_grid": [0.0, 6.0606060606060606, 12.121212121212121, 18.18181818181818, 24.242424242424242, 30.303030303030305, 36.36363636363636, 42.42424242424242, 48.484848484848484, 54.54545454545455, 60.60606060606061, 66.66666666666667, 72.72727272727272, 78.78787878787878, 84.84848484848484, 90.9090909090909, 96.96969696969697, 103.03030303030303, 109.0909090909091, 115.15151515151516, 121.21212121212122, 127.27272727272727, 133.33333333333334, 139.3939393939394, 145.45454545454544, 151.5151515151515, 157.57575757575756, 163.63636363636363, 169.6969696969697, 175.75757575757575, 181.8181818181818, 187.87878787878788, 193.93939393939394, 200.0, 206.06060606060606, 212.12121212121212, 218.1818181818182, 224.24242424242425, 230.3030303030303, 236.36363636363637, 242.42424242424244, 248.48484848484847, 254.54545454545453, 260.6060606060606, 266.6666666666667, 272.72727272727275, 278.7878787878788, 284.8484848484849, 290.9090909090909, 296.96969696969694, 303.030303030303, 309.09090909090907, 315.1515151515151, 321.2121212121212, 327.27272727272725, 333.3333333333333, 339.3939393939394, 345.45454545454544, 351.5151515151515, 357.57575757575756, 363.6363636363636, 369.6969696969697, 375.75757575757575, 381.8181818181818, 387.8787878787879, 393.93939393939394, 400.0, 406.06060606060606, 412.1212121212121, 418.1818181818182, 424.24242424242425, 430.3030303030303, 436.3636363636364, 442.42424242424244, 448.4848484848485, 454.54545454545456, 460.6060606060606, 466.6666666666667, 472.72727272727275, 478.7878787878788, 484.8484848484849, 490.9090909090909, 496.96969696969694, 503.030303030303, 509.09090909090907, 515.1515151515151, 521.2121212121212, 527.2727272727273, 533.3333333333334, 539.3939393939394, 545.4545454545455, 551.5151515151515, 557.5757575757576, 563.6363636363636, 569.6969696969697, 575.7575757575758, 581.8181818181818, 587.8787878787879, 593.9393939393939, 600.0],
         "dplt_at_force_location": -5.036499023437495,
         "maximum_dplt": -5.036499023437495,
         "location_max_dplt": 600.0
    },
     "metadata": {
         "error_code": 0,
         "model": "BendingTestAnalytical",
         "load_case": "Cantilever",
         "description": "",
         "job_name": "",
         "persistent_result_files": "",
         "n_cpus": 1,
         "date": "2026-03-17 09:06:09.636905",
         "cpu_time": 0.04149746894836426,
         "user": "sebastien.bocquet",
         "machine": "B20191729",
         "vims_git_version": "1b6e7132b9faba0cc93317d127a381ee76a8cb8e",
         "directory_archive_root": "C:\\Users\\sebastien.bocquet\\PycharmProjects\\vimseo\\docs\\runnable_examples\\model_runs\\archive\\calibration_coupled",
         "directory_archive_job": "C:\\Users\\sebastien.bocquet\\PycharmProjects\\vimseo\\docs\\runnable_examples\\model_runs\\archive\\calibration_coupled\\BendingTestAnalytical\\Cantilever\\106",
         "directory_scratch_root": "C:\\Users\\sebastien.bocquet\\PycharmProjects\\vimseo\\docs\\runnable_examples\\model_runs\\scratch\\calibration_coupled",
         "directory_scratch_job": ""
    }
}