{
     "inputs": {
         "length": 579.2999542736862,
         "width": 30.65639566307064,
         "height": 40.40041731248769,
         "imposed_dplt": -14.30949249780354,
         "relative_dplt_location": 0.8967583885050391,
         "young_modulus": 210392.8076566173,
         "nu_p": 0.2968476955421576
    },
     "outputs": {
         "reaction_forces": -10852.678782924673,
         "moment": [5637880.820541775, 0.0, 0.0],
         "moment_grid": [0.0, 519.4920934555137, 579.2999542736862],
         "dplt": [0.0, -0.0027130669933307316, -0.010811368068293978, -0.024233553367346387, -0.04291827303294457, -0.06680417720754515, -0.09582991603360473, -0.12993413965358, -0.1690554982099275, -0.2131326418451039, -0.26210422070156575, -0.31590888492176966, -0.37448528464817243, -0.4377720700232305, -0.5057078911894007, -0.5782313982891394, -0.655281241464903, -0.7367960708591489, -0.8227145366143326, -0.9129752888729128, -1.0075169777773436, -1.1062782534700828, -1.2091977660935869, -1.316214165790313, -1.4272661027027165, -1.5422922269732555, -1.6612311887443854, -1.7840216381585638, -1.9106022253582466, -2.0409116004858907, -2.174888413683953, -2.3124713150948892, -2.4535989548611568, -2.5982099831252126, -2.746243050029512, -2.897636805716513, -3.052329900328671, -3.210260984008444, -3.3713687068982874, -3.535591719140658, -3.7028686708780127, -3.873138212252808, -4.046338993407502, -4.222409664484548, -4.401288875626406, -4.5829152769755295, -4.76722751867438, -4.954164250865409, -5.143664123691074, -5.335665787293834, -5.530107891816144, -5.7269290874004595, -5.92606802418924, -6.12746335232494, -6.331053721950018, -6.536777783206928, -6.74457418623813, -6.954381581186077, -7.1661386181932265, -7.3797839474020375, -7.595256218954964, -7.812494082994464, -8.031436189662994, -8.252021189103008, -8.474187731456968, -8.697874466867326, -8.923020045476544, -9.149563117427071, -9.377442332861364, -9.60659634192189, -9.836963794751096, -10.06848334149144, -10.30109363228538, -10.534733317275375, -10.769341046603877, -11.004855470413347, -11.241215238846237, -11.478359002045003, -11.71622541015211, -11.954753113310009, -12.193880761661156, -12.43354700534801, -12.673690494513021, -12.914249879298659, -13.155163809847359, -13.396366812214405, -13.637765232781511, -13.87929896242839, -14.120922471877197, -14.362596992619093, -14.60429051691424, -14.845977797791814, -15.087640349049977, -15.32926644525591, -15.570851121745797, -15.812396174624821, -16.053910160767174, -16.295408397816047, -16.53691296418365, -16.778452699051172],
         "dplt_grid": [0.0, 5.851514689633194, 11.703029379266388, 17.55454406889958, 23.406058758532776, 29.25757344816597, 35.10908813779916, 40.96060282743236, 46.81211751706555, 52.66363220669874, 58.51514689633194, 64.36666158596513, 70.21817627559832, 76.06969096523152, 81.92120565486472, 87.77272034449791, 93.6242350341311, 99.4757497237643, 105.32726441339749, 111.17877910303069, 117.03029379266388, 122.88180848229707, 128.73332317193027, 134.58483786156347, 140.43635255119665, 146.28786724082985, 152.13938193046303, 157.99089662009624, 163.84241130972944, 169.69392599936262, 175.54544068899582, 181.396955378629, 187.2484700682622, 193.0999847578954, 198.9514994475286, 204.8030141371618, 210.65452882679497, 216.50604351642818, 222.35755820606138, 228.20907289569456, 234.06058758532777, 239.91210227496094, 245.76361696459415, 251.61513165422735, 257.46664634386053, 263.3181610334937, 269.16967572312694, 275.0211904127601, 280.8727051023933, 286.72421979202653, 292.5757344816597, 298.4272491712929, 304.27876386092606, 310.1302785505593, 315.9817932401925, 321.83330792982565, 327.6848226194589, 333.53633730909206, 339.38785199872524, 345.2393666883585, 351.09088137799165, 356.9423960676248, 362.793910757258, 368.64542544689124, 374.4969401365244, 380.3484548261576, 386.1999695157908, 392.051484205424, 397.9029988950572, 403.75451358469036, 409.6060282743236, 415.45754296395677, 421.30905765358995, 427.1605723432232, 433.01208703285636, 438.86360172248953, 444.71511641212277, 450.56663110175595, 456.4181457913891, 462.2696604810223, 468.12117517065553, 473.9726898602887, 479.8242045499219, 485.6757192395551, 491.5272339291883, 497.3787486188215, 503.2302633084547, 509.0817779980879, 514.9332926877211, 520.7848073773542, 526.6363220669874, 532.4878367566207, 538.3393514462539, 544.1908661358871, 550.0423808255202, 555.8938955151534, 561.7454102047866, 567.5969248944198, 573.4484395840531, 579.2999542736862],
         "dplt_at_force_location": -14.309206369150148,
         "maximum_dplt": -16.778452699051172,
         "location_max_dplt": 579.2999542736862
    },
     "metadata": {
         "error_code": 0,
         "model": "BendingTestAnalytical",
         "load_case": "Cantilever",
         "description": "",
         "job_name": "",
         "persistent_result_files": "",
         "n_cpus": 1,
         "date": "2026-03-17 09:07:44.448719",
         "cpu_time": 0.020614147186279297,
         "user": "sebastien.bocquet",
         "machine": "B20191729",
         "vims_git_version": "1b6e7132b9faba0cc93317d127a381ee76a8cb8e",
         "directory_archive_root": "C:\\Users\\sebastien.bocquet\\PycharmProjects\\vimseo\\docs\\runnable_examples\\model_runs\\archive\\uq",
         "directory_archive_job": "C:\\Users\\sebastien.bocquet\\PycharmProjects\\vimseo\\docs\\runnable_examples\\model_runs\\archive\\uq\\BendingTestAnalytical\\Cantilever\\40",
         "directory_scratch_root": "C:\\Users\\sebastien.bocquet\\PycharmProjects\\vimseo\\docs\\runnable_examples\\model_runs\\scratch\\uq",
         "directory_scratch_job": ""
    }
}