{
     "inputs": {
         "length": 607.9741355776546,
         "width": 29.938326335730274,
         "height": 40.42817663201059,
         "imposed_dplt": -15.126350447107695,
         "relative_dplt_location": 0.923126580597101,
         "young_modulus": 212485.14486915423,
         "nu_p": 0.30491413554617747
    },
     "outputs": {
         "reaction_forces": -8991.737933466822,
         "moment": [5046496.785669447, 0.0, 0.0],
         "moment_grid": [0.0, 561.2370848672786, 607.9741355776546],
         "dplt": [0.0, -0.002706733996480695, -0.01078730135658982, -0.024182250136327993, -0.0428321283916958, -0.06667748417869385, -0.09565886555332276, -0.1297168205715831, -0.16879189728947547, -0.21282464376300053, -0.2617556080481588, -0.315525338200951, -0.3740743822773776, -0.4373432883334394, -0.5052726044251368, -0.57780287860847, -0.6548746589394404, -0.7364284934740479, -0.8224049302682938, -0.9127445173781782, -1.0073878028597016, -1.106275334768865, -1.2093476611616687, -1.3165453300941135, -1.4278088896221999, -1.5430788878019288, -1.6622958726892996, -1.7854003923403146, -1.9123329948109735, -2.0430342281572766, -2.1774446404352252, -2.3155047797008192, -2.4571551940100598, -2.602336431418948, -2.750989039983483, -2.9030535677596667, -3.0584705628034987, -3.21718057317098, -3.3791241469181115, -3.5442418321008935, -3.712474176775327, -3.8837617289974125, -4.058045036823149, -4.23526464830854, -4.415361111509584, -4.598274974482282, -4.783946785282632, -4.972317091966642, -5.163326442590306, -5.356915385209627, -5.553024467880604, -5.75159423865924, -5.952565245601532, -6.155878036763486, -6.361473160201098, -6.56929116397037, -6.779272596127304, -6.991358004727897, -7.205487937828153, -7.421602943484073, -7.639643569751653, -7.8595503646869, -8.081263876345808, -8.304724652784385, -8.529873242058624, -8.75665019222453, -8.984996051338106, -9.214851367455342, -9.446156688632248, -9.678852562924828, -9.912879538389074, -10.14817816308099, -10.384688985056576, -10.622352552371833, -10.86110941308276, -11.100900115245361, -11.341665206915636, -11.583345236149583, -11.825880751003199, -12.069212299532495, -12.313280429793467, -12.55802568984211, -12.803388627734433, -13.049309791526433, -13.295727727381218, -13.542574730205823, -13.789787248090033, -14.037306759933628, -14.285079688603059, -14.53305740093145, -14.781196207718603, -15.029457363730982, -15.277807067701744, -15.526216462330702, -15.774661634284346, -16.023123614195843, -16.271588376665026, -16.520046840258413, -16.768494867509187, -17.0169332649172],
         "dplt_grid": [0.0, 6.141152884622773, 12.282305769245546, 18.42345865386832, 24.564611538491093, 30.705764423113866, 36.84691730773664, 42.988070192359416, 49.129223076982186, 55.270375961604955, 61.41152884622773, 67.55268173085051, 73.69383461547328, 79.83498750009605, 85.97614038471883, 92.1172932693416, 98.25844615396437, 104.39959903858714, 110.54075192320991, 116.6819048078327, 122.82305769245546, 128.96421057707823, 135.10536346170102, 141.24651634632377, 147.38766923094656, 153.52882211556934, 159.6699750001921, 165.81112788481488, 171.95228076943766, 178.09343365406042, 184.2345865386832, 190.37573942330596, 196.51689230792874, 202.65804519255153, 208.79919807717428, 214.94035096179707, 221.08150384641982, 227.2226567310426, 233.3638096156654, 239.50496250028814, 245.64611538491093, 251.7872682695337, 257.92842115415647, 264.06957403877925, 270.21072692340204, 276.3518798080248, 282.49303269264755, 288.63418557727033, 294.7753384618931, 300.9164913465159, 307.0576442311387, 313.1987971157614, 319.3399500003842, 325.481102885007, 331.62225576962976, 337.76340865425254, 343.9045615388753, 350.04571442349805, 356.18686730812084, 362.3280201927436, 368.4691730773664, 374.6103259619892, 380.7514788466119, 386.8926317312347, 393.0337846158575, 399.17493750048027, 405.31609038510305, 411.4572432697258, 417.59839615434856, 423.73954903897135, 429.88070192359413, 436.0218548082169, 442.16300769283964, 448.3041605774624, 454.4453134620852, 460.586466346708, 466.7276192313308, 472.86877211595356, 479.0099250005763, 485.1510778851991, 491.29223076982186, 497.43338365444464, 503.5745365390674, 509.71568942369015, 515.8568423083129, 521.9979951929357, 528.1391480775585, 534.2803009621813, 540.4214538468041, 546.5626067314269, 552.7037596160496, 558.8449125006723, 564.9860653852951, 571.1272182699179, 577.2683711545407, 583.4095240391634, 589.5506769237862, 595.691829808409, 601.8329826930318, 607.9741355776546],
         "dplt_at_force_location": -15.12619739125599,
         "maximum_dplt": -17.0169332649172,
         "location_max_dplt": 607.9741355776546
    },
     "metadata": {
         "error_code": 0,
         "model": "BendingTestAnalytical",
         "load_case": "Cantilever",
         "description": "",
         "job_name": "",
         "persistent_result_files": "",
         "n_cpus": 1,
         "date": "2026-03-17 09:07:47.697994",
         "cpu_time": 0.0333559513092041,
         "user": "sebastien.bocquet",
         "machine": "B20191729",
         "vims_git_version": "1b6e7132b9faba0cc93317d127a381ee76a8cb8e",
         "directory_archive_root": "C:\\Users\\sebastien.bocquet\\PycharmProjects\\vimseo\\docs\\runnable_examples\\model_runs\\archive\\uq",
         "directory_archive_job": "C:\\Users\\sebastien.bocquet\\PycharmProjects\\vimseo\\docs\\runnable_examples\\model_runs\\archive\\uq\\BendingTestAnalytical\\Cantilever\\88",
         "directory_scratch_root": "C:\\Users\\sebastien.bocquet\\PycharmProjects\\vimseo\\docs\\runnable_examples\\model_runs\\scratch\\uq",
         "directory_scratch_job": ""
    }
}