{
     "inputs": {
         "length": 602.480674581502,
         "width": 29.32052460191914,
         "height": 40.69442582329209,
         "imposed_dplt": -14.612183225468659,
         "relative_dplt_location": 0.9000867322584953,
         "young_modulus": 214805.53250987796,
         "nu_p": 0.2951266351543803
    },
     "outputs": {
         "reaction_forces": -9722.873830400278,
         "moment": [5272567.289793324, 0.0, 0.0],
         "moment_grid": [0.0, 542.284861632958, 602.480674581502],
         "dplt": [0.0, -0.0027500438825189145, -0.010958872069413324, -0.024564529369689826, -0.04350506059235492, -0.06771851054641512, -0.09714292404087692, -0.1317163458847468, -0.17137682088703132, -0.21606239385673703, -0.26571110960287037, -0.32026101293443787, -0.3796501486604462, -0.4438165615899018, -0.512698296531811, -0.5862333982951808, -0.6643599116890173, -0.7470158815223276, -0.8341393526041174, -0.9256683697433937, -1.0215409777491633, -1.1216952214304323, -1.2260691455962072, -1.3346007950554948, -1.4472282146173017, -1.5638894490906337, -1.6845225432844986, -1.8090655420079016, -1.9374564900698492, -2.0696334322793493, -2.2055344134454073, -2.3450974783770304, -2.4882606718832245, -2.634962038772996, -2.7851396238553527, -2.9387314719393007, -3.0956756278338444, -3.2559101363479925, -3.4193730422907516, -3.586002390471127, -3.7557362256981257, -3.9285125927807556, -4.104269536528021, -4.282945101748932, -4.464477333252488, -4.648804275847704, -4.835863974343579, -5.025594473549127, -5.217933818273348, -5.412820053325251, -5.610191223513844, -5.809985373648132, -6.012140548537123, -6.21659479298982, -6.423286151815234, -6.632152669822367, -6.843132391820228, -7.056163362617827, -7.271183627024162, -7.488131229848248, -7.706944215899086, -7.927560629985687, -8.149918516917047, -8.373955921502194, -8.599610888550112, -8.82682146286982, -9.055525689270317, -9.285661612560615, -9.517167277549722, -9.749980729046639, -9.984040011860376, -10.21928317079994, -10.455648250674336, -10.69307329629257, -10.93149635246365, -11.170855463996581, -11.411088675700368, -11.652134032384028, -11.893929578856552, -12.136413359926953, -12.379523420404244, -12.62319780509742, -12.867374558815504, -13.111991726367485, -13.356969897179555, -13.602229299824884, -13.847713369251398, -14.093371417477925, -14.33915862982718, -14.58503606492575, -14.830970654704116, -15.076935204396616, -15.322908392541487, -15.568874770980843, -15.814824764860681, -16.060754672630864, -16.306666666045146, -16.552568790161168, -16.798474963340436, -17.04440497724835],
         "dplt_grid": [0.0, 6.08566337961113, 12.17132675922226, 18.25699013883339, 24.34265351844452, 30.42831689805565, 36.51398027766678, 42.59964365727791, 48.68530703688904, 54.77097041650018, 60.8566337961113, 66.94229717572243, 73.02796055533356, 79.1136239349447, 85.19928731455582, 91.28495069416695, 97.37061407377809, 103.45627745338922, 109.54194083300035, 115.62760421261147, 121.7132675922226, 127.79893097183374, 133.88459435144486, 139.970257731056, 146.05592111066713, 152.14158449027826, 158.2272478698894, 164.31291124950053, 170.39857462911164, 176.48423800872277, 182.5699013883339, 188.65556476794504, 194.74122814755617, 200.8268915271673, 206.91255490677844, 212.99821828638957, 219.0838816660007, 225.1695450456118, 231.25520842522295, 237.34087180483408, 243.4265351844452, 249.51219856405635, 255.59786194366748, 261.6835253232786, 267.7691887028897, 273.8548520825009, 279.940515462112, 286.02617884172315, 292.11184222133426, 298.19750560094536, 304.2831689805565, 310.36883236016763, 316.4544957397788, 322.5401591193899, 328.62582249900106, 334.71148587861217, 340.79714925822327, 346.88281263783443, 352.96847601744554, 359.0541393970567, 365.1398027766678, 371.22546615627897, 377.3111295358901, 383.39679291550124, 389.48245629511234, 395.56811967472345, 401.6537830543346, 407.7394464339457, 413.8251098135569, 419.910773193168, 425.99643657277915, 432.08209995239025, 438.1677633320014, 444.2534267116125, 450.3390900912236, 456.4247534708348, 462.5104168504459, 468.59608023005705, 474.68174360966816, 480.7674069892793, 486.8530703688904, 492.93873374850153, 499.0243971281127, 505.1100605077238, 511.19572388733496, 517.2813872669461, 523.3670506465572, 529.4527140261683, 535.5383774057794, 541.6240407853905, 547.7097041650018, 553.7953675446129, 559.881030924224, 565.9666943038351, 572.0523576834463, 578.1380210630574, 584.2236844426685, 590.3093478222796, 596.3950112018907, 602.480674581502],
         "dplt_at_force_location": -14.611741239682539,
         "maximum_dplt": -17.04440497724835,
         "location_max_dplt": 602.480674581502
    },
     "metadata": {
         "error_code": 0,
         "model": "BendingTestAnalytical",
         "load_case": "Cantilever",
         "description": "",
         "job_name": "",
         "persistent_result_files": "",
         "n_cpus": 1,
         "date": "2026-03-26 14:57:55.179269",
         "cpu_time": 0.0033884048461914062,
         "user": "sebastien.bocquet",
         "machine": "IPF7101",
         "vims_git_version": "d0050d8de498c8354552cdde540fb3e524454871",
         "directory_archive_root": "/home/sebastien.bocquet/PycharmProjects/vimseo/docs/runnable_examples/model_runs/archive/uq",
         "directory_archive_job": "/home/sebastien.bocquet/PycharmProjects/vimseo/docs/runnable_examples/model_runs/archive/uq/BendingTestAnalytical/Cantilever/17",
         "directory_scratch_root": "/home/sebastien.bocquet/PycharmProjects/vimseo/docs/runnable_examples/model_runs/scratch/uq",
         "directory_scratch_job": ""
    }
}