{
     "inputs": {
         "young_modulus": 225625.0,
         "Cantilever:length": 600.0,
         "Cantilever:width": 29.8519287109375,
         "Cantilever:height": 40.728271484375,
         "Cantilever:imposed_dplt": -5.087890625,
         "Cantilever:relative_dplt_location": 1.0,
         "Cantilever:nu_p": 0.3
    },
     "outputs": {
         "length": 600.0,
         "width": 29.8519287109375,
         "height": 40.728271484375,
         "imposed_dplt": -5.087890625,
         "relative_dplt_location": 1.0,
         "nu_p": 0.3,
         "reaction_forces": -2679.6099148254207,
         "moment": [1607765.9488952523, 0.0],
         "moment_grid": [0.0, 600.0],
         "dplt": [0.0, -0.000776057496194472, -0.0030937427213157996, -0.006937324780170857, -0.012291072777566513, -0.019139255818309643, -0.02746614300720708, -0.03725600344906573, -0.04849310624869244, -0.061161720510894094, -0.07524611534047752, -0.09073055984224962, -0.10759932312101726, -0.12583667428158735, -0.1454268824287667, -0.16635421666736214, -0.18860294610218065, -0.21215733983802904, -0.23700166697971423, -0.26312019663204317, -0.2904971978998225, -0.31911693988785905, -0.3489636917009601, -0.38002172244393206, -0.4122753012215819, -0.44570869713871675, -0.4803061793001433, -0.5160520168106684, -0.5529304787750989, -0.5909258342982419, -0.6300223524849038, -0.670204302439892, -0.7114559532680129, -0.7537615740740737, -0.7971054339628815, -0.8414718020392423, -0.8868449474079637, -0.9332091391738525, -0.9805486464417152, -1.028847738316359, -1.0780906839025906, -1.128261752305217, -1.179345212629045, -1.2313253339788814, -1.2841863854595337, -1.3379126361758074, -1.3924883552325107, -1.4478978117344496, -1.504125274786431, -1.5611550134932628, -1.6189712969597507, -1.6775583942907029, -1.7369005745909243, -1.7969821069652234, -1.8577872605184067, -1.9193003043552805, -1.9815055075806522, -2.044387139299329, -2.1079294686161165, -2.1721167646358226, -2.2369332964632545, -2.302363333203218, -2.368391143960521, -2.4350009978399685, -2.5021771639463704, -2.569903911384531, -2.638165509259258, -2.7069462266753583, -2.77623033273764, -2.846002096550907, -2.9162457872199696, -2.9869456738496316, -3.058086025544702, -3.1296511114099865, -3.201625200550293, -3.273992562070427, -3.3467374650751975, -3.419844178669408, -3.4932969719578697, -3.5670801140453854, -3.6411778740367646, -3.715574521036812, -3.7902543241503373, -3.8652015524821453, -3.9404004751370425, -4.015835361219838, -4.091490479835338, -4.167350100088347, -4.243398491083675, -4.319619921926125, -4.39599866172051, -4.47251897957163, -4.549165144584297, -4.625921425863315, -4.702772092513492, -4.779701413639633, -4.856693658346548, -4.933733095739043, -5.010803994921923, -5.087890624999997],
         "dplt_grid": [0.0, 6.0606060606060606, 12.121212121212121, 18.18181818181818, 24.242424242424242, 30.303030303030305, 36.36363636363636, 42.42424242424242, 48.484848484848484, 54.54545454545455, 60.60606060606061, 66.66666666666667, 72.72727272727272, 78.78787878787878, 84.84848484848484, 90.9090909090909, 96.96969696969697, 103.03030303030303, 109.0909090909091, 115.15151515151516, 121.21212121212122, 127.27272727272727, 133.33333333333334, 139.3939393939394, 145.45454545454544, 151.5151515151515, 157.57575757575756, 163.63636363636363, 169.6969696969697, 175.75757575757575, 181.8181818181818, 187.87878787878788, 193.93939393939394, 200.0, 206.06060606060606, 212.12121212121212, 218.1818181818182, 224.24242424242425, 230.3030303030303, 236.36363636363637, 242.42424242424244, 248.48484848484847, 254.54545454545453, 260.6060606060606, 266.6666666666667, 272.72727272727275, 278.7878787878788, 284.8484848484849, 290.9090909090909, 296.96969696969694, 303.030303030303, 309.09090909090907, 315.1515151515151, 321.2121212121212, 327.27272727272725, 333.3333333333333, 339.3939393939394, 345.45454545454544, 351.5151515151515, 357.57575757575756, 363.6363636363636, 369.6969696969697, 375.75757575757575, 381.8181818181818, 387.8787878787879, 393.93939393939394, 400.0, 406.06060606060606, 412.1212121212121, 418.1818181818182, 424.24242424242425, 430.3030303030303, 436.3636363636364, 442.42424242424244, 448.4848484848485, 454.54545454545456, 460.6060606060606, 466.6666666666667, 472.72727272727275, 478.7878787878788, 484.8484848484849, 490.9090909090909, 496.96969696969694, 503.030303030303, 509.09090909090907, 515.1515151515151, 521.2121212121212, 527.2727272727273, 533.3333333333334, 539.3939393939394, 545.4545454545455, 551.5151515151515, 557.5757575757576, 563.6363636363636, 569.6969696969697, 575.7575757575758, 581.8181818181818, 587.8787878787879, 593.9393939393939, 600.0],
         "dplt_at_force_location": -5.087890624999997,
         "maximum_dplt": -5.087890624999997,
         "location_max_dplt": 600.0
    },
     "metadata": {
         "error_code": 0,
         "model": "BendingTestAnalytical",
         "load_case": "Cantilever",
         "description": "",
         "job_name": "",
         "persistent_result_files": "",
         "n_cpus": 1,
         "date": "2026-03-26 14:57:30.779274",
         "cpu_time": 0.005132913589477539,
         "user": "sebastien.bocquet",
         "machine": "IPF7101",
         "vims_git_version": "d0050d8de498c8354552cdde540fb3e524454871",
         "directory_archive_root": "/home/sebastien.bocquet/PycharmProjects/vimseo/docs/runnable_examples/model_runs/archive/calibration_coupled",
         "directory_archive_job": "/home/sebastien.bocquet/PycharmProjects/vimseo/docs/runnable_examples/model_runs/archive/calibration_coupled/BendingTestAnalytical/Cantilever/37",
         "directory_scratch_root": "/home/sebastien.bocquet/PycharmProjects/vimseo/docs/runnable_examples/model_runs/scratch/calibration_coupled",
         "directory_scratch_job": ""
    }
}