{
     "inputs": {
         "young_modulus": 218771.2904293925,
         "Cantilever:length": 600.0,
         "Cantilever:width": 30.5316162109375,
         "Cantilever:height": 39.9625244140625,
         "Cantilever:imposed_dplt": -5.0740966796875,
         "Cantilever:relative_dplt_location": 1.0,
         "Cantilever:nu_p": 0.3
    },
     "outputs": {
         "length": 600.0,
         "width": 30.5316162109375,
         "height": 39.9625244140625,
         "imposed_dplt": -5.0740966796875,
         "relative_dplt_location": 1.0,
         "nu_p": 0.3,
         "reaction_forces": -2503.4784782171314,
         "moment": [1502087.086930279, 0.0],
         "moment_grid": [0.0, 600.0],
         "dplt": [0.0, -0.0007739535015430814, -0.0030853551750703893, -0.00691851677392903, -0.012257750051466105, -0.01908736676102871, -0.02739167865596393, -0.03715499748961889, -0.04836163501534067, -0.060995902986476364, -0.07504211315637309, -0.09048457727837793, -0.10730760710583799, -0.12549551439210035, -0.14503261089051223, -0.16590320835442054, -0.18809161853717252, -0.21158215319211526, -0.23635912407259574, -0.2624068429319612, -0.28970962152355867, -0.31825177160073526, -0.3480176049168382, -0.37899143322521434, -0.4111575682792108, -0.4445003218321749, -0.47900400563745366, -0.5146529314483941, -0.5514314110183435, -0.5893237561006486, -0.6283142784486568, -0.6683872898157153, -0.7095271019551708, -0.7517180266203707, -0.794944375564662, -0.8391904605413917, -0.8844405933039072, -0.9306790856055556, -0.9778902491996834, -1.0260583958396383, -1.0751678372787672, -1.125202885270417, -1.1761478515679356, -1.2279870479246688, -1.280704786093965, -1.3342853778291703, -1.3887131348836323, -1.4439723690106983, -1.5000473919637145, -1.556922515496029, -1.6145820513609885, -1.6730103113119401, -1.7321916071022312, -1.7921102504852082, -1.8527505532142188, -1.91409682704261, -1.9761333837237285, -2.038844535010922, -2.102214592657537, -2.1662278684169207, -2.230868674042422, -2.2961213212873837, -2.3619701219051583, -2.4283993876490886, -2.4953934302725242, -2.5629365615288098, -2.6310130931712967, -2.699607336953326, -2.768703604628252, -2.8382862079494133, -2.9083394586701656, -2.9788476685438496, -3.049795149323816, -3.12116621276341, -3.192945170615981, -3.2651163346348717, -3.3376640165734344, -3.4105725281850114, -3.4838261812229545, -3.557409287440608, -3.631306158591319, -3.705501106428435, -3.7799784427053034, -3.8547224791752708, -3.929717527591685, -4.0049478997078936, -4.080397907277242, -4.1560518620530775, -4.23189407578875, -4.3079088602376014, -4.384080527152984, -4.460393388288241, -4.536831755396723, -4.6133799402317734, -4.690022254546744, -4.7667430100949755, -4.84352651862982, -4.9203570919046244, -4.997219041672733, -5.0740966796874964],
         "dplt_grid": [0.0, 6.0606060606060606, 12.121212121212121, 18.18181818181818, 24.242424242424242, 30.303030303030305, 36.36363636363636, 42.42424242424242, 48.484848484848484, 54.54545454545455, 60.60606060606061, 66.66666666666667, 72.72727272727272, 78.78787878787878, 84.84848484848484, 90.9090909090909, 96.96969696969697, 103.03030303030303, 109.0909090909091, 115.15151515151516, 121.21212121212122, 127.27272727272727, 133.33333333333334, 139.3939393939394, 145.45454545454544, 151.5151515151515, 157.57575757575756, 163.63636363636363, 169.6969696969697, 175.75757575757575, 181.8181818181818, 187.87878787878788, 193.93939393939394, 200.0, 206.06060606060606, 212.12121212121212, 218.1818181818182, 224.24242424242425, 230.3030303030303, 236.36363636363637, 242.42424242424244, 248.48484848484847, 254.54545454545453, 260.6060606060606, 266.6666666666667, 272.72727272727275, 278.7878787878788, 284.8484848484849, 290.9090909090909, 296.96969696969694, 303.030303030303, 309.09090909090907, 315.1515151515151, 321.2121212121212, 327.27272727272725, 333.3333333333333, 339.3939393939394, 345.45454545454544, 351.5151515151515, 357.57575757575756, 363.6363636363636, 369.6969696969697, 375.75757575757575, 381.8181818181818, 387.8787878787879, 393.93939393939394, 400.0, 406.06060606060606, 412.1212121212121, 418.1818181818182, 424.24242424242425, 430.3030303030303, 436.3636363636364, 442.42424242424244, 448.4848484848485, 454.54545454545456, 460.6060606060606, 466.6666666666667, 472.72727272727275, 478.7878787878788, 484.8484848484849, 490.9090909090909, 496.96969696969694, 503.030303030303, 509.09090909090907, 515.1515151515151, 521.2121212121212, 527.2727272727273, 533.3333333333334, 539.3939393939394, 545.4545454545455, 551.5151515151515, 557.5757575757576, 563.6363636363636, 569.6969696969697, 575.7575757575758, 581.8181818181818, 587.8787878787879, 593.9393939393939, 600.0],
         "dplt_at_force_location": -5.0740966796874964,
         "maximum_dplt": -5.0740966796874964,
         "location_max_dplt": 600.0
    },
     "metadata": {
         "error_code": 0,
         "model": "BendingTestAnalytical",
         "load_case": "Cantilever",
         "description": "",
         "job_name": "",
         "persistent_result_files": "",
         "n_cpus": 1,
         "date": "2026-03-17 09:06:52.492019",
         "cpu_time": 0.0655977725982666,
         "user": "sebastien.bocquet",
         "machine": "B20191729",
         "vims_git_version": "1b6e7132b9faba0cc93317d127a381ee76a8cb8e",
         "directory_archive_root": "C:\\Users\\sebastien.bocquet\\PycharmProjects\\vimseo\\docs\\runnable_examples\\model_runs\\archive\\calibration_scalars",
         "directory_archive_job": "C:\\Users\\sebastien.bocquet\\PycharmProjects\\vimseo\\docs\\runnable_examples\\model_runs\\archive\\calibration_scalars\\BendingTestAnalytical\\Cantilever\\260",
         "directory_scratch_root": "C:\\Users\\sebastien.bocquet\\PycharmProjects\\vimseo\\docs\\runnable_examples\\model_runs\\scratch\\calibration_scalars",
         "directory_scratch_job": ""
    }
}