{
     "inputs": {
         "young_modulus": 219843.75,
         "Cantilever:length": 600.0,
         "Cantilever:width": 30.32763671875,
         "Cantilever:height": 39.7525634765625,
         "Cantilever:imposed_dplt": -4.9739990234375,
         "Cantilever:relative_dplt_location": 1.0,
         "Cantilever:nu_p": 0.3
    },
     "outputs": {
         "length": 600.0,
         "width": 30.32763671875,
         "height": 39.7525634765625,
         "imposed_dplt": -4.9739990234375,
         "relative_dplt_location": 1.0,
         "nu_p": 0.3,
         "reaction_forces": -2411.2379209065216,
         "moment": [1446742.752543913, 0.0],
         "moment_grid": [0.0, 600.0],
         "dplt": [0.0, -0.0007586855757542267, -0.003024489795236441, -0.006782033896775957, -0.012015939118702083, -0.018710826699344117, -0.026851317877031353, -0.03642203389009313, -0.047407595976858716, -0.05979262537565743, -0.07356174332481856, -0.08869957106267144, -0.10519072982754533, -0.12301984085776961, -0.14217152539167358, -0.1626304046675864, -0.18438109992383758, -0.2074082323987563, -0.23169642333067184, -0.2572302939579143, -0.28399446551881175, -0.3119735592516939, -0.3411521963948903, -0.37151499818673006, -0.4030465858655424, -0.4357315806696569, -0.4695546038374028, -0.5045002766071093, -0.5405532202171057, -0.5776980559057214, -0.6159194049112857, -0.6552018884721279, -0.6955301278265772, -0.736888744212963, -0.7792623588696147, -0.8226355930348613, -0.8669930679470325, -0.9123194048444573, -0.958599224965465, -1.0058171495483852, -1.0539577998315468, -1.1030057970532796, -1.1529457624519124, -1.203762317265775, -1.2554400827331964, -1.307963680092506, -1.3613177305820332, -1.4154868554401068, -1.470455675905056, -1.5262088132152112, -1.582730888608901, -1.640006523324455, -1.698020338600202, -1.7567569556744718, -1.8162009957855936, -1.8763370801718964, -1.9371498300717096, -1.9986238667233633, -2.0607438113651853, -2.123494285235506, -2.186859909572655, -2.25082530561496, -2.3153750946007525, -2.380493897768359, -2.446166336356112, -2.5123770316023397, -2.5791106047453702, -2.646351677023533, -2.714084869675159, -2.7822948039385755, -2.8509661010521143, -2.9200833822541017, -2.9896312687828694, -3.059594381876745, -3.12995734277406, -3.2007047727131406, -3.2718212929323194, -3.343291524669923, -3.415100089164283, -3.4872316076537273, -3.559670701376585, -3.632401991571185, -3.7054100994758583, -3.7786796463289343, -3.8521952533687402, -3.925941541833607, -3.999903132961865, -4.07406464799184, -4.148410708161865, -4.222925934710266, -4.297594948875374, -4.372402371895519, -4.447332825009029, -4.522370929454234, -4.597501306469464, -4.6727085772930455, -4.747977363163311, -4.82329228531859, -4.8986379649972065, -4.973999023437498],
         "dplt_grid": [0.0, 6.0606060606060606, 12.121212121212121, 18.18181818181818, 24.242424242424242, 30.303030303030305, 36.36363636363636, 42.42424242424242, 48.484848484848484, 54.54545454545455, 60.60606060606061, 66.66666666666667, 72.72727272727272, 78.78787878787878, 84.84848484848484, 90.9090909090909, 96.96969696969697, 103.03030303030303, 109.0909090909091, 115.15151515151516, 121.21212121212122, 127.27272727272727, 133.33333333333334, 139.3939393939394, 145.45454545454544, 151.5151515151515, 157.57575757575756, 163.63636363636363, 169.6969696969697, 175.75757575757575, 181.8181818181818, 187.87878787878788, 193.93939393939394, 200.0, 206.06060606060606, 212.12121212121212, 218.1818181818182, 224.24242424242425, 230.3030303030303, 236.36363636363637, 242.42424242424244, 248.48484848484847, 254.54545454545453, 260.6060606060606, 266.6666666666667, 272.72727272727275, 278.7878787878788, 284.8484848484849, 290.9090909090909, 296.96969696969694, 303.030303030303, 309.09090909090907, 315.1515151515151, 321.2121212121212, 327.27272727272725, 333.3333333333333, 339.3939393939394, 345.45454545454544, 351.5151515151515, 357.57575757575756, 363.6363636363636, 369.6969696969697, 375.75757575757575, 381.8181818181818, 387.8787878787879, 393.93939393939394, 400.0, 406.06060606060606, 412.1212121212121, 418.1818181818182, 424.24242424242425, 430.3030303030303, 436.3636363636364, 442.42424242424244, 448.4848484848485, 454.54545454545456, 460.6060606060606, 466.6666666666667, 472.72727272727275, 478.7878787878788, 484.8484848484849, 490.9090909090909, 496.96969696969694, 503.030303030303, 509.09090909090907, 515.1515151515151, 521.2121212121212, 527.2727272727273, 533.3333333333334, 539.3939393939394, 545.4545454545455, 551.5151515151515, 557.5757575757576, 563.6363636363636, 569.6969696969697, 575.7575757575758, 581.8181818181818, 587.8787878787879, 593.9393939393939, 600.0],
         "dplt_at_force_location": -4.973999023437498,
         "maximum_dplt": -4.973999023437498,
         "location_max_dplt": 600.0
    },
     "metadata": {
         "error_code": 0,
         "model": "BendingTestAnalytical",
         "load_case": "Cantilever",
         "description": "",
         "job_name": "",
         "persistent_result_files": "",
         "n_cpus": 1,
         "date": "2026-06-16 18:10:34.426920",
         "cpu_time": 0.1365811824798584,
         "user": "sebastien.bocquet",
         "machine": "PCBM20250036",
         "vims_git_version": "3de96ae2320a30b8a84551033e41da0fca6276ac",
         "directory_archive_root": "C:\\Users\\sebastien.bocquet\\Dev\\vimseo\\docs\\runnable_examples\\model_runs\\archive\\calibration_scalars",
         "directory_archive_job": "C:\\Users\\sebastien.bocquet\\Dev\\vimseo\\docs\\runnable_examples\\model_runs\\archive\\calibration_scalars\\BendingTestAnalytical\\Cantilever\\532",
         "directory_scratch_root": "C:\\Users\\sebastien.bocquet\\Dev\\vimseo\\docs\\runnable_examples\\model_runs\\scratch\\calibration_scalars",
         "directory_scratch_job": ""
    }
}