{
     "inputs": {
         "young_modulus": 220217.92700239795,
         "Cantilever:length": 600.0,
         "Cantilever:width": 29.599609375,
         "Cantilever:height": 40.2264404296875,
         "Cantilever:imposed_dplt": -5.0703125,
         "Cantilever:relative_dplt_location": 1.0,
         "Cantilever:nu_p": 0.3
    },
     "outputs": {
         "length": 600.0,
         "width": 29.599609375,
         "height": 40.2264404296875,
         "imposed_dplt": -5.0703125,
         "relative_dplt_location": 1.0,
         "nu_p": 0.3,
         "reaction_forces": -2489.97190794434,
         "moment": [1493983.1447666038, 0.0],
         "moment_grid": [0.0, 600.0],
         "dplt": [0.0, -0.0007733762994705752, -0.003083054166808376, -0.006913357055402515, -0.012248608418642112, -0.01907313170991626, -0.02737125038261407, -0.03712728789012466, -0.04832556768583712, -0.060950413223140584, -0.0749861479554241, -0.09041709533607686, -0.10722757881848792, -0.12540192185604646, -0.14492444790214154, -0.1657794804101622, -0.18795134283349768, -0.21142435862553707, -0.23618285123966942, -0.2622111441292836, -0.2894935607477693, -0.3180144245485152, -0.34775805898491075, -0.3787087875103447, -0.4108509335782061, -0.44416882064188457, -0.4786467721547688, -0.514269111570248, -0.5510201623417114, -0.5888842479225478, -0.6278456917661468, -0.667888817325897, -0.7089979480551878, -0.7511574074074082, -0.7943515188359473, -0.8385646057941943, -0.8837809917355385, -0.9299850001133685, -0.9771609543810735, -1.0252931779920433, -1.074365994399666, -1.1243637270573312, -1.175270699418428, -1.227071234936346, -1.2797496570644737, -1.3332902892562002, -1.3876774549649147, -1.4428954776440066, -1.498928680746864, -1.5557613877268777, -1.6133779220374351, -1.6717626071319271, -1.7308997664637413, -1.790773723486267, -1.8513688016528942, -1.9126693244170112, -1.9746596152320075, -2.0373239975512716, -2.1006467948281933, -2.1646123305161615, -2.2292049280685653, -2.294408910938794, -2.3602086025802373, -2.4265883264462818, -2.49353240599032, -2.5610251646657383, -2.629050925925927, -2.697594013224274, -2.766638750014172, -2.836169459749005, -2.9061704658821665, -2.9766260918670433, -3.0475206611570247, -3.118838497205499, -3.1905639234658594, -3.2626812633914897, -3.3351748404357826, -3.408028978052125, -3.4812279996939077, -3.5547562288145187, -3.628597988867348, -3.702737603305783, -3.777159395583215, -3.8518476891530318, -3.9267868074686225, -4.001961073983377, -4.077354812150686, -4.152952345423933, -4.228737997256514, -4.304696091101811, -4.38081095041322, -4.457066898644126, -4.53344825924792, -4.609939355677989, -4.6865245113877245, -4.763188049830513, -4.839914294459745, -4.916687568728811, -4.993492196091098, -5.070312499999997],
         "dplt_grid": [0.0, 6.0606060606060606, 12.121212121212121, 18.18181818181818, 24.242424242424242, 30.303030303030305, 36.36363636363636, 42.42424242424242, 48.484848484848484, 54.54545454545455, 60.60606060606061, 66.66666666666667, 72.72727272727272, 78.78787878787878, 84.84848484848484, 90.9090909090909, 96.96969696969697, 103.03030303030303, 109.0909090909091, 115.15151515151516, 121.21212121212122, 127.27272727272727, 133.33333333333334, 139.3939393939394, 145.45454545454544, 151.5151515151515, 157.57575757575756, 163.63636363636363, 169.6969696969697, 175.75757575757575, 181.8181818181818, 187.87878787878788, 193.93939393939394, 200.0, 206.06060606060606, 212.12121212121212, 218.1818181818182, 224.24242424242425, 230.3030303030303, 236.36363636363637, 242.42424242424244, 248.48484848484847, 254.54545454545453, 260.6060606060606, 266.6666666666667, 272.72727272727275, 278.7878787878788, 284.8484848484849, 290.9090909090909, 296.96969696969694, 303.030303030303, 309.09090909090907, 315.1515151515151, 321.2121212121212, 327.27272727272725, 333.3333333333333, 339.3939393939394, 345.45454545454544, 351.5151515151515, 357.57575757575756, 363.6363636363636, 369.6969696969697, 375.75757575757575, 381.8181818181818, 387.8787878787879, 393.93939393939394, 400.0, 406.06060606060606, 412.1212121212121, 418.1818181818182, 424.24242424242425, 430.3030303030303, 436.3636363636364, 442.42424242424244, 448.4848484848485, 454.54545454545456, 460.6060606060606, 466.6666666666667, 472.72727272727275, 478.7878787878788, 484.8484848484849, 490.9090909090909, 496.96969696969694, 503.030303030303, 509.09090909090907, 515.1515151515151, 521.2121212121212, 527.2727272727273, 533.3333333333334, 539.3939393939394, 545.4545454545455, 551.5151515151515, 557.5757575757576, 563.6363636363636, 569.6969696969697, 575.7575757575758, 581.8181818181818, 587.8787878787879, 593.9393939393939, 600.0],
         "dplt_at_force_location": -5.070312499999997,
         "maximum_dplt": -5.070312499999997,
         "location_max_dplt": 600.0
    },
     "metadata": {
         "error_code": 0,
         "model": "BendingTestAnalytical",
         "load_case": "Cantilever",
         "description": "",
         "job_name": "",
         "persistent_result_files": "",
         "n_cpus": 1,
         "date": "2026-03-17 09:06:44.833971",
         "cpu_time": 0.06615829467773438,
         "user": "sebastien.bocquet",
         "machine": "B20191729",
         "vims_git_version": "1b6e7132b9faba0cc93317d127a381ee76a8cb8e",
         "directory_archive_root": "C:\\Users\\sebastien.bocquet\\PycharmProjects\\vimseo\\docs\\runnable_examples\\model_runs\\archive\\calibration_scalars",
         "directory_archive_job": "C:\\Users\\sebastien.bocquet\\PycharmProjects\\vimseo\\docs\\runnable_examples\\model_runs\\archive\\calibration_scalars\\BendingTestAnalytical\\Cantilever\\202",
         "directory_scratch_root": "C:\\Users\\sebastien.bocquet\\PycharmProjects\\vimseo\\docs\\runnable_examples\\model_runs\\scratch\\calibration_scalars",
         "directory_scratch_job": ""
    }
}