{
     "inputs": {
         "young_modulus": 225000.0,
         "Cantilever:length": 600.0,
         "Cantilever:width": 30.32763671875,
         "Cantilever:height": 39.7525634765625,
         "Cantilever:imposed_dplt": -4.9739990234375,
         "Cantilever:relative_dplt_location": 1.0,
         "Cantilever:nu_p": 0.3
    },
     "outputs": {
         "length": 600.0,
         "width": 30.32763671875,
         "height": 39.7525634765625,
         "imposed_dplt": -4.9739990234375,
         "relative_dplt_location": 1.0,
         "nu_p": 0.3,
         "reaction_forces": -2467.791475554649,
         "moment": [1480674.8853327893, 0.0],
         "moment_grid": [0.0, 600.0],
         "dplt": [0.0, -0.000758685575754227, -0.0030244897952364396, -0.006782033896775955, -0.012015939118702077, -0.01871082669934411, -0.02685131787703135, -0.03642203389009312, -0.0474075959768587, -0.05979262537565741, -0.07356174332481857, -0.08869957106267146, -0.10519072982754533, -0.12301984085776965, -0.14217152539167363, -0.1626304046675865, -0.18438109992383772, -0.20740823239875655, -0.2316964233306722, -0.2572302939579142, -0.2839944655188116, -0.3119735592516938, -0.34115219639489014, -0.37151499818672995, -0.40304658586554226, -0.4357315806696568, -0.46955460383740266, -0.5045002766071092, -0.5405532202171057, -0.5776980559057214, -0.6159194049112857, -0.655201888472128, -0.6955301278265773, -0.736888744212963, -0.7792623588696148, -0.8226355930348614, -0.8669930679470328, -0.9123194048444576, -0.9585992249654653, -1.0058171495483856, -1.0539577998315472, -1.1030057970532798, -1.152945762451913, -1.2037623172657754, -1.2554400827331968, -1.3079636800925065, -1.3613177305820334, -1.415486855440107, -1.4704556759050562, -1.5262088132152118, -1.5827308886089015, -1.6400065233244556, -1.6980203386002024, -1.7567569556744722, -1.8162009957855942, -1.876337080171897, -1.9371498300717107, -1.998623866723364, -2.060743811365186, -2.1234942852355077, -2.1868599095726555, -2.250825305614961, -2.315375094600754, -2.380493897768361, -2.446166336356114, -2.5123770316023406, -2.5791106047453707, -2.6463516770235347, -2.714084869675161, -2.782294803938577, -2.850966101052116, -2.920083382254104, -2.9896312687828717, -3.0595943818767473, -3.129957342774062, -3.2007047727131432, -3.271821292932322, -3.3432915246699255, -3.415100089164286, -3.487231607653729, -3.5596707013765876, -3.6324019915711885, -3.705410099475862, -3.778679646328938, -3.852195253368743, -3.9259415418336108, -3.999903132961869, -4.074064647991844, -4.148410708161869, -4.22292593471027, -4.297594948875379, -4.372402371895523, -4.447332825009034, -4.5223709294542385, -4.597501306469469, -4.67270857729305, -4.747977363163316, -4.823292285318595, -4.898637964997214, -4.973999023437504],
         "dplt_grid": [0.0, 6.0606060606060606, 12.121212121212121, 18.18181818181818, 24.242424242424242, 30.303030303030305, 36.36363636363636, 42.42424242424242, 48.484848484848484, 54.54545454545455, 60.60606060606061, 66.66666666666667, 72.72727272727272, 78.78787878787878, 84.84848484848484, 90.9090909090909, 96.96969696969697, 103.03030303030303, 109.0909090909091, 115.15151515151516, 121.21212121212122, 127.27272727272727, 133.33333333333334, 139.3939393939394, 145.45454545454544, 151.5151515151515, 157.57575757575756, 163.63636363636363, 169.6969696969697, 175.75757575757575, 181.8181818181818, 187.87878787878788, 193.93939393939394, 200.0, 206.06060606060606, 212.12121212121212, 218.1818181818182, 224.24242424242425, 230.3030303030303, 236.36363636363637, 242.42424242424244, 248.48484848484847, 254.54545454545453, 260.6060606060606, 266.6666666666667, 272.72727272727275, 278.7878787878788, 284.8484848484849, 290.9090909090909, 296.96969696969694, 303.030303030303, 309.09090909090907, 315.1515151515151, 321.2121212121212, 327.27272727272725, 333.3333333333333, 339.3939393939394, 345.45454545454544, 351.5151515151515, 357.57575757575756, 363.6363636363636, 369.6969696969697, 375.75757575757575, 381.8181818181818, 387.8787878787879, 393.93939393939394, 400.0, 406.06060606060606, 412.1212121212121, 418.1818181818182, 424.24242424242425, 430.3030303030303, 436.3636363636364, 442.42424242424244, 448.4848484848485, 454.54545454545456, 460.6060606060606, 466.6666666666667, 472.72727272727275, 478.7878787878788, 484.8484848484849, 490.9090909090909, 496.96969696969694, 503.030303030303, 509.09090909090907, 515.1515151515151, 521.2121212121212, 527.2727272727273, 533.3333333333334, 539.3939393939394, 545.4545454545455, 551.5151515151515, 557.5757575757576, 563.6363636363636, 569.6969696969697, 575.7575757575758, 581.8181818181818, 587.8787878787879, 593.9393939393939, 600.0],
         "dplt_at_force_location": -4.973999023437504,
         "maximum_dplt": -4.973999023437504,
         "location_max_dplt": 600.0
    },
     "metadata": {
         "error_code": 0,
         "model": "BendingTestAnalytical",
         "load_case": "Cantilever",
         "description": "",
         "job_name": "",
         "persistent_result_files": "",
         "n_cpus": 1,
         "date": "2026-06-16 18:10:27.034182",
         "cpu_time": 0.29757237434387207,
         "user": "sebastien.bocquet",
         "machine": "PCBM20250036",
         "vims_git_version": "3de96ae2320a30b8a84551033e41da0fca6276ac",
         "directory_archive_root": "C:\\Users\\sebastien.bocquet\\Dev\\vimseo\\docs\\runnable_examples\\model_runs\\archive\\calibration_scalars",
         "directory_archive_job": "C:\\Users\\sebastien.bocquet\\Dev\\vimseo\\docs\\runnable_examples\\model_runs\\archive\\calibration_scalars\\BendingTestAnalytical\\Cantilever\\502",
         "directory_scratch_root": "C:\\Users\\sebastien.bocquet\\Dev\\vimseo\\docs\\runnable_examples\\model_runs\\scratch\\calibration_scalars",
         "directory_scratch_job": ""
    }
}