{
     "inputs": {
         "young_modulus": 223125.0,
         "Cantilever:length": 600.0,
         "Cantilever:width": 30.5316162109375,
         "Cantilever:height": 39.9625244140625,
         "Cantilever:imposed_dplt": -5.0740966796875,
         "Cantilever:relative_dplt_location": 1.0,
         "Cantilever:nu_p": 0.3
    },
     "outputs": {
         "length": 600.0,
         "width": 30.5316162109375,
         "height": 39.9625244140625,
         "imposed_dplt": -5.0740966796875,
         "relative_dplt_location": 1.0,
         "nu_p": 0.3,
         "reaction_forces": -2553.2995410678873,
         "moment": [1531979.7246407324, 0.0],
         "moment_grid": [0.0, 600.0],
         "dplt": [0.0, -0.0007739535015430813, -0.0030853551750703884, -0.006918516773929033, -0.012257750051466116, -0.019087366761028728, -0.027391678655963956, -0.037154997489618924, -0.048361635015340694, -0.060995902986476384, -0.0750421131563731, -0.09048457727837794, -0.10730760710583799, -0.12549551439210035, -0.14503261089051214, -0.16590320835442043, -0.1880916185371724, -0.2115821531921151, -0.23635912407259563, -0.262406842931961, -0.2897096215235585, -0.31825177160073503, -0.348017604916838, -0.3789914332252142, -0.4111575682792107, -0.4445003218321748, -0.4790040056374536, -0.5146529314483941, -0.5514314110183435, -0.5893237561006487, -0.628314278448657, -0.6683872898157154, -0.7095271019551709, -0.7517180266203709, -0.7949443755646622, -0.839190460541392, -0.8844405933039076, -0.9306790856055558, -0.9778902491996837, -1.026058395839639, -1.0751678372787679, -1.1252028852704177, -1.1761478515679362, -1.2279870479246695, -1.2807047860939658, -1.3342853778291712, -1.3887131348836332, -1.443972369010699, -1.5000473919637152, -1.55692251549603, -1.6145820513609894, -1.6730103113119408, -1.7321916071022316, -1.7921102504852087, -1.8527505532142194, -1.9140968270426104, -1.976133383723729, -2.0388445350109228, -2.102214592657538, -2.166227868416922, -2.2308686740424224, -2.296121321287385, -2.361970121905159, -2.428399387649089, -2.4953934302725242, -2.5629365615288107, -2.6310130931712967, -2.699607336953327, -2.768703604628252, -2.8382862079494147, -2.9083394586701656, -2.9788476685438496, -3.0497951493238165, -3.1211662127634097, -3.1929451706159804, -3.2651163346348713, -3.3376640165734344, -3.410572528185012, -3.483826181222955, -3.557409287440607, -3.631306158591319, -3.7055011064284353, -3.7799784427053034, -3.8547224791752708, -3.929717527591685, -4.0049478997078936, -4.080397907277241, -4.1560518620530775, -4.231894075788749, -4.3079088602376014, -4.3840805271529835, -4.460393388288241, -4.536831755396722, -4.6133799402317734, -4.690022254546744, -4.766743010094975, -4.843526518629819, -4.920357091904624, -4.997219041672732, -5.074096679687496],
         "dplt_grid": [0.0, 6.0606060606060606, 12.121212121212121, 18.18181818181818, 24.242424242424242, 30.303030303030305, 36.36363636363636, 42.42424242424242, 48.484848484848484, 54.54545454545455, 60.60606060606061, 66.66666666666667, 72.72727272727272, 78.78787878787878, 84.84848484848484, 90.9090909090909, 96.96969696969697, 103.03030303030303, 109.0909090909091, 115.15151515151516, 121.21212121212122, 127.27272727272727, 133.33333333333334, 139.3939393939394, 145.45454545454544, 151.5151515151515, 157.57575757575756, 163.63636363636363, 169.6969696969697, 175.75757575757575, 181.8181818181818, 187.87878787878788, 193.93939393939394, 200.0, 206.06060606060606, 212.12121212121212, 218.1818181818182, 224.24242424242425, 230.3030303030303, 236.36363636363637, 242.42424242424244, 248.48484848484847, 254.54545454545453, 260.6060606060606, 266.6666666666667, 272.72727272727275, 278.7878787878788, 284.8484848484849, 290.9090909090909, 296.96969696969694, 303.030303030303, 309.09090909090907, 315.1515151515151, 321.2121212121212, 327.27272727272725, 333.3333333333333, 339.3939393939394, 345.45454545454544, 351.5151515151515, 357.57575757575756, 363.6363636363636, 369.6969696969697, 375.75757575757575, 381.8181818181818, 387.8787878787879, 393.93939393939394, 400.0, 406.06060606060606, 412.1212121212121, 418.1818181818182, 424.24242424242425, 430.3030303030303, 436.3636363636364, 442.42424242424244, 448.4848484848485, 454.54545454545456, 460.6060606060606, 466.6666666666667, 472.72727272727275, 478.7878787878788, 484.8484848484849, 490.9090909090909, 496.96969696969694, 503.030303030303, 509.09090909090907, 515.1515151515151, 521.2121212121212, 527.2727272727273, 533.3333333333334, 539.3939393939394, 545.4545454545455, 551.5151515151515, 557.5757575757576, 563.6363636363636, 569.6969696969697, 575.7575757575758, 581.8181818181818, 587.8787878787879, 593.9393939393939, 600.0],
         "dplt_at_force_location": -5.074096679687496,
         "maximum_dplt": -5.074096679687496,
         "location_max_dplt": 600.0
    },
     "metadata": {
         "error_code": 0,
         "model": "BendingTestAnalytical",
         "load_case": "Cantilever",
         "description": "",
         "job_name": "",
         "persistent_result_files": "",
         "n_cpus": 1,
         "date": "2026-03-26 14:57:48.252989",
         "cpu_time": 0.009736776351928711,
         "user": "sebastien.bocquet",
         "machine": "IPF7101",
         "vims_git_version": "d0050d8de498c8354552cdde540fb3e524454871",
         "directory_archive_root": "/home/sebastien.bocquet/PycharmProjects/vimseo/docs/runnable_examples/model_runs/archive/calibration_scalars",
         "directory_archive_job": "/home/sebastien.bocquet/PycharmProjects/vimseo/docs/runnable_examples/model_runs/archive/calibration_scalars/BendingTestAnalytical/Cantilever/446",
         "directory_scratch_root": "/home/sebastien.bocquet/PycharmProjects/vimseo/docs/runnable_examples/model_runs/scratch/calibration_scalars",
         "directory_scratch_job": ""
    }
}