{
     "inputs": {
         "length": 601.0212099778505,
         "width": 30.61329274112954,
         "height": 39.75964519168917,
         "imposed_dplt": -4.9540193488759225,
         "relative_dplt_location": 0.9077727838056434,
         "young_modulus": 214628.48703392604,
         "nu_p": 0.294345009599235
    },
     "outputs": {
         "reaction_forces": -3149.355938551671,
         "moment": [1718259.3013252176, 0.0, 0.0],
         "moment_grid": [0.0, 545.5906969078295, 601.0212099778505],
         "dplt": [0.0, -0.0009166645242606682, -0.0036530075317484007, -0.008188553174521804, -0.014502825604639467, -0.022575348974159984, -0.032385647435141954, -0.04391324513964395, -0.057137666239724584, -0.07203843488744242, -0.0885950752348561, -0.1067871114340242, -0.1265940676370053, -0.14799546799585797, -0.1709708366626409, -0.19549969778941262, -0.22156157552823177, -0.24913599403115688, -0.2782024774502465, -0.30874054993755945, -0.3407297356451541, -0.37414955872508915, -0.4089795433294232, -0.44519921361021486, -0.48278809371952264, -0.5217257078094051, -0.561991580031921, -0.6035652345391287, -0.6464261954830872, -0.6905539870158546, -0.7359281332894897, -0.7825281584560513, -0.8303335866675977, -0.8793239420761879, -0.9294787488338798, -0.9807775310927326, -1.0331998130048046, -1.0867251187221547, -1.1413329723968415, -1.1970028981809226, -1.2537144202264578, -1.311447062685505, -1.3701803497101237, -1.429893805452371, -1.4905669540643072, -1.5521793196979896, -1.6147104265054777, -1.6781397986388293, -1.7424469602501038, -1.8076114354913582, -1.873612748514653, -1.9404304234720458, -2.008043984515596, -2.076432955797361, -2.1455768614694, -2.2154552256837716, -2.286047572592535, -2.357333426347747, -2.4292923111014693, -2.5019037510057567, -2.5751472702126703, -2.6490023928742685, -2.723448643142609, -2.7984655451697513, -2.8740326231077535, -2.950129401108674, -3.0267354033245715, -3.103830153907504, -3.181393177009533, -3.259403996782714, -3.3378421373791056, -3.4166871229507665, -3.4959184776497585, -3.5755157256281382, -3.6554583910379614, -3.73572599803129, -3.8162980707601823, -3.897154133376695, -3.97827371003289, -4.059636324880823, -4.141221502072553, -4.223008765760139, -4.304977465509974, -4.387102732302562, -4.4693613079147285, -4.551732876266353, -4.634198761575879, -4.716741928360318, -4.799346981435235, -4.882000165914768, -4.964689367211616, -5.0474041110370385, -5.130135563400866, -5.212876530611483, -5.295621459275845, -5.378366436299467, -5.461109188886435, -5.543849084539387, -5.626587131059533, -5.709325976546644],
         "dplt_grid": [0.0, 6.070921312907581, 12.141842625815162, 18.212763938722745, 24.283685251630324, 30.354606564537903, 36.42552787744549, 42.49644919035307, 48.56737050326065, 54.63829181616823, 60.709213129075806, 66.78013444198339, 72.85105575489098, 78.92197706779855, 84.99289838070614, 91.06381969361371, 97.1347410065213, 103.20566231942888, 109.27658363233645, 115.34750494524404, 121.41842625815161, 127.4893475710592, 133.56026888396678, 139.63119019687437, 145.70211150978196, 151.77303282268952, 157.8439541355971, 163.9148754485047, 169.98579676141227, 176.05671807431986, 182.12763938722742, 188.198560700135, 194.2694820130426, 200.34040332595018, 206.41132463885776, 212.48224595176532, 218.5531672646729, 224.6240885775805, 230.69500989048808, 236.76593120339567, 242.83685251630322, 248.9077738292108, 254.9786951421184, 261.04961645502596, 267.12053776793357, 273.1914590808411, 279.26238039374874, 285.3333017066563, 291.4042230195639, 297.4751443324715, 303.54606564537903, 309.61698695828665, 315.6879082711942, 321.7588295841018, 327.8297508970094, 333.90067220991693, 339.97159352282455, 346.0425148357321, 352.1134361486397, 358.1843574615473, 364.25527877445484, 370.32620008736245, 376.39712140027, 382.4680427131776, 388.5389640260852, 394.60988533899274, 400.68080665190035, 406.7517279648079, 412.8226492777155, 418.8935705906231, 424.96449190353064, 431.03541321643826, 437.1063345293458, 443.17725584225343, 449.248177155161, 455.31909846806855, 461.39001978097616, 467.4609410938837, 473.53186240679133, 479.6027837196989, 485.67370503260645, 491.74462634551406, 497.8155476584216, 503.88646897132924, 509.9573902842368, 516.0283115971444, 522.0992329100519, 528.1701542229596, 534.2410755358671, 540.3119968487747, 546.3829181616823, 552.4538394745898, 558.5247607874975, 564.595682100405, 570.6666034133126, 576.7375247262202, 582.8084460391278, 588.8793673520354, 594.950288664943, 601.0212099778505],
         "dplt_at_force_location": -4.953898889233884,
         "maximum_dplt": -5.709325976546644,
         "location_max_dplt": 601.0212099778505
    },
     "metadata": {
         "error_code": 0,
         "model": "BendingTestAnalytical",
         "load_case": "Cantilever",
         "description": "",
         "job_name": "",
         "persistent_result_files": "",
         "n_cpus": 1,
         "date": "2026-03-26 14:57:51.744554",
         "cpu_time": 0.003835439682006836,
         "user": "sebastien.bocquet",
         "machine": "IPF7101",
         "vims_git_version": "d0050d8de498c8354552cdde540fb3e524454871",
         "directory_archive_root": "/home/sebastien.bocquet/PycharmProjects/vimseo/docs/runnable_examples/model_runs/archive/sensitivity",
         "directory_archive_job": "/home/sebastien.bocquet/PycharmProjects/vimseo/docs/runnable_examples/model_runs/archive/sensitivity/BendingTestAnalytical/Cantilever/32",
         "directory_scratch_root": "/home/sebastien.bocquet/PycharmProjects/vimseo/docs/runnable_examples/model_runs/scratch/sensitivity",
         "directory_scratch_job": ""
    }
}