{
     "inputs": {
         "length": 601.0212099778505,
         "width": 30.61329274112954,
         "height": 39.75964519168917,
         "imposed_dplt": -4.9540193488759225,
         "relative_dplt_location": 0.9077727838056434,
         "young_modulus": 214628.48703392604,
         "nu_p": 0.294345009599235
    },
     "outputs": {
         "reaction_forces": -3149.355938551671,
         "moment": [1718259.3013252176, 0.0, 0.0],
         "moment_grid": [0.0, 545.5906969078295, 601.0212099778505],
         "dplt": [0.0, -0.0009166645242606683, -0.0036530075317484, -0.008188553174521811, -0.014502825604639495, -0.022575348974160032, -0.03238564743514202, -0.04391324513964404, -0.057137666239724674, -0.07203843488744253, -0.08859507523485617, -0.10678711143402424, -0.1265940676370053, -0.14799546799585797, -0.17097083666264085, -0.1954996977894125, -0.22156157552823158, -0.24913599403115672, -0.2782024774502463, -0.30874054993755906, -0.3407297356451537, -0.37414955872508876, -0.40897954332942277, -0.4451992136102144, -0.48278809371952214, -0.5217257078094044, -0.5619915800319204, -0.6035652345391281, -0.6464261954830864, -0.6905539870158539, -0.7359281332894889, -0.7825281584560504, -0.8303335866675967, -0.8793239420761867, -0.9294787488338789, -0.9807775310927316, -1.0331998130048035, -1.0867251187221536, -1.14133297239684, -1.1970028981809215, -1.2537144202264567, -1.311447062685504, -1.3701803497101224, -1.42989380545237, -1.490566954064306, -1.5521793196979883, -1.6147104265054764, -1.6781397986388278, -1.7424469602501025, -1.807611435491357, -1.8736127485146514, -1.9404304234720446, -2.0080439845155946, -2.0764329557973595, -2.145576861469399, -2.2154552256837707, -2.2860475725925338, -2.3573334263477466, -2.4292923111014684, -2.501903751005756, -2.57514727021267, -2.6490023928742676, -2.7234486431426084, -2.798465545169751, -2.874032623107753, -2.950129401108673, -3.0267354033245706, -3.103830153907504, -3.1813931770095327, -3.2594039967827135, -3.337842137379105, -3.4166871229507674, -3.4959184776497576, -3.5755157256281374, -3.655458391037961, -3.7357259980312905, -3.8162980707601823, -3.897154133376695, -3.97827371003289, -4.059636324880824, -4.141221502072552, -4.223008765760139, -4.304977465509975, -4.387102732302564, -4.469361307914729, -4.551732876266354, -4.634198761575881, -4.716741928360319, -4.799346981435237, -4.88200016591477, -4.964689367211617, -5.047404111037039, -5.1301355634008665, -5.212876530611483, -5.295621459275845, -5.378366436299468, -5.461109188886435, -5.543849084539387, -5.626587131059533, -5.709325976546644],
         "dplt_grid": [0.0, 6.070921312907581, 12.141842625815162, 18.212763938722745, 24.283685251630324, 30.354606564537903, 36.42552787744549, 42.49644919035307, 48.56737050326065, 54.63829181616823, 60.709213129075806, 66.78013444198339, 72.85105575489098, 78.92197706779855, 84.99289838070614, 91.06381969361371, 97.1347410065213, 103.20566231942888, 109.27658363233645, 115.34750494524404, 121.41842625815161, 127.4893475710592, 133.56026888396678, 139.63119019687437, 145.70211150978196, 151.77303282268952, 157.8439541355971, 163.9148754485047, 169.98579676141227, 176.05671807431986, 182.12763938722742, 188.198560700135, 194.2694820130426, 200.34040332595018, 206.41132463885776, 212.48224595176532, 218.5531672646729, 224.6240885775805, 230.69500989048808, 236.76593120339567, 242.83685251630322, 248.9077738292108, 254.9786951421184, 261.04961645502596, 267.12053776793357, 273.1914590808411, 279.26238039374874, 285.3333017066563, 291.4042230195639, 297.4751443324715, 303.54606564537903, 309.61698695828665, 315.6879082711942, 321.7588295841018, 327.8297508970094, 333.90067220991693, 339.97159352282455, 346.0425148357321, 352.1134361486397, 358.1843574615473, 364.25527877445484, 370.32620008736245, 376.39712140027, 382.4680427131776, 388.5389640260852, 394.60988533899274, 400.68080665190035, 406.7517279648079, 412.8226492777155, 418.8935705906231, 424.96449190353064, 431.03541321643826, 437.1063345293458, 443.17725584225343, 449.248177155161, 455.31909846806855, 461.39001978097616, 467.4609410938837, 473.53186240679133, 479.6027837196989, 485.67370503260645, 491.74462634551406, 497.8155476584216, 503.88646897132924, 509.9573902842368, 516.0283115971444, 522.0992329100519, 528.1701542229596, 534.2410755358671, 540.3119968487747, 546.3829181616823, 552.4538394745898, 558.5247607874975, 564.595682100405, 570.6666034133126, 576.7375247262202, 582.8084460391278, 588.8793673520354, 594.950288664943, 601.0212099778505],
         "dplt_at_force_location": -4.953898889233885,
         "maximum_dplt": -5.709325976546644,
         "location_max_dplt": 601.0212099778505
    },
     "metadata": {
         "error_code": 0,
         "model": "BendingTestAnalytical",
         "load_case": "Cantilever",
         "description": "",
         "job_name": "",
         "persistent_result_files": "",
         "n_cpus": 1,
         "date": "2026-03-17 09:07:36.593984",
         "cpu_time": 0.015123367309570312,
         "user": "sebastien.bocquet",
         "machine": "B20191729",
         "vims_git_version": "1b6e7132b9faba0cc93317d127a381ee76a8cb8e",
         "directory_archive_root": "C:\\Users\\sebastien.bocquet\\PycharmProjects\\vimseo\\docs\\runnable_examples\\model_runs\\archive\\sensitivity",
         "directory_archive_job": "C:\\Users\\sebastien.bocquet\\PycharmProjects\\vimseo\\docs\\runnable_examples\\model_runs\\archive\\sensitivity\\BendingTestAnalytical\\Cantilever\\32",
         "directory_scratch_root": "C:\\Users\\sebastien.bocquet\\PycharmProjects\\vimseo\\docs\\runnable_examples\\model_runs\\scratch\\sensitivity",
         "directory_scratch_job": ""
    }
}