{
     "inputs": {
         "young_modulus": 219993.896484375,
         "Cantilever:length": 600.0,
         "Cantilever:width": 30.0101318359375,
         "Cantilever:height": 39.2188720703125,
         "Cantilever:imposed_dplt": -5.0433349609375,
         "Cantilever:relative_dplt_location": 1.0,
         "Cantilever:nu_p": 0.3
    },
     "outputs": {
         "length": 600.0,
         "width": 30.0101318359375,
         "height": 39.2188720703125,
         "imposed_dplt": -5.0433349609375,
         "relative_dplt_location": 1.0,
         "nu_p": 0.3,
         "reaction_forces": -2324.705290533458,
         "moment": [1394823.174320075, 0.0],
         "moment_grid": [0.0, 600.0],
         "dplt": [0.0, -0.0007692614072762622, -0.003066650204682395, -0.006876573255584423, -0.012183437423348372, -0.018971649571340257, -0.027225616562926096, -0.03692974526147193, -0.04806844253034376, -0.0606261152329076, -0.0745871702325295, -0.08993601439257548, -0.10665705457641149, -0.12473469764740366, -0.14415335046891795, -0.16489741990432036, -0.18695131281697697, -0.21029943607025378, -0.23492619652751673, -0.26081600105213215, -0.28795325650746567, -0.31632236975688344, -0.34590774766375165, -0.37669379709143613, -0.40866492490330275, -0.44180553796271804, -0.4761000431330476, -0.5115328472776576, -0.548088357259914, -0.5857509799431829, -0.6245051221908303, -0.6643351908662223, -0.7052255928327246, -0.7471607349537036, -0.790125024092525, -0.8341028671125551, -0.87907867087716, -0.9250368422497054, -0.9719617880935574, -1.0198379152720822, -1.0686496306486455, -1.1183813410866135, -1.169017453449352, -1.220542374600228, -1.2729405114026062, -1.3261962707198536, -1.3802940594153357, -1.4352182843524184, -1.4909533523944678, -1.5474836704048502, -1.6047936452469316, -1.6628676837840786, -1.7216901928796557, -1.7812455793970303, -1.8415182501995682, -1.9024926121506343, -1.9641530721135958, -2.0264840369518184, -2.089469913528668, -2.1530951087075105, -2.2173440293517133, -2.28220108232464, -2.347650674489659, -2.4136772127101334, -2.4802651038494323, -2.54739875477092, -2.6150625723379632, -2.6832409634139274, -2.75191833486218, -2.8210790935460843, -2.8907076463290093, -2.9607884000743185, -3.0313057616453802, -3.1022441379055583, -3.173587935718221, -3.2453215619467315, -3.3174294234544592, -3.389895927104767, -3.4627054797610235, -3.535842488286593, -3.6092913595448426, -3.6830365003991363, -3.757062317712842, -3.8313532183493266, -3.9058936091719536, -3.9806678970440923, -4.055660488829105, -4.13085579139036, -4.206238211591222, -4.281792156295057, -4.357502032365233, -4.433352246665116, -4.509327206058069, -4.58541131740746, -4.661588987576657, -4.737844623429021, -4.814162631827922, -4.890527419636725, -4.966923393718795, -5.043334960937502],
         "dplt_grid": [0.0, 6.0606060606060606, 12.121212121212121, 18.18181818181818, 24.242424242424242, 30.303030303030305, 36.36363636363636, 42.42424242424242, 48.484848484848484, 54.54545454545455, 60.60606060606061, 66.66666666666667, 72.72727272727272, 78.78787878787878, 84.84848484848484, 90.9090909090909, 96.96969696969697, 103.03030303030303, 109.0909090909091, 115.15151515151516, 121.21212121212122, 127.27272727272727, 133.33333333333334, 139.3939393939394, 145.45454545454544, 151.5151515151515, 157.57575757575756, 163.63636363636363, 169.6969696969697, 175.75757575757575, 181.8181818181818, 187.87878787878788, 193.93939393939394, 200.0, 206.06060606060606, 212.12121212121212, 218.1818181818182, 224.24242424242425, 230.3030303030303, 236.36363636363637, 242.42424242424244, 248.48484848484847, 254.54545454545453, 260.6060606060606, 266.6666666666667, 272.72727272727275, 278.7878787878788, 284.8484848484849, 290.9090909090909, 296.96969696969694, 303.030303030303, 309.09090909090907, 315.1515151515151, 321.2121212121212, 327.27272727272725, 333.3333333333333, 339.3939393939394, 345.45454545454544, 351.5151515151515, 357.57575757575756, 363.6363636363636, 369.6969696969697, 375.75757575757575, 381.8181818181818, 387.8787878787879, 393.93939393939394, 400.0, 406.06060606060606, 412.1212121212121, 418.1818181818182, 424.24242424242425, 430.3030303030303, 436.3636363636364, 442.42424242424244, 448.4848484848485, 454.54545454545456, 460.6060606060606, 466.6666666666667, 472.72727272727275, 478.7878787878788, 484.8484848484849, 490.9090909090909, 496.96969696969694, 503.030303030303, 509.09090909090907, 515.1515151515151, 521.2121212121212, 527.2727272727273, 533.3333333333334, 539.3939393939394, 545.4545454545455, 551.5151515151515, 557.5757575757576, 563.6363636363636, 569.6969696969697, 575.7575757575758, 581.8181818181818, 587.8787878787879, 593.9393939393939, 600.0],
         "dplt_at_force_location": -5.043334960937502,
         "maximum_dplt": -5.043334960937502,
         "location_max_dplt": 600.0
    },
     "metadata": {
         "error_code": 0,
         "model": "BendingTestAnalytical",
         "load_case": "Cantilever",
         "description": "",
         "job_name": "",
         "persistent_result_files": "",
         "n_cpus": 1,
         "date": "2026-03-17 09:07:28.404850",
         "cpu_time": 0.1244957447052002,
         "user": "sebastien.bocquet",
         "machine": "B20191729",
         "vims_git_version": "1b6e7132b9faba0cc93317d127a381ee76a8cb8e",
         "directory_archive_root": "C:\\Users\\sebastien.bocquet\\PycharmProjects\\vimseo\\docs\\runnable_examples\\model_runs\\archive\\calibration_scalars",
         "directory_archive_job": "C:\\Users\\sebastien.bocquet\\PycharmProjects\\vimseo\\docs\\runnable_examples\\model_runs\\archive\\calibration_scalars\\BendingTestAnalytical\\Cantilever\\463",
         "directory_scratch_root": "C:\\Users\\sebastien.bocquet\\PycharmProjects\\vimseo\\docs\\runnable_examples\\model_runs\\scratch\\calibration_scalars",
         "directory_scratch_job": ""
    }
}