{
     "inputs": {
         "young_modulus": 230000.0,
         "Cantilever:length": 600.0,
         "Cantilever:width": 30.0101318359375,
         "Cantilever:height": 39.2188720703125,
         "Cantilever:imposed_dplt": -5.0433349609375,
         "Cantilever:relative_dplt_location": 1.0,
         "Cantilever:nu_p": 0.3
    },
     "outputs": {
         "length": 600.0,
         "width": 30.0101318359375,
         "height": 39.2188720703125,
         "imposed_dplt": -5.0433349609375,
         "relative_dplt_location": 1.0,
         "nu_p": 0.3,
         "reaction_forces": -2430.441141173528,
         "moment": [1458264.684704117, 0.0],
         "moment_grid": [0.0, 600.0],
         "dplt": [0.0, -0.0007692614072762623, -0.003066650204682395, -0.0068765732555844256, -0.012183437423348376, -0.01897164957134027, -0.02722561656292611, -0.036929745261471955, -0.04806844253034378, -0.06062611523290763, -0.07458717023252955, -0.0899360143925755, -0.10665705457641153, -0.12473469764740373, -0.14415335046891803, -0.16489741990432044, -0.18695131281697713, -0.21029943607025406, -0.2349261965275171, -0.26081600105213204, -0.2879532565074656, -0.31632236975688344, -0.34590774766375165, -0.37669379709143613, -0.40866492490330275, -0.44180553796271804, -0.47610004313304766, -0.5115328472776577, -0.548088357259914, -0.5857509799431829, -0.6245051221908304, -0.6643351908662224, -0.7052255928327247, -0.7471607349537037, -0.7901250240925253, -0.8341028671125552, -0.8790786708771601, -0.9250368422497055, -0.9719617880935576, -1.0198379152720822, -1.0686496306486455, -1.1183813410866135, -1.1690174534493523, -1.2205423746002282, -1.2729405114026067, -1.326196270719854, -1.380294059415336, -1.4352182843524184, -1.4909533523944678, -1.5474836704048507, -1.6047936452469318, -1.6628676837840788, -1.7216901928796557, -1.7812455793970303, -1.8415182501995677, -1.902492612150634, -1.9641530721135956, -2.026484036951818, -2.0894699135286676, -2.15309510870751, -2.217344029351713, -2.282201082324639, -2.3476506744896577, -2.4136772127101325, -2.480265103849432, -2.547398754770919, -2.615062572337963, -2.6832409634139265, -2.7519183348621787, -2.821079093546083, -2.890707646329008, -2.9607884000743177, -3.0313057616453785, -3.1022441379055565, -3.1735879357182193, -3.24532156194673, -3.317429423454458, -3.389895927104765, -3.4627054797610217, -3.535842488286591, -3.609291359544841, -3.683036500399135, -3.75706231771284, -3.8313532183493244, -3.905893609171951, -3.9806678970440896, -4.055660488829103, -4.130855791390357, -4.20623821159122, -4.281792156295056, -4.3575020323652325, -4.4333522466651125, -4.5093272060580665, -4.585411317407458, -4.661588987576653, -4.737844623429018, -4.814162631827919, -4.890527419636723, -4.966923393718793, -5.0433349609375],
         "dplt_grid": [0.0, 6.0606060606060606, 12.121212121212121, 18.18181818181818, 24.242424242424242, 30.303030303030305, 36.36363636363636, 42.42424242424242, 48.484848484848484, 54.54545454545455, 60.60606060606061, 66.66666666666667, 72.72727272727272, 78.78787878787878, 84.84848484848484, 90.9090909090909, 96.96969696969697, 103.03030303030303, 109.0909090909091, 115.15151515151516, 121.21212121212122, 127.27272727272727, 133.33333333333334, 139.3939393939394, 145.45454545454544, 151.5151515151515, 157.57575757575756, 163.63636363636363, 169.6969696969697, 175.75757575757575, 181.8181818181818, 187.87878787878788, 193.93939393939394, 200.0, 206.06060606060606, 212.12121212121212, 218.1818181818182, 224.24242424242425, 230.3030303030303, 236.36363636363637, 242.42424242424244, 248.48484848484847, 254.54545454545453, 260.6060606060606, 266.6666666666667, 272.72727272727275, 278.7878787878788, 284.8484848484849, 290.9090909090909, 296.96969696969694, 303.030303030303, 309.09090909090907, 315.1515151515151, 321.2121212121212, 327.27272727272725, 333.3333333333333, 339.3939393939394, 345.45454545454544, 351.5151515151515, 357.57575757575756, 363.6363636363636, 369.6969696969697, 375.75757575757575, 381.8181818181818, 387.8787878787879, 393.93939393939394, 400.0, 406.06060606060606, 412.1212121212121, 418.1818181818182, 424.24242424242425, 430.3030303030303, 436.3636363636364, 442.42424242424244, 448.4848484848485, 454.54545454545456, 460.6060606060606, 466.6666666666667, 472.72727272727275, 478.7878787878788, 484.8484848484849, 490.9090909090909, 496.96969696969694, 503.030303030303, 509.09090909090907, 515.1515151515151, 521.2121212121212, 527.2727272727273, 533.3333333333334, 539.3939393939394, 545.4545454545455, 551.5151515151515, 557.5757575757576, 563.6363636363636, 569.6969696969697, 575.7575757575758, 581.8181818181818, 587.8787878787879, 593.9393939393939, 600.0],
         "dplt_at_force_location": -5.0433349609375,
         "maximum_dplt": -5.0433349609375,
         "location_max_dplt": 600.0
    },
     "metadata": {
         "error_code": 0,
         "model": "BendingTestAnalytical",
         "load_case": "Cantilever",
         "description": "",
         "job_name": "",
         "persistent_result_files": "",
         "n_cpus": 1,
         "date": "2026-03-17 09:06:24.494473",
         "cpu_time": 0.010588407516479492,
         "user": "sebastien.bocquet",
         "machine": "B20191729",
         "vims_git_version": "1b6e7132b9faba0cc93317d127a381ee76a8cb8e",
         "directory_archive_root": "C:\\Users\\sebastien.bocquet\\PycharmProjects\\vimseo\\docs\\runnable_examples\\model_runs\\archive\\calibration_scalars",
         "directory_archive_job": "C:\\Users\\sebastien.bocquet\\PycharmProjects\\vimseo\\docs\\runnable_examples\\model_runs\\archive\\calibration_scalars\\BendingTestAnalytical\\Cantilever\\13",
         "directory_scratch_root": "C:\\Users\\sebastien.bocquet\\PycharmProjects\\vimseo\\docs\\runnable_examples\\model_runs\\scratch\\calibration_scalars",
         "directory_scratch_job": ""
    }
}