{
     "inputs": {
         "young_modulus": 218410.80442290206,
         "Cantilever:length": 600.0,
         "Cantilever:width": 29.499755859375,
         "Cantilever:height": 40.2801513671875,
         "Cantilever:imposed_dplt": -5.006591796875,
         "Cantilever:relative_dplt_location": 1.0,
         "Cantilever:nu_p": 0.3
    },
     "outputs": {
         "length": 600.0,
         "width": 29.499755859375,
         "height": 40.2801513671875,
         "imposed_dplt": -5.006591796875,
         "relative_dplt_location": 1.0,
         "nu_p": 0.3,
         "reaction_forces": -2440.024925758621,
         "moment": [1464014.9554551726, 0.0],
         "moment_grid": [0.0, 600.0],
         "dplt": [0.0, -0.0007636569613464516, -0.003044308156718959, -0.006826474053117263, -0.012094675117541098, -0.018833431816990202, -0.027027264618464275, -0.0366606939889631, -0.04771824039548637, -0.06018442430503382, -0.0740437661846052, -0.08928078650120025, -0.10588000572181867, -0.12382594431346024, -0.14310312274312467, -0.16369606147781168, -0.18558928098452104, -0.20876730173025254, -0.23321464418200574, -0.25891582880678077, -0.28585537607157685, -0.31401780644339383, -0.34338764038923175, -0.37394939837609, -0.40568760087096833, -0.43858676834086685, -0.4726314212527849, -0.5078060800737224, -0.5440952652706791, -0.5814834973106545, -0.6199552966606489, -0.6594951837876613, -0.7000876791586917, -0.7417173032407401, -0.7843685765008063, -0.8280260194058894, -0.8726741524229896, -0.9182974960191065, -0.96488057066124, -1.0124078968163897, -1.0608639949515553, -1.1102333855337365, -1.1605005890299331, -1.2116501259071455, -1.2636665166323724, -1.3165342816726135, -1.3702379414948693, -1.4247620165661392, -1.480091027353422, -1.53620949432372, -1.5931019379440303, -1.650752878681354, -1.7091468370026905, -1.768268333375039, -1.8281018882654, -1.8886320221407733, -1.949843255468158, -2.0117201087145546, -2.0742471023469617, -2.13740875683238, -2.2011895926378093, -2.2655741302302483, -2.3305468900766986, -2.3960923926441566, -2.4621951583996267, -2.528839707810104, -2.5960105613425912, -2.6636922394640874, -2.7318692626415926, -2.800526151342104, -2.8696474260326257, -2.939217607180154, -3.00922121525169, -3.079642770714232, -3.150466794034783, -3.221677805680338, -3.293260326117902, -3.3651988758144706, -3.437477975237046, -3.5100821448526265, -3.582995905128213, -3.656203776530803, -3.729690279527398, -3.8034399345849987, -3.877437262170602, -3.9516667827512117, -4.026113016793824, -4.100760484765439, -4.175593707133059, -4.25059720436368, -4.325755496924304, -4.40105310528193, -4.476474549903559, -4.55200435125619, -4.627627029806823, -4.7033271060224555, -4.779089100370089, -4.854897533316725, -4.930736925329361, -5.006591796874997],
         "dplt_grid": [0.0, 6.0606060606060606, 12.121212121212121, 18.18181818181818, 24.242424242424242, 30.303030303030305, 36.36363636363636, 42.42424242424242, 48.484848484848484, 54.54545454545455, 60.60606060606061, 66.66666666666667, 72.72727272727272, 78.78787878787878, 84.84848484848484, 90.9090909090909, 96.96969696969697, 103.03030303030303, 109.0909090909091, 115.15151515151516, 121.21212121212122, 127.27272727272727, 133.33333333333334, 139.3939393939394, 145.45454545454544, 151.5151515151515, 157.57575757575756, 163.63636363636363, 169.6969696969697, 175.75757575757575, 181.8181818181818, 187.87878787878788, 193.93939393939394, 200.0, 206.06060606060606, 212.12121212121212, 218.1818181818182, 224.24242424242425, 230.3030303030303, 236.36363636363637, 242.42424242424244, 248.48484848484847, 254.54545454545453, 260.6060606060606, 266.6666666666667, 272.72727272727275, 278.7878787878788, 284.8484848484849, 290.9090909090909, 296.96969696969694, 303.030303030303, 309.09090909090907, 315.1515151515151, 321.2121212121212, 327.27272727272725, 333.3333333333333, 339.3939393939394, 345.45454545454544, 351.5151515151515, 357.57575757575756, 363.6363636363636, 369.6969696969697, 375.75757575757575, 381.8181818181818, 387.8787878787879, 393.93939393939394, 400.0, 406.06060606060606, 412.1212121212121, 418.1818181818182, 424.24242424242425, 430.3030303030303, 436.3636363636364, 442.42424242424244, 448.4848484848485, 454.54545454545456, 460.6060606060606, 466.6666666666667, 472.72727272727275, 478.7878787878788, 484.8484848484849, 490.9090909090909, 496.96969696969694, 503.030303030303, 509.09090909090907, 515.1515151515151, 521.2121212121212, 527.2727272727273, 533.3333333333334, 539.3939393939394, 545.4545454545455, 551.5151515151515, 557.5757575757576, 563.6363636363636, 569.6969696969697, 575.7575757575758, 581.8181818181818, 587.8787878787879, 593.9393939393939, 600.0],
         "dplt_at_force_location": -5.006591796874997,
         "maximum_dplt": -5.006591796874997,
         "location_max_dplt": 600.0
    },
     "metadata": {
         "error_code": 0,
         "model": "BendingTestAnalytical",
         "load_case": "Cantilever",
         "description": "",
         "job_name": "",
         "persistent_result_files": "",
         "n_cpus": 1,
         "date": "2026-06-16 18:12:00.519314",
         "cpu_time": 0.22801589965820312,
         "user": "sebastien.bocquet",
         "machine": "PCBM20250036",
         "vims_git_version": "5cd5cf5ab4caf1fa2c2190f0396e06b5b5639fd0",
         "directory_archive_root": "C:\\Users\\sebastien.bocquet\\Dev\\vimseo\\docs\\runnable_examples\\model_runs\\archive\\calibration_scalars",
         "directory_archive_job": "C:\\Users\\sebastien.bocquet\\Dev\\vimseo\\docs\\runnable_examples\\model_runs\\archive\\calibration_scalars\\BendingTestAnalytical\\Cantilever\\828",
         "directory_scratch_root": "C:\\Users\\sebastien.bocquet\\Dev\\vimseo\\docs\\runnable_examples\\model_runs\\scratch\\calibration_scalars",
         "directory_scratch_job": ""
    }
}