{
     "inputs": {
         "length": 612.0111234518264,
         "width": 29.671351631051287,
         "height": 40.13227802066104,
         "imposed_dplt": -14.561539487656226,
         "relative_dplt_location": 0.9037140343287061,
         "young_modulus": 211682.52881378742,
         "nu_p": 0.2903998781332586
    },
     "outputs": {
         "reaction_forces": -8735.344875921486,
         "moment": [4831371.111903212, 0.0, 0.0],
         "moment_grid": [0.0, 553.0830414286938, 612.0111234518264],
         "dplt": [0.0, -0.002718598159851123, -0.010833725968252276, -0.02428438341847513, -0.04300957050379135, -0.06694828721747266, -0.09603953355279073, -0.13022230950301716, -0.16943561506142382, -0.2136184502212822, -0.2627098149758641, -0.31664870931844125, -0.37537413324228514, -0.43882508674066745, -0.50694056980686, -0.5796595824341346, -0.6569211246157625, -0.7386641963450155, -0.8248277976151664, -0.9153509284194852, -1.010172588751244, -1.109231778603715, -1.21246749797017, -1.3198187468438796, -1.4312245252181164, -1.5466238330861517, -1.6659556704412575, -1.7891590372767059, -1.9161729335857673, -2.0469363593617143, -2.1813883145978186, -2.3194677992873514, -2.4611138134235846, -2.6062653569997893, -2.7548614300092384, -2.9068410324452034, -3.0621431643009553, -3.220706825569765, -3.382471016244907, -3.547374736319649, -3.715356985787266, -3.886356764641028, -4.060313072874208, -4.237164910480076, -4.416851277451905, -4.599311173782967, -4.784483599466531, -4.972307554495872, -5.162722038864261, -5.355666052564968, -5.551078595591265, -5.748898667936425, -5.949065269593717, -6.151517400556418, -6.356194060817795, -6.56303425037112, -6.771976969209667, -6.982961217326707, -7.19592599471551, -7.4108103013693505, -7.627553137281494, -7.8460935024452185, -8.066370396853793, -8.288322820500492, -8.511889773378586, -8.737010255481342, -8.963623266802038, -9.191667807333946, -9.421082877070333, -9.651807476004468, -9.883780604129635, -10.116941261439093, -10.351228447926118, -10.586581163583986, -10.822938408405962, -11.06023918238532, -11.298422485515337, -11.537427317789273, -11.77719267920041, -12.017657569742013, -12.258760989407364, -12.500441938189725, -12.742639230300071, -12.985276922674533, -13.228282911613864, -13.471597829308479, -13.71516737406198, -13.958942310291183, -14.202878468526102, -14.446936745409939, -14.691083103699107, -14.93528857226322, -15.17952924608509, -15.423786286260722, -15.66804591999933, -15.912299440623329, -16.156543207568323, -16.400778646383124, -16.645012248729753, -16.889255572383405],
         "dplt_grid": [0.0, 6.181930539917438, 12.363861079834876, 18.545791619752315, 24.727722159669753, 30.90965269958719, 37.09158323950463, 43.27351377942207, 49.455444319339506, 55.637374859256944, 61.81930539917438, 68.00123593909183, 74.18316647900926, 80.36509701892669, 86.54702755884414, 92.72895809876158, 98.91088863867901, 105.09281917859644, 111.27474971851389, 117.45668025843133, 123.63861079834876, 129.8205413382662, 136.00247187818366, 142.1844024181011, 148.36633295801852, 154.54826349793595, 160.73019403785338, 166.91212457777084, 173.09405511768827, 179.2759856576057, 185.45791619752316, 191.6398467374406, 197.82177727735802, 204.00370781727545, 210.1856383571929, 216.36756889711035, 222.54949943702778, 228.7314299769452, 234.91336051686267, 241.0952910567801, 247.27722159669753, 253.45915213661496, 259.6410826765324, 265.82301321644985, 272.0049437563673, 278.1868742962847, 284.3688048362022, 290.5507353761196, 296.73266591603704, 302.9145964559545, 309.0965269958719, 315.27845753578936, 321.46038807570676, 327.6423186156242, 333.8242491555417, 340.0061796954591, 346.18811023537654, 352.370040775294, 358.5519713152114, 364.73390185512886, 370.9158323950463, 377.0977629349637, 383.2796934748812, 389.4616240147986, 395.64355455471605, 401.8254850946335, 408.0074156345509, 414.18934617446837, 420.3712767143858, 426.55320725430323, 432.7351377942207, 438.9170683341381, 445.09899887405555, 451.280929413973, 457.4628599538904, 463.6447904938079, 469.82672103372533, 476.00865157364274, 482.1905821135602, 488.3725126534776, 494.55444319339506, 500.7363737333125, 506.9183042732299, 513.1002348131474, 519.2821653530648, 525.4640958929823, 531.6460264328997, 537.8279569728171, 544.0098875127346, 550.191818052652, 556.3737485925694, 562.5556791324868, 568.7376096724043, 574.9195402123217, 581.1014707522392, 587.2834012921567, 593.4653318320741, 599.6472623719915, 605.829192911909, 612.0111234518264],
         "dplt_at_force_location": -14.561121408874397,
         "maximum_dplt": -16.889255572383405,
         "location_max_dplt": 612.0111234518264
    },
     "metadata": {
         "error_code": 0,
         "model": "BendingTestAnalytical",
         "load_case": "Cantilever",
         "description": "",
         "job_name": "",
         "persistent_result_files": "",
         "n_cpus": 1,
         "date": "2026-03-26 14:57:55.339936",
         "cpu_time": 0.003689289093017578,
         "user": "sebastien.bocquet",
         "machine": "IPF7101",
         "vims_git_version": "d0050d8de498c8354552cdde540fb3e524454871",
         "directory_archive_root": "/home/sebastien.bocquet/PycharmProjects/vimseo/docs/runnable_examples/model_runs/archive/uq",
         "directory_archive_job": "/home/sebastien.bocquet/PycharmProjects/vimseo/docs/runnable_examples/model_runs/archive/uq/BendingTestAnalytical/Cantilever/31",
         "directory_scratch_root": "/home/sebastien.bocquet/PycharmProjects/vimseo/docs/runnable_examples/model_runs/scratch/uq",
         "directory_scratch_job": ""
    }
}