{
     "inputs": {
         "length": 601.0212099778505,
         "width": 30.61329274112954,
         "height": 39.75964519168917,
         "imposed_dplt": -4.9540193488759225,
         "relative_dplt_location": 0.9051456950182121,
         "young_modulus": 214628.48703392604,
         "nu_p": 0.294345009599235
    },
     "outputs": {
         "reaction_forces": -3176.8576135923654,
         "moment": [1728247.9042641472, 0.0, 0.0],
         "moment_grid": [0.0, 544.0117608260882, 601.0212099778505],
         "dplt": [0.0, -0.0009219833256528879, -0.0036741635340839345, -0.008235885972501708, -0.014586495988114775, -0.022705338928131705, -0.03257176013976109, -0.044165104970211456, -0.05746471876669142, -0.0724499468764095, -0.0891001346465743, -0.1073946274243944, -0.12731277055707835, -0.1488339093918347, -0.1719373892758721, -0.196602555556399, -0.2228087535806241, -0.25053532869575584, -0.2797616262490028, -0.3104669915875743, -0.3426307700586777, -0.37623230700952215, -0.4112509477873162, -0.44766603773926844, -0.48545692221258735, -0.5246029465544814, -0.5650834561121594, -0.60687779623283, -0.6499653122637015, -0.6943253495519824, -0.7399372534448814, -0.7867803692896074, -0.8348340424333682, -0.8840776182233734, -0.9344904420068307, -0.9860518591309488, -1.0387412149429367, -1.0925378547900024, -1.1474211240193553, -1.203370367978203, -1.2603649320137544, -1.3183841614732186, -1.3774074017038036, -1.4374139980527179, -1.498383295867171, -1.56029464049437, -1.6231273772815251, -1.686860851575843, -1.7514744087245337, -1.8169473940748053, -1.8832591529738665, -1.950389030768926, -2.018316372807191, -2.0870205244358724, -2.1564808310021775, -2.2266766378533145, -2.2975872903364927, -2.369192133798921, -2.4414705135878068, -2.5144017750503584, -2.587965263533786, -2.6621403243852972, -2.736906302952101, -2.8122425445814065, -2.888128394620421, -2.9645431984163526, -3.041466301316412, -3.1188770486678052, -3.196754785817745, -3.2750788581134347, -3.3538286109020854, -3.4329833895309063, -3.512522539347106, -3.5924254056978926, -3.6726713339304733, -3.7532396693920576, -3.834109757429854, -3.9152609433910723, -3.9966725726229204, -4.078323990472607, -4.160194542287338, -4.242263573414326, -4.324510429200777, -4.406912658740992, -4.489443054824655, -4.572080454103991, -4.654805925898022, -4.737602316967548, -4.820454251515143, -4.903348131185163, -4.9862721350637464, -5.069216219678805, -5.152172119000033, -5.235133344438898, -5.318095184848652, -5.401054706524325, -5.484010753202723, -5.566963946062431, -5.6499166837238155, -5.732873142249019],
         "dplt_grid": [0.0, 6.070921312907581, 12.141842625815162, 18.212763938722745, 24.283685251630324, 30.354606564537903, 36.42552787744549, 42.49644919035307, 48.56737050326065, 54.63829181616823, 60.709213129075806, 66.78013444198339, 72.85105575489098, 78.92197706779855, 84.99289838070614, 91.06381969361371, 97.1347410065213, 103.20566231942888, 109.27658363233645, 115.34750494524404, 121.41842625815161, 127.4893475710592, 133.56026888396678, 139.63119019687437, 145.70211150978196, 151.77303282268952, 157.8439541355971, 163.9148754485047, 169.98579676141227, 176.05671807431986, 182.12763938722742, 188.198560700135, 194.2694820130426, 200.34040332595018, 206.41132463885776, 212.48224595176532, 218.5531672646729, 224.6240885775805, 230.69500989048808, 236.76593120339567, 242.83685251630322, 248.9077738292108, 254.9786951421184, 261.04961645502596, 267.12053776793357, 273.1914590808411, 279.26238039374874, 285.3333017066563, 291.4042230195639, 297.4751443324715, 303.54606564537903, 309.61698695828665, 315.6879082711942, 321.7588295841018, 327.8297508970094, 333.90067220991693, 339.97159352282455, 346.0425148357321, 352.1134361486397, 358.1843574615473, 364.25527877445484, 370.32620008736245, 376.39712140027, 382.4680427131776, 388.5389640260852, 394.60988533899274, 400.68080665190035, 406.7517279648079, 412.8226492777155, 418.8935705906231, 424.96449190353064, 431.03541321643826, 437.1063345293458, 443.17725584225343, 449.248177155161, 455.31909846806855, 461.39001978097616, 467.4609410938837, 473.53186240679133, 479.6027837196989, 485.67370503260645, 491.74462634551406, 497.8155476584216, 503.88646897132924, 509.9573902842368, 516.0283115971444, 522.0992329100519, 528.1701542229596, 534.2410755358671, 540.3119968487747, 546.3829181616823, 552.4538394745898, 558.5247607874975, 564.595682100405, 570.6666034133126, 576.7375247262202, 582.8084460391278, 588.8793673520354, 594.950288664943, 601.0212099778505],
         "dplt_at_force_location": -4.953883993304196,
         "maximum_dplt": -5.732873142249019,
         "location_max_dplt": 601.0212099778505
    },
     "metadata": {
         "error_code": 0,
         "model": "BendingTestAnalytical",
         "load_case": "Cantilever",
         "description": "",
         "job_name": "",
         "persistent_result_files": "",
         "n_cpus": 1,
         "date": "2026-03-17 09:07:36.533522",
         "cpu_time": 0.014645576477050781,
         "user": "sebastien.bocquet",
         "machine": "B20191729",
         "vims_git_version": "1b6e7132b9faba0cc93317d127a381ee76a8cb8e",
         "directory_archive_root": "C:\\Users\\sebastien.bocquet\\PycharmProjects\\vimseo\\docs\\runnable_examples\\model_runs\\archive\\sensitivity",
         "directory_archive_job": "C:\\Users\\sebastien.bocquet\\PycharmProjects\\vimseo\\docs\\runnable_examples\\model_runs\\archive\\sensitivity\\BendingTestAnalytical\\Cantilever\\31",
         "directory_scratch_root": "C:\\Users\\sebastien.bocquet\\PycharmProjects\\vimseo\\docs\\runnable_examples\\model_runs\\scratch\\sensitivity",
         "directory_scratch_job": ""
    }
}