{
     "inputs": {
         "length": 601.0212099778505,
         "width": 30.61329274112954,
         "height": 39.642057002857946,
         "imposed_dplt": -4.9688010391103195,
         "relative_dplt_location": 0.9051456950182121,
         "young_modulus": 214628.48703392604,
         "nu_p": 0.294345009599235
    },
     "outputs": {
         "reaction_forces": -3158.149635408034,
         "moment": [1718070.5441105932, 0.0, 0.0],
         "moment_grid": [0.0, 544.0117608260882, 601.0212099778505],
         "dplt": [0.0, -0.0009247343185258108, -0.003685126419653543, -0.008260460021708643, -0.01463001884301655, -0.022773086601902703, -0.03266894701669256, -0.04429688380571153, -0.057636180687285064, -0.0726661213797386, -0.08936598960139759, -0.10771506907058752, -0.12769264350563375, -0.14927799662486177, -0.172450412146597, -0.19718917378916495, -0.22347356527089102, -0.25128287031010066, -0.2805963726251192, -0.3113933559342725, -0.34365310395588544, -0.37735490040828384, -0.412478029009793, -0.44900177347873843, -0.4869054175334455, -0.5261682448922396, -0.5667695392734463, -0.6086885843953911, -0.6519046639763992, -0.6963970617347963, -0.7421450613889075, -0.7891279466570585, -0.8373250012575751, -0.8867155089087819, -0.9372787533290051, -0.9889940182365696, -1.0418405873498013, -1.095797744387025, -1.1508447730665674, -1.2069609571067526, -1.2641255802259064, -1.3223179261423548, -1.3815172785744223, -1.4417029212404349, -1.5028541378587188, -1.5649502121475978, -1.627970427825399, -1.6918940686104462, -1.7567004182210666, -1.8223687603755843, -1.8888783787923251, -1.9562085571896146, -2.024338579285778, -2.093247728799142, -2.162915289448029, -2.2333205449507667, -2.3044427790256816, -2.376261275391097, -2.44875531776534, -2.5219041898667345, -2.5956871754136057, -2.670083558124281, -2.7450726217170844, -2.820633649910343, -2.89674592642238, -2.9733887349715213, -3.0505413592760933, -3.12818308305442, -3.20629319002483, -3.2848509639056456, -3.363835688415193, -3.4432266472717985, -3.5230031241937856, -3.603144402899484, -3.6836297671072127, -3.764438500535302, -3.8455498869020763, -3.9269432099258594, -4.008597753324981, -4.090492800817762, -4.17260763612253, -4.254921542957608, -4.337413805041324, -4.420061892254712, -4.5028385238459325, -4.585722482070195, -4.668694781653648, -4.75173821966605, -4.834837375520772, -4.917978610974797, -5.001150070128719, -5.084341679426744, -5.1675451476566945, -5.250753965949995, -5.333963407781691, -5.417170528970435, -5.500374167678494, -5.583574944411744, -5.666775262019674, -5.749979305695387],
         "dplt_grid": [0.0, 6.070921312907581, 12.141842625815162, 18.212763938722745, 24.283685251630324, 30.354606564537903, 36.42552787744549, 42.49644919035307, 48.56737050326065, 54.63829181616823, 60.709213129075806, 66.78013444198339, 72.85105575489098, 78.92197706779855, 84.99289838070614, 91.06381969361371, 97.1347410065213, 103.20566231942888, 109.27658363233645, 115.34750494524404, 121.41842625815161, 127.4893475710592, 133.56026888396678, 139.63119019687437, 145.70211150978196, 151.77303282268952, 157.8439541355971, 163.9148754485047, 169.98579676141227, 176.05671807431986, 182.12763938722742, 188.198560700135, 194.2694820130426, 200.34040332595018, 206.41132463885776, 212.48224595176532, 218.5531672646729, 224.6240885775805, 230.69500989048808, 236.76593120339567, 242.83685251630322, 248.9077738292108, 254.9786951421184, 261.04961645502596, 267.12053776793357, 273.1914590808411, 279.26238039374874, 285.3333017066563, 291.4042230195639, 297.4751443324715, 303.54606564537903, 309.61698695828665, 315.6879082711942, 321.7588295841018, 327.8297508970094, 333.90067220991693, 339.97159352282455, 346.0425148357321, 352.1134361486397, 358.1843574615473, 364.25527877445484, 370.32620008736245, 376.39712140027, 382.4680427131776, 388.5389640260852, 394.60988533899274, 400.68080665190035, 406.7517279648079, 412.8226492777155, 418.8935705906231, 424.96449190353064, 431.03541321643826, 437.1063345293458, 443.17725584225343, 449.248177155161, 455.31909846806855, 461.39001978097616, 467.4609410938837, 473.53186240679133, 479.6027837196989, 485.67370503260645, 491.74462634551406, 497.8155476584216, 503.88646897132924, 509.9573902842368, 516.0283115971444, 522.0992329100519, 528.1701542229596, 534.2410755358671, 540.3119968487747, 546.3829181616823, 552.4538394745898, 558.5247607874975, 564.595682100405, 570.6666034133126, 576.7375247262202, 582.8084460391278, 588.8793673520354, 594.950288664943, 601.0212099778505],
         "dplt_at_force_location": -4.968665278229739,
         "maximum_dplt": -5.749979305695387,
         "location_max_dplt": 601.0212099778505
    },
     "metadata": {
         "error_code": 0,
         "model": "BendingTestAnalytical",
         "load_case": "Cantilever",
         "description": "",
         "job_name": "",
         "persistent_result_files": "",
         "n_cpus": 1,
         "date": "2026-03-17 09:07:36.412572",
         "cpu_time": 0.012860536575317383,
         "user": "sebastien.bocquet",
         "machine": "B20191729",
         "vims_git_version": "1b6e7132b9faba0cc93317d127a381ee76a8cb8e",
         "directory_archive_root": "C:\\Users\\sebastien.bocquet\\PycharmProjects\\vimseo\\docs\\runnable_examples\\model_runs\\archive\\sensitivity",
         "directory_archive_job": "C:\\Users\\sebastien.bocquet\\PycharmProjects\\vimseo\\docs\\runnable_examples\\model_runs\\archive\\sensitivity\\BendingTestAnalytical\\Cantilever\\29",
         "directory_scratch_root": "C:\\Users\\sebastien.bocquet\\PycharmProjects\\vimseo\\docs\\runnable_examples\\model_runs\\scratch\\sensitivity",
         "directory_scratch_job": ""
    }
}