{
     "inputs": {
         "young_modulus": 220021.2904293925,
         "Cantilever:length": 600.0,
         "Cantilever:width": 29.499755859375,
         "Cantilever:height": 40.2801513671875,
         "Cantilever:imposed_dplt": -5.006591796875,
         "Cantilever:relative_dplt_location": 1.0,
         "Cantilever:nu_p": 0.3
    },
     "outputs": {
         "length": 600.0,
         "width": 29.499755859375,
         "height": 40.2801513671875,
         "imposed_dplt": -5.006591796875,
         "relative_dplt_location": 1.0,
         "nu_p": 0.3,
         "reaction_forces": -2458.0168287178417,
         "moment": [1474810.097230705, 0.0],
         "moment_grid": [0.0, 600.0],
         "dplt": [0.0, -0.0007636569613464506, -0.0030443081567189593, -0.006826474053117267, -0.012094675117541106, -0.01883343181699021, -0.027027264618464292, -0.036660693988963114, -0.04771824039548637, -0.06018442430503382, -0.07404376618460518, -0.08928078650120018, -0.10588000572181855, -0.12382594431346008, -0.14310312274312448, -0.16369606147781143, -0.18558928098452074, -0.20876730173025218, -0.2332146441820053, -0.25891582880678055, -0.28585537607157663, -0.31401780644339367, -0.3433876403892316, -0.3739493983760899, -0.4056876008709683, -0.4385867683408668, -0.4726314212527849, -0.5078060800737224, -0.5440952652706792, -0.5814834973106549, -0.619955296660649, -0.6594951837876615, -0.7000876791586921, -0.7417173032407405, -0.7843685765008066, -0.8280260194058897, -0.8726741524229901, -0.9182974960191072, -0.9648805706612407, -1.0124078968163905, -1.0608639949515561, -1.1102333855337374, -1.160500589029934, -1.2116501259071462, -1.263666516632373, -1.3165342816726144, -1.3702379414948704, -1.4247620165661399, -1.4800910273534233, -1.536209494323721, -1.5931019379440308, -1.650752878681355, -1.7091468370026908, -1.7682683333750395, -1.828101888265401, -1.888632022140774, -1.9498432554681586, -2.011720108714555, -2.074247102346962, -2.1374087568323805, -2.2011895926378098, -2.2655741302302475, -2.330546890076698, -2.396092392644156, -2.4621951583996258, -2.528839707810103, -2.59601056134259, -2.663692239464086, -2.7318692626415912, -2.8005261513421025, -2.8696474260326235, -2.9392176071801517, -3.0092212152516873, -3.07964277071423, -3.1504667940347804, -3.221677805680336, -3.2932603261178994, -3.365198875814467, -3.4374779752370426, -3.5100821448526225, -3.5829959051282088, -3.656203776530799, -3.7296902795273943, -3.8034399345849943, -3.8774372621705977, -3.951666782751207, -4.026113016793819, -4.100760484765433, -4.175593707133054, -4.250597204363674, -4.325755496924299, -4.401053105281925, -4.476474549903554, -4.552004351256183, -4.627627029806816, -4.703327106022449, -4.779089100370082, -4.854897533316719, -4.930736925329352, -5.006591796874991],
         "dplt_grid": [0.0, 6.0606060606060606, 12.121212121212121, 18.18181818181818, 24.242424242424242, 30.303030303030305, 36.36363636363636, 42.42424242424242, 48.484848484848484, 54.54545454545455, 60.60606060606061, 66.66666666666667, 72.72727272727272, 78.78787878787878, 84.84848484848484, 90.9090909090909, 96.96969696969697, 103.03030303030303, 109.0909090909091, 115.15151515151516, 121.21212121212122, 127.27272727272727, 133.33333333333334, 139.3939393939394, 145.45454545454544, 151.5151515151515, 157.57575757575756, 163.63636363636363, 169.6969696969697, 175.75757575757575, 181.8181818181818, 187.87878787878788, 193.93939393939394, 200.0, 206.06060606060606, 212.12121212121212, 218.1818181818182, 224.24242424242425, 230.3030303030303, 236.36363636363637, 242.42424242424244, 248.48484848484847, 254.54545454545453, 260.6060606060606, 266.6666666666667, 272.72727272727275, 278.7878787878788, 284.8484848484849, 290.9090909090909, 296.96969696969694, 303.030303030303, 309.09090909090907, 315.1515151515151, 321.2121212121212, 327.27272727272725, 333.3333333333333, 339.3939393939394, 345.45454545454544, 351.5151515151515, 357.57575757575756, 363.6363636363636, 369.6969696969697, 375.75757575757575, 381.8181818181818, 387.8787878787879, 393.93939393939394, 400.0, 406.06060606060606, 412.1212121212121, 418.1818181818182, 424.24242424242425, 430.3030303030303, 436.3636363636364, 442.42424242424244, 448.4848484848485, 454.54545454545456, 460.6060606060606, 466.6666666666667, 472.72727272727275, 478.7878787878788, 484.8484848484849, 490.9090909090909, 496.96969696969694, 503.030303030303, 509.09090909090907, 515.1515151515151, 521.2121212121212, 527.2727272727273, 533.3333333333334, 539.3939393939394, 545.4545454545455, 551.5151515151515, 557.5757575757576, 563.6363636363636, 569.6969696969697, 575.7575757575758, 581.8181818181818, 587.8787878787879, 593.9393939393939, 600.0],
         "dplt_at_force_location": -5.006591796874991,
         "maximum_dplt": -5.006591796874991,
         "location_max_dplt": 600.0
    },
     "metadata": {
         "error_code": 0,
         "model": "BendingTestAnalytical",
         "load_case": "Cantilever",
         "description": "",
         "job_name": "",
         "persistent_result_files": "",
         "n_cpus": 1,
         "date": "2026-06-16 18:11:34.806517",
         "cpu_time": 0.19820332527160645,
         "user": "sebastien.bocquet",
         "machine": "PCBM20250036",
         "vims_git_version": "5cd5cf5ab4caf1fa2c2190f0396e06b5b5639fd0",
         "directory_archive_root": "C:\\Users\\sebastien.bocquet\\Dev\\vimseo\\docs\\runnable_examples\\model_runs\\archive\\calibration_scalars",
         "directory_archive_job": "C:\\Users\\sebastien.bocquet\\Dev\\vimseo\\docs\\runnable_examples\\model_runs\\archive\\calibration_scalars\\BendingTestAnalytical\\Cantilever\\744",
         "directory_scratch_root": "C:\\Users\\sebastien.bocquet\\Dev\\vimseo\\docs\\runnable_examples\\model_runs\\scratch\\calibration_scalars",
         "directory_scratch_job": ""
    }
}