{
     "inputs": {
         "young_modulus": 223410.80442290206,
         "Cantilever:length": 600.0,
         "Cantilever:width": 29.61376953125,
         "Cantilever:height": 39.2391357421875,
         "Cantilever:imposed_dplt": -4.9503173828125,
         "Cantilever:relative_dplt_location": 1.0,
         "Cantilever:nu_p": 0.3
    },
     "outputs": {
         "length": 600.0,
         "width": 29.61376953125,
         "height": 39.2391357421875,
         "imposed_dplt": -4.9503173828125,
         "relative_dplt_location": 1.0,
         "nu_p": 0.3,
         "reaction_forces": -2290.21083995349,
         "moment": [1374126.503972094, 0.0],
         "moment_grid": [0.0, 600.0],
         "dplt": [0.0, -0.0007550734079456435, -0.003010089937080605, -0.006749744045351934, -0.01195873019070668, -0.018621742831091893, -0.026723476424454603, -0.03624862542874189, -0.047181884301900776, -0.059507947501878315, -0.07321150948662156, -0.08827726471407754, -0.10468990764219335, -0.12243413272891598, -0.1414946344321925, -0.16185610720996998, -0.18350324552019545, -0.20642074382081602, -0.2305932965697786, -0.2560055982250301, -0.282642343244518, -0.310488226086189, -0.33952794120799046, -0.3697461830678692, -0.40112764612377205, -0.43365702483364654, -0.4673190136554396, -0.502098307047098, -0.537979599466569, -0.5749475853717996, -0.612986959220737, -0.652082415471328, -0.6922186485815197, -0.7333803530092593, -0.7755522232124937, -0.81871895364917, -0.8628652387772352, -0.9079757730546365, -0.9540352509393207, -1.001028366889235, -1.0489398153623264, -1.097754290816542, -1.147456487709829, -1.1980311005001345, -1.249462823645405, -1.3017363516035876, -1.3548363788326299, -1.408747599790479, -1.4634547089350805, -1.5189424007243835, -1.5751953696163334, -1.6321983100688793, -1.6899359165399659, -1.7483928834875413, -1.807553905369553, -1.867403676643947, -1.9279268917686712, -1.9891082452016722, -2.050932431400897, -2.1133841448242934, -2.1764480799298083, -2.2401089311753872, -2.3043513930189796, -2.3691601599185295, -2.4345199263319866, -2.5004153867172967, -2.566831235532408, -2.633752167235266, -2.7011628762838193, -2.769048057136013, -2.8373924042497958, -2.906180612083114, -2.975397375093915, -3.0450273877401455, -3.115055344479754, -3.185465939770684, -3.256243868070887, -3.327373823838306, -3.3988405015308913, -3.4706285956065885, -3.5427228005233453, -3.615107810739106, -3.6877683207118217, -3.760689024899438, -3.833854617759899, -3.9072497937511574, -3.9808592473311566, -4.054667672957842, -4.128659765089164, -4.202820218183069, -4.277133726697503, -4.351584985090414, -4.426158687819748, -4.500839529343452, -4.5756122041194764, -4.650461406605762, -4.7253718312602615, -4.80032817254092, -4.875315124905682, -4.9503173828125],
         "dplt_grid": [0.0, 6.0606060606060606, 12.121212121212121, 18.18181818181818, 24.242424242424242, 30.303030303030305, 36.36363636363636, 42.42424242424242, 48.484848484848484, 54.54545454545455, 60.60606060606061, 66.66666666666667, 72.72727272727272, 78.78787878787878, 84.84848484848484, 90.9090909090909, 96.96969696969697, 103.03030303030303, 109.0909090909091, 115.15151515151516, 121.21212121212122, 127.27272727272727, 133.33333333333334, 139.3939393939394, 145.45454545454544, 151.5151515151515, 157.57575757575756, 163.63636363636363, 169.6969696969697, 175.75757575757575, 181.8181818181818, 187.87878787878788, 193.93939393939394, 200.0, 206.06060606060606, 212.12121212121212, 218.1818181818182, 224.24242424242425, 230.3030303030303, 236.36363636363637, 242.42424242424244, 248.48484848484847, 254.54545454545453, 260.6060606060606, 266.6666666666667, 272.72727272727275, 278.7878787878788, 284.8484848484849, 290.9090909090909, 296.96969696969694, 303.030303030303, 309.09090909090907, 315.1515151515151, 321.2121212121212, 327.27272727272725, 333.3333333333333, 339.3939393939394, 345.45454545454544, 351.5151515151515, 357.57575757575756, 363.6363636363636, 369.6969696969697, 375.75757575757575, 381.8181818181818, 387.8787878787879, 393.93939393939394, 400.0, 406.06060606060606, 412.1212121212121, 418.1818181818182, 424.24242424242425, 430.3030303030303, 436.3636363636364, 442.42424242424244, 448.4848484848485, 454.54545454545456, 460.6060606060606, 466.6666666666667, 472.72727272727275, 478.7878787878788, 484.8484848484849, 490.9090909090909, 496.96969696969694, 503.030303030303, 509.09090909090907, 515.1515151515151, 521.2121212121212, 527.2727272727273, 533.3333333333334, 539.3939393939394, 545.4545454545455, 551.5151515151515, 557.5757575757576, 563.6363636363636, 569.6969696969697, 575.7575757575758, 581.8181818181818, 587.8787878787879, 593.9393939393939, 600.0],
         "dplt_at_force_location": -4.9503173828125,
         "maximum_dplt": -4.9503173828125,
         "location_max_dplt": 600.0
    },
     "metadata": {
         "error_code": 0,
         "model": "BendingTestAnalytical",
         "load_case": "Cantilever",
         "description": "",
         "job_name": "",
         "persistent_result_files": "",
         "n_cpus": 1,
         "date": "2026-03-17 09:07:07.212700",
         "cpu_time": 0.11627483367919922,
         "user": "sebastien.bocquet",
         "machine": "B20191729",
         "vims_git_version": "1b6e7132b9faba0cc93317d127a381ee76a8cb8e",
         "directory_archive_root": "C:\\Users\\sebastien.bocquet\\PycharmProjects\\vimseo\\docs\\runnable_examples\\model_runs\\archive\\calibration_scalars",
         "directory_archive_job": "C:\\Users\\sebastien.bocquet\\PycharmProjects\\vimseo\\docs\\runnable_examples\\model_runs\\archive\\calibration_scalars\\BendingTestAnalytical\\Cantilever\\359",
         "directory_scratch_root": "C:\\Users\\sebastien.bocquet\\PycharmProjects\\vimseo\\docs\\runnable_examples\\model_runs\\scratch\\calibration_scalars",
         "directory_scratch_job": ""
    }
}