{
  "inputs": {
    "young_modulus": 210000.0,
    "nu_p": 0.3,
    "length": 600.0,
    "width": 30.0,
    "height": 40.0,
    "imposed_dplt": -5.0,
    "relative_support_location": 0.5
  },
  "outputs": {
    "reaction_forces": -37333.333333333336,
    "moment": [
      0.0,
      -5600000.0,
      0.0
    ],
    "moment_grid": [
      0.0,
      300.0,
      600.0
    ],
    "dplt": [
      0.0,
      -0.15149969236286967,
      -0.30287571150748394,
      -0.4540043842155874,
      -0.6047620372689246,
      -0.7550249974492403,
      -0.9046695915382788,
      -1.053572146317785,
      -1.2016089885695034,
      -1.3486564450751786,
      -1.4945908426165553,
      -1.6392885079753778,
      -1.7826257679333906,
      -1.9244789492723386,
      -2.0647243787739664,
      -2.203238383220018,
      -2.339897289392239,
      -2.4745774240723737,
      -2.607155114042166,
      -2.7375066860833615,
      -2.8655084669777042,
      -2.9910367835069387,
      -3.1139679624528105,
      -3.2341783305970626,
      -3.35154421472144,
      -3.465941941607688,
      -3.577247838037551,
      -3.6853382307927736,
      -3.7900894466551,
      -3.8913778124062754,
      -3.9890796548280445,
      -4.0830713007021515,
      -4.17322907681034,
      -4.259429309934356,
      -4.3415483268559445,
      -4.419462454356849,
      -4.493048019218815,
      -4.562181348223586,
      -4.626738768152906,
      -4.686596605788521,
      -4.741631187912176,
      -4.791718841305615,
      -4.836735892750582,
      -4.876558669028823,
      -4.911063496922081,
      -4.940126703212101,
      -4.963624614680628,
      -4.981433558109407,
      -4.993429860280181,
      -4.999489847974696,
      -4.999489847974696,
      -4.993429860280181,
      -4.981433558109407,
      -4.963624614680628,
      -4.940126703212101,
      -4.911063496922081,
      -4.876558669028823,
      -4.836735892750583,
      -4.791718841305616,
      -4.741631187912176,
      -4.686596605788521,
      -4.626738768152906,
      -4.562181348223586,
      -4.493048019218815,
      -4.419462454356849,
      -4.3415483268559445,
      -4.259429309934356,
      -4.17322907681034,
      -4.0830713007021515,
      -3.9890796548280445,
      -3.8913778124062754,
      -3.7900894466551,
      -3.6853382307927736,
      -3.577247838037551,
      -3.465941941607688,
      -3.35154421472144,
      -3.2341783305970617,
      -3.1139679624528096,
      -2.9910367835069387,
      -2.8655084669777042,
      -2.7375066860833615,
      -2.6071551140421674,
      -2.474577424072375,
      -2.3398972893922405,
      -2.2032383832200195,
      -2.0647243787739678,
      -1.9244789492723386,
      -1.782625767933392,
      -1.6392885079753776,
      -1.4945908426165564,
      -1.3486564450751783,
      -1.2016089885695045,
      -1.0535721463177845,
      -0.9046695915382795,
      -0.7550249974492393,
      -0.604762037268925,
      -0.454004384215589,
      -0.302875711507484,
      -0.15149969236287109,
      -1.5575241834112075e-17
    ],
    "dplt_grid": [
      0.0,
      6.0606060606060606,
      12.121212121212121,
      18.18181818181818,
      24.242424242424242,
      30.303030303030305,
      36.36363636363636,
      42.42424242424242,
      48.484848484848484,
      54.54545454545455,
      60.60606060606061,
      66.66666666666667,
      72.72727272727272,
      78.78787878787878,
      84.84848484848484,
      90.9090909090909,
      96.96969696969697,
      103.03030303030303,
      109.0909090909091,
      115.15151515151516,
      121.21212121212122,
      127.27272727272727,
      133.33333333333334,
      139.3939393939394,
      145.45454545454544,
      151.5151515151515,
      157.57575757575756,
      163.63636363636363,
      169.6969696969697,
      175.75757575757575,
      181.8181818181818,
      187.87878787878788,
      193.93939393939394,
      200.0,
      206.06060606060606,
      212.12121212121212,
      218.1818181818182,
      224.24242424242425,
      230.3030303030303,
      236.36363636363637,
      242.42424242424244,
      248.48484848484847,
      254.54545454545453,
      260.6060606060606,
      266.6666666666667,
      272.72727272727275,
      278.7878787878788,
      284.8484848484849,
      290.9090909090909,
      296.96969696969694,
      303.030303030303,
      309.09090909090907,
      315.1515151515151,
      321.2121212121212,
      327.27272727272725,
      333.3333333333333,
      339.3939393939394,
      345.45454545454544,
      351.5151515151515,
      357.57575757575756,
      363.6363636363636,
      369.6969696969697,
      375.75757575757575,
      381.8181818181818,
      387.8787878787879,
      393.93939393939394,
      400.0,
      406.06060606060606,
      412.1212121212121,
      418.1818181818182,
      424.24242424242425,
      430.3030303030303,
      436.3636363636364,
      442.42424242424244,
      448.4848484848485,
      454.54545454545456,
      460.6060606060606,
      466.6666666666667,
      472.72727272727275,
      478.7878787878788,
      484.8484848484849,
      490.9090909090909,
      496.96969696969694,
      503.030303030303,
      509.09090909090907,
      515.1515151515151,
      521.2121212121212,
      527.2727272727273,
      533.3333333333334,
      539.3939393939394,
      545.4545454545455,
      551.5151515151515,
      557.5757575757576,
      563.6363636363636,
      569.6969696969697,
      575.7575757575758,
      581.8181818181818,
      587.8787878787879,
      593.9393939393939,
      600.0
    ],
    "dplt_at_force_location": -4.999489847974696,
    "maximum_dplt": -4.999489847974696,
    "location_max_dplt": 296.96969696969694
  },
  "metadata": {
    "error_code": 0,
    "model": "BendingTestAnalytical",
    "load_case": "ThreePoints",
    "description": "",
    "job_name": "",
    "persistent_result_files": "",
    "n_cpus": 1,
    "date": "2025-11-05 22:19:54.654723",
    "cpu_time": 0.04526948928833008,
    "user": "sebastien.bocquet",
    "machine": "B20191729",
    "vims_git_version": "95990fa211debd91a91ffe1d89b2b0b4b855f387",
    "directory_archive_root": "C:\\Users\\sebastien.bocquet\\PycharmProjects\\vims\\docs\\runnable_examples\\model_runs\\archive\\model_gallery",
    "directory_archive_job": "..\\model_runs\\archive\\model_gallery\\BendingTestAnalytical\\ThreePoints\\1",
    "directory_scratch_root": "C:\\Users\\sebastien.bocquet\\PycharmProjects\\vims\\docs\\runnable_examples\\model_runs\\scratch\\model_gallery",
    "directory_scratch_job": ""
  }
}
