{
     "inputs": {
         "young_modulus": 224777.2216796875,
         "Cantilever:length": 600.0,
         "Cantilever:width": 30.04931640625,
         "Cantilever:height": 40.17333984375,
         "Cantilever:imposed_dplt": -5.0364990234375,
         "Cantilever:relative_dplt_location": 1.0,
         "Cantilever:nu_p": 0.3
    },
     "outputs": {
         "length": 600.0,
         "width": 30.04931640625,
         "height": 40.17333984375,
         "imposed_dplt": -5.0364990234375,
         "relative_dplt_location": 1.0,
         "nu_p": 0.3,
         "reaction_forces": -2552.7937219731816,
         "moment": [1531676.233183909, 0.0],
         "moment_grid": [0.0, 600.0],
         "dplt": [0.0, -0.0007682187196614135, -0.0030624935445961745, -0.00686725247373007, -0.012166923505988884, -0.0189459346402984, -0.02718871387558437, -0.03687968921077262, -0.04800328864478891, -0.060543940176559015, -0.07448607180500873, -0.08981411152906382, -0.10651248734765008, -0.12456562725969333, -0.1439579592641193, -0.16467391135985374, -0.18669791154582255, -0.21001438782095147, -0.23460776818416615, -0.2604624806343923, -0.28756295317055613, -0.3158936137915831, -0.3454388904963992, -0.37618321128393006, -0.4081110041531013, -0.441206697102839, -0.47545471813206885, -0.5108394952397167, -0.5473454564247082, -0.5849570296859691, -0.6236586430224252, -0.6634347244330026, -0.7042697019166265, -0.7461480034722231, -0.7890540570987181, -0.8329722907950373, -0.8778871325601065, -0.9237830103928513, -0.9706443522921975, -1.0184555862570712, -1.0672011402863977, -1.1168654423791033, -1.1674329205341132, -1.218888002750354, -1.2712151170267507, -1.3243986913622294, -1.378423153755716, -1.4332729322061357, -1.4889324547124148, -1.5453861492734793, -1.6026184438882545, -1.6606137665556664, -1.719356545274641, -1.7788312080441033, -1.83902218286298, -1.8999138977301964, -1.9614907806446784, -2.023737259605352, -2.0866377626111423, -2.150176717660976, -2.2143385527537784, -2.279107695888474, -2.344468575063992, -2.410405618279254, -2.476903253533189, -2.5439459088247216, -2.6115180121527772, -2.679603991516282, -2.748188274914163, -2.8172552903453423, -2.8867894658087505, -2.956775229303309, -3.0271970088279474, -3.0980392323815877, -3.16928632796316, -3.240922723571586, -3.3129328472057944, -3.385301126864708, -3.458011990547256, -3.531049866252362, -3.604399181978953, -3.6780443657259534, -3.7519698454922894, -3.8261600492768877, -3.900599405078673, -3.9752723408965736, -4.0501632847295115, -4.125256664576414, -4.200536908436208, -4.275988444307817, -4.35159570019017, -4.42734310408219, -4.503215083982803, -4.579196067890936, -4.655270483805517, -4.731422759725464, -4.807637323649711, -4.883898603577181, -4.960191027506798, -5.03649902343749],
         "dplt_grid": [0.0, 6.0606060606060606, 12.121212121212121, 18.18181818181818, 24.242424242424242, 30.303030303030305, 36.36363636363636, 42.42424242424242, 48.484848484848484, 54.54545454545455, 60.60606060606061, 66.66666666666667, 72.72727272727272, 78.78787878787878, 84.84848484848484, 90.9090909090909, 96.96969696969697, 103.03030303030303, 109.0909090909091, 115.15151515151516, 121.21212121212122, 127.27272727272727, 133.33333333333334, 139.3939393939394, 145.45454545454544, 151.5151515151515, 157.57575757575756, 163.63636363636363, 169.6969696969697, 175.75757575757575, 181.8181818181818, 187.87878787878788, 193.93939393939394, 200.0, 206.06060606060606, 212.12121212121212, 218.1818181818182, 224.24242424242425, 230.3030303030303, 236.36363636363637, 242.42424242424244, 248.48484848484847, 254.54545454545453, 260.6060606060606, 266.6666666666667, 272.72727272727275, 278.7878787878788, 284.8484848484849, 290.9090909090909, 296.96969696969694, 303.030303030303, 309.09090909090907, 315.1515151515151, 321.2121212121212, 327.27272727272725, 333.3333333333333, 339.3939393939394, 345.45454545454544, 351.5151515151515, 357.57575757575756, 363.6363636363636, 369.6969696969697, 375.75757575757575, 381.8181818181818, 387.8787878787879, 393.93939393939394, 400.0, 406.06060606060606, 412.1212121212121, 418.1818181818182, 424.24242424242425, 430.3030303030303, 436.3636363636364, 442.42424242424244, 448.4848484848485, 454.54545454545456, 460.6060606060606, 466.6666666666667, 472.72727272727275, 478.7878787878788, 484.8484848484849, 490.9090909090909, 496.96969696969694, 503.030303030303, 509.09090909090907, 515.1515151515151, 521.2121212121212, 527.2727272727273, 533.3333333333334, 539.3939393939394, 545.4545454545455, 551.5151515151515, 557.5757575757576, 563.6363636363636, 569.6969696969697, 575.7575757575758, 581.8181818181818, 587.8787878787879, 593.9393939393939, 600.0],
         "dplt_at_force_location": -5.03649902343749,
         "maximum_dplt": -5.03649902343749,
         "location_max_dplt": 600.0
    },
     "metadata": {
         "error_code": 0,
         "model": "BendingTestAnalytical",
         "load_case": "Cantilever",
         "description": "",
         "job_name": "",
         "persistent_result_files": "",
         "n_cpus": 1,
         "date": "2026-03-17 09:06:13.843522",
         "cpu_time": 0.04152703285217285,
         "user": "sebastien.bocquet",
         "machine": "B20191729",
         "vims_git_version": "1b6e7132b9faba0cc93317d127a381ee76a8cb8e",
         "directory_archive_root": "C:\\Users\\sebastien.bocquet\\PycharmProjects\\vimseo\\docs\\runnable_examples\\model_runs\\archive\\calibration_coupled",
         "directory_archive_job": "C:\\Users\\sebastien.bocquet\\PycharmProjects\\vimseo\\docs\\runnable_examples\\model_runs\\archive\\calibration_coupled\\BendingTestAnalytical\\Cantilever\\130",
         "directory_scratch_root": "C:\\Users\\sebastien.bocquet\\PycharmProjects\\vimseo\\docs\\runnable_examples\\model_runs\\scratch\\calibration_coupled",
         "directory_scratch_job": ""
    }
}