{
     "inputs": {
         "length": 611.9834759229173,
         "width": 29.02163139798967,
         "height": 40.670101756376134,
         "imposed_dplt": -5.201953513456029,
         "relative_dplt_location": 0.8672829463572839,
         "young_modulus": 215441.79097928895,
         "nu_p": 0.3026796175397974
    },
     "outputs": {
         "reaction_forces": -3658.3269530777898,
         "moment": [1941703.97443796, 0.0, 0.0],
         "moment_grid": [0.0, 530.7628321203996, 611.9834759229173],
         "dplt": [0.0, -0.001054329613589544, -0.0042008819878815865, -0.009415002423161258, -0.016672036219713672, -0.02594732867782395, -0.03721622509777719, -0.0504540707798585, -0.06563621102435303, -0.0827379911315459, -0.10173475640172217, -0.12260185213516701, -0.1453146236321655, -0.16984841619300287, -0.1961785751179641, -0.22428044570733432, -0.25412937326139867, -0.2857007030804423, -0.31896979352742294, -0.35393204117848076, -0.39057793723566225, -0.4288785807767747, -0.46880522784623113, -0.5103292914550505, -0.5534223415808571, -0.5980561051678817, -0.6442024661269601, -0.6918334653355338, -0.7409213006376505, -0.7914383268439634, -0.8433570557317319, -0.8966501560448198, -0.951290453493698, -1.007250930755443, -1.0645047274737356, -1.1230251402588647, -1.1827856226877227, -1.243759785303809, -1.3059213956172284, -1.3692443781046921, -1.433702814209515, -1.49927094234162, -1.5659231578775348, -1.6336340131603924, -1.7023782174999327, -1.7721306371724994, -1.8428662954210449, -1.9145603724551246, -1.9871882054509, -2.06072528855114, -2.1351472728652174, -2.210429966469113, -2.286549334405411, -2.3634814986833, -2.44120273827858, -2.5196894891336514, -2.5989183441575223, -2.678866053225807, -2.759509523180723, -2.8408258178310994, -2.9227921579523635, -3.005385921286554, -3.088584642542312, -3.1723660133948837, -3.2567078824861273, -3.3415882554245, -3.4269852947850685, -3.512877320109501, -3.5992428079060756, -3.6860603916496775, -3.773308861781791, -3.8609671657105116, -3.94901440781054, -4.037429849423179, -4.126192908856343, -4.215283161384546, -4.304680339248912, -4.39436433165717, -4.484315184783651, -4.574513101769298, -4.664938442721657, -4.755571724714876, -4.846393621789716, -4.937384964953536, -5.028526742180308, -5.1198000984106, -5.211186335551599, -5.302666912477088, -5.394223445027458, -5.485837706009705, -5.577491625197434, -5.669164402633584, -5.7608380473206005, -5.852511692007616, -5.944185336694633, -6.035858981381648, -6.127532626068664, -6.219206270755681, -6.3108799154426976, -6.402553560129713],
         "dplt_grid": [0.0, 6.181651271948659, 12.363302543897317, 18.544953815845975, 24.726605087794635, 30.908256359743294, 37.08990763169195, 43.27155890364061, 49.45321017558927, 55.63486144753793, 61.81651271948659, 67.99816399143525, 74.1798152633839, 80.36146653533257, 86.54311780728122, 92.72476907922989, 98.90642035117854, 105.08807162312719, 111.26972289507586, 117.45137416702451, 123.63302543897318, 129.81467671092184, 135.9963279828705, 142.17797925481915, 148.3596305267678, 154.54128179871645, 160.72293307066514, 166.9045843426138, 173.08623561456244, 179.2678868865111, 185.44953815845977, 191.63118943040843, 197.81284070235708, 203.99449197430573, 210.17614324625438, 216.35779451820306, 222.53944579015172, 228.72109706210037, 234.90274833404902, 241.0843996059977, 247.26605087794636, 253.447702149895, 259.6293534218437, 265.8110046937923, 271.992655965741, 278.1743072376896, 284.3559585096383, 290.537609781587, 296.7192610535356, 302.9009123254843, 309.0825635974329, 315.2642148693816, 321.44586614133027, 327.6275174132789, 333.8091686852276, 339.99081995717626, 346.1724712291249, 352.35412250107356, 358.5357737730222, 364.71742504497087, 370.89907631691955, 377.08072758886817, 383.26237886081685, 389.4440301327655, 395.62568140471416, 401.80733267666284, 407.98898394861146, 414.17063522056014, 420.35228649250877, 426.53393776445745, 432.71558903640613, 438.89724030835475, 445.07889158030343, 451.26054285225206, 457.44219412420074, 463.6238453961494, 469.80549666809804, 475.9871479400467, 482.1687992119954, 488.35045048394403, 494.5321017558927, 500.71375302784134, 506.89540429979, 513.0770555717387, 519.2587068436874, 525.440358115636, 531.6220093875846, 537.8036606595333, 543.985311931482, 550.1669632034307, 556.3486144753792, 562.5302657473279, 568.7119170192766, 574.8935682912253, 581.075219563174, 587.2568708351225, 593.4385221070712, 599.6201733790199, 605.8018246509686, 611.9834759229173],
         "dplt_at_force_location": -5.19848471683664,
         "maximum_dplt": -6.402553560129713,
         "location_max_dplt": 611.9834759229173
    },
     "metadata": {
         "error_code": 0,
         "model": "BendingTestAnalytical",
         "load_case": "Cantilever",
         "description": "",
         "job_name": "",
         "persistent_result_files": "",
         "n_cpus": 1,
         "date": "2026-03-26 14:57:51.386636",
         "cpu_time": 0.004410982131958008,
         "user": "sebastien.bocquet",
         "machine": "IPF7101",
         "vims_git_version": "d0050d8de498c8354552cdde540fb3e524454871",
         "directory_archive_root": "/home/sebastien.bocquet/PycharmProjects/vimseo/docs/runnable_examples/model_runs/archive/sensitivity",
         "directory_archive_job": "/home/sebastien.bocquet/PycharmProjects/vimseo/docs/runnable_examples/model_runs/archive/sensitivity/BendingTestAnalytical/Cantilever/2",
         "directory_scratch_root": "/home/sebastien.bocquet/PycharmProjects/vimseo/docs/runnable_examples/model_runs/scratch/sensitivity",
         "directory_scratch_job": ""
    }
}