{
     "inputs": {
         "young_modulus": 209905.42700239795,
         "Cantilever:length": 600.0,
         "Cantilever:width": 29.599609375,
         "Cantilever:height": 40.2264404296875,
         "Cantilever:imposed_dplt": -5.0703125,
         "Cantilever:relative_dplt_location": 1.0,
         "Cantilever:nu_p": 0.3
    },
     "outputs": {
         "length": 600.0,
         "width": 29.599609375,
         "height": 40.2264404296875,
         "imposed_dplt": -5.0703125,
         "relative_dplt_location": 1.0,
         "nu_p": 0.3,
         "reaction_forces": -2373.369977982496,
         "moment": [1424021.9867894975, 0.0],
         "moment_grid": [0.0, 600.0],
         "dplt": [0.0, -0.0007733762994705756, -0.003083054166808373, -0.006913357055402513, -0.012248608418642103, -0.019073131709916258, -0.02737125038261406, -0.03712728789012465, -0.048325567685837116, -0.060950413223140563, -0.0749861479554241, -0.09041709533607686, -0.10722757881848795, -0.12540192185604646, -0.1449244479021415, -0.1657794804101622, -0.18795134283349768, -0.21142435862553707, -0.23618285123966937, -0.2622111441292836, -0.2894935607477693, -0.31801442454851514, -0.3477580589849106, -0.37870878751034454, -0.4108509335782059, -0.44416882064188423, -0.47864677215476836, -0.5142691115702475, -0.5510201623417108, -0.5888842479225471, -0.6278456917661459, -0.6678888173258961, -0.7089979480551867, -0.751157407407407, -0.7943515188359461, -0.8385646057941929, -0.8837809917355368, -0.9299850001133668, -0.9771609543810719, -1.0252931779920413, -1.074365994399664, -1.1243637270573292, -1.1752706994184263, -1.227071234936344, -1.279749657064472, -1.3332902892561984, -1.3876774549649125, -1.4428954776440044, -1.4989286807468618, -1.5557613877268754, -1.6133779220374334, -1.671762607131925, -1.730899766463739, -1.7907737234862648, -1.8513688016528924, -1.9126693244170094, -1.9746596152320053, -2.0373239975512702, -2.1006467948281924, -2.16461233051616, -2.2292049280685644, -2.294408910938793, -2.360208602580236, -2.426588326446281, -2.493532405990319, -2.5610251646657374, -2.6290509259259265, -2.6975940132242746, -2.7666387500141716, -2.836169459749005, -2.9061704658821665, -2.9766260918670433, -3.047520661157026, -3.1188384972055005, -3.1905639234658607, -3.2626812633914914, -3.3351748404357844, -3.4080289780521267, -3.4812279996939104, -3.554756228814521, -3.628597988867351, -3.702737603305786, -3.777159395583218, -3.8518476891530353, -3.926786807468626, -4.001961073983382, -4.0773548121506895, -4.152952345423937, -4.228737997256518, -4.304696091101817, -4.380810950413227, -4.457066898644131, -4.533448259247924, -4.609939355677994, -4.68652451138773, -4.763188049830519, -4.83991429445975, -4.916687568728817, -4.993492196091103, -5.070312500000003],
         "dplt_grid": [0.0, 6.0606060606060606, 12.121212121212121, 18.18181818181818, 24.242424242424242, 30.303030303030305, 36.36363636363636, 42.42424242424242, 48.484848484848484, 54.54545454545455, 60.60606060606061, 66.66666666666667, 72.72727272727272, 78.78787878787878, 84.84848484848484, 90.9090909090909, 96.96969696969697, 103.03030303030303, 109.0909090909091, 115.15151515151516, 121.21212121212122, 127.27272727272727, 133.33333333333334, 139.3939393939394, 145.45454545454544, 151.5151515151515, 157.57575757575756, 163.63636363636363, 169.6969696969697, 175.75757575757575, 181.8181818181818, 187.87878787878788, 193.93939393939394, 200.0, 206.06060606060606, 212.12121212121212, 218.1818181818182, 224.24242424242425, 230.3030303030303, 236.36363636363637, 242.42424242424244, 248.48484848484847, 254.54545454545453, 260.6060606060606, 266.6666666666667, 272.72727272727275, 278.7878787878788, 284.8484848484849, 290.9090909090909, 296.96969696969694, 303.030303030303, 309.09090909090907, 315.1515151515151, 321.2121212121212, 327.27272727272725, 333.3333333333333, 339.3939393939394, 345.45454545454544, 351.5151515151515, 357.57575757575756, 363.6363636363636, 369.6969696969697, 375.75757575757575, 381.8181818181818, 387.8787878787879, 393.93939393939394, 400.0, 406.06060606060606, 412.1212121212121, 418.1818181818182, 424.24242424242425, 430.3030303030303, 436.3636363636364, 442.42424242424244, 448.4848484848485, 454.54545454545456, 460.6060606060606, 466.6666666666667, 472.72727272727275, 478.7878787878788, 484.8484848484849, 490.9090909090909, 496.96969696969694, 503.030303030303, 509.09090909090907, 515.1515151515151, 521.2121212121212, 527.2727272727273, 533.3333333333334, 539.3939393939394, 545.4545454545455, 551.5151515151515, 557.5757575757576, 563.6363636363636, 569.6969696969697, 575.7575757575758, 581.8181818181818, 587.8787878787879, 593.9393939393939, 600.0],
         "dplt_at_force_location": -5.070312500000003,
         "maximum_dplt": -5.070312500000003,
         "location_max_dplt": 600.0
    },
     "metadata": {
         "error_code": 0,
         "model": "BendingTestAnalytical",
         "load_case": "Cantilever",
         "description": "",
         "job_name": "",
         "persistent_result_files": "",
         "n_cpus": 1,
         "date": "2026-03-17 09:06:40.247261",
         "cpu_time": 0.048040151596069336,
         "user": "sebastien.bocquet",
         "machine": "B20191729",
         "vims_git_version": "1b6e7132b9faba0cc93317d127a381ee76a8cb8e",
         "directory_archive_root": "C:\\Users\\sebastien.bocquet\\PycharmProjects\\vimseo\\docs\\runnable_examples\\model_runs\\archive\\calibration_scalars",
         "directory_archive_job": "C:\\Users\\sebastien.bocquet\\PycharmProjects\\vimseo\\docs\\runnable_examples\\model_runs\\archive\\calibration_scalars\\BendingTestAnalytical\\Cantilever\\160",
         "directory_scratch_root": "C:\\Users\\sebastien.bocquet\\PycharmProjects\\vimseo\\docs\\runnable_examples\\model_runs\\scratch\\calibration_scalars",
         "directory_scratch_job": ""
    }
}