{
     "inputs": {
         "length": 628.9267800327503,
         "width": 30.036142301940146,
         "height": 39.78617165085818,
         "imposed_dplt": -15.148351148713965,
         "relative_dplt_location": 0.8965822353411153,
         "young_modulus": 206623.23501153887,
         "nu_p": 0.3103910953806593
    },
     "outputs": {
         "reaction_forces": -8255.711099081656,
         "moment": [4655268.171735472, 0.0, 0.0],
         "moment_grid": [0.0, 563.8845783076532, 628.9267800327503],
         "dplt": [0.0, -0.0028732404064403336, -0.011449638539560419, -0.02566420977005894, -0.04545196946863453, -0.07074793300598581, -0.10148711575281134, -0.13760453307980977, -0.17903520035767978, -0.22571413295711998, -0.27757634624882893, -0.3345568556035054, -0.39659067639184775, -0.46361282398455533, -0.5355583137523258, -0.6123621610658584, -0.6939593812958518, -0.7802849898130044, -0.871274001988016, -0.9668614331915834, -1.0669822987944062, -1.1715716141671828, -1.2805643946806118, -1.3938956557053919, -1.5115004126122216, -1.6333136807718, -1.7592704755548256, -1.8893058123319966, -2.023354706474012, -2.16135217335157, -2.303233228335371, -2.448932886796111, -2.59838616410449, -2.7515280756312066, -2.9082936367469587, -3.068617862822447, -3.2324357692283674, -3.399682371335421, -3.570292684514304, -3.7442017241357184, -3.9213445055703584, -4.101656044188926, -4.28507135536212, -4.471525454460637, -4.660953356855175, -4.853290077916437, -5.048470633015117, -5.2464300375219155, -5.447103306807532, -5.650425456242662, -5.8563315011980075, -6.064756457044268, -6.275635339152139, -6.488903162892319, -6.704494943635509, -6.922345696752407, -7.14239043761371, -7.364564181590118, -7.588801944052331, -7.815038740371042, -8.043209585916959, -8.273249496060773, -8.505093486173184, -8.738676571624891, -8.973933767786594, -9.210800090028995, -9.44921055372278, -9.689100174238664, -9.930403966947335, -10.173056947219495, -10.416994130425843, -10.662150531937074, -10.908461167123892, -11.155861051356991, -11.404285200007074, -11.653668628444832, -11.903946352040975, -12.155053386166191, -12.406924746191189, -12.659495447486659, -12.912700505423297, -13.166474935371816, -13.420753752702899, -13.675471972787255, -13.930552188515726, -14.185900433726443, -14.441456736316637, -14.6971689111576, -14.952991217037336, -15.208884356660517, -15.464815476648514, -15.720758167539374, -15.976692463787845, -16.232604843765348, -16.488488229759994, -16.74434198797659, -17.000171928536613, -17.255990305478253, -17.511815816756354, -17.767673604242482],
         "dplt_grid": [0.0, 6.352795757906569, 12.705591515813138, 19.058387273719706, 25.411183031626276, 31.763978789532846, 38.11677454743941, 44.46957030534598, 50.82236606325255, 57.17516182115912, 63.52795757906569, 69.88075333697226, 76.23354909487882, 82.5863448527854, 88.93914061069196, 95.29193636859854, 101.6447321265051, 107.99752788441167, 114.35032364231824, 120.70311940022481, 127.05591515813138, 133.40871091603796, 139.76150667394452, 146.1143024318511, 152.46709818975765, 158.8198939476642, 165.1726897055708, 171.52548546347737, 177.87828122138393, 184.2310769792905, 190.58387273719708, 196.93666849510365, 203.2894642530102, 209.64226001091677, 215.99505576882333, 222.34785152672993, 228.7006472846365, 235.05344304254305, 241.40623880044961, 247.7590345583562, 254.11183031626277, 260.4646260741693, 266.8174218320759, 273.1702175899825, 279.52301334788905, 285.8758091057956, 292.2286048637022, 298.58140062160874, 304.9341963795153, 311.28699213742186, 317.6397878953284, 323.99258365323504, 330.3453794111416, 336.69817516904817, 343.05097092695473, 349.4037666848613, 355.75656244276786, 362.1093582006744, 368.462153958581, 374.81494971648755, 381.16774547439417, 387.52054123230073, 393.8733369902073, 400.22613274811386, 406.5789285060204, 412.931724263927, 419.28452002183354, 425.6373157797401, 431.99011153764667, 438.3429072955533, 444.69570305345985, 451.0484988113664, 457.401294569273, 463.75409032717954, 470.1068860850861, 476.45968184299267, 482.81247760089923, 489.1652733588058, 495.5180691167124, 501.870864874619, 508.22366063252554, 514.5764563904321, 520.9292521483386, 527.2820479062452, 533.6348436641518, 539.9876394220584, 546.340435179965, 552.6932309378715, 559.0460266957781, 565.3988224536846, 571.7516182115912, 578.1044139694977, 584.4572097274043, 590.810005485311, 597.1628012432175, 603.5155970011241, 609.8683927590306, 616.2211885169372, 622.5739842748437, 628.9267800327503],
         "dplt_at_force_location": -15.147890000246376,
         "maximum_dplt": -17.767673604242482,
         "location_max_dplt": 628.9267800327503
    },
     "metadata": {
         "error_code": 0,
         "model": "BendingTestAnalytical",
         "load_case": "Cantilever",
         "description": "",
         "job_name": "",
         "persistent_result_files": "",
         "n_cpus": 1,
         "date": "2026-03-17 09:07:48.161793",
         "cpu_time": 0.03432345390319824,
         "user": "sebastien.bocquet",
         "machine": "B20191729",
         "vims_git_version": "1b6e7132b9faba0cc93317d127a381ee76a8cb8e",
         "directory_archive_root": "C:\\Users\\sebastien.bocquet\\PycharmProjects\\vimseo\\docs\\runnable_examples\\model_runs\\archive\\uq",
         "directory_archive_job": "C:\\Users\\sebastien.bocquet\\PycharmProjects\\vimseo\\docs\\runnable_examples\\model_runs\\archive\\uq\\BendingTestAnalytical\\Cantilever\\94",
         "directory_scratch_root": "C:\\Users\\sebastien.bocquet\\PycharmProjects\\vimseo\\docs\\runnable_examples\\model_runs\\scratch\\uq",
         "directory_scratch_job": ""
    }
}