{
     "inputs": {
         "length": 624.1873483039536,
         "width": 29.351783802794877,
         "height": 39.21505879693632,
         "imposed_dplt": -14.767021974397,
         "relative_dplt_location": 0.9142108228547763,
         "young_modulus": 210302.81038505005,
         "nu_p": 0.3034462106957506
    },
     "outputs": {
         "reaction_forces": -7395.83404556261,
         "moment": [4220350.081519783, 0.0, 0.0],
         "moment_grid": [0.0, 570.6388293084983, 624.1873483039536],
         "dplt": [0.0, -0.002694130519589604, -0.01073668584590439, -0.02406791163026334, -0.04262805352398544, -0.06635735717838966, -0.09519606824479493, -0.12908443237452036, -0.16796269521888477, -0.21177110242920721, -0.2604498996568067, -0.31393933255300205, -0.3721796467691125, -0.4351110879564567, -0.502673901766354, -0.5748083338501229, -0.6514546298590828, -0.7325530354445523, -0.8180437962578512, -0.9078671579502976, -1.0019633661732108, -1.1002726665779095, -1.202735304815713, -1.3092915265379401, -1.41988157739591, -1.5344457030409415, -1.6529241491243536, -1.7752571612974657, -1.901384985211596, -2.0312478665180635, -2.1647860508681878, -2.301939783913288, -2.442649311304682, -2.58685487869369, -2.73449673173163, -2.8855151160698216, -3.039850277359583, -3.1974424612522347, -3.3582319133990945, -3.522158879451481, -3.689163605060714, -3.859186335878112, -4.032167317554995, -4.20804679574268, -4.386765016092489, -4.5682622242557365, -4.752478665883746, -4.939354586627835, -5.128830232139321, -5.320845848069523, -5.5153416800697626, -5.712257973791357, -5.911534974885624, -6.113112929003886, -6.316932081797461, -6.522932678917663, -6.73105496601582, -6.941239188743241, -7.15342559275125, -7.367554423691169, -7.583565927214311, -7.801400348972001, -8.02099793461555, -8.242298929796284, -8.465243580165518, -8.689772131374578, -8.915824829074772, -9.143341918917429, -9.372263646553858, -9.60253025763539, -9.834081997813332, -10.066859112739014, -10.300801848063742, -10.53585044943885, -10.771945162515646, -11.009026232945452, -11.247033906379592, -11.485908428469372, -11.725590044866127, -11.966019001221163, -12.20713554318581, -12.448879916411375, -12.691191191237342, -12.934001264480282, -13.177244607900718, -13.420860435609974, -13.664792420390864, -13.908988693697665, -14.153401845656129, -14.3979889250635, -14.642711439388473, -14.887535354771241, -15.13243109602345, -15.377373546628244, -15.622342048740219, -15.867320403185468, -16.11229686946154, -16.357264165737476, -16.60221946885378, -16.84716441432243],
         "dplt_grid": [0.0, 6.3049227101409455, 12.609845420281891, 18.914768130422836, 25.219690840563782, 31.52461355070473, 37.82953626084567, 44.13445897098662, 50.439381681127564, 56.74430439126851, 63.04922710140946, 69.3541498115504, 75.65907252169134, 81.96399523183229, 88.26891794197324, 94.57384065211419, 100.87876336225513, 107.18368607239607, 113.48860878253701, 119.79353149267797, 126.09845420281891, 132.40337691295986, 138.7082996231008, 145.01322233324174, 151.31814504338269, 157.62306775352363, 163.92799046366457, 170.23291317380554, 176.53783588394649, 182.84275859408743, 189.14768130422837, 195.4526040143693, 201.75752672451026, 208.0624494346512, 214.36737214479214, 220.67229485493309, 226.97721756507403, 233.28214027521497, 239.58706298535594, 245.89198569549689, 252.19690840563783, 258.50183111577877, 264.8067538259197, 271.11167653606066, 277.4165992462016, 283.72152195634254, 290.0264446664835, 296.3313673766244, 302.63629008676537, 308.9412127969063, 315.24613550704726, 321.5510582171882, 327.85598092732914, 334.1609036374701, 340.4658263476111, 346.770749057752, 353.07567176789297, 359.3805944780339, 365.68551718817486, 371.9904398983158, 378.29536260845674, 384.6002853185977, 390.9052080287386, 397.21013073887957, 403.5150534490205, 409.81997615916146, 416.1248988693024, 422.42982157944334, 428.7347442895843, 435.0396669997252, 441.34458970986617, 447.6495124200071, 453.95443513014806, 460.259357840289, 466.56428055042994, 472.86920326057094, 479.1741259707119, 485.4790486808528, 491.78397139099377, 498.0888941011347, 504.39381681127566, 510.6987395214166, 517.0036622315575, 523.3085849416984, 529.6135076518394, 535.9184303619803, 542.2233530721213, 548.5282757822623, 554.8331984924032, 561.1381212025442, 567.4430439126851, 573.7479666228261, 580.052889332967, 586.357812043108, 592.6627347532489, 598.9676574633899, 605.2725801735307, 611.5775028836717, 617.8824255938126, 624.1873483039536],
         "dplt_at_force_location": -14.76680569546359,
         "maximum_dplt": -16.84716441432243,
         "location_max_dplt": 624.1873483039536
    },
     "metadata": {
         "error_code": 0,
         "model": "BendingTestAnalytical",
         "load_case": "Cantilever",
         "description": "",
         "job_name": "",
         "persistent_result_files": "",
         "n_cpus": 1,
         "date": "2026-03-17 09:07:45.790271",
         "cpu_time": 0.029935836791992188,
         "user": "sebastien.bocquet",
         "machine": "B20191729",
         "vims_git_version": "1b6e7132b9faba0cc93317d127a381ee76a8cb8e",
         "directory_archive_root": "C:\\Users\\sebastien.bocquet\\PycharmProjects\\vimseo\\docs\\runnable_examples\\model_runs\\archive\\uq",
         "directory_archive_job": "C:\\Users\\sebastien.bocquet\\PycharmProjects\\vimseo\\docs\\runnable_examples\\model_runs\\archive\\uq\\BendingTestAnalytical\\Cantilever\\61",
         "directory_scratch_root": "C:\\Users\\sebastien.bocquet\\PycharmProjects\\vimseo\\docs\\runnable_examples\\model_runs\\scratch\\uq",
         "directory_scratch_job": ""
    }
}