{
     "inputs": {
         "young_modulus": 230000.0,
         "Cantilever:length": 600.0,
         "Cantilever:width": 29.8519287109375,
         "Cantilever:height": 40.728271484375,
         "Cantilever:imposed_dplt": -5.087890625,
         "Cantilever:relative_dplt_location": 1.0,
         "Cantilever:nu_p": 0.3
    },
     "outputs": {
         "length": 600.0,
         "width": 29.8519287109375,
         "height": 40.728271484375,
         "imposed_dplt": -5.087890625,
         "relative_dplt_location": 1.0,
         "nu_p": 0.3,
         "reaction_forces": -2731.5691098497364,
         "moment": [1638941.465909842, 0.0],
         "moment_grid": [0.0, 600.0],
         "dplt": [0.0, -0.0007760574961944725, -0.003093742721315796, -0.006937324780170847, -0.012291072777566496, -0.01913925581830961, -0.02746614300720704, -0.0372560034490657, -0.048493106248692415, -0.06116172051089407, -0.07524611534047755, -0.0907305598422497, -0.1075993231210174, -0.12583667428158754, -0.14542688242876697, -0.16635421666736253, -0.18860294610218112, -0.21215733983802962, -0.23700166697971484, -0.2631201966320435, -0.2904971978998228, -0.31911693988785944, -0.3489636917009604, -0.3800217224439324, -0.4122753012215823, -0.44570869713871714, -0.4803061793001437, -0.5160520168106687, -0.5529304787750994, -0.5909258342982422, -0.6300223524849042, -0.6702043024398924, -0.7114559532680134, -0.7537615740740742, -0.7971054339628818, -0.8414718020392428, -0.8868449474079642, -0.9332091391738528, -0.9805486464417157, -1.0288477383163595, -1.078090683902591, -1.1282617523052174, -1.1793452126290453, -1.231325333978882, -1.2841863854595341, -1.3379126361758078, -1.3924883552325114, -1.44789781173445, -1.5041252747864315, -1.5611550134932635, -1.6189712969597514, -1.6775583942907033, -1.7369005745909247, -1.7969821069652236, -1.8577872605184071, -1.9193003043552812, -1.9815055075806531, -2.04438713929933, -2.1079294686161174, -2.1721167646358235, -2.2369332964632553, -2.302363333203219, -2.368391143960522, -2.43500099783997, -2.502177163946372, -2.5699039113845323, -2.6381655092592595, -2.70694622667536, -2.7762303327376423, -2.846002096550909, -2.9162457872199714, -2.986945673849633, -3.058086025544704, -3.1296511114099883, -3.2016252005502954, -3.273992562070429, -3.3467374650751998, -3.4198441786694103, -3.493296971957872, -3.5670801140453876, -3.6411778740367673, -3.7155745210368147, -3.79025432415034, -3.865201552482148, -3.9404004751370456, -4.015835361219842, -4.0914904798353415, -4.16735010008835, -4.2433984910836795, -4.319619921926129, -4.395998661720513, -4.472518979571634, -4.5491651445842995, -4.625921425863319, -4.702772092513495, -4.7797014136396365, -4.856693658346552, -4.933733095739047, -5.010803994921927, -5.087890625000003],
         "dplt_grid": [0.0, 6.0606060606060606, 12.121212121212121, 18.18181818181818, 24.242424242424242, 30.303030303030305, 36.36363636363636, 42.42424242424242, 48.484848484848484, 54.54545454545455, 60.60606060606061, 66.66666666666667, 72.72727272727272, 78.78787878787878, 84.84848484848484, 90.9090909090909, 96.96969696969697, 103.03030303030303, 109.0909090909091, 115.15151515151516, 121.21212121212122, 127.27272727272727, 133.33333333333334, 139.3939393939394, 145.45454545454544, 151.5151515151515, 157.57575757575756, 163.63636363636363, 169.6969696969697, 175.75757575757575, 181.8181818181818, 187.87878787878788, 193.93939393939394, 200.0, 206.06060606060606, 212.12121212121212, 218.1818181818182, 224.24242424242425, 230.3030303030303, 236.36363636363637, 242.42424242424244, 248.48484848484847, 254.54545454545453, 260.6060606060606, 266.6666666666667, 272.72727272727275, 278.7878787878788, 284.8484848484849, 290.9090909090909, 296.96969696969694, 303.030303030303, 309.09090909090907, 315.1515151515151, 321.2121212121212, 327.27272727272725, 333.3333333333333, 339.3939393939394, 345.45454545454544, 351.5151515151515, 357.57575757575756, 363.6363636363636, 369.6969696969697, 375.75757575757575, 381.8181818181818, 387.8787878787879, 393.93939393939394, 400.0, 406.06060606060606, 412.1212121212121, 418.1818181818182, 424.24242424242425, 430.3030303030303, 436.3636363636364, 442.42424242424244, 448.4848484848485, 454.54545454545456, 460.6060606060606, 466.6666666666667, 472.72727272727275, 478.7878787878788, 484.8484848484849, 490.9090909090909, 496.96969696969694, 503.030303030303, 509.09090909090907, 515.1515151515151, 521.2121212121212, 527.2727272727273, 533.3333333333334, 539.3939393939394, 545.4545454545455, 551.5151515151515, 557.5757575757576, 563.6363636363636, 569.6969696969697, 575.7575757575758, 581.8181818181818, 587.8787878787879, 593.9393939393939, 600.0],
         "dplt_at_force_location": -5.087890625000003,
         "maximum_dplt": -5.087890625000003,
         "location_max_dplt": 600.0
    },
     "metadata": {
         "error_code": 0,
         "model": "BendingTestAnalytical",
         "load_case": "Cantilever",
         "description": "",
         "job_name": "",
         "persistent_result_files": "",
         "n_cpus": 1,
         "date": "2026-03-17 09:05:56.256421",
         "cpu_time": 0.013179540634155273,
         "user": "sebastien.bocquet",
         "machine": "B20191729",
         "vims_git_version": "1b6e7132b9faba0cc93317d127a381ee76a8cb8e",
         "directory_archive_root": "C:\\Users\\sebastien.bocquet\\PycharmProjects\\vimseo\\docs\\runnable_examples\\model_runs\\archive\\calibration_coupled",
         "directory_archive_job": "C:\\Users\\sebastien.bocquet\\PycharmProjects\\vimseo\\docs\\runnable_examples\\model_runs\\archive\\calibration_coupled\\BendingTestAnalytical\\Cantilever\\13",
         "directory_scratch_root": "C:\\Users\\sebastien.bocquet\\PycharmProjects\\vimseo\\docs\\runnable_examples\\model_runs\\scratch\\calibration_coupled",
         "directory_scratch_job": ""
    }
}