{
     "inputs": {
         "young_modulus": 224778.13720703125,
         "Cantilever:length": 600.0,
         "Cantilever:width": 29.4056396484375,
         "Cantilever:height": 40.0960693359375,
         "Cantilever:imposed_dplt": -5.01708984375,
         "Cantilever:relative_dplt_location": 1.0,
         "Cantilever:nu_p": 0.3
    },
     "outputs": {
         "length": 600.0,
         "width": 29.4056396484375,
         "height": 40.0960693359375,
         "imposed_dplt": -5.01708984375,
         "relative_dplt_location": 1.0,
         "nu_p": 0.3,
         "reaction_forces": -2474.162586592422,
         "moment": [1484497.5519554531, 0.0],
         "moment_grid": [0.0, 600.0],
         "dplt": [0.0, -0.0007652582316121112, -0.0030506915989942257, -0.006840788110965021, -0.01212003577634317, -0.018872922603947347, -0.027083936602596212, -0.036737565781108455, -0.04781829814830274, -0.06031062171299774, -0.07419902448401212, -0.08946799447016456, -0.1061020196802737, -0.12408558812315831, -0.143403187807637, -0.16403930674252842, -0.18597843293665128, -0.2092050543988243, -0.23370365913786598, -0.25945873516259543, -0.2864547704818308, -0.31467625310439096, -0.3441076710390947, -0.3747335122947605, -0.4065382648802069, -0.43950641680425306, -0.47362245607571735, -0.5088708707034184, -0.5452361486961751, -0.5827027780628059, -0.6212552468121296, -0.6608780429529648, -0.7015556544941303, -0.7432725694444446, -0.7860132758127265, -0.8297622616077946, -0.8745040148384677, -0.9202230235135642, -0.966903775641903, -1.0145307592323027, -1.063088462293582, -1.1125613728345596, -1.162933978864054, -1.2141907683908844, -1.2663162294238688, -1.3192948499718262, -1.3731111180435753, -1.4277495216479343, -1.4831945487937221, -1.5394306874897583, -1.5964424257448606, -1.6542142515678482, -1.7127306529675388, -1.771976117952752, -1.8319351345323063, -1.8925921907150207, -1.953931774509713, -2.0159383739252026, -2.0785964769703074, -2.141890571653847, -2.2058051459846397, -2.2703246879715033, -2.3354336856232587, -2.401116626948722, -2.467357999956714, -2.5341422926560515, -2.601453993055555, -2.6692775891640412, -2.737597568990332, -2.8063984205432413, -2.8756646318315915, -2.9453806908642006, -3.0155310856498865, -3.0861003041974677, -3.157072834515765, -3.228433164613593, -3.3001657824997745, -3.3722551761831254, -3.4446858336724673, -3.5174422429766152, -3.590508892104391, -3.6638702690646103, -3.737510861866095, -3.8114151585176614, -3.885567647028129, -3.9599528154063184, -4.034555151661045, -4.109359143801129, -4.184349279835389, -4.259510047772642, -4.334825935621711, -4.41028143139141, -4.48586102309056, -4.561549198727978, -4.637330446312488, -4.7131892538529, -4.78911010935804, -4.8650775008367235, -4.941075916297768, -5.017089843749996],
         "dplt_grid": [0.0, 6.0606060606060606, 12.121212121212121, 18.18181818181818, 24.242424242424242, 30.303030303030305, 36.36363636363636, 42.42424242424242, 48.484848484848484, 54.54545454545455, 60.60606060606061, 66.66666666666667, 72.72727272727272, 78.78787878787878, 84.84848484848484, 90.9090909090909, 96.96969696969697, 103.03030303030303, 109.0909090909091, 115.15151515151516, 121.21212121212122, 127.27272727272727, 133.33333333333334, 139.3939393939394, 145.45454545454544, 151.5151515151515, 157.57575757575756, 163.63636363636363, 169.6969696969697, 175.75757575757575, 181.8181818181818, 187.87878787878788, 193.93939393939394, 200.0, 206.06060606060606, 212.12121212121212, 218.1818181818182, 224.24242424242425, 230.3030303030303, 236.36363636363637, 242.42424242424244, 248.48484848484847, 254.54545454545453, 260.6060606060606, 266.6666666666667, 272.72727272727275, 278.7878787878788, 284.8484848484849, 290.9090909090909, 296.96969696969694, 303.030303030303, 309.09090909090907, 315.1515151515151, 321.2121212121212, 327.27272727272725, 333.3333333333333, 339.3939393939394, 345.45454545454544, 351.5151515151515, 357.57575757575756, 363.6363636363636, 369.6969696969697, 375.75757575757575, 381.8181818181818, 387.8787878787879, 393.93939393939394, 400.0, 406.06060606060606, 412.1212121212121, 418.1818181818182, 424.24242424242425, 430.3030303030303, 436.3636363636364, 442.42424242424244, 448.4848484848485, 454.54545454545456, 460.6060606060606, 466.6666666666667, 472.72727272727275, 478.7878787878788, 484.8484848484849, 490.9090909090909, 496.96969696969694, 503.030303030303, 509.09090909090907, 515.1515151515151, 521.2121212121212, 527.2727272727273, 533.3333333333334, 539.3939393939394, 545.4545454545455, 551.5151515151515, 557.5757575757576, 563.6363636363636, 569.6969696969697, 575.7575757575758, 581.8181818181818, 587.8787878787879, 593.9393939393939, 600.0],
         "dplt_at_force_location": -5.017089843749996,
         "maximum_dplt": -5.017089843749996,
         "location_max_dplt": 600.0
    },
     "metadata": {
         "error_code": 0,
         "model": "BendingTestAnalytical",
         "load_case": "Cantilever",
         "description": "",
         "job_name": "",
         "persistent_result_files": "",
         "n_cpus": 1,
         "date": "2026-03-26 14:57:33.529017",
         "cpu_time": 0.005040645599365234,
         "user": "sebastien.bocquet",
         "machine": "IPF7101",
         "vims_git_version": "d0050d8de498c8354552cdde540fb3e524454871",
         "directory_archive_root": "/home/sebastien.bocquet/PycharmProjects/vimseo/docs/runnable_examples/model_runs/archive/calibration_coupled",
         "directory_archive_job": "/home/sebastien.bocquet/PycharmProjects/vimseo/docs/runnable_examples/model_runs/archive/calibration_coupled/BendingTestAnalytical/Cantilever/135",
         "directory_scratch_root": "/home/sebastien.bocquet/PycharmProjects/vimseo/docs/runnable_examples/model_runs/scratch/calibration_coupled",
         "directory_scratch_job": ""
    }
}