{
     "inputs": {
         "young_modulus": 219983.55200239795,
         "Cantilever:length": 600.0,
         "Cantilever:width": 29.47705078125,
         "Cantilever:height": 39.377685546875,
         "Cantilever:imposed_dplt": -5.0565185546875,
         "Cantilever:relative_dplt_location": 1.0,
         "Cantilever:nu_p": 0.3
    },
     "outputs": {
         "length": 600.0,
         "width": 29.47705078125,
         "height": 39.377685546875,
         "imposed_dplt": -5.0565185546875,
         "relative_dplt_location": 1.0,
         "nu_p": 0.3,
         "reaction_forces": -2317.1954241819126,
         "moment": [1390317.2545091475, 0.0],
         "moment_grid": [0.0, 600.0],
         "dplt": [0.0, -0.0007712723048191838, -0.003074666620562963, -0.0068945490491606745, -0.012215285692541664, -0.01902124265263527, -0.027296786031370826, -0.0370262819306777, -0.04819409645248522, -0.060784595698722715, -0.07478214577131954, -0.09017111277220506, -0.10693586280330857, -0.12506076196655946, -0.14453017636388704, -0.16532847209722057, -0.18744001526848952, -0.21084917197962322, -0.2355403083325509, -0.26149779042920185, -0.2887059843715057, -0.31714925626139145, -0.34681197220078885, -0.3776784982916269, -0.4097332006358349, -0.4429604453353425, -0.4773445984920789, -0.5128700262079734, -0.5495210945849553, -0.5872821697249541, -0.626137617729899, -0.6660718047017193, -0.7070690967423445, -0.7491138599537038, -0.7921904604377268, -0.8362832642963425, -0.8813766376314804, -0.9274549465450699, -0.9745025571390401, -1.0225038355153206, -1.0714431477758406, -1.1213048600225295, -1.1720733383573165, -1.2237329488821311, -1.2762680576989034, -1.3296630309095612, -1.383902234616035, -1.4389700349202528, -1.4948507979241454, -1.5515288897296418, -1.608988676438671, -1.6672145241531626, -1.7261907989750456, -1.7859018670062499, -1.8463320943487047, -1.9074658471043384, -1.9692874913750815, -2.0317813932628637, -2.0949319188696127, -2.1587234342972583, -2.223140305647731, -2.288166899022959, -2.353787580524873, -2.4199867162554, -2.4867486723164722, -2.5540578148100166, -2.6218985098379632, -2.690255123502242, -2.759112021904782, -2.828453571147512, -2.8982641373323625, -2.968528086561261, -3.0392297849361385, -3.1103535985589237, -3.1818838935315474, -3.253805035955935, -3.3261013919340203, -3.3987573275677296, -3.4717572089589948, -3.5450854022097427, -3.618726273421904, -3.6926641886974076, -3.766883514138183, -3.8413686158461604, -3.916103859923268, -3.991073612471436, -4.066262239592594, -4.141654107388667, -4.217233581961592, -4.292985029413291, -4.368892815845698, -4.444941307360741, -4.521114870060349, -4.597397870046452, -4.673774673420979, -4.750229646285858, -4.82674715474302, -4.9033115648943975, -4.979907242841911, -5.056518554687498],
         "dplt_grid": [0.0, 6.0606060606060606, 12.121212121212121, 18.18181818181818, 24.242424242424242, 30.303030303030305, 36.36363636363636, 42.42424242424242, 48.484848484848484, 54.54545454545455, 60.60606060606061, 66.66666666666667, 72.72727272727272, 78.78787878787878, 84.84848484848484, 90.9090909090909, 96.96969696969697, 103.03030303030303, 109.0909090909091, 115.15151515151516, 121.21212121212122, 127.27272727272727, 133.33333333333334, 139.3939393939394, 145.45454545454544, 151.5151515151515, 157.57575757575756, 163.63636363636363, 169.6969696969697, 175.75757575757575, 181.8181818181818, 187.87878787878788, 193.93939393939394, 200.0, 206.06060606060606, 212.12121212121212, 218.1818181818182, 224.24242424242425, 230.3030303030303, 236.36363636363637, 242.42424242424244, 248.48484848484847, 254.54545454545453, 260.6060606060606, 266.6666666666667, 272.72727272727275, 278.7878787878788, 284.8484848484849, 290.9090909090909, 296.96969696969694, 303.030303030303, 309.09090909090907, 315.1515151515151, 321.2121212121212, 327.27272727272725, 333.3333333333333, 339.3939393939394, 345.45454545454544, 351.5151515151515, 357.57575757575756, 363.6363636363636, 369.6969696969697, 375.75757575757575, 381.8181818181818, 387.8787878787879, 393.93939393939394, 400.0, 406.06060606060606, 412.1212121212121, 418.1818181818182, 424.24242424242425, 430.3030303030303, 436.3636363636364, 442.42424242424244, 448.4848484848485, 454.54545454545456, 460.6060606060606, 466.6666666666667, 472.72727272727275, 478.7878787878788, 484.8484848484849, 490.9090909090909, 496.96969696969694, 503.030303030303, 509.09090909090907, 515.1515151515151, 521.2121212121212, 527.2727272727273, 533.3333333333334, 539.3939393939394, 545.4545454545455, 551.5151515151515, 557.5757575757576, 563.6363636363636, 569.6969696969697, 575.7575757575758, 581.8181818181818, 587.8787878787879, 593.9393939393939, 600.0],
         "dplt_at_force_location": -5.056518554687498,
         "maximum_dplt": -5.056518554687498,
         "location_max_dplt": 600.0
    },
     "metadata": {
         "error_code": 0,
         "model": "BendingTestAnalytical",
         "load_case": "Cantilever",
         "description": "",
         "job_name": "",
         "persistent_result_files": "",
         "n_cpus": 1,
         "date": "2026-06-16 18:11:20.919708",
         "cpu_time": 0.1895279884338379,
         "user": "sebastien.bocquet",
         "machine": "PCBM20250036",
         "vims_git_version": "5cd5cf5ab4caf1fa2c2190f0396e06b5b5639fd0",
         "directory_archive_root": "C:\\Users\\sebastien.bocquet\\Dev\\vimseo\\docs\\runnable_examples\\model_runs\\archive\\calibration_scalars",
         "directory_archive_job": "C:\\Users\\sebastien.bocquet\\Dev\\vimseo\\docs\\runnable_examples\\model_runs\\archive\\calibration_scalars\\BendingTestAnalytical\\Cantilever\\693",
         "directory_scratch_root": "C:\\Users\\sebastien.bocquet\\Dev\\vimseo\\docs\\runnable_examples\\model_runs\\scratch\\calibration_scalars",
         "directory_scratch_job": ""
    }
}