{
     "inputs": {
         "young_modulus": 224782.71484375,
         "Cantilever:length": 600.0,
         "Cantilever:width": 30.0968017578125,
         "Cantilever:height": 39.488525390625,
         "Cantilever:imposed_dplt": -5.0556640625,
         "Cantilever:relative_dplt_location": 1.0,
         "Cantilever:nu_p": 0.3
    },
     "outputs": {
         "length": 600.0,
         "width": 30.0968017578125,
         "height": 39.488525390625,
         "imposed_dplt": -5.0556640625,
         "relative_dplt_location": 1.0,
         "nu_p": 0.3,
         "reaction_forces": -2437.5889617301946,
         "moment": [1462553.3770381168, 0.0],
         "moment_grid": [0.0, 600.0],
         "dplt": [0.0, -0.000771141968867329, -0.003074147038052185, -0.0068933839514288865, -0.012213221452871742, -0.01901802828625506, -0.027292173195453143, -0.037020024924340325, -0.048185952216790895, -0.06077432381667917, -0.07476950846787947, -0.09015587491426608, -0.10691779189971333, -0.1250396281680955, -0.144505752463287, -0.165300533529162, -0.1874083401095949, -0.21081354094846, -0.23550050478963155, -0.2614536003769843, -0.2886571964543919, -0.3170956617657289, -0.34675336505486976, -0.37761467506568863, -0.40966396054205967, -0.4428855902278577, -0.47726393286695656, -0.5127833572032308, -0.5494282319805546, -0.5871829259428023, -0.6260318078338483, -0.665959246397567, -0.7069496103778323, -0.7489872685185189, -0.792056589563501, -0.8361419422566527, -0.8812276953418489, -0.9272982175629633, -0.9743378776638703, -1.0223310443884444, -1.0712620864805598, -1.1211153726840908, -1.1718752717429117, -1.2235261524008973, -1.2760523834019213, -1.3294383334898583, -1.3836683714085825, -1.4387268659019676, -1.4945981857138886, -1.5512666995882205, -1.6087167762688361, -1.6669327844996111, -1.725899093024419, -1.785600070587134, -1.846020085931631, -1.9071435078017838, -1.9689547049414668, -2.0314380460945554, -2.094577900004922, -2.158358635416442, -2.222764621072989, -2.2877802257184383, -2.353389818096665, -2.41957776695154, -2.4863284410269424, -2.553626209066742, -2.6214554398148158, -2.6898005020150366, -2.7586457644112805, -2.827975595747419, -2.89777436476733, -2.968026440214885, -3.0387161908339593, -3.109827985368428, -3.181346192562165, -3.2532551811590418, -3.325539319902938, -3.398182977537722, -3.471170522807274, -3.5444863244554643, -3.6181147512261687, -3.69204017186326, -3.7662469551106144, -3.8407194697121056, -3.915442084411608, -3.9903991679529964, -4.065575089080145, -4.140954216536925, -4.216520919067215, -4.292259565414886, -4.368154524323817, -4.4441901645378765, -4.520350854800943, -4.596620963856887, -4.672984860449588, -4.749426913322915, -4.8259314912207465, -4.902482962886955, -4.979065697065413, -5.055664062499999],
         "dplt_grid": [0.0, 6.0606060606060606, 12.121212121212121, 18.18181818181818, 24.242424242424242, 30.303030303030305, 36.36363636363636, 42.42424242424242, 48.484848484848484, 54.54545454545455, 60.60606060606061, 66.66666666666667, 72.72727272727272, 78.78787878787878, 84.84848484848484, 90.9090909090909, 96.96969696969697, 103.03030303030303, 109.0909090909091, 115.15151515151516, 121.21212121212122, 127.27272727272727, 133.33333333333334, 139.3939393939394, 145.45454545454544, 151.5151515151515, 157.57575757575756, 163.63636363636363, 169.6969696969697, 175.75757575757575, 181.8181818181818, 187.87878787878788, 193.93939393939394, 200.0, 206.06060606060606, 212.12121212121212, 218.1818181818182, 224.24242424242425, 230.3030303030303, 236.36363636363637, 242.42424242424244, 248.48484848484847, 254.54545454545453, 260.6060606060606, 266.6666666666667, 272.72727272727275, 278.7878787878788, 284.8484848484849, 290.9090909090909, 296.96969696969694, 303.030303030303, 309.09090909090907, 315.1515151515151, 321.2121212121212, 327.27272727272725, 333.3333333333333, 339.3939393939394, 345.45454545454544, 351.5151515151515, 357.57575757575756, 363.6363636363636, 369.6969696969697, 375.75757575757575, 381.8181818181818, 387.8787878787879, 393.93939393939394, 400.0, 406.06060606060606, 412.1212121212121, 418.1818181818182, 424.24242424242425, 430.3030303030303, 436.3636363636364, 442.42424242424244, 448.4848484848485, 454.54545454545456, 460.6060606060606, 466.6666666666667, 472.72727272727275, 478.7878787878788, 484.8484848484849, 490.9090909090909, 496.96969696969694, 503.030303030303, 509.09090909090907, 515.1515151515151, 521.2121212121212, 527.2727272727273, 533.3333333333334, 539.3939393939394, 545.4545454545455, 551.5151515151515, 557.5757575757576, 563.6363636363636, 569.6969696969697, 575.7575757575758, 581.8181818181818, 587.8787878787879, 593.9393939393939, 600.0],
         "dplt_at_force_location": -5.055664062499999,
         "maximum_dplt": -5.055664062499999,
         "location_max_dplt": 600.0
    },
     "metadata": {
         "error_code": 0,
         "model": "BendingTestAnalytical",
         "load_case": "Cantilever",
         "description": "",
         "job_name": "",
         "persistent_result_files": "",
         "n_cpus": 1,
         "date": "2026-03-17 09:06:09.792668",
         "cpu_time": 0.029677152633666992,
         "user": "sebastien.bocquet",
         "machine": "B20191729",
         "vims_git_version": "1b6e7132b9faba0cc93317d127a381ee76a8cb8e",
         "directory_archive_root": "C:\\Users\\sebastien.bocquet\\PycharmProjects\\vimseo\\docs\\runnable_examples\\model_runs\\archive\\calibration_coupled",
         "directory_archive_job": "C:\\Users\\sebastien.bocquet\\PycharmProjects\\vimseo\\docs\\runnable_examples\\model_runs\\archive\\calibration_coupled\\BendingTestAnalytical\\Cantilever\\107",
         "directory_scratch_root": "C:\\Users\\sebastien.bocquet\\PycharmProjects\\vimseo\\docs\\runnable_examples\\model_runs\\scratch\\calibration_coupled",
         "directory_scratch_job": ""
    }
}