{
     "inputs": {
         "young_modulus": 224785.15625,
         "ThreePoints:length": 600.0,
         "ThreePoints:width": 30.27783203125,
         "ThreePoints:height": 40.6444091796875,
         "ThreePoints:imposed_dplt": -4.957763671875,
         "ThreePoints:relative_support_location": 0.5,
         "ThreePoints:nu_p": 0.3
    },
     "outputs": {
         "length": 600.0,
         "width": 30.27783203125,
         "height": 40.6444091796875,
         "imposed_dplt": -4.957763671875,
         "relative_support_location": 0.5,
         "nu_p": 0.3,
         "reaction_forces": -41955.30766103555,
         "moment": [0.0, -6293296.149155333, 0.0],
         "moment_grid": [0.0, 300.0, 600.0],
         "dplt": [5.944157911896666e-19, -0.1502199342193747, -0.3003172399210194, -0.45016928858720384, -0.599653451700198, -0.7486471007422717, -0.8970276071956947, -1.0446723425427373, -1.191458678265669, -1.33726398584676, -1.48196563676828, -1.625441002512499, -1.7675674545616866, -1.9082223643981133, -2.0472831035040486, -2.1846270433617625, -2.320131555453525, -2.453674011261606, -2.585131782268275, -2.7143822399558024, -2.8413027558064576, -2.9657707013025107, -3.087663447926232, -3.206858367159891, -3.323232830485757, -3.4366642093861013, -3.547029875343193, -3.6542071998393015, -3.758073554356698, -3.8585063103776513, -3.9553828393844315, -4.048580512859308, -4.1379767022845515, -4.223448779142432, -4.304874114915219, -4.382130081085184, -4.455094049134595, -4.523643390545722, -4.587655476800835, -4.647007679382205, -4.7015773697721, -4.7512419194527915, -4.795878699906549, -4.835365082615642, -4.86957843906234, -4.898396140728914, -4.921695559097634, -4.939354065650768, -4.951249031870588, -4.957257829239363, -4.957257829239363, -4.951249031870588, -4.939354065650768, -4.921695559097634, -4.898396140728914, -4.86957843906234, -4.835365082615642, -4.795878699906549, -4.7512419194527915, -4.7015773697721, -4.647007679382205, -4.587655476800835, -4.523643390545722, -4.455094049134595, -4.382130081085184, -4.304874114915219, -4.223448779142432, -4.1379767022845515, -4.048580512859308, -3.9553828393844315, -3.8585063103776513, -3.758073554356698, -3.6542071998393015, -3.547029875343193, -3.4366642093861013, -3.323232830485757, -3.2068583671598905, -3.0876634479262317, -2.9657707013025107, -2.8413027558064576, -2.7143822399558024, -2.5851317822682764, -2.453674011261607, -2.3201315554535262, -2.184627043361764, -2.04728310350405, -1.9082223643981133, -1.767567454561688, -1.6254410025124988, -1.4819656367682812, -1.3372639858467599, -1.1914586782656702, -1.0446723425427369, -0.8970276071956956, -0.7486471007422709, -0.5996534517001985, -0.4501692885872056, -0.3003172399210196, -0.15021993421937624, -1.979346591143849e-17],
         "dplt_grid": [0.0, 6.0606060606060606, 12.121212121212121, 18.18181818181818, 24.242424242424242, 30.303030303030305, 36.36363636363636, 42.42424242424242, 48.484848484848484, 54.54545454545455, 60.60606060606061, 66.66666666666667, 72.72727272727272, 78.78787878787878, 84.84848484848484, 90.9090909090909, 96.96969696969697, 103.03030303030303, 109.0909090909091, 115.15151515151516, 121.21212121212122, 127.27272727272727, 133.33333333333334, 139.3939393939394, 145.45454545454544, 151.5151515151515, 157.57575757575756, 163.63636363636363, 169.6969696969697, 175.75757575757575, 181.8181818181818, 187.87878787878788, 193.93939393939394, 200.0, 206.06060606060606, 212.12121212121212, 218.1818181818182, 224.24242424242425, 230.3030303030303, 236.36363636363637, 242.42424242424244, 248.48484848484847, 254.54545454545453, 260.6060606060606, 266.6666666666667, 272.72727272727275, 278.7878787878788, 284.8484848484849, 290.9090909090909, 296.96969696969694, 303.030303030303, 309.09090909090907, 315.1515151515151, 321.2121212121212, 327.27272727272725, 333.3333333333333, 339.3939393939394, 345.45454545454544, 351.5151515151515, 357.57575757575756, 363.6363636363636, 369.6969696969697, 375.75757575757575, 381.8181818181818, 387.8787878787879, 393.93939393939394, 400.0, 406.06060606060606, 412.1212121212121, 418.1818181818182, 424.24242424242425, 430.3030303030303, 436.3636363636364, 442.42424242424244, 448.4848484848485, 454.54545454545456, 460.6060606060606, 466.6666666666667, 472.72727272727275, 478.7878787878788, 484.8484848484849, 490.9090909090909, 496.96969696969694, 503.030303030303, 509.09090909090907, 515.1515151515151, 521.2121212121212, 527.2727272727273, 533.3333333333334, 539.3939393939394, 545.4545454545455, 551.5151515151515, 557.5757575757576, 563.6363636363636, 569.6969696969697, 575.7575757575758, 581.8181818181818, 587.8787878787879, 593.9393939393939, 600.0],
         "dplt_at_force_location": -4.957257829239363,
         "maximum_dplt": -4.957257829239363,
         "location_max_dplt": 296.96969696969694
    },
     "metadata": {
         "error_code": 0,
         "model": "BendingTestAnalytical",
         "load_case": "ThreePoints",
         "description": "",
         "job_name": "",
         "persistent_result_files": "",
         "n_cpus": 1,
         "date": "2026-03-26 14:57:32.377751",
         "cpu_time": 0.004372119903564453,
         "user": "sebastien.bocquet",
         "machine": "IPF7101",
         "vims_git_version": "d0050d8de498c8354552cdde540fb3e524454871",
         "directory_archive_root": "/home/sebastien.bocquet/PycharmProjects/vimseo/docs/runnable_examples/model_runs/archive/calibration_coupled",
         "directory_archive_job": "/home/sebastien.bocquet/PycharmProjects/vimseo/docs/runnable_examples/model_runs/archive/calibration_coupled/BendingTestAnalytical/ThreePoints/95",
         "directory_scratch_root": "/home/sebastien.bocquet/PycharmProjects/vimseo/docs/runnable_examples/model_runs/scratch/calibration_coupled",
         "directory_scratch_job": ""
    }
}