{
     "inputs": {
         "length": 608.9422691228576,
         "width": 29.921473628266998,
         "height": 40.925313041072094,
         "imposed_dplt": -15.070977805277678,
         "relative_dplt_location": 0.9145635554130045,
         "young_modulus": 212505.4801628161,
         "nu_p": 0.29075767793533447
    },
     "outputs": {
         "reaction_forces": -9506.935446248162,
         "moment": [5294568.327360822, 0.0, 0.0],
         "moment_grid": [0.0, 556.9164066902633, 608.9422691228576],
         "dplt": [0.0, -0.0027474683265139833, -0.0109492641308551, -0.02454447365022214, -0.04347218312181386, -0.06767147878282899, -0.09708144687046621, -0.13164117362192435, -0.17128974527440197, -0.21596624806509798, -0.26560976823121113, -0.32015939200994004, -0.3795542056384836, -0.44373329535404044, -0.5126357473938095, -0.5862006479949895, -0.6643670833947789, -0.7470741398303771, -0.8342609035389822, -0.9258664607577941, -1.0218298977240101, -1.122090300674829, -1.2265867558474508, -1.3352583494790735, -1.4480441678068954, -1.564883297068116, -1.685714823499933, -1.810477833339547, -1.9391114128241558, -2.071554648190957, -2.2077466256771507, -2.3476264315199353, -2.49113315195651, -2.638205873224073, -2.7887836815598224, -2.942805663200959, -3.100210904384679, -3.2609384913481834, -3.42492751032867, -3.592117047563336, -3.762446189289383, -3.9358540217440083, -4.1122796311644105, -4.29166210378779, -4.473940525851342, -4.659053983592267, -4.846941563247767, -5.037542351055037, -5.230795433251275, -5.4266398960736835, -5.625014825759459, -5.825859308545798, -6.029112430669903, -6.2347132783689725, -6.442600937880203, -6.652714495440796, -6.864993037287949, -7.079375649658857, -7.2958014187907265, -7.514209430920749, -7.734538772286127, -7.9567285291240575, -8.180717787671743, -8.406445634166374, -8.633851154845159, -8.86287343594529, -9.093451563703974, -9.325524624358398, -9.55903170414577, -9.793911889303283, -10.03010426606814, -10.267547920677533, -10.506181939368673, -10.74594540837875, -10.986777413944964, -11.228617042304512, -11.471403379694591, -11.71507551235241, -11.959572526515156, -12.204833508420037, -12.45079754430425, -12.697403720404987, -12.944590626308692, -13.192289529842778, -13.440432529655272, -13.688957038990024, -13.937805093406334, -14.186923350778986, -14.43626309129823, -14.68578021746978, -14.935435254114822, -15.185193348370014, -15.435024269687467, -15.684902409834782, -15.934806782895015, -16.184721025266693, -16.434633395663813, -16.68453677511584, -16.93442866696772, -17.184311196879833],
         "dplt_grid": [0.0, 6.150932011341996, 12.301864022683992, 18.452796034025987, 24.603728045367983, 30.75466005670998, 36.90559206805197, 43.056524079393974, 49.20745609073597, 55.35838810207796, 61.50932011341996, 67.66025212476195, 73.81118413610395, 79.96211614744594, 86.11304815878795, 92.26398017012994, 98.41491218147193, 104.56584419281393, 110.71677620415592, 116.86770821549793, 123.01864022683992, 129.1695722381819, 135.3205042495239, 141.47143626086591, 147.6223682722079, 153.7733002835499, 159.92423229489188, 166.0751643062339, 172.2260963175759, 178.37702832891787, 184.52796034025988, 190.67889235160186, 196.82982436294387, 202.98075637428587, 209.13168838562785, 215.28262039696986, 221.43355240831184, 227.58448441965385, 233.73541643099585, 239.88634844233783, 246.03728045367984, 252.18821246502182, 258.3391444763638, 264.49007648770584, 270.6410084990478, 276.7919405103898, 282.94287252173183, 289.0938045330738, 295.2447365444158, 301.3956685557578, 307.5466005670998, 313.6975325784418, 319.84846458978376, 325.9993966011258, 332.1503286124678, 338.30126062380975, 344.4521926351518, 350.60312464649377, 356.75405665783575, 362.9049886691778, 369.05592068051976, 375.20685269186174, 381.3577847032037, 387.50871671454576, 393.65964872588773, 399.8105807372297, 405.96151274857175, 412.1124447599137, 418.2633767712557, 424.4143087825977, 430.5652407939397, 436.7161728052817, 442.8671048166237, 449.0180368279657, 455.1689688393077, 461.3199008506497, 467.4708328619917, 473.6217648733337, 479.77269688467567, 485.92362889601765, 492.0745609073597, 498.22549291870166, 504.37642493004364, 510.5273569413857, 516.6782889527276, 522.8292209640697, 528.9801529754117, 535.1310849867536, 541.2820169980956, 547.4329490094376, 553.5838810207796, 559.7348130321217, 565.8857450434637, 572.0366770548056, 578.1876090661476, 584.3385410774896, 590.4894730888316, 596.6404051001736, 602.7913371115156, 608.9422691228576],
         "dplt_at_force_location": -15.070752187992808,
         "maximum_dplt": -17.184311196879833,
         "location_max_dplt": 608.9422691228576
    },
     "metadata": {
         "error_code": 0,
         "model": "BendingTestAnalytical",
         "load_case": "Cantilever",
         "description": "",
         "job_name": "",
         "persistent_result_files": "",
         "n_cpus": 1,
         "date": "2026-03-26 14:57:55.916827",
         "cpu_time": 0.004044055938720703,
         "user": "sebastien.bocquet",
         "machine": "IPF7101",
         "vims_git_version": "d0050d8de498c8354552cdde540fb3e524454871",
         "directory_archive_root": "/home/sebastien.bocquet/PycharmProjects/vimseo/docs/runnable_examples/model_runs/archive/uq",
         "directory_archive_job": "/home/sebastien.bocquet/PycharmProjects/vimseo/docs/runnable_examples/model_runs/archive/uq/BendingTestAnalytical/Cantilever/82",
         "directory_scratch_root": "/home/sebastien.bocquet/PycharmProjects/vimseo/docs/runnable_examples/model_runs/scratch/uq",
         "directory_scratch_job": ""
    }
}