{
     "inputs": {
         "young_modulus": 220646.2904293925,
         "Cantilever:length": 600.0,
         "Cantilever:width": 30.57470703125,
         "Cantilever:height": 39.9837646484375,
         "Cantilever:imposed_dplt": -5.054931640625,
         "Cantilever:relative_dplt_location": 1.0,
         "Cantilever:nu_p": 0.3
    },
     "outputs": {
         "length": 600.0,
         "width": 30.57470703125,
         "height": 39.9837646484375,
         "imposed_dplt": -5.054931640625,
         "relative_dplt_location": 1.0,
         "nu_p": 0.3,
         "reaction_forces": -2522.966746439835,
         "moment": [1513780.047863901, 0.0],
         "moment_grid": [0.0, 600.0],
         "dplt": [0.0, -0.0007710302523371669, -0.003073701681614376, -0.006892385296230204, -0.012211452104583225, -0.01901527311507201, -0.027288219336095102, -0.03701466177605112, -0.04817897144333861, -0.06076551934635613, -0.07475867649350228, -0.09014281389317559, -0.10690230255377463, -0.12502151348369805, -0.14448481769134439, -0.16527658618511212, -0.18738118997339995, -0.21078300006460643, -0.23546638746713006, -0.26141572318936923, -0.28861537823972294, -0.31704972362658945, -0.3467031303583676, -0.37755996944345566, -0.4096046118902522, -0.442821428707156, -0.47719479090256567, -0.5127090694848795, -0.5493486354624963, -0.5870978598438147, -0.625941113637233, -0.66586276785115, -0.706847193493964, -0.748878761574074, -0.7919418430998781, -0.8360208090797749, -0.8811000305221637, -0.9271638784354419, -0.9741967238280091, -1.0221829377082634, -1.0711068910846033, -1.1209529549654276, -1.1717055003591348, -1.2233488982741239, -1.2758675197187923, -1.3292457357015397, -1.383467917230764, -1.4385184353148643, -1.4943816609622387, -1.551041965181286, -1.6084837189804044, -1.6666912933679936, -1.725649059352451, -1.7853413879421756, -1.845752650145566, -1.9068672169710208, -1.968669459426938, -2.0311437485217176, -2.0942744552637564, -2.1580459506614544, -2.222442605723209, -2.287448791457419, -2.353048878872485, -2.4192272389768013, -2.485968242778771, -2.55325626128679, -2.621075665509258, -2.689410826454572, -2.7582461151311337, -2.827565902547338, -2.897354559711586, -2.9675964576322755, -3.038275967317805, -3.109377459776572, -3.180885306016978, -3.2527838770474173, -3.3250575438762944, -3.397690677512, -3.470667648962941, -3.5439728292375094, -3.6175905893441085, -3.6915053002911313, -3.7657013330869824, -3.8401630587400577, -3.914874848258755, -3.989821072651475, -4.064986102926615, -4.140354310092572, -4.215910065157749, -4.29163773913054, -4.367521703019344, -4.4435463278325615, -4.51969598457859, -4.595955044265831, -4.672307877902679, -4.748738856497533, -4.825232351058793, -4.90177273259486, -4.978344372114126, -5.054931640624996],
         "dplt_grid": [0.0, 6.0606060606060606, 12.121212121212121, 18.18181818181818, 24.242424242424242, 30.303030303030305, 36.36363636363636, 42.42424242424242, 48.484848484848484, 54.54545454545455, 60.60606060606061, 66.66666666666667, 72.72727272727272, 78.78787878787878, 84.84848484848484, 90.9090909090909, 96.96969696969697, 103.03030303030303, 109.0909090909091, 115.15151515151516, 121.21212121212122, 127.27272727272727, 133.33333333333334, 139.3939393939394, 145.45454545454544, 151.5151515151515, 157.57575757575756, 163.63636363636363, 169.6969696969697, 175.75757575757575, 181.8181818181818, 187.87878787878788, 193.93939393939394, 200.0, 206.06060606060606, 212.12121212121212, 218.1818181818182, 224.24242424242425, 230.3030303030303, 236.36363636363637, 242.42424242424244, 248.48484848484847, 254.54545454545453, 260.6060606060606, 266.6666666666667, 272.72727272727275, 278.7878787878788, 284.8484848484849, 290.9090909090909, 296.96969696969694, 303.030303030303, 309.09090909090907, 315.1515151515151, 321.2121212121212, 327.27272727272725, 333.3333333333333, 339.3939393939394, 345.45454545454544, 351.5151515151515, 357.57575757575756, 363.6363636363636, 369.6969696969697, 375.75757575757575, 381.8181818181818, 387.8787878787879, 393.93939393939394, 400.0, 406.06060606060606, 412.1212121212121, 418.1818181818182, 424.24242424242425, 430.3030303030303, 436.3636363636364, 442.42424242424244, 448.4848484848485, 454.54545454545456, 460.6060606060606, 466.6666666666667, 472.72727272727275, 478.7878787878788, 484.8484848484849, 490.9090909090909, 496.96969696969694, 503.030303030303, 509.09090909090907, 515.1515151515151, 521.2121212121212, 527.2727272727273, 533.3333333333334, 539.3939393939394, 545.4545454545455, 551.5151515151515, 557.5757575757576, 563.6363636363636, 569.6969696969697, 575.7575757575758, 581.8181818181818, 587.8787878787879, 593.9393939393939, 600.0],
         "dplt_at_force_location": -5.054931640624996,
         "maximum_dplt": -5.054931640624996,
         "location_max_dplt": 600.0
    },
     "metadata": {
         "error_code": 0,
         "model": "BendingTestAnalytical",
         "load_case": "Cantilever",
         "description": "",
         "job_name": "",
         "persistent_result_files": "",
         "n_cpus": 1,
         "date": "2026-06-16 18:11:35.096615",
         "cpu_time": 0.21997642517089844,
         "user": "sebastien.bocquet",
         "machine": "PCBM20250036",
         "vims_git_version": "5cd5cf5ab4caf1fa2c2190f0396e06b5b5639fd0",
         "directory_archive_root": "C:\\Users\\sebastien.bocquet\\Dev\\vimseo\\docs\\runnable_examples\\model_runs\\archive\\calibration_scalars",
         "directory_archive_job": "C:\\Users\\sebastien.bocquet\\Dev\\vimseo\\docs\\runnable_examples\\model_runs\\archive\\calibration_scalars\\BendingTestAnalytical\\Cantilever\\745",
         "directory_scratch_root": "C:\\Users\\sebastien.bocquet\\Dev\\vimseo\\docs\\runnable_examples\\model_runs\\scratch\\calibration_scalars",
         "directory_scratch_job": ""
    }
}