{
     "inputs": {
         "x": 1.0,
         "Dummy:x_1": 0.9944541492686033
    },
     "outputs": {
         "x_1": 0.9944541492686033,
         "y": [0.9944541492686033, 1.0045551593696134, 1.0146561694706235, 1.0247571795716337, 1.0348581896726436, 1.0449591997736538, 1.055060209874664, 1.065161219975674, 1.075262230076684, 1.0853632401776943, 1.0954642502787044, 1.1055652603797144, 1.1156662704807245, 1.1257672805817347, 1.1358682906827449, 1.1459693007837548, 1.156070310884765, 1.1661713209857751, 1.176272331086785, 1.1863733411877952, 1.1964743512888054, 1.2065753613898154, 1.2166763714908255, 1.2267773815918357, 1.2368783916928456, 1.2469794017938558, 1.257080411894866, 1.2671814219958761, 1.2772824320968863, 1.2873834421978962, 1.2974844522989064, 1.3075854623999166, 1.3176864725009265, 1.3277874826019367, 1.3378884927029469, 1.3479895028039568, 1.358090512904967, 1.3681915230059771, 1.378292533106987, 1.3883935432079972, 1.3984945533090074, 1.4085955634100176, 1.4186965735110275, 1.4287975836120377, 1.4388985937130478, 1.448999603814058, 1.459100613915068, 1.4692016240160781, 1.4793026341170883, 1.4894036442180982, 1.4995046543191084, 1.5096056644201186, 1.5197066745211285, 1.5298076846221387, 1.5399086947231488, 1.5500097048241588, 1.5601107149251692, 1.5702117250261791, 1.580312735127189, 1.5904137452281994, 1.6005147553292094, 1.6106157654302196, 1.6207167755312297, 1.6308177856322397, 1.6409187957332498, 1.65101980583426, 1.66112081593527, 1.6712218260362801, 1.6813228361372903, 1.6914238462383002, 1.7015248563393106, 1.7116258664403206, 1.7217268765413305, 1.7318278866423409, 1.7419288967433508, 1.752029906844361, 1.7621309169453712, 1.772231927046381, 1.7823329371473913, 1.7924339472484014, 1.8025349573494114, 1.8126359674504215, 1.8227369775514317, 1.8328379876524417, 1.8429389977534518, 1.853040007854462, 1.863141017955472, 1.8732420280564823, 1.8833430381574923, 1.8934440482585024, 1.9035450583595126, 1.9136460684605225, 1.9237470785615327, 1.9338480886625429, 1.9439490987635528, 1.954050108864563, 1.9641511189655732, 1.974252129066583, 1.9843531391675933, 1.9944541492686034],
         "y_axis": [0.0, 0.010101010101010102, 0.020202020202020204, 0.030303030303030304, 0.04040404040404041, 0.05050505050505051, 0.06060606060606061, 0.07070707070707072, 0.08080808080808081, 0.09090909090909091, 0.10101010101010102, 0.11111111111111112, 0.12121212121212122, 0.13131313131313133, 0.14141414141414144, 0.15151515151515152, 0.16161616161616163, 0.17171717171717174, 0.18181818181818182, 0.19191919191919193, 0.20202020202020204, 0.21212121212121213, 0.22222222222222224, 0.23232323232323235, 0.24242424242424243, 0.25252525252525254, 0.26262626262626265, 0.27272727272727276, 0.2828282828282829, 0.29292929292929293, 0.30303030303030304, 0.31313131313131315, 0.32323232323232326, 0.33333333333333337, 0.3434343434343435, 0.3535353535353536, 0.36363636363636365, 0.37373737373737376, 0.38383838383838387, 0.393939393939394, 0.4040404040404041, 0.4141414141414142, 0.42424242424242425, 0.43434343434343436, 0.4444444444444445, 0.4545454545454546, 0.4646464646464647, 0.4747474747474748, 0.48484848484848486, 0.494949494949495, 0.5050505050505051, 0.5151515151515152, 0.5252525252525253, 0.5353535353535354, 0.5454545454545455, 0.5555555555555556, 0.5656565656565657, 0.5757575757575758, 0.5858585858585859, 0.595959595959596, 0.6060606060606061, 0.6161616161616162, 0.6262626262626263, 0.6363636363636365, 0.6464646464646465, 0.6565656565656566, 0.6666666666666667, 0.6767676767676768, 0.686868686868687, 0.696969696969697, 0.7070707070707072, 0.7171717171717172, 0.7272727272727273, 0.7373737373737375, 0.7474747474747475, 0.7575757575757577, 0.7676767676767677, 0.7777777777777778, 0.787878787878788, 0.797979797979798, 0.8080808080808082, 0.8181818181818182, 0.8282828282828284, 0.8383838383838385, 0.8484848484848485, 0.8585858585858587, 0.8686868686868687, 0.8787878787878789, 0.888888888888889, 0.8989898989898991, 0.9090909090909092, 0.9191919191919192, 0.9292929292929294, 0.9393939393939394, 0.9494949494949496, 0.9595959595959597, 0.9696969696969697, 0.9797979797979799, 0.98989898989899, 1.0]
    },
     "metadata": {
         "error_code": 0,
         "model": "MockCurves",
         "load_case": "Dummy",
         "description": "",
         "job_name": "",
         "persistent_result_files": "",
         "n_cpus": 1,
         "date": "2026-03-26 14:57:23.335985",
         "cpu_time": 0.003542661666870117,
         "user": "sebastien.bocquet",
         "machine": "IPF7101",
         "vims_git_version": "d0050d8de498c8354552cdde540fb3e524454871",
         "directory_archive_root": "/home/sebastien.bocquet/PycharmProjects/vimseo/docs/runnable_examples/model_runs/archive/calibration_curves",
         "directory_archive_job": "/home/sebastien.bocquet/PycharmProjects/vimseo/docs/runnable_examples/model_runs/archive/calibration_curves/MockCurves/Dummy/1",
         "directory_scratch_root": "/home/sebastien.bocquet/PycharmProjects/vimseo/docs/runnable_examples/model_runs/scratch/calibration_curves",
         "directory_scratch_job": ""
    }
}