{
     "inputs": {
         "young_modulus": 224775.390625,
         "Cantilever:length": 600.0,
         "Cantilever:width": 29.8519287109375,
         "Cantilever:height": 40.728271484375,
         "Cantilever:imposed_dplt": -5.087890625,
         "Cantilever:relative_dplt_location": 1.0,
         "Cantilever:nu_p": 0.3
    },
     "outputs": {
         "length": 600.0,
         "width": 29.8519287109375,
         "height": 40.728271484375,
         "imposed_dplt": -5.087890625,
         "relative_dplt_location": 1.0,
         "nu_p": 0.3,
         "reaction_forces": -2669.519624720252,
         "moment": [1601711.7748321511, 0.0],
         "moment_grid": [0.0, 600.0],
         "dplt": [0.0, -0.0007760574961944715, -0.0030937427213158, -0.006937324780170855, -0.01229107277756651, -0.01913925581830963, -0.027466143007207074, -0.037256003449065725, -0.04849310624869244, -0.0611617205108941, -0.07524611534047755, -0.09073055984224968, -0.10759932312101732, -0.12583667428158743, -0.1454268824287668, -0.1663542166673623, -0.18860294610218087, -0.2121573398380293, -0.23700166697971448, -0.2631201966320431, -0.2904971978998224, -0.31911693988785905, -0.34896369170096003, -0.38002172244393206, -0.41227530122158185, -0.4457086971387167, -0.4803061793001432, -0.5160520168106683, -0.5529304787750989, -0.5909258342982416, -0.6300223524849037, -0.6702043024398918, -0.7114559532680128, -0.7537615740740736, -0.7971054339628812, -0.8414718020392421, -0.8868449474079635, -0.9332091391738523, -0.9805486464417149, -1.0288477383163588, -1.0780906839025903, -1.1282617523052165, -1.1793452126290447, -1.2313253339788812, -1.2841863854595335, -1.3379126361758074, -1.3924883552325105, -1.447897811734449, -1.5041252747864304, -1.5611550134932624, -1.6189712969597505, -1.6775583942907022, -1.7369005745909238, -1.7969821069652228, -1.8577872605184058, -1.9193003043552799, -1.9815055075806516, -2.0443871392993285, -2.107929468616116, -2.1721167646358217, -2.236933296463254, -2.3023633332032176, -2.3683911439605203, -2.435000997839968, -2.50217716394637, -2.56990391138453, -2.6381655092592577, -2.7069462266753583, -2.7762303327376396, -2.8460020965509067, -2.916245787219969, -2.986945673849631, -3.0580860255447018, -3.129651111409986, -3.201625200550293, -3.273992562070427, -3.346737465075197, -3.4198441786694076, -3.493296971957869, -3.567080114045385, -3.6411778740367646, -3.7155745210368116, -3.7902543241503364, -3.865201552482144, -3.9404004751370416, -4.015835361219838, -4.091490479835337, -4.167350100088346, -4.243398491083674, -4.319619921926125, -4.395998661720509, -4.47251897957163, -4.549165144584296, -4.625921425863313, -4.7027720925134915, -4.779701413639632, -4.856693658346547, -4.933733095739043, -5.010803994921921, -5.087890624999996],
         "dplt_grid": [0.0, 6.0606060606060606, 12.121212121212121, 18.18181818181818, 24.242424242424242, 30.303030303030305, 36.36363636363636, 42.42424242424242, 48.484848484848484, 54.54545454545455, 60.60606060606061, 66.66666666666667, 72.72727272727272, 78.78787878787878, 84.84848484848484, 90.9090909090909, 96.96969696969697, 103.03030303030303, 109.0909090909091, 115.15151515151516, 121.21212121212122, 127.27272727272727, 133.33333333333334, 139.3939393939394, 145.45454545454544, 151.5151515151515, 157.57575757575756, 163.63636363636363, 169.6969696969697, 175.75757575757575, 181.8181818181818, 187.87878787878788, 193.93939393939394, 200.0, 206.06060606060606, 212.12121212121212, 218.1818181818182, 224.24242424242425, 230.3030303030303, 236.36363636363637, 242.42424242424244, 248.48484848484847, 254.54545454545453, 260.6060606060606, 266.6666666666667, 272.72727272727275, 278.7878787878788, 284.8484848484849, 290.9090909090909, 296.96969696969694, 303.030303030303, 309.09090909090907, 315.1515151515151, 321.2121212121212, 327.27272727272725, 333.3333333333333, 339.3939393939394, 345.45454545454544, 351.5151515151515, 357.57575757575756, 363.6363636363636, 369.6969696969697, 375.75757575757575, 381.8181818181818, 387.8787878787879, 393.93939393939394, 400.0, 406.06060606060606, 412.1212121212121, 418.1818181818182, 424.24242424242425, 430.3030303030303, 436.3636363636364, 442.42424242424244, 448.4848484848485, 454.54545454545456, 460.6060606060606, 466.6666666666667, 472.72727272727275, 478.7878787878788, 484.8484848484849, 490.9090909090909, 496.96969696969694, 503.030303030303, 509.09090909090907, 515.1515151515151, 521.2121212121212, 527.2727272727273, 533.3333333333334, 539.3939393939394, 545.4545454545455, 551.5151515151515, 557.5757575757576, 563.6363636363636, 569.6969696969697, 575.7575757575758, 581.8181818181818, 587.8787878787879, 593.9393939393939, 600.0],
         "dplt_at_force_location": -5.087890624999996,
         "maximum_dplt": -5.087890624999996,
         "location_max_dplt": 600.0
    },
     "metadata": {
         "error_code": 0,
         "model": "BendingTestAnalytical",
         "load_case": "Cantilever",
         "description": "",
         "job_name": "",
         "persistent_result_files": "",
         "n_cpus": 1,
         "date": "2026-03-17 09:06:06.180065",
         "cpu_time": 0.0328364372253418,
         "user": "sebastien.bocquet",
         "machine": "B20191729",
         "vims_git_version": "1b6e7132b9faba0cc93317d127a381ee76a8cb8e",
         "directory_archive_root": "C:\\Users\\sebastien.bocquet\\PycharmProjects\\vimseo\\docs\\runnable_examples\\model_runs\\archive\\calibration_coupled",
         "directory_archive_job": "C:\\Users\\sebastien.bocquet\\PycharmProjects\\vimseo\\docs\\runnable_examples\\model_runs\\archive\\calibration_coupled\\BendingTestAnalytical\\Cantilever\\85",
         "directory_scratch_root": "C:\\Users\\sebastien.bocquet\\PycharmProjects\\vimseo\\docs\\runnable_examples\\model_runs\\scratch\\calibration_coupled",
         "directory_scratch_job": ""
    }
}