{
     "inputs": {
         "length": 587.9410671407336,
         "width": 30.003442696227104,
         "height": 40.26633363859629,
         "imposed_dplt": -14.948447086715417,
         "relative_dplt_location": 0.8885369385247249,
         "young_modulus": 204376.58394372516,
         "nu_p": 0.30360396968127895
    },
     "outputs": {
         "reaction_forces": -10493.895273321838,
         "moment": [5482088.08209496, 0.0, 0.0],
         "moment_grid": [0.0, 522.4073558301872, 587.9410671407336],
         "dplt": [0.0, -0.0028868029579220884, -0.011503288626016126, -0.025783572195773815, -0.045661768858686815, -0.07107199380624679, -0.10194836222994547, -0.1382249893212744, -0.17983599027172534, -0.22671548027278993, -0.2787975745159597, -0.33601638819272667, -0.39830603649458235, -0.4656006346130185, -0.5378342977395263, -0.6149411410655982, -0.6968552797827252, -0.7835108290823993, -0.8748419041561122, -0.9707826201953558, -1.0712670923916214, -1.176229435936401, -1.2856037660211856, -1.3993241978374675, -1.5173248465767388, -1.6395398274304902, -1.7659032555902134, -1.896349246247401, -2.0308119145935435, -2.1692253758201336, -2.3115237451186625, -2.4576411376806213, -2.6075116686975033, -2.7610694533607982, -2.918248606861999, -3.078983244392597, -3.243207481144084, -3.410855432307951, -3.581861213075691, -3.7561589386387944, -3.9336827241887535, -4.11436668491706, -4.2981449360152055, -4.4849515926746815, -4.674720770086978, -4.86738658344359, -5.062883147936008, -5.261144578755722, -5.462104991094229, -5.665698500143012, -5.871859221093569, -6.080521269137389, -6.291618759465965, -6.505085807270788, -6.7208565277433525, -6.9388650360751445, -7.159045447457659, -7.38133187708239, -7.605658440140823, -7.831959251824458, -8.060168427324777, -8.290220081833281, -8.522048330541457, -8.755587288640793, -8.99077107132279, -9.227533793778928, -9.465809571200714, -9.705532518779622, -9.946636751707157, -10.189056385174803, -10.43272553437406, -10.677578314496408, -10.923548840733352, -11.170571228276371, -11.418579592316966, -11.667508048046622, -11.917290710656838, -12.167861695339099, -12.419155117284902, -12.67110509168573, -12.923645733733087, -13.176711158618456, -13.430235481533328, -13.684152817669206, -13.938397282217563, -14.192902990369905, -14.44760405731772, -14.702434281804338, -14.957332171180552, -15.212271274653038, -15.467235356837168, -15.722211078423292, -15.977187996176685, -16.232158562937588, -16.487118127621173, -16.742064935217584, -16.997000126791903, -17.251927739484145, -17.506854706509312, -17.761790857157315],
         "dplt_grid": [0.0, 5.938798657987208, 11.877597315974416, 17.816395973961626, 23.755194631948832, 29.69399328993604, 35.63279194792325, 41.57159060591046, 47.510389263897665, 53.44918792188487, 59.38798657987208, 65.32678523785928, 71.2655838958465, 77.20438255383371, 83.14318121182092, 89.08197986980812, 95.02077852779533, 100.95957718578254, 106.89837584376974, 112.83717450175695, 118.77597315974415, 124.71477181773137, 130.65357047571857, 136.59236913370577, 142.531167791693, 148.46996644968021, 154.40876510766742, 160.34756376565463, 166.28636242364183, 172.22516108162904, 178.16395973961625, 184.10275839760345, 190.04155705559066, 195.98035571357786, 201.91915437156507, 207.85795302955228, 213.79675168753948, 219.7355503455267, 225.6743490035139, 231.6131476615011, 237.5519463194883, 243.49074497747554, 249.42954363546275, 255.36834229344996, 261.30714095143713, 267.24593960942434, 273.18473826741155, 279.12353692539875, 285.062335583386, 291.0011342413732, 296.93993289936043, 302.87873155734763, 308.81753021533484, 314.75632887332205, 320.69512753130925, 326.63392618929646, 332.57272484728367, 338.5115235052709, 344.4503221632581, 350.3891208212453, 356.3279194792325, 362.2667181372197, 368.2055167952069, 374.1443154531941, 380.0831141111813, 386.0219127691685, 391.96071142715573, 397.89951008514294, 403.83830874313014, 409.77710740111735, 415.71590605910455, 421.65470471709176, 427.59350337507897, 433.5323020330662, 439.4711006910534, 445.4098993490406, 451.3486980070278, 457.287496665015, 463.2262953230022, 469.1650939809894, 475.1038926389766, 481.0426912969639, 486.9814899549511, 492.9202886129383, 498.8590872709255, 504.7978859289127, 510.7366845868999, 516.6754832448871, 522.6142819028743, 528.5530805608615, 534.4918792188487, 540.430677876836, 546.3694765348231, 552.3082751928104, 558.2470738507975, 564.1858725087848, 570.124671166772, 576.0634698247592, 582.0022684827464, 587.9410671407336],
         "dplt_at_force_location": -14.948450742086484,
         "maximum_dplt": -17.761790857157315,
         "location_max_dplt": 587.9410671407336
    },
     "metadata": {
         "error_code": 0,
         "model": "BendingTestAnalytical",
         "load_case": "Cantilever",
         "description": "",
         "job_name": "",
         "persistent_result_files": "",
         "n_cpus": 1,
         "date": "2026-03-17 09:07:44.325093",
         "cpu_time": 0.01657247543334961,
         "user": "sebastien.bocquet",
         "machine": "B20191729",
         "vims_git_version": "1b6e7132b9faba0cc93317d127a381ee76a8cb8e",
         "directory_archive_root": "C:\\Users\\sebastien.bocquet\\PycharmProjects\\vimseo\\docs\\runnable_examples\\model_runs\\archive\\uq",
         "directory_archive_job": "C:\\Users\\sebastien.bocquet\\PycharmProjects\\vimseo\\docs\\runnable_examples\\model_runs\\archive\\uq\\BendingTestAnalytical\\Cantilever\\38",
         "directory_scratch_root": "C:\\Users\\sebastien.bocquet\\PycharmProjects\\vimseo\\docs\\runnable_examples\\model_runs\\scratch\\uq",
         "directory_scratch_job": ""
    }
}