{
     "inputs": {
         "young_modulus": 224785.15625,
         "Cantilever:length": 600.0,
         "Cantilever:width": 30.003662109375,
         "Cantilever:height": 40.6124267578125,
         "Cantilever:imposed_dplt": -4.952392578125,
         "Cantilever:relative_dplt_location": 1.0,
         "Cantilever:nu_p": 0.3
    },
     "outputs": {
         "length": 600.0,
         "width": 30.003662109375,
         "height": 40.6124267578125,
         "imposed_dplt": -4.952392578125,
         "relative_dplt_location": 1.0,
         "nu_p": 0.3,
         "reaction_forces": -2589.5245935848684,
         "moment": [1553714.756150921, 0.0],
         "moment_grid": [0.0, 600.0],
         "dplt": [0.0, -0.0007553899381144379, -0.003011351780321064, -0.006752573568414865, -0.011963743344190815, -0.018629549149443897, -0.026734679025969068, -0.03626382101556133, -0.04720166316001565, -0.059532893501127004, -0.07324220008069036, -0.08831427094050072, -0.10473379412235302, -0.12248545766804228, -0.14155394961936354, -0.1619239580181116, -0.1835801709060816, -0.20650727632506852, -0.23068996231686714, -0.2561129169232725, -0.2827608281860798, -0.31061838414708376, -0.3396702728480796, -0.36990118233086217, -0.4012958006372262, -0.4338388158089671, -0.4675149158878797, -0.5023087889157589, -0.5382051229343997, -0.5751886059855971, -0.6132439261111461, -0.6523557713528416, -0.6925088297524786, -0.7336877893518521, -0.7758773381927573, -0.8190621643169886, -0.8632269557663415, -0.908356400582611, -0.9544351868075915, -1.0014480024830785, -1.0493795356508668, -1.0982144743527515, -1.1479375066305275, -1.1985333205259898, -1.2499866040809335, -1.3022820453371533, -1.3554043323364442, -1.4093381531206013, -1.4640681957314192, -1.5195791482106935, -1.575855698600219, -1.6328825349417908, -1.6906443452772035, -1.749125817648252, -1.808311640096732, -1.8681865006644378, -1.9287350873931643, -1.9899420883247076, -2.051792191500861, -2.1142700849634206, -2.177360456754181, -2.2410479949149367, -2.3053173874874853, -2.370153322513617, -2.4355404880351315, -2.501463572093821, -2.5679072627314814, -2.6348562479899074, -2.702295215910895, -2.770208854536236, -2.8385818519077297, -2.9073988960671686, -2.976644675056348, -3.0463038769170625, -3.116361189691109, -3.1868013014202794, -3.2576089001463715, -3.3287686739111773, -3.400265310756496, -3.4720834987241194, -3.544207925855843, -3.616623280193461, -3.68931424977877, -3.762265522653565, -3.8354617868596397, -3.9088877304387917, -3.9825280414328126, -4.0563674078834975, -4.1303905178326445, -4.204582059322045, -4.278926720393498, -4.3534091890887945, -4.428014153449731, -4.502726301518104, -4.577530321335707, -4.652410900944334, -4.727352728385782, -4.802340491701845, -4.877358878934316, -4.952392578124996],
         "dplt_grid": [0.0, 6.0606060606060606, 12.121212121212121, 18.18181818181818, 24.242424242424242, 30.303030303030305, 36.36363636363636, 42.42424242424242, 48.484848484848484, 54.54545454545455, 60.60606060606061, 66.66666666666667, 72.72727272727272, 78.78787878787878, 84.84848484848484, 90.9090909090909, 96.96969696969697, 103.03030303030303, 109.0909090909091, 115.15151515151516, 121.21212121212122, 127.27272727272727, 133.33333333333334, 139.3939393939394, 145.45454545454544, 151.5151515151515, 157.57575757575756, 163.63636363636363, 169.6969696969697, 175.75757575757575, 181.8181818181818, 187.87878787878788, 193.93939393939394, 200.0, 206.06060606060606, 212.12121212121212, 218.1818181818182, 224.24242424242425, 230.3030303030303, 236.36363636363637, 242.42424242424244, 248.48484848484847, 254.54545454545453, 260.6060606060606, 266.6666666666667, 272.72727272727275, 278.7878787878788, 284.8484848484849, 290.9090909090909, 296.96969696969694, 303.030303030303, 309.09090909090907, 315.1515151515151, 321.2121212121212, 327.27272727272725, 333.3333333333333, 339.3939393939394, 345.45454545454544, 351.5151515151515, 357.57575757575756, 363.6363636363636, 369.6969696969697, 375.75757575757575, 381.8181818181818, 387.8787878787879, 393.93939393939394, 400.0, 406.06060606060606, 412.1212121212121, 418.1818181818182, 424.24242424242425, 430.3030303030303, 436.3636363636364, 442.42424242424244, 448.4848484848485, 454.54545454545456, 460.6060606060606, 466.6666666666667, 472.72727272727275, 478.7878787878788, 484.8484848484849, 490.9090909090909, 496.96969696969694, 503.030303030303, 509.09090909090907, 515.1515151515151, 521.2121212121212, 527.2727272727273, 533.3333333333334, 539.3939393939394, 545.4545454545455, 551.5151515151515, 557.5757575757576, 563.6363636363636, 569.6969696969697, 575.7575757575758, 581.8181818181818, 587.8787878787879, 593.9393939393939, 600.0],
         "dplt_at_force_location": -4.952392578124996,
         "maximum_dplt": -4.952392578124996,
         "location_max_dplt": 600.0
    },
     "metadata": {
         "error_code": 0,
         "model": "BendingTestAnalytical",
         "load_case": "Cantilever",
         "description": "",
         "job_name": "",
         "persistent_result_files": "",
         "n_cpus": 1,
         "date": "2026-06-16 18:09:46.614808",
         "cpu_time": 0.17441010475158691,
         "user": "sebastien.bocquet",
         "machine": "PCBM20250036",
         "vims_git_version": "3de96ae2320a30b8a84551033e41da0fca6276ac",
         "directory_archive_root": "C:\\Users\\sebastien.bocquet\\Dev\\vimseo\\docs\\runnable_examples\\model_runs\\archive\\calibration_coupled",
         "directory_archive_job": "C:\\Users\\sebastien.bocquet\\Dev\\vimseo\\docs\\runnable_examples\\model_runs\\archive\\calibration_coupled\\BendingTestAnalytical\\Cantilever\\236",
         "directory_scratch_root": "C:\\Users\\sebastien.bocquet\\Dev\\vimseo\\docs\\runnable_examples\\model_runs\\scratch\\calibration_coupled",
         "directory_scratch_job": ""
    }
}