{
     "inputs": {
         "young_modulus": 220078.125,
         "Cantilever:length": 600.0,
         "Cantilever:width": 30.5316162109375,
         "Cantilever:height": 39.9625244140625,
         "Cantilever:imposed_dplt": -5.0740966796875,
         "Cantilever:relative_dplt_location": 1.0,
         "Cantilever:nu_p": 0.3
    },
     "outputs": {
         "length": 600.0,
         "width": 30.5316162109375,
         "height": 39.9625244140625,
         "imposed_dplt": -5.0740966796875,
         "relative_dplt_location": 1.0,
         "nu_p": 0.3,
         "reaction_forces": -2518.433055738179,
         "moment": [1511059.8334429075, 0.0],
         "moment_grid": [0.0, 600.0],
         "dplt": [0.0, -0.0007739535015430812, -0.0030853551750703884, -0.006918516773929033, -0.012257750051466116, -0.019087366761028728, -0.027391678655963956, -0.03715499748961893, -0.048361635015340715, -0.06099590298647643, -0.07504211315637316, -0.09048457727837801, -0.10730760710583805, -0.12549551439210047, -0.14503261089051228, -0.16590320835442063, -0.18809161853717263, -0.2115821531921154, -0.23635912407259596, -0.2624068429319611, -0.28970962152355856, -0.31825177160073514, -0.34801760491683803, -0.37899143322521417, -0.4111575682792106, -0.44450032183217475, -0.47900400563745343, -0.5146529314483939, -0.5514314110183431, -0.5893237561006484, -0.6283142784486566, -0.6683872898157149, -0.7095271019551704, -0.7517180266203703, -0.7949443755646617, -0.8391904605413912, -0.8844405933039069, -0.930679085605555, -0.9778902491996829, -1.0260583958396379, -1.0751678372787667, -1.1252028852704166, -1.1761478515679347, -1.2279870479246684, -1.2807047860939647, -1.3342853778291701, -1.388713134883632, -1.4439723690106976, -1.5000473919637143, -1.5569225154960287, -1.6145820513609879, -1.67301031131194, -1.7321916071022305, -1.7921102504852078, -1.8527505532142188, -1.9140968270426097, -1.9761333837237283, -2.0388445350109223, -2.1022145926575373, -2.166227868416921, -2.2308686740424215, -2.296121321287384, -2.3619701219051588, -2.4283993876490886, -2.4953934302725242, -2.5629365615288107, -2.6310130931712967, -2.699607336953327, -2.7687036046282523, -2.8382862079494147, -2.9083394586701656, -2.978847668543851, -3.049795149323817, -3.121166212763411, -3.1929451706159817, -3.2651163346348735, -3.3376640165734357, -3.410572528185013, -3.4838261812229567, -3.55740928744061, -3.6313061585913218, -3.705501106428437, -3.779978442705305, -3.8547224791752734, -3.9297175275916874, -4.004947899707896, -4.080397907277246, -4.156051862053081, -4.231894075788753, -4.307908860237604, -4.384080527152989, -4.460393388288244, -4.536831755396726, -4.613379940231777, -4.690022254546747, -4.766743010094979, -4.843526518629824, -4.920357091904629, -4.997219041672737, -5.0740966796875],
         "dplt_grid": [0.0, 6.0606060606060606, 12.121212121212121, 18.18181818181818, 24.242424242424242, 30.303030303030305, 36.36363636363636, 42.42424242424242, 48.484848484848484, 54.54545454545455, 60.60606060606061, 66.66666666666667, 72.72727272727272, 78.78787878787878, 84.84848484848484, 90.9090909090909, 96.96969696969697, 103.03030303030303, 109.0909090909091, 115.15151515151516, 121.21212121212122, 127.27272727272727, 133.33333333333334, 139.3939393939394, 145.45454545454544, 151.5151515151515, 157.57575757575756, 163.63636363636363, 169.6969696969697, 175.75757575757575, 181.8181818181818, 187.87878787878788, 193.93939393939394, 200.0, 206.06060606060606, 212.12121212121212, 218.1818181818182, 224.24242424242425, 230.3030303030303, 236.36363636363637, 242.42424242424244, 248.48484848484847, 254.54545454545453, 260.6060606060606, 266.6666666666667, 272.72727272727275, 278.7878787878788, 284.8484848484849, 290.9090909090909, 296.96969696969694, 303.030303030303, 309.09090909090907, 315.1515151515151, 321.2121212121212, 327.27272727272725, 333.3333333333333, 339.3939393939394, 345.45454545454544, 351.5151515151515, 357.57575757575756, 363.6363636363636, 369.6969696969697, 375.75757575757575, 381.8181818181818, 387.8787878787879, 393.93939393939394, 400.0, 406.06060606060606, 412.1212121212121, 418.1818181818182, 424.24242424242425, 430.3030303030303, 436.3636363636364, 442.42424242424244, 448.4848484848485, 454.54545454545456, 460.6060606060606, 466.6666666666667, 472.72727272727275, 478.7878787878788, 484.8484848484849, 490.9090909090909, 496.96969696969694, 503.030303030303, 509.09090909090907, 515.1515151515151, 521.2121212121212, 527.2727272727273, 533.3333333333334, 539.3939393939394, 545.4545454545455, 551.5151515151515, 557.5757575757576, 563.6363636363636, 569.6969696969697, 575.7575757575758, 581.8181818181818, 587.8787878787879, 593.9393939393939, 600.0],
         "dplt_at_force_location": -5.0740966796875,
         "maximum_dplt": -5.0740966796875,
         "location_max_dplt": 600.0
    },
     "metadata": {
         "error_code": 0,
         "model": "BendingTestAnalytical",
         "load_case": "Cantilever",
         "description": "",
         "job_name": "",
         "persistent_result_files": "",
         "n_cpus": 1,
         "date": "2026-03-17 09:06:27.372697",
         "cpu_time": 0.02798628807067871,
         "user": "sebastien.bocquet",
         "machine": "B20191729",
         "vims_git_version": "1b6e7132b9faba0cc93317d127a381ee76a8cb8e",
         "directory_archive_root": "C:\\Users\\sebastien.bocquet\\PycharmProjects\\vimseo\\docs\\runnable_examples\\model_runs\\archive\\calibration_scalars",
         "directory_archive_job": "C:\\Users\\sebastien.bocquet\\PycharmProjects\\vimseo\\docs\\runnable_examples\\model_runs\\archive\\calibration_scalars\\BendingTestAnalytical\\Cantilever\\56",
         "directory_scratch_root": "C:\\Users\\sebastien.bocquet\\PycharmProjects\\vimseo\\docs\\runnable_examples\\model_runs\\scratch\\calibration_scalars",
         "directory_scratch_job": ""
    }
}