{
     "inputs": {
         "x": 1.5000019073486328,
         "Dummy:x_1": 0.9625086499676455
    },
     "outputs": {
         "x_1": 0.9625086499676455,
         "y": [0.9625086499676455, 0.9776601843853084, 0.9928117188029715, 1.0079632532206344, 1.0231147876382973, 1.0382663220559603, 1.0534178564736232, 1.0685693908912863, 1.0837209253089493, 1.0988724597266122, 1.114023994144275, 1.129175528561938, 1.144327062979601, 1.1594785973972639, 1.174630131814927, 1.18978166623259, 1.204933200650253, 1.2200847350679158, 1.2352362694855787, 1.2503878039032417, 1.2655393383209046, 1.2806908727385675, 1.2958424071562307, 1.3109939415738936, 1.3261454759915565, 1.3412970104092194, 1.3564485448268824, 1.3716000792445455, 1.3867516136622084, 1.4019031480798714, 1.4170546824975343, 1.4322062169151972, 1.4473577513328602, 1.462509285750523, 1.477660820168186, 1.4928123545858492, 1.5079638890035119, 1.523115423421175, 1.538266957838838, 1.553418492256501, 1.568570026674164, 1.583721561091827, 1.5988730955094899, 1.6140246299271528, 1.6291761643448157, 1.6443276987624786, 1.6594792331801416, 1.6746307675978045, 1.6897823020154674, 1.7049338364331303, 1.7200853708507935, 1.7352369052684566, 1.7503884396861193, 1.7655399741037823, 1.7806915085214454, 1.7958430429391083, 1.8109945773567713, 1.8261461117744342, 1.8412976461920971, 1.85644918060976, 1.871600715027423, 1.886752249445086, 1.9019037838627488, 1.917055318280412, 1.932206852698075, 1.9473583871157378, 1.962509921533401, 1.977661455951064, 1.9928129903687268, 2.0079645247863898, 2.0231160592040527, 2.0382675936217156, 2.0534191280393785, 2.0685706624570415, 2.0837221968747044, 2.0988737312923673, 2.1140252657100302, 2.129176800127693, 2.1443283345453565, 2.159479868963019, 2.1746314033806824, 2.1897829377983453, 2.2049344722160082, 2.220086006633671, 2.235237541051334, 2.250389075468997, 2.26554060988666, 2.280692144304323, 2.295843678721986, 2.3109952131396487, 2.3261467475573117, 2.3412982819749746, 2.356449816392638, 2.371601350810301, 2.386752885227964, 2.4019044196456267, 2.4170559540632897, 2.4322074884809526, 2.4473590228986155, 2.4625105573162784],
         "y_axis": [0.0, 0.010101010101010102, 0.020202020202020204, 0.030303030303030304, 0.04040404040404041, 0.05050505050505051, 0.06060606060606061, 0.07070707070707072, 0.08080808080808081, 0.09090909090909091, 0.10101010101010102, 0.11111111111111112, 0.12121212121212122, 0.13131313131313133, 0.14141414141414144, 0.15151515151515152, 0.16161616161616163, 0.17171717171717174, 0.18181818181818182, 0.19191919191919193, 0.20202020202020204, 0.21212121212121213, 0.22222222222222224, 0.23232323232323235, 0.24242424242424243, 0.25252525252525254, 0.26262626262626265, 0.27272727272727276, 0.2828282828282829, 0.29292929292929293, 0.30303030303030304, 0.31313131313131315, 0.32323232323232326, 0.33333333333333337, 0.3434343434343435, 0.3535353535353536, 0.36363636363636365, 0.37373737373737376, 0.38383838383838387, 0.393939393939394, 0.4040404040404041, 0.4141414141414142, 0.42424242424242425, 0.43434343434343436, 0.4444444444444445, 0.4545454545454546, 0.4646464646464647, 0.4747474747474748, 0.48484848484848486, 0.494949494949495, 0.5050505050505051, 0.5151515151515152, 0.5252525252525253, 0.5353535353535354, 0.5454545454545455, 0.5555555555555556, 0.5656565656565657, 0.5757575757575758, 0.5858585858585859, 0.595959595959596, 0.6060606060606061, 0.6161616161616162, 0.6262626262626263, 0.6363636363636365, 0.6464646464646465, 0.6565656565656566, 0.6666666666666667, 0.6767676767676768, 0.686868686868687, 0.696969696969697, 0.7070707070707072, 0.7171717171717172, 0.7272727272727273, 0.7373737373737375, 0.7474747474747475, 0.7575757575757577, 0.7676767676767677, 0.7777777777777778, 0.787878787878788, 0.797979797979798, 0.8080808080808082, 0.8181818181818182, 0.8282828282828284, 0.8383838383838385, 0.8484848484848485, 0.8585858585858587, 0.8686868686868687, 0.8787878787878789, 0.888888888888889, 0.8989898989898991, 0.9090909090909092, 0.9191919191919192, 0.9292929292929294, 0.9393939393939394, 0.9494949494949496, 0.9595959595959597, 0.9696969696969697, 0.9797979797979799, 0.98989898989899, 1.0]
    },
     "metadata": {
         "error_code": 0,
         "model": "MockCurves",
         "load_case": "Dummy",
         "description": "",
         "job_name": "",
         "persistent_result_files": "",
         "n_cpus": 1,
         "date": "2026-03-26 14:57:25.380984",
         "cpu_time": 0.0012350082397460938,
         "user": "sebastien.bocquet",
         "machine": "IPF7101",
         "vims_git_version": "d0050d8de498c8354552cdde540fb3e524454871",
         "directory_archive_root": "/home/sebastien.bocquet/PycharmProjects/vimseo/docs/runnable_examples/model_runs/archive/calibration_curves",
         "directory_archive_job": "/home/sebastien.bocquet/PycharmProjects/vimseo/docs/runnable_examples/model_runs/archive/calibration_curves/MockCurves/Dummy/42",
         "directory_scratch_root": "/home/sebastien.bocquet/PycharmProjects/vimseo/docs/runnable_examples/model_runs/scratch/calibration_curves",
         "directory_scratch_job": ""
    }
}