{
     "inputs": {
         "young_modulus": 219999.99046325684,
         "Cantilever:length": 600.0,
         "Cantilever:width": 30.32763671875,
         "Cantilever:height": 39.7525634765625,
         "Cantilever:imposed_dplt": -4.9739990234375,
         "Cantilever:relative_dplt_location": 1.0,
         "Cantilever:nu_p": 0.3
    },
     "outputs": {
         "length": 600.0,
         "width": 30.32763671875,
         "height": 39.7525634765625,
         "imposed_dplt": -4.9739990234375,
         "relative_dplt_location": 1.0,
         "nu_p": 0.3,
         "reaction_forces": -2412.95156038813,
         "moment": [1447770.936232878, 0.0],
         "moment_grid": [0.0, 600.0],
         "dplt": [0.0, -0.0007586855757542266, -0.0030244897952364396, -0.00678203389677595, -0.012015939118702064, -0.018710826699344086, -0.026851317877031308, -0.03642203389009306, -0.047407595976858646, -0.05979262537565735, -0.07356174332481848, -0.08869957106267137, -0.10519072982754529, -0.12301984085776958, -0.14217152539167358, -0.16263040466758646, -0.18438109992383764, -0.20740823239875647, -0.23169642333067214, -0.2572302939579143, -0.28399446551881175, -0.3119735592516939, -0.34115219639489036, -0.37151499818673017, -0.40304658586554243, -0.435731580669657, -0.46955460383740294, -0.5045002766071095, -0.540553220217106, -0.5776980559057218, -0.615919404911286, -0.6552018884721283, -0.6955301278265776, -0.7368887442129635, -0.7792623588696154, -0.8226355930348619, -0.866993067947033, -0.912319404844458, -0.9585992249654658, -1.005817149548386, -1.0539577998315477, -1.1030057970532803, -1.1529457624519133, -1.2037623172657759, -1.2554400827331973, -1.3079636800925067, -1.3613177305820339, -1.4154868554401074, -1.4704556759050564, -1.5262088132152118, -1.5827308886089013, -1.6400065233244554, -1.6980203386002026, -1.756756955674472, -1.816200995785594, -1.8763370801718966, -1.9371498300717098, -1.9986238667233636, -2.0607438113651853, -2.1234942852355063, -2.186859909572655, -2.25082530561496, -2.3153750946007525, -2.380493897768359, -2.4461663363561117, -2.5123770316023384, -2.5791106047453694, -2.646351677023532, -2.7140848696751583, -2.782294803938574, -2.8509661010521126, -2.9200833822541, -2.9896312687828677, -3.0595943818767424, -3.129957342774058, -3.2007047727131384, -3.271821292932317, -3.34329152466992, -3.41510008916428, -3.487231607653724, -3.559670701376582, -3.6324019915711823, -3.7054100994758548, -3.77867964632893, -3.852195253368735, -3.9259415418336037, -3.99990313296186, -4.074064647991834, -4.14841070816186, -4.2229259347102595, -4.297594948875369, -4.372402371895512, -4.447332825009022, -4.522370929454227, -4.597501306469457, -4.672708577293039, -4.747977363163304, -4.8232922853185825, -4.898637964997199, -4.973999023437489],
         "dplt_grid": [0.0, 6.0606060606060606, 12.121212121212121, 18.18181818181818, 24.242424242424242, 30.303030303030305, 36.36363636363636, 42.42424242424242, 48.484848484848484, 54.54545454545455, 60.60606060606061, 66.66666666666667, 72.72727272727272, 78.78787878787878, 84.84848484848484, 90.9090909090909, 96.96969696969697, 103.03030303030303, 109.0909090909091, 115.15151515151516, 121.21212121212122, 127.27272727272727, 133.33333333333334, 139.3939393939394, 145.45454545454544, 151.5151515151515, 157.57575757575756, 163.63636363636363, 169.6969696969697, 175.75757575757575, 181.8181818181818, 187.87878787878788, 193.93939393939394, 200.0, 206.06060606060606, 212.12121212121212, 218.1818181818182, 224.24242424242425, 230.3030303030303, 236.36363636363637, 242.42424242424244, 248.48484848484847, 254.54545454545453, 260.6060606060606, 266.6666666666667, 272.72727272727275, 278.7878787878788, 284.8484848484849, 290.9090909090909, 296.96969696969694, 303.030303030303, 309.09090909090907, 315.1515151515151, 321.2121212121212, 327.27272727272725, 333.3333333333333, 339.3939393939394, 345.45454545454544, 351.5151515151515, 357.57575757575756, 363.6363636363636, 369.6969696969697, 375.75757575757575, 381.8181818181818, 387.8787878787879, 393.93939393939394, 400.0, 406.06060606060606, 412.1212121212121, 418.1818181818182, 424.24242424242425, 430.3030303030303, 436.3636363636364, 442.42424242424244, 448.4848484848485, 454.54545454545456, 460.6060606060606, 466.6666666666667, 472.72727272727275, 478.7878787878788, 484.8484848484849, 490.9090909090909, 496.96969696969694, 503.030303030303, 509.09090909090907, 515.1515151515151, 521.2121212121212, 527.2727272727273, 533.3333333333334, 539.3939393939394, 545.4545454545455, 551.5151515151515, 557.5757575757576, 563.6363636363636, 569.6969696969697, 575.7575757575758, 581.8181818181818, 587.8787878787879, 593.9393939393939, 600.0],
         "dplt_at_force_location": -4.973999023437489,
         "maximum_dplt": -4.973999023437489,
         "location_max_dplt": 600.0
    },
     "metadata": {
         "error_code": 0,
         "model": "BendingTestAnalytical",
         "load_case": "Cantilever",
         "description": "",
         "job_name": "",
         "persistent_result_files": "",
         "n_cpus": 1,
         "date": "2026-06-16 18:10:54.624854",
         "cpu_time": 0.1742079257965088,
         "user": "sebastien.bocquet",
         "machine": "PCBM20250036",
         "vims_git_version": "5cd5cf5ab4caf1fa2c2190f0396e06b5b5639fd0",
         "directory_archive_root": "C:\\Users\\sebastien.bocquet\\Dev\\vimseo\\docs\\runnable_examples\\model_runs\\archive\\calibration_scalars",
         "directory_archive_job": "C:\\Users\\sebastien.bocquet\\Dev\\vimseo\\docs\\runnable_examples\\model_runs\\archive\\calibration_scalars\\BendingTestAnalytical\\Cantilever\\616",
         "directory_scratch_root": "C:\\Users\\sebastien.bocquet\\Dev\\vimseo\\docs\\runnable_examples\\model_runs\\scratch\\calibration_scalars",
         "directory_scratch_job": ""
    }
}