{
     "inputs": {
         "young_modulus": 224780.2734375,
         "Cantilever:length": 600.0,
         "Cantilever:width": 29.475830078125,
         "Cantilever:height": 39.41650390625,
         "Cantilever:imposed_dplt": -4.92333984375,
         "Cantilever:relative_dplt_location": 1.0,
         "Cantilever:nu_p": 0.3
    },
     "outputs": {
         "length": 600.0,
         "width": 29.475830078125,
         "height": 39.41650390625,
         "imposed_dplt": -4.92333984375,
         "relative_dplt_location": 1.0,
         "nu_p": 0.3,
         "reaction_forces": -2312.089364567929,
         "moment": [1387253.6187407572, 0.0],
         "moment_grid": [0.0, 600.0],
         "dplt": [0.0, -0.0007509585157513308, -0.002993685974954622, -0.006712960245533851, -0.011893559195412975, -0.018520260692515944, -0.026577842604766703, -0.03605108280008924, -0.04692475914640748, -0.0591836495116454, -0.07281253176372693, -0.08779618377057608, -0.10411938340011676, -0.12176690852027296, -0.1407235369989687, -0.16097404670412777, -0.18250321550367432, -0.20529582126553225, -0.22933664185762548, -0.25461045514787806, -0.2811020390042139, -0.30879617129455683, -0.33767762988683103, -0.36773119264896037, -0.39894163744886857, -0.43129374215447996, -0.46477228463371834, -0.49936204275450774, -0.535047794384772, -0.5718143173924352, -0.6096463896454212, -0.648528789011654, -0.6884462933590574, -0.7293836805555558, -0.7713257284690729, -0.8142572149675322, -0.8581629179188583, -0.9030276151909751, -0.9488360846518062, -0.9955731041692759, -1.043223451611308, -1.0917719048458263, -1.1412032417407552, -1.1915022401640183, -1.24265367798354, -1.2946423330672434, -1.347452983283053, -1.4010704064988928, -1.4554793805826867, -1.5106646834023585, -1.5666110928258326, -1.623303386721033, -1.6807263429558825, -1.7388647393983065, -1.7977033539162284, -1.8572269643775718, -1.917420348650261, -1.9782682846022204, -2.039755550101373, -2.1018669230156433, -2.1645871812129553, -2.227901102561233, -2.2917934649284, -2.3562490461823797, -2.4212526241910983, -2.4867889768224773, -2.5528428819444424, -2.6193991174249165, -2.6864424611318243, -2.7539576909330883, -2.821929584696635, -2.890342920290385, -2.959182475582266, -3.028433028440199, -3.09807935673211, -3.1681062383259198, -3.238498451089557, -3.3092407728909414, -3.3803179815980005, -3.451714855078655, -3.523416171200831, -3.595406707832451, -3.6676712428414397, -3.7401945540957215, -3.8129614194632198, -3.8859566168118604, -3.9591649240095643, -4.032571118924256, -4.106159979423862, -4.1799162833763015, -4.2538248086495045, -4.32787033311139, -4.402037634629885, -4.476311491072911, -4.550676680308394, -4.625117980204256, -4.699620168628424, -4.774168023448818, -4.848746322533366, -4.92333984374999],
         "dplt_grid": [0.0, 6.0606060606060606, 12.121212121212121, 18.18181818181818, 24.242424242424242, 30.303030303030305, 36.36363636363636, 42.42424242424242, 48.484848484848484, 54.54545454545455, 60.60606060606061, 66.66666666666667, 72.72727272727272, 78.78787878787878, 84.84848484848484, 90.9090909090909, 96.96969696969697, 103.03030303030303, 109.0909090909091, 115.15151515151516, 121.21212121212122, 127.27272727272727, 133.33333333333334, 139.3939393939394, 145.45454545454544, 151.5151515151515, 157.57575757575756, 163.63636363636363, 169.6969696969697, 175.75757575757575, 181.8181818181818, 187.87878787878788, 193.93939393939394, 200.0, 206.06060606060606, 212.12121212121212, 218.1818181818182, 224.24242424242425, 230.3030303030303, 236.36363636363637, 242.42424242424244, 248.48484848484847, 254.54545454545453, 260.6060606060606, 266.6666666666667, 272.72727272727275, 278.7878787878788, 284.8484848484849, 290.9090909090909, 296.96969696969694, 303.030303030303, 309.09090909090907, 315.1515151515151, 321.2121212121212, 327.27272727272725, 333.3333333333333, 339.3939393939394, 345.45454545454544, 351.5151515151515, 357.57575757575756, 363.6363636363636, 369.6969696969697, 375.75757575757575, 381.8181818181818, 387.8787878787879, 393.93939393939394, 400.0, 406.06060606060606, 412.1212121212121, 418.1818181818182, 424.24242424242425, 430.3030303030303, 436.3636363636364, 442.42424242424244, 448.4848484848485, 454.54545454545456, 460.6060606060606, 466.6666666666667, 472.72727272727275, 478.7878787878788, 484.8484848484849, 490.9090909090909, 496.96969696969694, 503.030303030303, 509.09090909090907, 515.1515151515151, 521.2121212121212, 527.2727272727273, 533.3333333333334, 539.3939393939394, 545.4545454545455, 551.5151515151515, 557.5757575757576, 563.6363636363636, 569.6969696969697, 575.7575757575758, 581.8181818181818, 587.8787878787879, 593.9393939393939, 600.0],
         "dplt_at_force_location": -4.92333984374999,
         "maximum_dplt": -4.92333984374999,
         "location_max_dplt": 600.0
    },
     "metadata": {
         "error_code": 0,
         "model": "BendingTestAnalytical",
         "load_case": "Cantilever",
         "description": "",
         "job_name": "",
         "persistent_result_files": "",
         "n_cpus": 1,
         "date": "2026-06-16 18:09:50.086384",
         "cpu_time": 0.17023921012878418,
         "user": "sebastien.bocquet",
         "machine": "PCBM20250036",
         "vims_git_version": "3de96ae2320a30b8a84551033e41da0fca6276ac",
         "directory_archive_root": "C:\\Users\\sebastien.bocquet\\Dev\\vimseo\\docs\\runnable_examples\\model_runs\\archive\\calibration_coupled",
         "directory_archive_job": "C:\\Users\\sebastien.bocquet\\Dev\\vimseo\\docs\\runnable_examples\\model_runs\\archive\\calibration_coupled\\BendingTestAnalytical\\Cantilever\\243",
         "directory_scratch_root": "C:\\Users\\sebastien.bocquet\\Dev\\vimseo\\docs\\runnable_examples\\model_runs\\scratch\\calibration_coupled",
         "directory_scratch_job": ""
    }
}