{
     "inputs": {
         "x": 1.499999761581421,
         "Dummy:x_1": 0.9944541492686033
    },
     "outputs": {
         "x_1": 0.9944541492686033,
         "y": [0.9944541492686033, 1.00960566201185, 1.0247571747550968, 1.0399086874983434, 1.05506020024159, 1.0702117129848367, 1.0853632257280834, 1.10051473847133, 1.1156662512145767, 1.1308177639578234, 1.14596927670107, 1.1611207894443167, 1.1762723021875634, 1.19142381493081, 1.2065753276740567, 1.2217268404173034, 1.23687835316055, 1.252029865903797, 1.2671813786470434, 1.2823328913902903, 1.297484404133537, 1.3126359168767836, 1.3277874296200303, 1.342938942363277, 1.3580904551065236, 1.3732419678497703, 1.388393480593017, 1.4035449933362636, 1.4186965060795103, 1.433848018822757, 1.4489995315660036, 1.4641510443092502, 1.479302557052497, 1.4944540697957436, 1.5096055825389905, 1.524757095282237, 1.5399086080254838, 1.5550601207687302, 1.5702116335119771, 1.5853631462552236, 1.6005146589984705, 1.6156661717417171, 1.6308176844849638, 1.6459691972282104, 1.661120709971457, 1.6762722227147038, 1.6914237354579504, 1.7065752482011973, 1.7217267609444438, 1.7368782736876904, 1.752029786430937, 1.767181299174184, 1.7823328119174304, 1.797484324660677, 1.8126358374039238, 1.8277873501471706, 1.8429388628904173, 1.858090375633664, 1.8732418883769104, 1.8883934011201573, 1.9035449138634037, 1.9186964266066506, 1.9338479393498973, 1.948999452093144, 1.9641509648363906, 1.9793024775796373, 1.9944539903228842, 2.0096055030661306, 2.0247570158093775, 2.039908528552624, 2.055060041295871, 2.0702115540391173, 2.085363066782364, 2.1005145795256106, 2.1156660922688575, 2.130817605012104, 2.145969117755351, 2.1611206304985973, 2.176272143241844, 2.1914236559850906, 2.2065751687283375, 2.221726681471584, 2.236878194214831, 2.2520297069580777, 2.267181219701324, 2.282332732444571, 2.2974842451878175, 2.3126357579310644, 2.327787270674311, 2.3429387834175577, 2.358090296160804, 2.373241808904051, 2.3883933216472975, 2.4035448343905443, 2.4186963471337912, 2.4338478598770377, 2.448999372620284, 2.464150885363531, 2.4793023981067774, 2.4944539108500243],
         "y_axis": [0.0, 0.010101010101010102, 0.020202020202020204, 0.030303030303030304, 0.04040404040404041, 0.05050505050505051, 0.06060606060606061, 0.07070707070707072, 0.08080808080808081, 0.09090909090909091, 0.10101010101010102, 0.11111111111111112, 0.12121212121212122, 0.13131313131313133, 0.14141414141414144, 0.15151515151515152, 0.16161616161616163, 0.17171717171717174, 0.18181818181818182, 0.19191919191919193, 0.20202020202020204, 0.21212121212121213, 0.22222222222222224, 0.23232323232323235, 0.24242424242424243, 0.25252525252525254, 0.26262626262626265, 0.27272727272727276, 0.2828282828282829, 0.29292929292929293, 0.30303030303030304, 0.31313131313131315, 0.32323232323232326, 0.33333333333333337, 0.3434343434343435, 0.3535353535353536, 0.36363636363636365, 0.37373737373737376, 0.38383838383838387, 0.393939393939394, 0.4040404040404041, 0.4141414141414142, 0.42424242424242425, 0.43434343434343436, 0.4444444444444445, 0.4545454545454546, 0.4646464646464647, 0.4747474747474748, 0.48484848484848486, 0.494949494949495, 0.5050505050505051, 0.5151515151515152, 0.5252525252525253, 0.5353535353535354, 0.5454545454545455, 0.5555555555555556, 0.5656565656565657, 0.5757575757575758, 0.5858585858585859, 0.595959595959596, 0.6060606060606061, 0.6161616161616162, 0.6262626262626263, 0.6363636363636365, 0.6464646464646465, 0.6565656565656566, 0.6666666666666667, 0.6767676767676768, 0.686868686868687, 0.696969696969697, 0.7070707070707072, 0.7171717171717172, 0.7272727272727273, 0.7373737373737375, 0.7474747474747475, 0.7575757575757577, 0.7676767676767677, 0.7777777777777778, 0.787878787878788, 0.797979797979798, 0.8080808080808082, 0.8181818181818182, 0.8282828282828284, 0.8383838383838385, 0.8484848484848485, 0.8585858585858587, 0.8686868686868687, 0.8787878787878789, 0.888888888888889, 0.8989898989898991, 0.9090909090909092, 0.9191919191919192, 0.9292929292929294, 0.9393939393939394, 0.9494949494949496, 0.9595959595959597, 0.9696969696969697, 0.9797979797979799, 0.98989898989899, 1.0]
    },
     "metadata": {
         "error_code": 0,
         "model": "MockCurves",
         "load_case": "Dummy",
         "description": "",
         "job_name": "",
         "persistent_result_files": "",
         "n_cpus": 1,
         "date": "2026-03-26 14:57:25.619459",
         "cpu_time": 0.0014414787292480469,
         "user": "sebastien.bocquet",
         "machine": "IPF7101",
         "vims_git_version": "d0050d8de498c8354552cdde540fb3e524454871",
         "directory_archive_root": "/home/sebastien.bocquet/PycharmProjects/vimseo/docs/runnable_examples/model_runs/archive/calibration_curves",
         "directory_archive_job": "/home/sebastien.bocquet/PycharmProjects/vimseo/docs/runnable_examples/model_runs/archive/calibration_curves/MockCurves/Dummy/47",
         "directory_scratch_root": "/home/sebastien.bocquet/PycharmProjects/vimseo/docs/runnable_examples/model_runs/scratch/calibration_curves",
         "directory_scratch_job": ""
    }
}