{
     "inputs": {
         "young_modulus": 219471.72309824295,
         "Cantilever:length": 600.0,
         "Cantilever:width": 30.4969482421875,
         "Cantilever:height": 40.7369384765625,
         "Cantilever:imposed_dplt": -5.064697265625,
         "Cantilever:relative_dplt_location": 1.0,
         "Cantilever:nu_p": 0.3
    },
     "outputs": {
         "length": 600.0,
         "width": 30.4969482421875,
         "height": 40.7369384765625,
         "imposed_dplt": -5.064697265625,
         "relative_dplt_location": 1.0,
         "nu_p": 0.3,
         "reaction_forces": -2652.405172652763,
         "moment": [1591443.103591658, 0.0],
         "moment_grid": [0.0, 600.0],
         "dplt": [0.0, -0.0007725198060726643, -0.0030796397674518377, -0.0069057006988792954, -0.012235043415096812, -0.01905200873084615, -0.027340937460869068, -0.037086170419907354, -0.04827204842270276, -0.06088291228399706, -0.074903102818532, -0.0903169608410494, -0.10710882716629098, -0.1252630426089986, -0.14476394798391398, -0.16559588410577877, -0.18774319178933493, -0.21119021184932418, -0.23592128510048826, -0.2619207523575688, -0.2891729544353079, -0.317662232148447, -0.3473729263117282, -0.37828937773989313, -0.41039592724768326, -0.44367691564984085, -0.47811668376110744, -0.5136995723962248, -0.5504099223699347, -0.5882320744969788, -0.6271503695920991, -0.6671491484700373, -0.708212751945535, -0.7503255208333343, -0.7934717959481765, -0.8376359181048036, -0.8828022281179577, -0.9289550668023802, -0.9760787749728126, -1.024157693443997, -1.0731761630306755, -1.1231185245475894, -1.1739691188094805, -1.2257122866310912, -1.2783323688271624, -1.3318137062124362, -1.3861406396016545, -1.4412975098095588, -1.4972686576508907, -1.5540384239403926, -1.611591149492806, -1.6699111751228728, -1.7289828416453346, -1.788790489874933, -1.8493184606264101, -1.9105510947145077, -1.972472732953967, -2.0350677161595305, -2.0983203851459393, -2.1622150807279352, -2.2267361437202617, -2.2918679149376575, -2.357594735194868, -2.4239009453066305, -2.4907708860876916, -2.558188898352789, -2.6261393229166674, -2.6946065005940665, -2.7635747721997297, -2.833028478548396, -2.902951960454812, -2.973329558733715, -3.0441456141998495, -3.1153844676679547, -3.1870304599527755, -3.2590679318690503, -3.331481224231524, -3.4042546778549356, -3.47737263355403, -3.5508194321435465, -3.6245794144382275, -3.698636921252815, -3.7729762934020497, -3.847581871700675, -3.9224379969634318, -3.997529010005063, -4.07283925164031, -4.148353062683911, -4.2240547839506135, -4.299928756255155, -4.375959320412281, -4.452130817236728, -4.528427587543242, -4.604833972146564, -4.681334311861436, -4.7579129475025965, -4.834554219884793, -4.9112424698227635, -4.987962038131249, -5.064697265624995],
         "dplt_grid": [0.0, 6.0606060606060606, 12.121212121212121, 18.18181818181818, 24.242424242424242, 30.303030303030305, 36.36363636363636, 42.42424242424242, 48.484848484848484, 54.54545454545455, 60.60606060606061, 66.66666666666667, 72.72727272727272, 78.78787878787878, 84.84848484848484, 90.9090909090909, 96.96969696969697, 103.03030303030303, 109.0909090909091, 115.15151515151516, 121.21212121212122, 127.27272727272727, 133.33333333333334, 139.3939393939394, 145.45454545454544, 151.5151515151515, 157.57575757575756, 163.63636363636363, 169.6969696969697, 175.75757575757575, 181.8181818181818, 187.87878787878788, 193.93939393939394, 200.0, 206.06060606060606, 212.12121212121212, 218.1818181818182, 224.24242424242425, 230.3030303030303, 236.36363636363637, 242.42424242424244, 248.48484848484847, 254.54545454545453, 260.6060606060606, 266.6666666666667, 272.72727272727275, 278.7878787878788, 284.8484848484849, 290.9090909090909, 296.96969696969694, 303.030303030303, 309.09090909090907, 315.1515151515151, 321.2121212121212, 327.27272727272725, 333.3333333333333, 339.3939393939394, 345.45454545454544, 351.5151515151515, 357.57575757575756, 363.6363636363636, 369.6969696969697, 375.75757575757575, 381.8181818181818, 387.8787878787879, 393.93939393939394, 400.0, 406.06060606060606, 412.1212121212121, 418.1818181818182, 424.24242424242425, 430.3030303030303, 436.3636363636364, 442.42424242424244, 448.4848484848485, 454.54545454545456, 460.6060606060606, 466.6666666666667, 472.72727272727275, 478.7878787878788, 484.8484848484849, 490.9090909090909, 496.96969696969694, 503.030303030303, 509.09090909090907, 515.1515151515151, 521.2121212121212, 527.2727272727273, 533.3333333333334, 539.3939393939394, 545.4545454545455, 551.5151515151515, 557.5757575757576, 563.6363636363636, 569.6969696969697, 575.7575757575758, 581.8181818181818, 587.8787878787879, 593.9393939393939, 600.0],
         "dplt_at_force_location": -5.064697265624995,
         "maximum_dplt": -5.064697265624995,
         "location_max_dplt": 600.0
    },
     "metadata": {
         "error_code": 0,
         "model": "BendingTestAnalytical",
         "load_case": "Cantilever",
         "description": "",
         "job_name": "",
         "persistent_result_files": "",
         "n_cpus": 1,
         "date": "2026-03-17 09:06:59.502564",
         "cpu_time": 0.09823369979858398,
         "user": "sebastien.bocquet",
         "machine": "B20191729",
         "vims_git_version": "1b6e7132b9faba0cc93317d127a381ee76a8cb8e",
         "directory_archive_root": "C:\\Users\\sebastien.bocquet\\PycharmProjects\\vimseo\\docs\\runnable_examples\\model_runs\\archive\\calibration_scalars",
         "directory_archive_job": "C:\\Users\\sebastien.bocquet\\PycharmProjects\\vimseo\\docs\\runnable_examples\\model_runs\\archive\\calibration_scalars\\BendingTestAnalytical\\Cantilever\\309",
         "directory_scratch_root": "C:\\Users\\sebastien.bocquet\\PycharmProjects\\vimseo\\docs\\runnable_examples\\model_runs\\scratch\\calibration_scalars",
         "directory_scratch_job": ""
    }
}