{
     "inputs": {
         "young_modulus": 224746.09375,
         "Cantilever:length": 600.0,
         "Cantilever:width": 29.475830078125,
         "Cantilever:height": 39.41650390625,
         "Cantilever:imposed_dplt": -4.92333984375,
         "Cantilever:relative_dplt_location": 1.0,
         "Cantilever:nu_p": 0.3
    },
     "outputs": {
         "length": 600.0,
         "width": 29.475830078125,
         "height": 39.41650390625,
         "imposed_dplt": -4.92333984375,
         "relative_dplt_location": 1.0,
         "nu_p": 0.3,
         "reaction_forces": -2311.7377923825925,
         "moment": [1387042.6754295556, 0.0],
         "moment_grid": [0.0, 600.0],
         "dplt": [0.0, -0.0007509585157513295, -0.0029936859749546255, -0.006712960245533851, -0.011893559195412963, -0.018520260692515923, -0.026577842604766682, -0.036051082800089215, -0.046924759146407466, -0.0591836495116454, -0.07281253176372697, -0.08779618377057614, -0.10411938340011685, -0.12176690852027314, -0.14072353699896886, -0.16097404670412804, -0.18250321550367463, -0.20529582126553259, -0.2293366418576258, -0.25461045514787833, -0.28110203900421415, -0.30879617129455705, -0.3376776298868313, -0.3677311926489606, -0.3989416374488688, -0.43129374215448024, -0.4647722846337186, -0.4993620427545079, -0.5350477943847722, -0.5718143173924354, -0.6096463896454214, -0.6485287890116542, -0.6884462933590576, -0.729383680555556, -0.7713257284690729, -0.8142572149675324, -0.8581629179188586, -0.9030276151909753, -0.9488360846518065, -0.9955731041692761, -1.043223451611308, -1.0917719048458263, -1.1412032417407554, -1.1915022401640183, -1.2426536779835402, -1.2946423330672439, -1.3474529832830533, -1.4010704064988928, -1.4554793805826867, -1.5106646834023592, -1.5666110928258328, -1.6233033867210334, -1.680726342955883, -1.738864739398307, -1.797703353916229, -1.8572269643775723, -1.9174203486502617, -1.978268284602221, -2.0397555501013738, -2.101866923015644, -2.1645871812129562, -2.227901102561233, -2.291793464928402, -2.3562490461823806, -2.4212526241911005, -2.486788976822479, -2.5528428819444446, -2.6193991174249183, -2.6864424611318265, -2.7539576909330905, -2.821929584696637, -2.8903429202903874, -2.9591824755822684, -3.0284330284402006, -3.0980793567321125, -3.168106238325923, -3.2384984510895602, -3.309240772890944, -3.380317981598003, -3.4517148550786585, -3.5234161712008345, -3.5954067078324545, -3.6676712428414433, -3.740194554095726, -3.8129614194632238, -3.885956616811864, -3.9591649240095683, -4.03257111892426, -4.1061599794238655, -4.179916283376305, -4.253824808649508, -4.327870333111394, -4.402037634629889, -4.476311491072916, -4.550676680308398, -4.625117980204262, -4.699620168628426, -4.774168023448825, -4.84874632253337, -4.923339843749996],
         "dplt_grid": [0.0, 6.0606060606060606, 12.121212121212121, 18.18181818181818, 24.242424242424242, 30.303030303030305, 36.36363636363636, 42.42424242424242, 48.484848484848484, 54.54545454545455, 60.60606060606061, 66.66666666666667, 72.72727272727272, 78.78787878787878, 84.84848484848484, 90.9090909090909, 96.96969696969697, 103.03030303030303, 109.0909090909091, 115.15151515151516, 121.21212121212122, 127.27272727272727, 133.33333333333334, 139.3939393939394, 145.45454545454544, 151.5151515151515, 157.57575757575756, 163.63636363636363, 169.6969696969697, 175.75757575757575, 181.8181818181818, 187.87878787878788, 193.93939393939394, 200.0, 206.06060606060606, 212.12121212121212, 218.1818181818182, 224.24242424242425, 230.3030303030303, 236.36363636363637, 242.42424242424244, 248.48484848484847, 254.54545454545453, 260.6060606060606, 266.6666666666667, 272.72727272727275, 278.7878787878788, 284.8484848484849, 290.9090909090909, 296.96969696969694, 303.030303030303, 309.09090909090907, 315.1515151515151, 321.2121212121212, 327.27272727272725, 333.3333333333333, 339.3939393939394, 345.45454545454544, 351.5151515151515, 357.57575757575756, 363.6363636363636, 369.6969696969697, 375.75757575757575, 381.8181818181818, 387.8787878787879, 393.93939393939394, 400.0, 406.06060606060606, 412.1212121212121, 418.1818181818182, 424.24242424242425, 430.3030303030303, 436.3636363636364, 442.42424242424244, 448.4848484848485, 454.54545454545456, 460.6060606060606, 466.6666666666667, 472.72727272727275, 478.7878787878788, 484.8484848484849, 490.9090909090909, 496.96969696969694, 503.030303030303, 509.09090909090907, 515.1515151515151, 521.2121212121212, 527.2727272727273, 533.3333333333334, 539.3939393939394, 545.4545454545455, 551.5151515151515, 557.5757575757576, 563.6363636363636, 569.6969696969697, 575.7575757575758, 581.8181818181818, 587.8787878787879, 593.9393939393939, 600.0],
         "dplt_at_force_location": -4.923339843749996,
         "maximum_dplt": -4.923339843749996,
         "location_max_dplt": 600.0
    },
     "metadata": {
         "error_code": 0,
         "model": "BendingTestAnalytical",
         "load_case": "Cantilever",
         "description": "",
         "job_name": "",
         "persistent_result_files": "",
         "n_cpus": 1,
         "date": "2026-06-16 18:09:40.917481",
         "cpu_time": 0.1574411392211914,
         "user": "sebastien.bocquet",
         "machine": "PCBM20250036",
         "vims_git_version": "3de96ae2320a30b8a84551033e41da0fca6276ac",
         "directory_archive_root": "C:\\Users\\sebastien.bocquet\\Dev\\vimseo\\docs\\runnable_examples\\model_runs\\archive\\calibration_coupled",
         "directory_archive_job": "C:\\Users\\sebastien.bocquet\\Dev\\vimseo\\docs\\runnable_examples\\model_runs\\archive\\calibration_coupled\\BendingTestAnalytical\\Cantilever\\225",
         "directory_scratch_root": "C:\\Users\\sebastien.bocquet\\Dev\\vimseo\\docs\\runnable_examples\\model_runs\\scratch\\calibration_coupled",
         "directory_scratch_job": ""
    }
}