{
     "inputs": {
         "young_modulus": 224776.611328125,
         "Cantilever:length": 600.0,
         "Cantilever:width": 30.0968017578125,
         "Cantilever:height": 39.488525390625,
         "Cantilever:imposed_dplt": -5.0556640625,
         "Cantilever:relative_dplt_location": 1.0,
         "Cantilever:nu_p": 0.3
    },
     "outputs": {
         "length": 600.0,
         "width": 30.0968017578125,
         "height": 39.488525390625,
         "imposed_dplt": -5.0556640625,
         "relative_dplt_location": 1.0,
         "nu_p": 0.3,
         "reaction_forces": -2437.52277397939,
         "moment": [1462513.664387634, 0.0],
         "moment_grid": [0.0, 600.0],
         "dplt": [0.0, -0.0007711419688673284, -0.0030741470380521883, -0.006893383951428895, -0.012213221452871762, -0.019018028286255095, -0.027292173195453188, -0.03702002492434039, -0.048185952216790964, -0.06077432381667925, -0.07476950846787954, -0.09015587491426617, -0.10691779189971339, -0.12503962816809558, -0.14450575246328706, -0.16530053352916205, -0.18740834010959498, -0.21081354094846014, -0.23550050478963175, -0.2614536003769842, -0.28865719645439175, -0.31709566176572873, -0.34675336505486964, -0.3776146750656885, -0.40966396054205956, -0.44288559022785756, -0.4772639328669565, -0.5127833572032308, -0.5494282319805547, -0.5871829259428024, -0.6260318078338485, -0.6659592463975671, -0.7069496103778325, -0.7489872685185193, -0.7920565895635013, -0.8361419422566532, -0.8812276953418492, -0.9272982175629636, -0.9743378776638706, -1.0223310443884448, -1.0712620864805602, -1.1211153726840914, -1.1718752717429124, -1.2235261524008978, -1.276052383401922, -1.3294383334898587, -1.3836683714085827, -1.438726865901968, -1.494598185713889, -1.5512666995882207, -1.6087167762688364, -1.6669327844996116, -1.7258990930244191, -1.7856000705871342, -1.8460200859316311, -1.907143507801784, -1.968954704941467, -2.0314380460945554, -2.094577900004922, -2.1583586354164415, -2.222764621072989, -2.287780225718438, -2.353389818096664, -2.4195777669515395, -2.486328441026941, -2.5536262090667403, -2.6214554398148144, -2.6898005020150344, -2.7586457644112787, -2.8279755957474175, -2.897774364767328, -2.9680264402148833, -3.0387161908339575, -3.109827985368425, -3.1813461925621622, -3.2532551811590396, -3.325539319902935, -3.398182977537719, -3.4711705228072702, -3.5444863244554603, -3.6181147512261655, -3.6920401718632556, -3.7662469551106104, -3.840719469712102, -3.9154420844116036, -3.990399167952992, -4.06557508908014, -4.14095421653692, -4.216520919067209, -4.2922595654148825, -4.368154524323812, -4.44419016453787, -4.520350854800936, -4.596620963856882, -4.672984860449582, -4.749426913322909, -4.8259314912207385, -4.902482962886948, -4.979065697065407, -5.055664062499992],
         "dplt_grid": [0.0, 6.0606060606060606, 12.121212121212121, 18.18181818181818, 24.242424242424242, 30.303030303030305, 36.36363636363636, 42.42424242424242, 48.484848484848484, 54.54545454545455, 60.60606060606061, 66.66666666666667, 72.72727272727272, 78.78787878787878, 84.84848484848484, 90.9090909090909, 96.96969696969697, 103.03030303030303, 109.0909090909091, 115.15151515151516, 121.21212121212122, 127.27272727272727, 133.33333333333334, 139.3939393939394, 145.45454545454544, 151.5151515151515, 157.57575757575756, 163.63636363636363, 169.6969696969697, 175.75757575757575, 181.8181818181818, 187.87878787878788, 193.93939393939394, 200.0, 206.06060606060606, 212.12121212121212, 218.1818181818182, 224.24242424242425, 230.3030303030303, 236.36363636363637, 242.42424242424244, 248.48484848484847, 254.54545454545453, 260.6060606060606, 266.6666666666667, 272.72727272727275, 278.7878787878788, 284.8484848484849, 290.9090909090909, 296.96969696969694, 303.030303030303, 309.09090909090907, 315.1515151515151, 321.2121212121212, 327.27272727272725, 333.3333333333333, 339.3939393939394, 345.45454545454544, 351.5151515151515, 357.57575757575756, 363.6363636363636, 369.6969696969697, 375.75757575757575, 381.8181818181818, 387.8787878787879, 393.93939393939394, 400.0, 406.06060606060606, 412.1212121212121, 418.1818181818182, 424.24242424242425, 430.3030303030303, 436.3636363636364, 442.42424242424244, 448.4848484848485, 454.54545454545456, 460.6060606060606, 466.6666666666667, 472.72727272727275, 478.7878787878788, 484.8484848484849, 490.9090909090909, 496.96969696969694, 503.030303030303, 509.09090909090907, 515.1515151515151, 521.2121212121212, 527.2727272727273, 533.3333333333334, 539.3939393939394, 545.4545454545455, 551.5151515151515, 557.5757575757576, 563.6363636363636, 569.6969696969697, 575.7575757575758, 581.8181818181818, 587.8787878787879, 593.9393939393939, 600.0],
         "dplt_at_force_location": -5.055664062499992,
         "maximum_dplt": -5.055664062499992,
         "location_max_dplt": 600.0
    },
     "metadata": {
         "error_code": 0,
         "model": "BendingTestAnalytical",
         "load_case": "Cantilever",
         "description": "",
         "job_name": "",
         "persistent_result_files": "",
         "n_cpus": 1,
         "date": "2026-03-26 14:57:33.229281",
         "cpu_time": 0.004942655563354492,
         "user": "sebastien.bocquet",
         "machine": "IPF7101",
         "vims_git_version": "d0050d8de498c8354552cdde540fb3e524454871",
         "directory_archive_root": "/home/sebastien.bocquet/PycharmProjects/vimseo/docs/runnable_examples/model_runs/archive/calibration_coupled",
         "directory_archive_job": "/home/sebastien.bocquet/PycharmProjects/vimseo/docs/runnable_examples/model_runs/archive/calibration_coupled/BendingTestAnalytical/Cantilever/125",
         "directory_scratch_root": "/home/sebastien.bocquet/PycharmProjects/vimseo/docs/runnable_examples/model_runs/scratch/calibration_coupled",
         "directory_scratch_job": ""
    }
}