{
     "inputs": {
         "young_modulus": 219999.96185302734,
         "Cantilever:length": 600.0,
         "Cantilever:width": 30.1756591796875,
         "Cantilever:height": 39.9495849609375,
         "Cantilever:imposed_dplt": -5.0394287109375,
         "Cantilever:relative_dplt_location": 1.0,
         "Cantilever:nu_p": 0.3
    },
     "outputs": {
         "length": 600.0,
         "width": 30.1756591796875,
         "height": 39.9495849609375,
         "imposed_dplt": -5.0394287109375,
         "relative_dplt_location": 1.0,
         "nu_p": 0.3,
         "reaction_forces": -2468.787729535172,
         "moment": [1481272.6377211032, 0.0],
         "moment_grid": [0.0, 600.0],
         "dplt": [0.0, -0.0007686655857820635, -0.0030642749703474097, -0.0068712470945247895, -0.012174000899142948, -0.01895695532503063, -0.02720452931301655, -0.03690114180392949, -0.04803121173859817, -0.060579158057851336, -0.07452939970251773, -0.08986635561342611, -0.10657444473140515, -0.12463808599728371, -0.14404169835189046, -0.16476970073605413, -0.1868065120906035, -0.21013655135636733, -0.23474423747417422, -0.2606139893848523, -0.2877302260292317, -0.31607736634814043, -0.34563982928240744, -0.3764020337728612, -0.40834839876033047, -0.4414633431856443, -0.47573128598963116, -0.5111366461131198, -0.5476638424969391, -0.5852972940819177, -0.6240214198088845, -0.6638206386186679, -0.7046793694520969, -0.7465820312500002, -0.7895130429532066, -0.8334568235025447, -0.8783977918388434, -0.9243203669029314, -0.9712089676356372, -1.0190480129777897, -1.0678219218702176, -1.11751511325375, -1.1681120060692152, -1.2195970192574423, -1.27195457175926, -1.3251690825154965, -1.379224970466981, -1.434106654554542, -1.4897985537190086, -1.5462850869012095, -1.6035506730419729, -1.6615797310821285, -1.720356679962504, -1.7798659386239288, -1.8400919260072315, -1.901019061053241, -1.9626317627027854, -2.024914449896694, -2.087851541575796, -2.151427456680919, -2.2156266141528924, -2.2804334329325453, -2.3458323319607066, -2.411807730178202, -2.478344046525865, -2.5454256999445213, -2.6130371093749996, -2.68116269375813, -2.7497868720347416, -2.8188940631456605, -2.8884686860317186, -2.9584951596337423, -3.028957902892562, -3.099841334749004, -3.171129874143901, -3.242807940018077, -3.314859951312365, -3.3872703269675903, -3.460023485924586, -3.5331038471241762, -3.606495829507193, -3.680183852014461, -3.7541523335868128, -3.828385693165077, -3.9028683496900807, -3.977584722102654, -4.052519229343624, -4.12765629035382, -4.202980324074073, -4.2784757494452075, -4.354126985408057, -4.429918450903444, -4.505834564872204, -4.581859746255162, -4.657978413993149, -4.73417498702699, -4.810433884297518, -4.8867395247455585, -4.963076327311942, -5.0394287109374964],
         "dplt_grid": [0.0, 6.0606060606060606, 12.121212121212121, 18.18181818181818, 24.242424242424242, 30.303030303030305, 36.36363636363636, 42.42424242424242, 48.484848484848484, 54.54545454545455, 60.60606060606061, 66.66666666666667, 72.72727272727272, 78.78787878787878, 84.84848484848484, 90.9090909090909, 96.96969696969697, 103.03030303030303, 109.0909090909091, 115.15151515151516, 121.21212121212122, 127.27272727272727, 133.33333333333334, 139.3939393939394, 145.45454545454544, 151.5151515151515, 157.57575757575756, 163.63636363636363, 169.6969696969697, 175.75757575757575, 181.8181818181818, 187.87878787878788, 193.93939393939394, 200.0, 206.06060606060606, 212.12121212121212, 218.1818181818182, 224.24242424242425, 230.3030303030303, 236.36363636363637, 242.42424242424244, 248.48484848484847, 254.54545454545453, 260.6060606060606, 266.6666666666667, 272.72727272727275, 278.7878787878788, 284.8484848484849, 290.9090909090909, 296.96969696969694, 303.030303030303, 309.09090909090907, 315.1515151515151, 321.2121212121212, 327.27272727272725, 333.3333333333333, 339.3939393939394, 345.45454545454544, 351.5151515151515, 357.57575757575756, 363.6363636363636, 369.6969696969697, 375.75757575757575, 381.8181818181818, 387.8787878787879, 393.93939393939394, 400.0, 406.06060606060606, 412.1212121212121, 418.1818181818182, 424.24242424242425, 430.3030303030303, 436.3636363636364, 442.42424242424244, 448.4848484848485, 454.54545454545456, 460.6060606060606, 466.6666666666667, 472.72727272727275, 478.7878787878788, 484.8484848484849, 490.9090909090909, 496.96969696969694, 503.030303030303, 509.09090909090907, 515.1515151515151, 521.2121212121212, 527.2727272727273, 533.3333333333334, 539.3939393939394, 545.4545454545455, 551.5151515151515, 557.5757575757576, 563.6363636363636, 569.6969696969697, 575.7575757575758, 581.8181818181818, 587.8787878787879, 593.9393939393939, 600.0],
         "dplt_at_force_location": -5.0394287109374964,
         "maximum_dplt": -5.0394287109374964,
         "location_max_dplt": 600.0
    },
     "metadata": {
         "error_code": 0,
         "model": "BendingTestAnalytical",
         "load_case": "Cantilever",
         "description": "",
         "job_name": "",
         "persistent_result_files": "",
         "n_cpus": 1,
         "date": "2026-06-16 18:10:51.397497",
         "cpu_time": 0.17735862731933594,
         "user": "sebastien.bocquet",
         "machine": "PCBM20250036",
         "vims_git_version": "5cd5cf5ab4caf1fa2c2190f0396e06b5b5639fd0",
         "directory_archive_root": "C:\\Users\\sebastien.bocquet\\Dev\\vimseo\\docs\\runnable_examples\\model_runs\\archive\\calibration_scalars",
         "directory_archive_job": "C:\\Users\\sebastien.bocquet\\Dev\\vimseo\\docs\\runnable_examples\\model_runs\\archive\\calibration_scalars\\BendingTestAnalytical\\Cantilever\\602",
         "directory_scratch_root": "C:\\Users\\sebastien.bocquet\\Dev\\vimseo\\docs\\runnable_examples\\model_runs\\scratch\\calibration_scalars",
         "directory_scratch_job": ""
    }
}