{
     "inputs": {
         "young_modulus": 205000.0,
         "Cantilever:length": 600.0,
         "Cantilever:width": 29.599609375,
         "Cantilever:height": 40.2264404296875,
         "Cantilever:imposed_dplt": -5.0703125,
         "Cantilever:relative_dplt_location": 1.0,
         "Cantilever:nu_p": 0.3
    },
     "outputs": {
         "length": 600.0,
         "width": 29.599609375,
         "height": 40.2264404296875,
         "imposed_dplt": -5.0703125,
         "relative_dplt_location": 1.0,
         "nu_p": 0.3,
         "reaction_forces": -2317.905031968771,
         "moment": [1390743.0191812625, 0.0],
         "moment_grid": [0.0, 600.0],
         "dplt": [0.0, -0.0007733762994705754, -0.003083054166808373, -0.006913357055402509, -0.012248608418642096, -0.019073131709916244, -0.027371250382614037, -0.03712728789012462, -0.04832556768583708, -0.06095041322314052, -0.07498614795542406, -0.09041709533607681, -0.10722757881848788, -0.12540192185604637, -0.14492444790214146, -0.16577948041016213, -0.1879513428334976, -0.21142435862553696, -0.2361828512396693, -0.26221114412928376, -0.2894935607477694, -0.3180144245485153, -0.34775805898491075, -0.3787087875103447, -0.4108509335782061, -0.4441688206418845, -0.4786467721547687, -0.5142691115702479, -0.5510201623417113, -0.5888842479225476, -0.6278456917661464, -0.6678888173258967, -0.7089979480551873, -0.7511574074074077, -0.7943515188359468, -0.8385646057941936, -0.8837809917355377, -0.9299850001133677, -0.9771609543810728, -1.0252931779920422, -1.074365994399665, -1.1243637270573301, -1.1752706994184272, -1.227071234936345, -1.2797496570644726, -1.333290289256199, -1.387677454964914, -1.4428954776440055, -1.4989286807468631, -1.5557613877268763, -1.6133779220374342, -1.671762607131926, -1.7308997664637402, -1.7907737234862662, -1.851368801652893, -1.9126693244170103, -1.9746596152320064, -2.037323997551271, -2.100646794828193, -2.164612330516161, -2.2292049280685644, -2.2944089109387935, -2.3602086025802365, -2.426588326446281, -2.493532405990319, -2.561025164665737, -2.6290509259259265, -2.697594013224274, -2.7666387500141716, -2.8361694597490046, -2.9061704658821665, -2.976626091867043, -3.047520661157025, -3.1188384972055, -3.1905639234658594, -3.26268126339149, -3.335174840435783, -3.408028978052125, -3.481227999693908, -3.554756228814519, -3.628597988867349, -3.702737603305784, -3.7771593955832152, -3.8518476891530327, -3.926786807468623, -4.001961073983379, -4.077354812150687, -4.152952345423935, -4.228737997256515, -4.304696091101814, -4.380810950413222, -4.457066898644127, -4.533448259247921, -4.609939355677991, -4.686524511387725, -4.763188049830514, -4.839914294459746, -4.916687568728813, -4.993492196091099, -5.070312499999998],
         "dplt_grid": [0.0, 6.0606060606060606, 12.121212121212121, 18.18181818181818, 24.242424242424242, 30.303030303030305, 36.36363636363636, 42.42424242424242, 48.484848484848484, 54.54545454545455, 60.60606060606061, 66.66666666666667, 72.72727272727272, 78.78787878787878, 84.84848484848484, 90.9090909090909, 96.96969696969697, 103.03030303030303, 109.0909090909091, 115.15151515151516, 121.21212121212122, 127.27272727272727, 133.33333333333334, 139.3939393939394, 145.45454545454544, 151.5151515151515, 157.57575757575756, 163.63636363636363, 169.6969696969697, 175.75757575757575, 181.8181818181818, 187.87878787878788, 193.93939393939394, 200.0, 206.06060606060606, 212.12121212121212, 218.1818181818182, 224.24242424242425, 230.3030303030303, 236.36363636363637, 242.42424242424244, 248.48484848484847, 254.54545454545453, 260.6060606060606, 266.6666666666667, 272.72727272727275, 278.7878787878788, 284.8484848484849, 290.9090909090909, 296.96969696969694, 303.030303030303, 309.09090909090907, 315.1515151515151, 321.2121212121212, 327.27272727272725, 333.3333333333333, 339.3939393939394, 345.45454545454544, 351.5151515151515, 357.57575757575756, 363.6363636363636, 369.6969696969697, 375.75757575757575, 381.8181818181818, 387.8787878787879, 393.93939393939394, 400.0, 406.06060606060606, 412.1212121212121, 418.1818181818182, 424.24242424242425, 430.3030303030303, 436.3636363636364, 442.42424242424244, 448.4848484848485, 454.54545454545456, 460.6060606060606, 466.6666666666667, 472.72727272727275, 478.7878787878788, 484.8484848484849, 490.9090909090909, 496.96969696969694, 503.030303030303, 509.09090909090907, 515.1515151515151, 521.2121212121212, 527.2727272727273, 533.3333333333334, 539.3939393939394, 545.4545454545455, 551.5151515151515, 557.5757575757576, 563.6363636363636, 569.6969696969697, 575.7575757575758, 581.8181818181818, 587.8787878787879, 593.9393939393939, 600.0],
         "dplt_at_force_location": -5.070312499999998,
         "maximum_dplt": -5.070312499999998,
         "location_max_dplt": 600.0
    },
     "metadata": {
         "error_code": 0,
         "model": "BendingTestAnalytical",
         "load_case": "Cantilever",
         "description": "",
         "job_name": "",
         "persistent_result_files": "",
         "n_cpus": 1,
         "date": "2026-03-17 09:06:37.531352",
         "cpu_time": 0.051484107971191406,
         "user": "sebastien.bocquet",
         "machine": "B20191729",
         "vims_git_version": "1b6e7132b9faba0cc93317d127a381ee76a8cb8e",
         "directory_archive_root": "C:\\Users\\sebastien.bocquet\\PycharmProjects\\vimseo\\docs\\runnable_examples\\model_runs\\archive\\calibration_scalars",
         "directory_archive_job": "C:\\Users\\sebastien.bocquet\\PycharmProjects\\vimseo\\docs\\runnable_examples\\model_runs\\archive\\calibration_scalars\\BendingTestAnalytical\\Cantilever\\148",
         "directory_scratch_root": "C:\\Users\\sebastien.bocquet\\PycharmProjects\\vimseo\\docs\\runnable_examples\\model_runs\\scratch\\calibration_scalars",
         "directory_scratch_job": ""
    }
}