{
     "inputs": {
         "young_modulus": 217500.0,
         "Cantilever:length": 600.0,
         "Cantilever:width": 30.57470703125,
         "Cantilever:height": 39.9837646484375,
         "Cantilever:imposed_dplt": -5.054931640625,
         "Cantilever:relative_dplt_location": 1.0,
         "Cantilever:nu_p": 0.3
    },
     "outputs": {
         "length": 600.0,
         "width": 30.57470703125,
         "height": 39.9837646484375,
         "imposed_dplt": -5.054931640625,
         "relative_dplt_location": 1.0,
         "nu_p": 0.3,
         "reaction_forces": -2486.9906776260273,
         "moment": [1492194.4065756164, 0.0],
         "moment_grid": [0.0, 600.0],
         "dplt": [0.0, -0.0007710302523371669, -0.003073701681614376, -0.006892385296230206, -0.01221145210458323, -0.019015273115072014, -0.027288219336095113, -0.03701466177605113, -0.04817897144333861, -0.06076551934635613, -0.07475867649350226, -0.09014281389317556, -0.1069023025537746, -0.125021513483698, -0.14448481769134427, -0.165276586185112, -0.18738118997339978, -0.21078300006460624, -0.23546638746712978, -0.26141572318936923, -0.28861537823972294, -0.31704972362658945, -0.3467031303583676, -0.3775599694434557, -0.4096046118902522, -0.44282142870715613, -0.4771947909025658, -0.5127090694848797, -0.5493486354624966, -0.5870978598438148, -0.6259411136372333, -0.6658627678511502, -0.7068471934939642, -0.7488787615740742, -0.7919418430998784, -0.8360208090797754, -0.8811000305221641, -0.9271638784354426, -0.9741967238280096, -1.022182937708264, -1.071106891084604, -1.1209529549654282, -1.1717055003591355, -1.2233488982741243, -1.275867519718793, -1.3292457357015401, -1.383467917230765, -1.4385184353148646, -1.494381660962239, -1.5510419651812861, -1.608483718980405, -1.6666912933679938, -1.7256490593524514, -1.7853413879421756, -1.8457526501455663, -1.9068672169710208, -1.968669459426938, -2.031143748521717, -2.0942744552637564, -2.158045950661454, -2.2224426057232085, -2.287448791457418, -2.3530488788724844, -2.4192272389768004, -2.48596824277877, -2.5532562612867884, -2.621075665509257, -2.6894108264545706, -2.758246115131132, -2.8275659025473354, -2.897354559711584, -2.967596457632273, -3.038275967317802, -3.1093774597765687, -3.180885306016975, -3.2527838770474142, -3.3250575438762895, -3.397690677511996, -3.470667648962936, -3.543972829237505, -3.617590589344103, -3.691505300291126, -3.765701333086977, -3.840163058740052, -3.914874848258749, -3.9898210726514685, -4.064986102926608, -4.140354310092565, -4.215910065157741, -4.29163773913053, -4.367521703019336, -4.4435463278325535, -4.519695984578583, -4.595955044265821, -4.672307877902669, -4.748738856497522, -4.825232351058783, -4.901772732594848, -4.9783443721141145, -5.054931640624985],
         "dplt_grid": [0.0, 6.0606060606060606, 12.121212121212121, 18.18181818181818, 24.242424242424242, 30.303030303030305, 36.36363636363636, 42.42424242424242, 48.484848484848484, 54.54545454545455, 60.60606060606061, 66.66666666666667, 72.72727272727272, 78.78787878787878, 84.84848484848484, 90.9090909090909, 96.96969696969697, 103.03030303030303, 109.0909090909091, 115.15151515151516, 121.21212121212122, 127.27272727272727, 133.33333333333334, 139.3939393939394, 145.45454545454544, 151.5151515151515, 157.57575757575756, 163.63636363636363, 169.6969696969697, 175.75757575757575, 181.8181818181818, 187.87878787878788, 193.93939393939394, 200.0, 206.06060606060606, 212.12121212121212, 218.1818181818182, 224.24242424242425, 230.3030303030303, 236.36363636363637, 242.42424242424244, 248.48484848484847, 254.54545454545453, 260.6060606060606, 266.6666666666667, 272.72727272727275, 278.7878787878788, 284.8484848484849, 290.9090909090909, 296.96969696969694, 303.030303030303, 309.09090909090907, 315.1515151515151, 321.2121212121212, 327.27272727272725, 333.3333333333333, 339.3939393939394, 345.45454545454544, 351.5151515151515, 357.57575757575756, 363.6363636363636, 369.6969696969697, 375.75757575757575, 381.8181818181818, 387.8787878787879, 393.93939393939394, 400.0, 406.06060606060606, 412.1212121212121, 418.1818181818182, 424.24242424242425, 430.3030303030303, 436.3636363636364, 442.42424242424244, 448.4848484848485, 454.54545454545456, 460.6060606060606, 466.6666666666667, 472.72727272727275, 478.7878787878788, 484.8484848484849, 490.9090909090909, 496.96969696969694, 503.030303030303, 509.09090909090907, 515.1515151515151, 521.2121212121212, 527.2727272727273, 533.3333333333334, 539.3939393939394, 545.4545454545455, 551.5151515151515, 557.5757575757576, 563.6363636363636, 569.6969696969697, 575.7575757575758, 581.8181818181818, 587.8787878787879, 593.9393939393939, 600.0],
         "dplt_at_force_location": -5.054931640624985,
         "maximum_dplt": -5.054931640624985,
         "location_max_dplt": 600.0
    },
     "metadata": {
         "error_code": 0,
         "model": "BendingTestAnalytical",
         "load_case": "Cantilever",
         "description": "",
         "job_name": "",
         "persistent_result_files": "",
         "n_cpus": 1,
         "date": "2026-06-16 18:10:27.842083",
         "cpu_time": 0.1444108486175537,
         "user": "sebastien.bocquet",
         "machine": "PCBM20250036",
         "vims_git_version": "3de96ae2320a30b8a84551033e41da0fca6276ac",
         "directory_archive_root": "C:\\Users\\sebastien.bocquet\\Dev\\vimseo\\docs\\runnable_examples\\model_runs\\archive\\calibration_scalars",
         "directory_archive_job": "C:\\Users\\sebastien.bocquet\\Dev\\vimseo\\docs\\runnable_examples\\model_runs\\archive\\calibration_scalars\\BendingTestAnalytical\\Cantilever\\505",
         "directory_scratch_root": "C:\\Users\\sebastien.bocquet\\Dev\\vimseo\\docs\\runnable_examples\\model_runs\\scratch\\calibration_scalars",
         "directory_scratch_job": ""
    }
}