{
     "inputs": {
         "young_modulus": 215505.3483839161,
         "Cantilever:length": 600.0,
         "Cantilever:width": 30.1756591796875,
         "Cantilever:height": 39.9495849609375,
         "Cantilever:imposed_dplt": -5.0394287109375,
         "Cantilever:relative_dplt_location": 1.0,
         "Cantilever:nu_p": 0.3
    },
     "outputs": {
         "length": 600.0,
         "width": 30.1756591796875,
         "height": 39.9495849609375,
         "imposed_dplt": -5.0394287109375,
         "relative_dplt_location": 1.0,
         "nu_p": 0.3,
         "reaction_forces": -2418.3502363279767,
         "moment": [1451010.141796786, 0.0],
         "moment_grid": [0.0, 600.0],
         "dplt": [0.0, -0.0007686655857820639, -0.0030642749703474114, -0.006871247094524793, -0.012174000899142948, -0.018956955325030618, -0.02720452931301653, -0.03690114180392947, -0.04803121173859811, -0.06057915805785125, -0.0745293997025176, -0.08986635561342593, -0.10657444473140489, -0.12463808599728336, -0.14404169835189004, -0.1647697007360536, -0.18680651209060284, -0.21013655135636652, -0.2347442374741733, -0.2606139893848523, -0.2877302260292317, -0.31607736634814043, -0.34563982928240744, -0.37640203377286124, -0.4083483987603305, -0.4414633431856443, -0.47573128598963116, -0.5111366461131199, -0.5476638424969391, -0.5852972940819177, -0.6240214198088844, -0.6638206386186679, -0.7046793694520969, -0.7465820312500002, -0.7895130429532065, -0.8334568235025446, -0.8783977918388433, -0.9243203669029312, -0.971208967635637, -1.0190480129777897, -1.0678219218702176, -1.11751511325375, -1.1681120060692152, -1.2195970192574421, -1.2719545717592597, -1.3251690825154963, -1.3792249704669808, -1.434106654554542, -1.4897985537190082, -1.5462850869012088, -1.6035506730419726, -1.661579731082128, -1.7203566799625039, -1.7798659386239284, -1.8400919260072313, -1.9010190610532405, -1.9626317627027852, -2.024914449896694, -2.0878515415757954, -2.151427456680919, -2.2156266141528924, -2.2804334329325444, -2.3458323319607053, -2.4118077301782015, -2.4783440465258644, -2.5454256999445204, -2.6130371093749996, -2.681162693758129, -2.7497868720347416, -2.81889406314566, -2.888468686031718, -2.958495159633742, -3.0289579028925604, -3.0998413347490033, -3.1711298741439, -3.2428079400180763, -3.314859951312364, -3.3872703269675895, -3.4600234859245846, -3.5331038471241754, -3.606495829507192, -3.68018385201446, -3.754152333586812, -3.828385693165076, -3.902868349690079, -3.9775847221026526, -4.052519229343623, -4.127656290353818, -4.202980324074071, -4.278475749445205, -4.354126985408055, -4.429918450903443, -4.5058345648722025, -4.5818597462551605, -4.657978413993147, -4.734174987026988, -4.810433884297515, -4.886739524745558, -4.9630763273119385, -5.039428710937495],
         "dplt_grid": [0.0, 6.0606060606060606, 12.121212121212121, 18.18181818181818, 24.242424242424242, 30.303030303030305, 36.36363636363636, 42.42424242424242, 48.484848484848484, 54.54545454545455, 60.60606060606061, 66.66666666666667, 72.72727272727272, 78.78787878787878, 84.84848484848484, 90.9090909090909, 96.96969696969697, 103.03030303030303, 109.0909090909091, 115.15151515151516, 121.21212121212122, 127.27272727272727, 133.33333333333334, 139.3939393939394, 145.45454545454544, 151.5151515151515, 157.57575757575756, 163.63636363636363, 169.6969696969697, 175.75757575757575, 181.8181818181818, 187.87878787878788, 193.93939393939394, 200.0, 206.06060606060606, 212.12121212121212, 218.1818181818182, 224.24242424242425, 230.3030303030303, 236.36363636363637, 242.42424242424244, 248.48484848484847, 254.54545454545453, 260.6060606060606, 266.6666666666667, 272.72727272727275, 278.7878787878788, 284.8484848484849, 290.9090909090909, 296.96969696969694, 303.030303030303, 309.09090909090907, 315.1515151515151, 321.2121212121212, 327.27272727272725, 333.3333333333333, 339.3939393939394, 345.45454545454544, 351.5151515151515, 357.57575757575756, 363.6363636363636, 369.6969696969697, 375.75757575757575, 381.8181818181818, 387.8787878787879, 393.93939393939394, 400.0, 406.06060606060606, 412.1212121212121, 418.1818181818182, 424.24242424242425, 430.3030303030303, 436.3636363636364, 442.42424242424244, 448.4848484848485, 454.54545454545456, 460.6060606060606, 466.6666666666667, 472.72727272727275, 478.7878787878788, 484.8484848484849, 490.9090909090909, 496.96969696969694, 503.030303030303, 509.09090909090907, 515.1515151515151, 521.2121212121212, 527.2727272727273, 533.3333333333334, 539.3939393939394, 545.4545454545455, 551.5151515151515, 557.5757575757576, 563.6363636363636, 569.6969696969697, 575.7575757575758, 581.8181818181818, 587.8787878787879, 593.9393939393939, 600.0],
         "dplt_at_force_location": -5.039428710937495,
         "maximum_dplt": -5.039428710937495,
         "location_max_dplt": 600.0
    },
     "metadata": {
         "error_code": 0,
         "model": "BendingTestAnalytical",
         "load_case": "Cantilever",
         "description": "",
         "job_name": "",
         "persistent_result_files": "",
         "n_cpus": 1,
         "date": "2026-06-16 18:12:18.745608",
         "cpu_time": 0.2397611141204834,
         "user": "sebastien.bocquet",
         "machine": "PCBM20250036",
         "vims_git_version": "5cd5cf5ab4caf1fa2c2190f0396e06b5b5639fd0",
         "directory_archive_root": "C:\\Users\\sebastien.bocquet\\Dev\\vimseo\\docs\\runnable_examples\\model_runs\\archive\\calibration_scalars",
         "directory_archive_job": "C:\\Users\\sebastien.bocquet\\Dev\\vimseo\\docs\\runnable_examples\\model_runs\\archive\\calibration_scalars\\BendingTestAnalytical\\Cantilever\\884",
         "directory_scratch_root": "C:\\Users\\sebastien.bocquet\\Dev\\vimseo\\docs\\runnable_examples\\model_runs\\scratch\\calibration_scalars",
         "directory_scratch_job": ""
    }
}