{
     "inputs": {
         "young_modulus": 219999.99046325684,
         "Cantilever:length": 600.0,
         "Cantilever:width": 30.4969482421875,
         "Cantilever:height": 40.7369384765625,
         "Cantilever:imposed_dplt": -5.064697265625,
         "Cantilever:relative_dplt_location": 1.0,
         "Cantilever:nu_p": 0.3
    },
     "outputs": {
         "length": 600.0,
         "width": 30.4969482421875,
         "height": 40.7369384765625,
         "imposed_dplt": -5.064697265625,
         "relative_dplt_location": 1.0,
         "nu_p": 0.3,
         "reaction_forces": -2658.7894989419374,
         "moment": [1595273.6993651625, 0.0],
         "moment_grid": [0.0, 600.0],
         "dplt": [0.0, -0.0007725198060726644, -0.0030796397674518377, -0.006905700698879297, -0.012235043415096814, -0.019052008730846157, -0.02734093746086907, -0.03708617041990737, -0.048272048422702774, -0.06088291228399708, -0.07490310281853205, -0.09031696084104945, -0.10710882716629104, -0.12526304260899865, -0.14476394798391404, -0.16559588410577888, -0.18774319178933507, -0.2111902118493244, -0.23592128510048846, -0.2619207523575689, -0.289172954435308, -0.31766223214844713, -0.3473729263117284, -0.37828937773989324, -0.4103959272476834, -0.443676915649841, -0.4781166837611076, -0.513699572396225, -0.5504099223699348, -0.5882320744969789, -0.6271503695920992, -0.6671491484700375, -0.7082127519455352, -0.7503255208333344, -0.7934717959481767, -0.8376359181048039, -0.8828022281179579, -0.9289550668023803, -0.9760787749728128, -1.0241576934439973, -1.0731761630306758, -1.1231185245475896, -1.1739691188094807, -1.2257122866310912, -1.2783323688271626, -1.3318137062124364, -1.3861406396016547, -1.4412975098095588, -1.4972686576508907, -1.5540384239403928, -1.6115911494928061, -1.669911175122873, -1.7289828416453348, -1.7887904898749332, -1.8493184606264104, -1.9105510947145077, -1.972472732953967, -2.035067716159531, -2.0983203851459398, -2.162215080727936, -2.2267361437202617, -2.2918679149376584, -2.3575947351948683, -2.4239009453066305, -2.490770886087692, -2.558188898352789, -2.626139322916668, -2.6946065005940665, -2.7635747721997297, -2.8330284785483966, -2.9029519604548124, -2.973329558733715, -3.04414561419985, -3.1153844676679547, -3.1870304599527755, -3.2590679318690503, -3.331481224231524, -3.4042546778549356, -3.47737263355403, -3.5508194321435465, -3.6245794144382284, -3.698636921252815, -3.7729762934020497, -3.847581871700675, -3.9224379969634318, -3.9975290100050636, -4.07283925164031, -4.1483530626839125, -4.224054783950614, -4.299928756255155, -4.375959320412281, -4.452130817236729, -4.528427587543242, -4.604833972146564, -4.681334311861436, -4.757912947502597, -4.834554219884793, -4.9112424698227635, -4.987962038131249, -5.064697265624995],
         "dplt_grid": [0.0, 6.0606060606060606, 12.121212121212121, 18.18181818181818, 24.242424242424242, 30.303030303030305, 36.36363636363636, 42.42424242424242, 48.484848484848484, 54.54545454545455, 60.60606060606061, 66.66666666666667, 72.72727272727272, 78.78787878787878, 84.84848484848484, 90.9090909090909, 96.96969696969697, 103.03030303030303, 109.0909090909091, 115.15151515151516, 121.21212121212122, 127.27272727272727, 133.33333333333334, 139.3939393939394, 145.45454545454544, 151.5151515151515, 157.57575757575756, 163.63636363636363, 169.6969696969697, 175.75757575757575, 181.8181818181818, 187.87878787878788, 193.93939393939394, 200.0, 206.06060606060606, 212.12121212121212, 218.1818181818182, 224.24242424242425, 230.3030303030303, 236.36363636363637, 242.42424242424244, 248.48484848484847, 254.54545454545453, 260.6060606060606, 266.6666666666667, 272.72727272727275, 278.7878787878788, 284.8484848484849, 290.9090909090909, 296.96969696969694, 303.030303030303, 309.09090909090907, 315.1515151515151, 321.2121212121212, 327.27272727272725, 333.3333333333333, 339.3939393939394, 345.45454545454544, 351.5151515151515, 357.57575757575756, 363.6363636363636, 369.6969696969697, 375.75757575757575, 381.8181818181818, 387.8787878787879, 393.93939393939394, 400.0, 406.06060606060606, 412.1212121212121, 418.1818181818182, 424.24242424242425, 430.3030303030303, 436.3636363636364, 442.42424242424244, 448.4848484848485, 454.54545454545456, 460.6060606060606, 466.6666666666667, 472.72727272727275, 478.7878787878788, 484.8484848484849, 490.9090909090909, 496.96969696969694, 503.030303030303, 509.09090909090907, 515.1515151515151, 521.2121212121212, 527.2727272727273, 533.3333333333334, 539.3939393939394, 545.4545454545455, 551.5151515151515, 557.5757575757576, 563.6363636363636, 569.6969696969697, 575.7575757575758, 581.8181818181818, 587.8787878787879, 593.9393939393939, 600.0],
         "dplt_at_force_location": -5.064697265624995,
         "maximum_dplt": -5.064697265624995,
         "location_max_dplt": 600.0
    },
     "metadata": {
         "error_code": 0,
         "model": "BendingTestAnalytical",
         "load_case": "Cantilever",
         "description": "",
         "job_name": "",
         "persistent_result_files": "",
         "n_cpus": 1,
         "date": "2026-03-17 09:06:34.059019",
         "cpu_time": 0.04457235336303711,
         "user": "sebastien.bocquet",
         "machine": "B20191729",
         "vims_git_version": "1b6e7132b9faba0cc93317d127a381ee76a8cb8e",
         "directory_archive_root": "C:\\Users\\sebastien.bocquet\\PycharmProjects\\vimseo\\docs\\runnable_examples\\model_runs\\archive\\calibration_scalars",
         "directory_archive_job": "C:\\Users\\sebastien.bocquet\\PycharmProjects\\vimseo\\docs\\runnable_examples\\model_runs\\archive\\calibration_scalars\\BendingTestAnalytical\\Cantilever\\135",
         "directory_scratch_root": "C:\\Users\\sebastien.bocquet\\PycharmProjects\\vimseo\\docs\\runnable_examples\\model_runs\\scratch\\calibration_scalars",
         "directory_scratch_job": ""
    }
}