{
     "inputs": {
         "young_modulus": 195505.3483839161,
         "Cantilever:length": 600.0,
         "Cantilever:width": 30.5316162109375,
         "Cantilever:height": 39.9625244140625,
         "Cantilever:imposed_dplt": -5.0740966796875,
         "Cantilever:relative_dplt_location": 1.0,
         "Cantilever:nu_p": 0.3
    },
     "outputs": {
         "length": 600.0,
         "width": 30.5316162109375,
         "height": 39.9625244140625,
         "imposed_dplt": -5.0740966796875,
         "relative_dplt_location": 1.0,
         "nu_p": 0.3,
         "reaction_forces": -2237.2379442239576,
         "moment": [1342342.7665343746, 0.0],
         "moment_grid": [0.0, 600.0],
         "dplt": [0.0, -0.000773953501543081, -0.0030853551750703893, -0.00691851677392903, -0.012257750051466103, -0.01908736676102871, -0.02739167865596393, -0.037154997489618896, -0.04836163501534069, -0.060995902986476384, -0.0750421131563731, -0.09048457727837796, -0.10730760710583807, -0.12549551439210044, -0.14503261089051234, -0.16590320835442068, -0.18809161853717268, -0.21158215319211549, -0.23635912407259602, -0.26240684293196126, -0.2897096215235587, -0.31825177160073526, -0.3480176049168382, -0.37899143322521434, -0.41115756827921074, -0.44450032183217486, -0.47900400563745354, -0.514652931448394, -0.5514314110183433, -0.5893237561006484, -0.6283142784486566, -0.668387289815715, -0.7095271019551704, -0.7517180266203702, -0.7949443755646617, -0.8391904605413913, -0.8844405933039068, -0.9306790856055551, -0.9778902491996828, -1.0260583958396379, -1.0751678372787665, -1.1252028852704166, -1.1761478515679347, -1.2279870479246686, -1.2807047860939644, -1.3342853778291697, -1.388713134883632, -1.4439723690106974, -1.5000473919637138, -1.5569225154960282, -1.6145820513609879, -1.6730103113119394, -1.7321916071022303, -1.7921102504852073, -1.8527505532142183, -1.9140968270426093, -1.976133383723728, -2.038844535010922, -2.102214592657537, -2.166227868416921, -2.2308686740424215, -2.2961213212873846, -2.3619701219051588, -2.428399387649089, -2.4953934302725247, -2.562936561528811, -2.6310130931712967, -2.699607336953327, -2.7687036046282523, -2.838286207949415, -2.908339458670166, -2.978847668543851, -3.049795149323817, -3.121166212763411, -3.1929451706159817, -3.2651163346348735, -3.3376640165734353, -3.4105725281850137, -3.4838261812229567, -3.5574092874406107, -3.6313061585913218, -3.705501106428437, -3.7799784427053056, -3.8547224791752743, -3.929717527591688, -4.004947899707896, -4.080397907277246, -4.15605186205308, -4.2318940757887535, -4.307908860237603, -4.384080527152988, -4.460393388288244, -4.536831755396726, -4.613379940231777, -4.690022254546747, -4.766743010094978, -4.843526518629823, -4.920357091904627, -4.997219041672736, -5.074096679687499],
         "dplt_grid": [0.0, 6.0606060606060606, 12.121212121212121, 18.18181818181818, 24.242424242424242, 30.303030303030305, 36.36363636363636, 42.42424242424242, 48.484848484848484, 54.54545454545455, 60.60606060606061, 66.66666666666667, 72.72727272727272, 78.78787878787878, 84.84848484848484, 90.9090909090909, 96.96969696969697, 103.03030303030303, 109.0909090909091, 115.15151515151516, 121.21212121212122, 127.27272727272727, 133.33333333333334, 139.3939393939394, 145.45454545454544, 151.5151515151515, 157.57575757575756, 163.63636363636363, 169.6969696969697, 175.75757575757575, 181.8181818181818, 187.87878787878788, 193.93939393939394, 200.0, 206.06060606060606, 212.12121212121212, 218.1818181818182, 224.24242424242425, 230.3030303030303, 236.36363636363637, 242.42424242424244, 248.48484848484847, 254.54545454545453, 260.6060606060606, 266.6666666666667, 272.72727272727275, 278.7878787878788, 284.8484848484849, 290.9090909090909, 296.96969696969694, 303.030303030303, 309.09090909090907, 315.1515151515151, 321.2121212121212, 327.27272727272725, 333.3333333333333, 339.3939393939394, 345.45454545454544, 351.5151515151515, 357.57575757575756, 363.6363636363636, 369.6969696969697, 375.75757575757575, 381.8181818181818, 387.8787878787879, 393.93939393939394, 400.0, 406.06060606060606, 412.1212121212121, 418.1818181818182, 424.24242424242425, 430.3030303030303, 436.3636363636364, 442.42424242424244, 448.4848484848485, 454.54545454545456, 460.6060606060606, 466.6666666666667, 472.72727272727275, 478.7878787878788, 484.8484848484849, 490.9090909090909, 496.96969696969694, 503.030303030303, 509.09090909090907, 515.1515151515151, 521.2121212121212, 527.2727272727273, 533.3333333333334, 539.3939393939394, 545.4545454545455, 551.5151515151515, 557.5757575757576, 563.6363636363636, 569.6969696969697, 575.7575757575758, 581.8181818181818, 587.8787878787879, 593.9393939393939, 600.0],
         "dplt_at_force_location": -5.074096679687499,
         "maximum_dplt": -5.074096679687499,
         "location_max_dplt": 600.0
    },
     "metadata": {
         "error_code": 0,
         "model": "BendingTestAnalytical",
         "load_case": "Cantilever",
         "description": "",
         "job_name": "",
         "persistent_result_files": "",
         "n_cpus": 1,
         "date": "2026-03-26 14:57:45.374465",
         "cpu_time": 0.007821798324584961,
         "user": "sebastien.bocquet",
         "machine": "IPF7101",
         "vims_git_version": "d0050d8de498c8354552cdde540fb3e524454871",
         "directory_archive_root": "/home/sebastien.bocquet/PycharmProjects/vimseo/docs/runnable_examples/model_runs/archive/calibration_scalars",
         "directory_archive_job": "/home/sebastien.bocquet/PycharmProjects/vimseo/docs/runnable_examples/model_runs/archive/calibration_scalars/BendingTestAnalytical/Cantilever/392",
         "directory_scratch_root": "/home/sebastien.bocquet/PycharmProjects/vimseo/docs/runnable_examples/model_runs/scratch/calibration_scalars",
         "directory_scratch_job": ""
    }
}