{
     "inputs": {
         "length": 582.9151518398246,
         "width": 30.33388607648739,
         "height": 41.10267531482964,
         "imposed_dplt": -14.70576112325658,
         "relative_dplt_location": 0.8941842643571791,
         "young_modulus": 213164.8479252934,
         "nu_p": 0.2899286196431376
    },
     "outputs": {
         "reaction_forces": -11656.933678135421,
         "moment": [6075984.995798156, 0.0, 0.0],
         "moment_grid": [0.0, 521.2335562305469, 582.9151518398246],
         "dplt": [0.0, -0.0028042448541210525, -0.011174582834023582, -0.025047419066016693, -0.04435915867640945, -0.0690462067915109, -0.09904496853763017, -0.1342918490410763, -0.17472325342815836, -0.22027558682518533, -0.2708852543584665, -0.3264886611543109, -0.3870222123390274, -0.4524223130389253, -0.5226253683803134, -0.5975677834895012, -0.6771859634927971, -0.7614163135165112, -0.8501952386869518, -0.9434591441304291, -1.0411444349732506, -1.143187516341726, -1.2495247933621647, -1.360092671160875, -1.474827554864167, -1.5936658495983487, -1.7165439604897301, -1.84339829266462, -1.9741652512493275, -2.1087812413701608, -2.247182668153431, -2.3893059367254446, -2.535087452212513, -2.684463619740944, -2.837370844437046, -2.9937455314271304, -3.1535240858375033, -3.316642912794477, -3.483038417424358, -3.6526470048534563, -3.825405080208082, -4.001249048614542, -4.180115315199147, -4.361940285088206, -4.5466603634080265, -4.73421195528492, -4.924531465845192, -5.117555300215156, -5.313219863521119, -5.511461560889391, -5.7122167974462785, -5.915421978318094, -6.121013508631143, -6.328927793511736, -6.539101238086182, -6.751470247480794, -6.965971226821874, -7.1825405812357355, -7.401114715848688, -7.621630035787039, -7.844022946177097, -8.068229852145173, -8.294187158817572, -8.521831271320607, -8.751098594780588, -8.981925534323825, -9.214248495076625, -9.448003882165292, -9.68312810071614, -9.919557555855476, -10.157228652709613, -10.396077796404857, -10.636041392067519, -10.877055844823907, -11.119057559800332, -11.361982942123095, -11.605768396918517, -11.8503503293129, -12.095665144432548, -12.341649247403783, -12.588239043352903, -12.835370937406232, -13.08298133469006, -13.331006640330703, -13.579383259454477, -13.82804759718768, -14.07692517868288, -14.32593906967375, -14.575046184830102, -14.824210299511758, -15.073401241957534, -15.322594893285238, -15.57177318749168, -15.820924111452666, -16.070041704922993, -16.319126060536473, -16.568183323805886, -16.81722569312303, -17.066271419758703, -17.31534480786268],
         "dplt_grid": [0.0, 5.888031836765905, 11.77606367353181, 17.664095510297717, 23.55212734706362, 29.440159183829525, 35.32819102059543, 41.21622285736134, 47.10425469412724, 52.992286530893146, 58.88031836765905, 64.76835020442496, 70.65638204119087, 76.54441387795677, 82.43244571472268, 88.32047755148858, 94.20850938825448, 100.09654122502039, 105.98457306178629, 111.8726048985522, 117.7606367353181, 123.648668572084, 129.53670040884992, 135.42473224561581, 141.31276408238173, 147.20079591914762, 153.08882775591354, 158.97685959267943, 164.86489142944535, 170.75292326621124, 176.64095510297716, 182.52898693974305, 188.41701877650897, 194.3050506132749, 200.19308245004078, 206.0811142868067, 211.96914612357259, 217.8571779603385, 223.7452097971044, 229.6332416338703, 235.5212734706362, 241.40930530740212, 247.297337144168, 253.18536898093393, 259.07340081769985, 264.96143265446574, 270.84946449123163, 276.7374963279975, 282.62552816476347, 288.51356000152936, 294.40159183829525, 300.2896236750612, 306.1776555118271, 312.065687348593, 317.95371918535886, 323.8417510221248, 329.7297828588907, 335.6178146956566, 341.5058465324225, 347.3938783691884, 353.2819102059543, 359.1699420427202, 365.0579738794861, 370.94600571625205, 376.83403755301794, 382.7220693897838, 388.6101012265498, 394.49813306331566, 400.38616490008155, 406.27419673684744, 412.1622285736134, 418.0502604103793, 423.93829224714517, 429.82632408391106, 435.714355920677, 441.6023877574429, 447.4904195942088, 453.3784514309747, 459.2664832677406, 465.1545151045065, 471.0425469412724, 476.93057877803835, 482.81861061480424, 488.70664245157013, 494.594674288336, 500.48270612510197, 506.37073796186786, 512.2587697986338, 518.1468016353997, 524.0348334721656, 529.9228653089315, 535.8108971456974, 541.6989289824633, 547.5869608192291, 553.474992655995, 559.363024492761, 565.2510563295269, 571.1390881662928, 577.0271200030587, 582.9151518398246],
         "dplt_at_force_location": -14.705668521335985,
         "maximum_dplt": -17.31534480786268,
         "location_max_dplt": 582.9151518398246
    },
     "metadata": {
         "error_code": 0,
         "model": "BendingTestAnalytical",
         "load_case": "Cantilever",
         "description": "",
         "job_name": "",
         "persistent_result_files": "",
         "n_cpus": 1,
         "date": "2026-03-17 09:07:46.532877",
         "cpu_time": 0.024740219116210938,
         "user": "sebastien.bocquet",
         "machine": "B20191729",
         "vims_git_version": "1b6e7132b9faba0cc93317d127a381ee76a8cb8e",
         "directory_archive_root": "C:\\Users\\sebastien.bocquet\\PycharmProjects\\vimseo\\docs\\runnable_examples\\model_runs\\archive\\uq",
         "directory_archive_job": "C:\\Users\\sebastien.bocquet\\PycharmProjects\\vimseo\\docs\\runnable_examples\\model_runs\\archive\\uq\\BendingTestAnalytical\\Cantilever\\72",
         "directory_scratch_root": "C:\\Users\\sebastien.bocquet\\PycharmProjects\\vimseo\\docs\\runnable_examples\\model_runs\\scratch\\uq",
         "directory_scratch_job": ""
    }
}