{
     "inputs": {
         "young_modulus": 220096.72309824295,
         "Cantilever:length": 600.0,
         "Cantilever:width": 30.1181640625,
         "Cantilever:height": 39.6412353515625,
         "Cantilever:imposed_dplt": -4.913818359375,
         "Cantilever:relative_dplt_location": 1.0,
         "Cantilever:nu_p": 0.3
    },
     "outputs": {
         "length": 600.0,
         "width": 30.1181640625,
         "height": 39.6412353515625,
         "imposed_dplt": -4.913818359375,
         "relative_dplt_location": 1.0,
         "nu_p": 0.3,
         "reaction_forces": -2348.4913649196214,
         "moment": [1409094.8189517728, 0.0],
         "moment_grid": [0.0, 600.0],
         "dplt": [0.0, -0.0007495062008592205, -0.002987896341263104, -0.006699977727950997, -0.011870557667662242, -0.018484443467136177, -0.026526442433112123, -0.035981361872329455, -0.04683400909152748, -0.05906919139744555, -0.072671716096823, -0.0876263904963992, -0.10391802190291341, -0.12153141762310507, -0.1404513849637135, -0.16066273123147795, -0.1821502637331379, -0.20489878977543266, -0.2288931166651014, -0.25411805170888363, -0.2805584022135187, -0.3081989754857458, -0.33702457883230463, -0.36702001955993413, -0.39817010497537364, -0.4304596423853628, -0.4638734390966408, -0.49839630241594696, -0.5340130396500207, -0.570708458105601, -0.6084673650894278, -0.6472745679082402, -0.6871148738687772, -0.7279730902777786, -0.7698340244419836, -0.8126824836681311, -0.8565032752629611, -0.9012812065332128, -0.9470010847856253, -0.9936477173269379, -1.0412059114638903, -1.0896604745032215, -1.138996213751671, -1.1891979365159782, -1.2402504501028824, -1.2921385618191226, -1.3448470789714384, -1.3983608088665693, -1.4526645588112543, -1.507743136112233, -1.563581348076245, -1.6201640020100294, -1.6774759052203252, -1.7355018650138718, -1.7942266886974092, -1.853635183577676, -1.913712156961412, -1.9744424161553562, -2.0358107684662485, -2.0978020212008275, -2.160400981665833, -2.223592457168004, -2.2873612550140807, -2.3516921825108, -2.416570046964906, -2.4819796556831326, -2.5479058159722223, -2.6143333351389133, -2.6812470204899475, -2.7486316793320595, -2.8164721189719932, -2.884753146716485, -2.953459569872276, -3.0225761957461037, -3.09208783164471, -3.161979284874831, -3.23223536274321, -3.3028408725565814, -3.37378062162169, -3.4450394172452716, -3.516602066734066, -3.5884533773948126, -3.6605781565342514, -3.7329612114591226, -3.8055873494761627, -3.8784413778921136, -3.9515081040137146, -4.024772335147702, -4.098218878600821, -4.1718325416798026, -4.245598131691394, -4.319500455942329, -4.393524321739352, -4.4676545363891975, -4.541875907198608, -4.61617324147432, -4.690531346523077, -4.764935029651616, -4.8393690981666735, -4.913818359374995],
         "dplt_grid": [0.0, 6.0606060606060606, 12.121212121212121, 18.18181818181818, 24.242424242424242, 30.303030303030305, 36.36363636363636, 42.42424242424242, 48.484848484848484, 54.54545454545455, 60.60606060606061, 66.66666666666667, 72.72727272727272, 78.78787878787878, 84.84848484848484, 90.9090909090909, 96.96969696969697, 103.03030303030303, 109.0909090909091, 115.15151515151516, 121.21212121212122, 127.27272727272727, 133.33333333333334, 139.3939393939394, 145.45454545454544, 151.5151515151515, 157.57575757575756, 163.63636363636363, 169.6969696969697, 175.75757575757575, 181.8181818181818, 187.87878787878788, 193.93939393939394, 200.0, 206.06060606060606, 212.12121212121212, 218.1818181818182, 224.24242424242425, 230.3030303030303, 236.36363636363637, 242.42424242424244, 248.48484848484847, 254.54545454545453, 260.6060606060606, 266.6666666666667, 272.72727272727275, 278.7878787878788, 284.8484848484849, 290.9090909090909, 296.96969696969694, 303.030303030303, 309.09090909090907, 315.1515151515151, 321.2121212121212, 327.27272727272725, 333.3333333333333, 339.3939393939394, 345.45454545454544, 351.5151515151515, 357.57575757575756, 363.6363636363636, 369.6969696969697, 375.75757575757575, 381.8181818181818, 387.8787878787879, 393.93939393939394, 400.0, 406.06060606060606, 412.1212121212121, 418.1818181818182, 424.24242424242425, 430.3030303030303, 436.3636363636364, 442.42424242424244, 448.4848484848485, 454.54545454545456, 460.6060606060606, 466.6666666666667, 472.72727272727275, 478.7878787878788, 484.8484848484849, 490.9090909090909, 496.96969696969694, 503.030303030303, 509.09090909090907, 515.1515151515151, 521.2121212121212, 527.2727272727273, 533.3333333333334, 539.3939393939394, 545.4545454545455, 551.5151515151515, 557.5757575757576, 563.6363636363636, 569.6969696969697, 575.7575757575758, 581.8181818181818, 587.8787878787879, 593.9393939393939, 600.0],
         "dplt_at_force_location": -4.913818359374995,
         "maximum_dplt": -4.913818359374995,
         "location_max_dplt": 600.0
    },
     "metadata": {
         "error_code": 0,
         "model": "BendingTestAnalytical",
         "load_case": "Cantilever",
         "description": "",
         "job_name": "",
         "persistent_result_files": "",
         "n_cpus": 1,
         "date": "2026-03-17 09:07:00.863631",
         "cpu_time": 0.09972667694091797,
         "user": "sebastien.bocquet",
         "machine": "B20191729",
         "vims_git_version": "1b6e7132b9faba0cc93317d127a381ee76a8cb8e",
         "directory_archive_root": "C:\\Users\\sebastien.bocquet\\PycharmProjects\\vimseo\\docs\\runnable_examples\\model_runs\\archive\\calibration_scalars",
         "directory_archive_job": "C:\\Users\\sebastien.bocquet\\PycharmProjects\\vimseo\\docs\\runnable_examples\\model_runs\\archive\\calibration_scalars\\BendingTestAnalytical\\Cantilever\\318",
         "directory_scratch_root": "C:\\Users\\sebastien.bocquet\\PycharmProjects\\vimseo\\docs\\runnable_examples\\model_runs\\scratch\\calibration_scalars",
         "directory_scratch_job": ""
    }
}