{
     "inputs": {
         "young_modulus": 220000.0762939453,
         "Cantilever:length": 600.0,
         "Cantilever:width": 29.47705078125,
         "Cantilever:height": 39.377685546875,
         "Cantilever:imposed_dplt": -5.0565185546875,
         "Cantilever:relative_dplt_location": 1.0,
         "Cantilever:nu_p": 0.3
    },
     "outputs": {
         "length": 600.0,
         "width": 29.47705078125,
         "height": 39.377685546875,
         "imposed_dplt": -5.0565185546875,
         "relative_dplt_location": 1.0,
         "nu_p": 0.3,
         "reaction_forces": -2317.3694827077106,
         "moment": [1390421.6896246264, 0.0],
         "moment_grid": [0.0, 600.0],
         "dplt": [0.0, -0.0007712723048191849, -0.0030746666205629623, -0.0068945490491606806, -0.012215285692541678, -0.0190212426526353, -0.027296786031370868, -0.037026281930677744, -0.04819409645248527, -0.06078459569872277, -0.07478214577131959, -0.09017111277220509, -0.10693586280330854, -0.12506076196655938, -0.1445301763638869, -0.16532847209722043, -0.18744001526848933, -0.210849171979623, -0.23554030833255069, -0.26149779042920174, -0.2887059843715056, -0.31714925626139134, -0.34681197220078874, -0.3776784982916268, -0.40973320063583485, -0.4429604453353424, -0.4773445984920788, -0.5128700262079733, -0.5495210945849553, -0.587282169724954, -0.626137617729899, -0.6660718047017193, -0.7070690967423444, -0.7491138599537037, -0.7921904604377268, -0.8362832642963425, -0.8813766376314803, -0.9274549465450699, -0.9745025571390401, -1.0225038355153204, -1.0714431477758404, -1.1213048600225295, -1.1720733383573168, -1.2237329488821314, -1.276268057698903, -1.3296630309095612, -1.3839022346160346, -1.4389700349202528, -1.4948507979241452, -1.5515288897296415, -1.6089886764386707, -1.6672145241531624, -1.7261907989750453, -1.7859018670062499, -1.8463320943487047, -1.9074658471043386, -1.9692874913750815, -2.0317813932628637, -2.0949319188696127, -2.1587234342972588, -2.223140305647732, -2.2881668990229596, -2.353787580524873, -2.4199867162554, -2.4867486723164727, -2.5540578148100175, -2.6218985098379637, -2.6902551235022427, -2.759112021904783, -2.8284535711475125, -2.8982641373323634, -2.9685280865612618, -3.03922978493614, -3.110353598558924, -3.181883893531548, -3.2538050359559363, -3.326101391934021, -3.39875732756773, -3.471757208958996, -3.5450854022097436, -3.618726273421906, -3.692664188697409, -3.766883514138185, -3.841368615846162, -3.9161038599232696, -3.991073612471437, -4.066262239592595, -4.1416541073886695, -4.217233581961594, -4.292985029413293, -4.368892815845701, -4.444941307360745, -4.5211148700603525, -4.597397870046454, -4.673774673420983, -4.750229646285862, -4.826747154743023, -4.9033115648944, -4.979907242841915, -5.056518554687503],
         "dplt_grid": [0.0, 6.0606060606060606, 12.121212121212121, 18.18181818181818, 24.242424242424242, 30.303030303030305, 36.36363636363636, 42.42424242424242, 48.484848484848484, 54.54545454545455, 60.60606060606061, 66.66666666666667, 72.72727272727272, 78.78787878787878, 84.84848484848484, 90.9090909090909, 96.96969696969697, 103.03030303030303, 109.0909090909091, 115.15151515151516, 121.21212121212122, 127.27272727272727, 133.33333333333334, 139.3939393939394, 145.45454545454544, 151.5151515151515, 157.57575757575756, 163.63636363636363, 169.6969696969697, 175.75757575757575, 181.8181818181818, 187.87878787878788, 193.93939393939394, 200.0, 206.06060606060606, 212.12121212121212, 218.1818181818182, 224.24242424242425, 230.3030303030303, 236.36363636363637, 242.42424242424244, 248.48484848484847, 254.54545454545453, 260.6060606060606, 266.6666666666667, 272.72727272727275, 278.7878787878788, 284.8484848484849, 290.9090909090909, 296.96969696969694, 303.030303030303, 309.09090909090907, 315.1515151515151, 321.2121212121212, 327.27272727272725, 333.3333333333333, 339.3939393939394, 345.45454545454544, 351.5151515151515, 357.57575757575756, 363.6363636363636, 369.6969696969697, 375.75757575757575, 381.8181818181818, 387.8787878787879, 393.93939393939394, 400.0, 406.06060606060606, 412.1212121212121, 418.1818181818182, 424.24242424242425, 430.3030303030303, 436.3636363636364, 442.42424242424244, 448.4848484848485, 454.54545454545456, 460.6060606060606, 466.6666666666667, 472.72727272727275, 478.7878787878788, 484.8484848484849, 490.9090909090909, 496.96969696969694, 503.030303030303, 509.09090909090907, 515.1515151515151, 521.2121212121212, 527.2727272727273, 533.3333333333334, 539.3939393939394, 545.4545454545455, 551.5151515151515, 557.5757575757576, 563.6363636363636, 569.6969696969697, 575.7575757575758, 581.8181818181818, 587.8787878787879, 593.9393939393939, 600.0],
         "dplt_at_force_location": -5.056518554687503,
         "maximum_dplt": -5.056518554687503,
         "location_max_dplt": 600.0
    },
     "metadata": {
         "error_code": 0,
         "model": "BendingTestAnalytical",
         "load_case": "Cantilever",
         "description": "",
         "job_name": "",
         "persistent_result_files": "",
         "n_cpus": 1,
         "date": "2026-06-16 18:10:50.340328",
         "cpu_time": 0.15746283531188965,
         "user": "sebastien.bocquet",
         "machine": "PCBM20250036",
         "vims_git_version": "3de96ae2320a30b8a84551033e41da0fca6276ac",
         "directory_archive_root": "C:\\Users\\sebastien.bocquet\\Dev\\vimseo\\docs\\runnable_examples\\model_runs\\archive\\calibration_scalars",
         "directory_archive_job": "C:\\Users\\sebastien.bocquet\\Dev\\vimseo\\docs\\runnable_examples\\model_runs\\archive\\calibration_scalars\\BendingTestAnalytical\\Cantilever\\597",
         "directory_scratch_root": "C:\\Users\\sebastien.bocquet\\Dev\\vimseo\\docs\\runnable_examples\\model_runs\\scratch\\calibration_scalars",
         "directory_scratch_job": ""
    }
}