{
     "inputs": {
         "young_modulus": 220000.04768371582,
         "Cantilever:length": 600.0,
         "Cantilever:width": 30.5928955078125,
         "Cantilever:height": 40.24951171875,
         "Cantilever:imposed_dplt": -4.9840087890625,
         "Cantilever:relative_dplt_location": 1.0,
         "Cantilever:nu_p": 0.3
    },
     "outputs": {
         "length": 600.0,
         "width": 30.5928955078125,
         "height": 40.24951171875,
         "imposed_dplt": -4.9840087890625,
         "relative_dplt_location": 1.0,
         "nu_p": 0.3,
         "reaction_forces": -2531.571884567171,
         "moment": [1518943.1307403026, 0.0],
         "moment_grid": [0.0, 600.0],
         "dplt": [0.0, -0.0007602123683331129, -0.003030576333219834, -0.006795682184491258, -0.012040120211978471, -0.018748480705512556, -0.026905353954924577, -0.03649533025004566, -0.047502999880706845, -0.05991295313673926, -0.07370978030797393, -0.08887807168424201, -0.1054024175553745, -0.12326740821120258, -0.14245763394155728, -0.16295768503626964, -0.18475215178517088, -0.20782562447809202, -0.232162693404864, -0.25774794885531904, -0.2845659811192865, -0.3126013804865981, -0.34183873724708513, -0.37226264169057854, -0.40385768410690925, -0.4366084547859087, -0.4704995440174078, -0.5055155420912377, -0.5416410392972294, -0.5788606259252141, -0.6171588922650227, -0.6565204286064865, -0.6969298252394365, -0.7383716724537036, -0.7808305605391193, -0.8242910797855142, -0.8687378204827197, -0.9141553729205669, -0.9605283273888866, -1.0078412741775102, -1.0560788035762687, -1.105225505874993, -1.1552659713635143, -1.206184790331664, -1.2579665530692732, -1.310595849866172, -1.3640572710121923, -1.4183354067971652, -1.4734148475109217, -1.5292801834432928, -1.5859160048841092, -1.6433069021232032, -1.7014374654504045, -1.7602922851555451, -1.819855951528456, -1.8801130548589675, -1.9410481854369115, -2.002645933552119, -2.0648908894944205, -2.1277676435536477, -2.191260786019632, -2.2553549071822023, -2.320034597331193, -2.3852844467564323, -2.4510890457477545, -2.5174329845949863, -2.5843008535879632, -2.6516772430165134, -2.7195467431704694, -2.78789394433966, -2.85670343681392, -2.925959810883078, -2.995647656836965, -3.065751564965413, -3.136256125558254, -3.2071459289053155, -3.278405565296433, -3.3500196250214334, -3.421972698370152, -3.494249375632416, -3.5668342470980607, -3.6397119030569125, -3.712866933798806, -3.78628392961357, -3.859947480791037, -3.933842177621039, -4.007952610393406, -4.0822633693979675, -4.156759044924557, -4.231424227263002, -4.306243506703139, -4.381201473534794, -4.456282718047803, -4.531471830531992, -4.606753401277196, -4.682112020573244, -4.757532278709966, -4.832998765977198, -4.908496072664765, -4.984008789062503],
         "dplt_grid": [0.0, 6.0606060606060606, 12.121212121212121, 18.18181818181818, 24.242424242424242, 30.303030303030305, 36.36363636363636, 42.42424242424242, 48.484848484848484, 54.54545454545455, 60.60606060606061, 66.66666666666667, 72.72727272727272, 78.78787878787878, 84.84848484848484, 90.9090909090909, 96.96969696969697, 103.03030303030303, 109.0909090909091, 115.15151515151516, 121.21212121212122, 127.27272727272727, 133.33333333333334, 139.3939393939394, 145.45454545454544, 151.5151515151515, 157.57575757575756, 163.63636363636363, 169.6969696969697, 175.75757575757575, 181.8181818181818, 187.87878787878788, 193.93939393939394, 200.0, 206.06060606060606, 212.12121212121212, 218.1818181818182, 224.24242424242425, 230.3030303030303, 236.36363636363637, 242.42424242424244, 248.48484848484847, 254.54545454545453, 260.6060606060606, 266.6666666666667, 272.72727272727275, 278.7878787878788, 284.8484848484849, 290.9090909090909, 296.96969696969694, 303.030303030303, 309.09090909090907, 315.1515151515151, 321.2121212121212, 327.27272727272725, 333.3333333333333, 339.3939393939394, 345.45454545454544, 351.5151515151515, 357.57575757575756, 363.6363636363636, 369.6969696969697, 375.75757575757575, 381.8181818181818, 387.8787878787879, 393.93939393939394, 400.0, 406.06060606060606, 412.1212121212121, 418.1818181818182, 424.24242424242425, 430.3030303030303, 436.3636363636364, 442.42424242424244, 448.4848484848485, 454.54545454545456, 460.6060606060606, 466.6666666666667, 472.72727272727275, 478.7878787878788, 484.8484848484849, 490.9090909090909, 496.96969696969694, 503.030303030303, 509.09090909090907, 515.1515151515151, 521.2121212121212, 527.2727272727273, 533.3333333333334, 539.3939393939394, 545.4545454545455, 551.5151515151515, 557.5757575757576, 563.6363636363636, 569.6969696969697, 575.7575757575758, 581.8181818181818, 587.8787878787879, 593.9393939393939, 600.0],
         "dplt_at_force_location": -4.984008789062503,
         "maximum_dplt": -4.984008789062503,
         "location_max_dplt": 600.0
    },
     "metadata": {
         "error_code": 0,
         "model": "BendingTestAnalytical",
         "load_case": "Cantilever",
         "description": "",
         "job_name": "",
         "persistent_result_files": "",
         "n_cpus": 1,
         "date": "2026-06-16 18:12:48.416411",
         "cpu_time": 0.27077364921569824,
         "user": "sebastien.bocquet",
         "machine": "PCBM20250036",
         "vims_git_version": "5cd5cf5ab4caf1fa2c2190f0396e06b5b5639fd0",
         "directory_archive_root": "C:\\Users\\sebastien.bocquet\\Dev\\vimseo\\docs\\runnable_examples\\model_runs\\archive\\calibration_scalars",
         "directory_archive_job": "C:\\Users\\sebastien.bocquet\\Dev\\vimseo\\docs\\runnable_examples\\model_runs\\archive\\calibration_scalars\\BendingTestAnalytical\\Cantilever\\965",
         "directory_scratch_root": "C:\\Users\\sebastien.bocquet\\Dev\\vimseo\\docs\\runnable_examples\\model_runs\\scratch\\calibration_scalars",
         "directory_scratch_job": ""
    }
}