{
     "inputs": {
         "length": 610.7312272725534,
         "width": 31.182711560555752,
         "height": 39.9812051208491,
         "imposed_dplt": -14.637078132086785,
         "relative_dplt_location": 0.9187118728655851,
         "young_modulus": 206183.51011904646,
         "nu_p": 0.3045608081375588
    },
     "outputs": {
         "reaction_forces": -8512.193384325377,
         "moment": [4776072.78941187, 0.0, 0.0],
         "moment_grid": [0.0, 561.0860296250648, 610.7312272725534],
         "dplt": [0.0, -0.002644368807815288, -0.010538567060248449, -0.02362423250078046, -0.04184300287289225, -0.06513651592006477, -0.09344640938577893, -0.12671432101351568, -0.16488188854675595, -0.20789074972898072, -0.2556825423036708, -0.3081989040143072, -0.3653814726043711, -0.42717188581734306, -0.4935117813967044, -0.5643427970859357, -0.6396065706285184, -0.7192447397679332, -0.803198942247661, -0.8914108158111821, -0.9838219982019788, -1.0803741271635312, -1.1810088404393204, -1.2856677757728274, -1.3942925709075333, -1.5068248635869186, -1.6232062915544643, -1.743378492553652, -1.8672831043279614, -1.9948617646208746, -2.1260561111758722, -2.2608077817364354, -2.3990584140460447, -2.5407496458481806, -2.685823114886326, -2.8342204589039595, -2.985883315644563, -3.1407533228516167, -3.2987721182686034, -3.4598813396390025, -3.6240226247062957, -3.791137611213964, -3.961167936905487, -4.134055239524349, -4.309741156814025, -4.488167326518002, -4.669275386379757, -4.853006974142774, -5.03930372755053, -5.2281072843465095, -5.419359282274194, -5.61300135907706, -5.808975152498593, -6.0072223002822716, -6.207684440171578, -6.410303209909991, -6.6150202472409925, -6.821777189908065, -7.030515675654687, -7.241177342224344, -7.453703827360512, -7.668036768806674, -7.8841178043063085, -8.101888571602899, -8.321290708439928, -8.542265852560872, -8.764755641709217, -8.98870171362844, -9.214045706062024, -9.440729256753446, -9.668694003446195, -9.897881583883747, -10.12823363580958, -10.359691796967176, -10.592197705100022, -10.825692997951595, -11.060119313265375, -11.295418288784845, -11.531531562253484, -11.76840077141477, -12.00596755401219, -12.244173547789226, -12.482960390489353, -12.72226837141393, -12.962030937476875, -13.20218467652823, -13.442671010416255, -13.683435969960376, -13.924430194951178, -14.165608934150423, -14.406932045291018, -14.648363995077041, -14.889873859183739, -15.131435322257511, -15.373026677915924, -15.614630828747705, -15.856235286312753, -16.097832171142123, -16.33941821273802, -16.580994749573847],
         "dplt_grid": [0.0, 6.169002295682358, 12.338004591364715, 18.507006887047073, 24.67600918272943, 30.845011478411788, 37.014013774094146, 43.1830160697765, 49.35201836545886, 55.52102066114122, 61.690022956823576, 67.85902525250593, 74.02802754818829, 80.19702984387065, 86.366032139553, 92.53503443523536, 98.70403673091772, 104.87303902660008, 111.04204132228244, 117.21104361796479, 123.38004591364715, 129.5490482093295, 135.71805050501186, 141.88705280069422, 148.05605509637658, 154.22505739205894, 160.3940596877413, 166.56306198342367, 172.732064279106, 178.90106657478836, 185.07006887047072, 191.23907116615308, 197.40807346183544, 203.5770757575178, 209.74607805320016, 215.91508034888253, 222.0840826445649, 228.25308494024722, 234.42208723592958, 240.59108953161194, 246.7600918272943, 252.92909412297666, 259.098096418659, 265.2670987143414, 271.4361010100237, 277.6051033057061, 283.77410560138844, 289.94310789707083, 296.11211019275316, 302.2811124884355, 308.4501147841179, 314.6191170798002, 320.7881193754826, 326.95712167116494, 333.12612396684733, 339.29512626252966, 345.464128558212, 351.6331308538944, 357.8021331495767, 363.9711354452591, 370.14013774094144, 376.30914003662383, 382.47814233230616, 388.64714462798855, 394.8161469236709, 400.9851492193532, 407.1541515150356, 413.32315381071794, 419.49215610640033, 425.66115840208266, 431.83016069776505, 437.9991629934474, 444.1681652891298, 450.3371675848121, 456.50616988049444, 462.67517217617683, 468.84417447185916, 475.01317676754155, 481.1821790632239, 487.3511813589063, 493.5201836545886, 499.68918595027094, 505.85818824595333, 512.0271905416357, 518.196192837318, 524.3651951330004, 530.5341974286828, 536.7031997243652, 542.8722020200474, 549.0412043157298, 555.2102066114122, 561.3792089070945, 567.5482112027769, 573.7172134984593, 579.8862157941417, 586.0552180898239, 592.2242203855063, 598.3932226811887, 604.562224976871, 610.7312272725534],
         "dplt_at_force_location": -14.636890041542152,
         "maximum_dplt": -16.580994749573847,
         "location_max_dplt": 610.7312272725534
    },
     "metadata": {
         "error_code": 0,
         "model": "BendingTestAnalytical",
         "load_case": "Cantilever",
         "description": "",
         "job_name": "",
         "persistent_result_files": "",
         "n_cpus": 1,
         "date": "2026-03-26 14:57:55.071172",
         "cpu_time": 0.003733396530151367,
         "user": "sebastien.bocquet",
         "machine": "IPF7101",
         "vims_git_version": "d0050d8de498c8354552cdde540fb3e524454871",
         "directory_archive_root": "/home/sebastien.bocquet/PycharmProjects/vimseo/docs/runnable_examples/model_runs/archive/uq",
         "directory_archive_job": "/home/sebastien.bocquet/PycharmProjects/vimseo/docs/runnable_examples/model_runs/archive/uq/BendingTestAnalytical/Cantilever/7",
         "directory_scratch_root": "/home/sebastien.bocquet/PycharmProjects/vimseo/docs/runnable_examples/model_runs/scratch/uq",
         "directory_scratch_job": ""
    }
}