{
     "inputs": {
         "length": 610.7312272725534,
         "width": 31.182711560555752,
         "height": 39.9812051208491,
         "imposed_dplt": -14.637078132086785,
         "relative_dplt_location": 0.9187118728655851,
         "young_modulus": 206183.51011904646,
         "nu_p": 0.3045608081375588
    },
     "outputs": {
         "reaction_forces": -8512.193384325377,
         "moment": [4776072.78941187, 0.0, 0.0],
         "moment_grid": [0.0, 561.0860296250648, 610.7312272725534],
         "dplt": [0.0, -0.002644368807815288, -0.01053856706024844, -0.023624232500780426, -0.04184300287289218, -0.06513651592006464, -0.09344640938577876, -0.12671432101351549, -0.16488188854675573, -0.20789074972898058, -0.25568254230367077, -0.3081989040143072, -0.3653814726043712, -0.4271718858173432, -0.49351178139670476, -0.5643427970859363, -0.6396065706285191, -0.7192447397679341, -0.803198942247662, -0.8914108158111832, -0.9838219982019799, -1.0803741271635323, -1.1810088404393215, -1.2856677757728288, -1.3942925709075347, -1.50682486358692, -1.623206291554466, -1.7433784925536533, -1.867283104327963, -1.9948617646208764, -2.126056111175874, -2.260807781736437, -2.3990584140460465, -2.5407496458481833, -2.685823114886328, -2.8342204589039617, -2.9858833156445654, -3.1407533228516193, -3.298772118268606, -3.459881339639005, -3.6240226247062988, -3.791137611213967, -3.9611679369054897, -4.134055239524351, -4.309741156814028, -4.488167326518005, -4.669275386379761, -4.853006974142779, -5.039303727550535, -5.228107284346515, -5.419359282274199, -5.613001359077065, -5.808975152498599, -6.007222300282277, -6.207684440171583, -6.410303209909998, -6.615020247240999, -6.821777189908072, -7.030515675654693, -7.2411773422243515, -7.453703827360518, -7.66803676880668, -7.8841178043063165, -8.10188857160291, -8.321290708439935, -8.542265852560881, -8.764755641709225, -8.988701713628451, -9.214045706062034, -9.440729256753457, -9.668694003446205, -9.897881583883755, -10.128233635809593, -10.359691796967187, -10.592197705100034, -10.82569299795161, -11.060119313265389, -11.295418288784855, -11.531531562253498, -11.768400771414786, -12.005967554012209, -12.244173547789241, -12.482960390489371, -12.72226837141393, -12.962030937476873, -13.202184676528228, -13.442671010416253, -13.683435969960374, -13.924430194951178, -14.165608934150422, -14.406932045291018, -14.648363995077041, -14.889873859183737, -15.131435322257511, -15.373026677915924, -15.614630828747705, -15.856235286312753, -16.097832171142123, -16.339418212738025, -16.580994749573847],
         "dplt_grid": [0.0, 6.169002295682358, 12.338004591364715, 18.507006887047073, 24.67600918272943, 30.845011478411788, 37.014013774094146, 43.1830160697765, 49.35201836545886, 55.52102066114122, 61.690022956823576, 67.85902525250593, 74.02802754818829, 80.19702984387065, 86.366032139553, 92.53503443523536, 98.70403673091772, 104.87303902660008, 111.04204132228244, 117.21104361796479, 123.38004591364715, 129.5490482093295, 135.71805050501186, 141.88705280069422, 148.05605509637658, 154.22505739205894, 160.3940596877413, 166.56306198342367, 172.732064279106, 178.90106657478836, 185.07006887047072, 191.23907116615308, 197.40807346183544, 203.5770757575178, 209.74607805320016, 215.91508034888253, 222.0840826445649, 228.25308494024722, 234.42208723592958, 240.59108953161194, 246.7600918272943, 252.92909412297666, 259.098096418659, 265.2670987143414, 271.4361010100237, 277.6051033057061, 283.77410560138844, 289.94310789707083, 296.11211019275316, 302.2811124884355, 308.4501147841179, 314.6191170798002, 320.7881193754826, 326.95712167116494, 333.12612396684733, 339.29512626252966, 345.464128558212, 351.6331308538944, 357.8021331495767, 363.9711354452591, 370.14013774094144, 376.30914003662383, 382.47814233230616, 388.64714462798855, 394.8161469236709, 400.9851492193532, 407.1541515150356, 413.32315381071794, 419.49215610640033, 425.66115840208266, 431.83016069776505, 437.9991629934474, 444.1681652891298, 450.3371675848121, 456.50616988049444, 462.67517217617683, 468.84417447185916, 475.01317676754155, 481.1821790632239, 487.3511813589063, 493.5201836545886, 499.68918595027094, 505.85818824595333, 512.0271905416357, 518.196192837318, 524.3651951330004, 530.5341974286828, 536.7031997243652, 542.8722020200474, 549.0412043157298, 555.2102066114122, 561.3792089070945, 567.5482112027769, 573.7172134984593, 579.8862157941417, 586.0552180898239, 592.2242203855063, 598.3932226811887, 604.562224976871, 610.7312272725534],
         "dplt_at_force_location": -14.636890041542152,
         "maximum_dplt": -16.580994749573847,
         "location_max_dplt": 610.7312272725534
    },
     "metadata": {
         "error_code": 0,
         "model": "BendingTestAnalytical",
         "load_case": "Cantilever",
         "description": "",
         "job_name": "",
         "persistent_result_files": "",
         "n_cpus": 1,
         "date": "2026-03-17 09:07:42.432913",
         "cpu_time": 0.014389991760253906,
         "user": "sebastien.bocquet",
         "machine": "B20191729",
         "vims_git_version": "1b6e7132b9faba0cc93317d127a381ee76a8cb8e",
         "directory_archive_root": "C:\\Users\\sebastien.bocquet\\PycharmProjects\\vimseo\\docs\\runnable_examples\\model_runs\\archive\\uq",
         "directory_archive_job": "C:\\Users\\sebastien.bocquet\\PycharmProjects\\vimseo\\docs\\runnable_examples\\model_runs\\archive\\uq\\BendingTestAnalytical\\Cantilever\\7",
         "directory_scratch_root": "C:\\Users\\sebastien.bocquet\\PycharmProjects\\vimseo\\docs\\runnable_examples\\model_runs\\scratch\\uq",
         "directory_scratch_job": ""
    }
}