{
     "inputs": {
         "young_modulus": 219255.3483839161,
         "Cantilever:length": 600.0,
         "Cantilever:width": 30.0101318359375,
         "Cantilever:height": 39.2188720703125,
         "Cantilever:imposed_dplt": -5.0433349609375,
         "Cantilever:relative_dplt_location": 1.0,
         "Cantilever:nu_p": 0.3
    },
     "outputs": {
         "length": 600.0,
         "width": 30.0101318359375,
         "height": 39.2188720703125,
         "imposed_dplt": -5.0433349609375,
         "relative_dplt_location": 1.0,
         "nu_p": 0.3,
         "reaction_forces": -2316.9009527591506,
         "moment": [1390140.5716554904, 0.0],
         "moment_grid": [0.0, 600.0],
         "dplt": [0.0, -0.0007692614072762623, -0.003066650204682396, -0.006876573255584424, -0.012183437423348372, -0.01897164957134026, -0.02722561656292609, -0.03692974526147192, -0.048068442530343744, -0.0606261152329076, -0.0745871702325295, -0.08993601439257548, -0.1066570545764115, -0.12473469764740372, -0.14415335046891803, -0.16489741990432044, -0.1869513128169771, -0.21029943607025398, -0.234926196527517, -0.2608160010521323, -0.28795325650746584, -0.31632236975688366, -0.3459077476637519, -0.3766937970914364, -0.4086649249033031, -0.4418055379627184, -0.476100043133048, -0.511532847277658, -0.5480883572599146, -0.5857509799431834, -0.6245051221908309, -0.6643351908662228, -0.7052255928327253, -0.7471607349537042, -0.7901250240925257, -0.8341028671125561, -0.879078670877161, -0.9250368422497064, -0.9719617880935583, -1.019837915272083, -1.0686496306486464, -1.1183813410866144, -1.1690174534493534, -1.220542374600229, -1.2729405114026078, -1.326196270719855, -1.3802940594153368, -1.4352182843524195, -1.4909533523944691, -1.5474836704048516, -1.6047936452469331, -1.66286768378408, -1.7216901928796569, -1.7812455793970314, -1.8415182501995688, -1.9024926121506351, -1.9641530721135967, -2.0264840369518193, -2.089469913528669, -2.153095108707511, -2.2173440293517133, -2.28220108232464, -2.347650674489659, -2.4136772127101334, -2.4802651038494328, -2.54739875477092, -2.6150625723379637, -2.683240963413927, -2.75191833486218, -2.821079093546084, -2.8907076463290093, -2.960788400074318, -3.03130576164538, -3.1022441379055574, -3.17358793571822, -3.2453215619467306, -3.3174294234544583, -3.389895927104766, -3.4627054797610226, -3.5358424882865913, -3.6092913595448404, -3.6830365003991345, -3.7570623177128404, -3.831353218349325, -3.905893609171952, -3.9806678970440887, -4.055660488829103, -4.130855791390356, -4.20623821159122, -4.281792156295055, -4.357502032365231, -4.4333522466651125, -4.509327206058066, -4.585411317407456, -4.6615889875766525, -4.737844623429016, -4.814162631827918, -4.890527419636721, -4.96692339371879, -5.0433349609374964],
         "dplt_grid": [0.0, 6.0606060606060606, 12.121212121212121, 18.18181818181818, 24.242424242424242, 30.303030303030305, 36.36363636363636, 42.42424242424242, 48.484848484848484, 54.54545454545455, 60.60606060606061, 66.66666666666667, 72.72727272727272, 78.78787878787878, 84.84848484848484, 90.9090909090909, 96.96969696969697, 103.03030303030303, 109.0909090909091, 115.15151515151516, 121.21212121212122, 127.27272727272727, 133.33333333333334, 139.3939393939394, 145.45454545454544, 151.5151515151515, 157.57575757575756, 163.63636363636363, 169.6969696969697, 175.75757575757575, 181.8181818181818, 187.87878787878788, 193.93939393939394, 200.0, 206.06060606060606, 212.12121212121212, 218.1818181818182, 224.24242424242425, 230.3030303030303, 236.36363636363637, 242.42424242424244, 248.48484848484847, 254.54545454545453, 260.6060606060606, 266.6666666666667, 272.72727272727275, 278.7878787878788, 284.8484848484849, 290.9090909090909, 296.96969696969694, 303.030303030303, 309.09090909090907, 315.1515151515151, 321.2121212121212, 327.27272727272725, 333.3333333333333, 339.3939393939394, 345.45454545454544, 351.5151515151515, 357.57575757575756, 363.6363636363636, 369.6969696969697, 375.75757575757575, 381.8181818181818, 387.8787878787879, 393.93939393939394, 400.0, 406.06060606060606, 412.1212121212121, 418.1818181818182, 424.24242424242425, 430.3030303030303, 436.3636363636364, 442.42424242424244, 448.4848484848485, 454.54545454545456, 460.6060606060606, 466.6666666666667, 472.72727272727275, 478.7878787878788, 484.8484848484849, 490.9090909090909, 496.96969696969694, 503.030303030303, 509.09090909090907, 515.1515151515151, 521.2121212121212, 527.2727272727273, 533.3333333333334, 539.3939393939394, 545.4545454545455, 551.5151515151515, 557.5757575757576, 563.6363636363636, 569.6969696969697, 575.7575757575758, 581.8181818181818, 587.8787878787879, 593.9393939393939, 600.0],
         "dplt_at_force_location": -5.0433349609374964,
         "maximum_dplt": -5.0433349609374964,
         "location_max_dplt": 600.0
    },
     "metadata": {
         "error_code": 0,
         "model": "BendingTestAnalytical",
         "load_case": "Cantilever",
         "description": "",
         "job_name": "",
         "persistent_result_files": "",
         "n_cpus": 1,
         "date": "2026-03-17 09:07:18.665836",
         "cpu_time": 0.1024019718170166,
         "user": "sebastien.bocquet",
         "machine": "B20191729",
         "vims_git_version": "1b6e7132b9faba0cc93317d127a381ee76a8cb8e",
         "directory_archive_root": "C:\\Users\\sebastien.bocquet\\PycharmProjects\\vimseo\\docs\\runnable_examples\\model_runs\\archive\\calibration_scalars",
         "directory_archive_job": "C:\\Users\\sebastien.bocquet\\PycharmProjects\\vimseo\\docs\\runnable_examples\\model_runs\\archive\\calibration_scalars\\BendingTestAnalytical\\Cantilever\\427",
         "directory_scratch_root": "C:\\Users\\sebastien.bocquet\\PycharmProjects\\vimseo\\docs\\runnable_examples\\model_runs\\scratch\\calibration_scalars",
         "directory_scratch_job": ""
    }
}