{
     "inputs": {
         "young_modulus": 208410.80442290206,
         "Cantilever:length": 600.0,
         "Cantilever:width": 29.47705078125,
         "Cantilever:height": 39.377685546875,
         "Cantilever:imposed_dplt": -5.0565185546875,
         "Cantilever:relative_dplt_location": 1.0,
         "Cantilever:nu_p": 0.3
    },
     "outputs": {
         "length": 600.0,
         "width": 29.47705078125,
         "height": 39.377685546875,
         "imposed_dplt": -5.0565185546875,
         "relative_dplt_location": 1.0,
         "nu_p": 0.3,
         "reaction_forces": -2195.2939570389153,
         "moment": [1317176.3742233492, 0.0],
         "moment_grid": [0.0, 600.0],
         "dplt": [0.0, -0.0007712723048191858, -0.0030746666205629615, -0.006894549049160686, -0.012215285692541697, -0.01902124265263533, -0.02729678603137091, -0.03702628193067781, -0.048194096452485326, -0.06078459569872283, -0.07478214577131963, -0.0901711127722051, -0.10693586280330854, -0.12506076196655935, -0.14453017636388685, -0.16532847209722035, -0.18744001526848925, -0.2108491719796229, -0.2355403083325505, -0.2614977904292015, -0.2887059843715053, -0.3171492562613911, -0.3468119722007886, -0.37767849829162664, -0.4097332006358347, -0.4429604453353423, -0.4773445984920787, -0.5128700262079732, -0.5495210945849553, -0.587282169724954, -0.626137617729899, -0.6660718047017194, -0.7070690967423446, -0.749113859953704, -0.7921904604377271, -0.8362832642963428, -0.8813766376314808, -0.9274549465450702, -0.9745025571390405, -1.022503835515321, -1.071443147775841, -1.1213048600225302, -1.1720733383573172, -1.2237329488821322, -1.276268057698904, -1.3296630309095616, -1.3839022346160352, -1.4389700349202537, -1.494850797924146, -1.5515288897296424, -1.6089886764386716, -1.6672145241531635, -1.7261907989750465, -1.7859018670062505, -1.8463320943487054, -1.9074658471043393, -1.9692874913750826, -2.031781393262864, -2.0949319188696127, -2.158723434297259, -2.223140305647732, -2.28816689902296, -2.3537875805248736, -2.4199867162554005, -2.4867486723164727, -2.5540578148100175, -2.621898509837964, -2.6902551235022427, -2.759112021904783, -2.828453571147512, -2.898264137332363, -2.9685280865612613, -3.0392297849361385, -3.110353598558924, -3.181883893531547, -3.253805035955935, -3.3261013919340208, -3.398757327567729, -3.4717572089589948, -3.5450854022097427, -3.618726273421905, -3.6926641886974076, -3.7668835141381827, -3.8413686158461604, -3.916103859923268, -3.9910736124714363, -4.066262239592593, -4.141654107388668, -4.217233581961592, -4.292985029413292, -4.368892815845699, -4.444941307360742, -4.521114870060351, -4.597397870046452, -4.673774673420981, -4.750229646285859, -4.826747154743022, -4.9033115648943975, -4.979907242841912, -5.056518554687501],
         "dplt_grid": [0.0, 6.0606060606060606, 12.121212121212121, 18.18181818181818, 24.242424242424242, 30.303030303030305, 36.36363636363636, 42.42424242424242, 48.484848484848484, 54.54545454545455, 60.60606060606061, 66.66666666666667, 72.72727272727272, 78.78787878787878, 84.84848484848484, 90.9090909090909, 96.96969696969697, 103.03030303030303, 109.0909090909091, 115.15151515151516, 121.21212121212122, 127.27272727272727, 133.33333333333334, 139.3939393939394, 145.45454545454544, 151.5151515151515, 157.57575757575756, 163.63636363636363, 169.6969696969697, 175.75757575757575, 181.8181818181818, 187.87878787878788, 193.93939393939394, 200.0, 206.06060606060606, 212.12121212121212, 218.1818181818182, 224.24242424242425, 230.3030303030303, 236.36363636363637, 242.42424242424244, 248.48484848484847, 254.54545454545453, 260.6060606060606, 266.6666666666667, 272.72727272727275, 278.7878787878788, 284.8484848484849, 290.9090909090909, 296.96969696969694, 303.030303030303, 309.09090909090907, 315.1515151515151, 321.2121212121212, 327.27272727272725, 333.3333333333333, 339.3939393939394, 345.45454545454544, 351.5151515151515, 357.57575757575756, 363.6363636363636, 369.6969696969697, 375.75757575757575, 381.8181818181818, 387.8787878787879, 393.93939393939394, 400.0, 406.06060606060606, 412.1212121212121, 418.1818181818182, 424.24242424242425, 430.3030303030303, 436.3636363636364, 442.42424242424244, 448.4848484848485, 454.54545454545456, 460.6060606060606, 466.6666666666667, 472.72727272727275, 478.7878787878788, 484.8484848484849, 490.9090909090909, 496.96969696969694, 503.030303030303, 509.09090909090907, 515.1515151515151, 521.2121212121212, 527.2727272727273, 533.3333333333334, 539.3939393939394, 545.4545454545455, 551.5151515151515, 557.5757575757576, 563.6363636363636, 569.6969696969697, 575.7575757575758, 581.8181818181818, 587.8787878787879, 593.9393939393939, 600.0],
         "dplt_at_force_location": -5.056518554687501,
         "maximum_dplt": -5.056518554687501,
         "location_max_dplt": 600.0
    },
     "metadata": {
         "error_code": 0,
         "model": "BendingTestAnalytical",
         "load_case": "Cantilever",
         "description": "",
         "job_name": "",
         "persistent_result_files": "",
         "n_cpus": 1,
         "date": "2026-06-16 18:11:57.611010",
         "cpu_time": 0.279468297958374,
         "user": "sebastien.bocquet",
         "machine": "PCBM20250036",
         "vims_git_version": "5cd5cf5ab4caf1fa2c2190f0396e06b5b5639fd0",
         "directory_archive_root": "C:\\Users\\sebastien.bocquet\\Dev\\vimseo\\docs\\runnable_examples\\model_runs\\archive\\calibration_scalars",
         "directory_archive_job": "C:\\Users\\sebastien.bocquet\\Dev\\vimseo\\docs\\runnable_examples\\model_runs\\archive\\calibration_scalars\\BendingTestAnalytical\\Cantilever\\819",
         "directory_scratch_root": "C:\\Users\\sebastien.bocquet\\Dev\\vimseo\\docs\\runnable_examples\\model_runs\\scratch\\calibration_scalars",
         "directory_scratch_job": ""
    }
}