{
     "inputs": {
         "length": 598.6922293440074,
         "width": 29.05188576302016,
         "height": 41.344195905685304,
         "imposed_dplt": -15.052559928611082,
         "relative_dplt_location": 0.9158324606366128,
         "young_modulus": 216152.59406434075,
         "nu_p": 0.30397824763217235
    },
     "outputs": {
         "reaction_forces": -10131.408844424972,
         "moment": [5555069.478627278, 0.0, 0.0],
         "moment_grid": [0.0, 548.3017775641416, 598.6922293440074],
         "dplt": [0.0, -0.00273652594324011, -0.010905712580104315, -0.02444697312130846, -0.04329972077756836, -0.0674033687595998, -0.09669733027811865, -0.13112101854384062, -0.17061384676748165, -0.21511522815975737, -0.2645645759313837, -0.3189013032930765, -0.3780648234555517, -0.44199454962952495, -0.5106298950257119, -0.5839102728548287, -0.661775096327591, -0.7441637786547146, -0.831015733046916, -0.9222703727149093, -1.017867110869412, -1.1177453607211394, -1.221844535480807, -1.3301040483591315, -1.4424633125668276, -1.5588617413146117, -1.6792387478131992, -1.8035337452733065, -1.9316861469056492, -2.0636353659209434, -2.199320815529904, -2.338681908943248, -2.4816580593716897, -2.6281886800259464, -2.7782131841167335, -2.931670984854766, -3.0885014954507612, -3.2486441291154335, -3.4120382990595006, -3.5786234184936756, -3.748338900628676, -3.9211241586752177, -4.096918605844017, -4.275661655345787, -4.457292720391246, -4.641751214191111, -4.828976549956095, -5.018908140896915, -5.211485400224286, -5.406647741148926, -5.604334576881547, -5.8044853206328675, -6.007039385613604, -6.211936185034471, -6.419115132106184, -6.628515640039461, -6.840077122045015, -7.053738991333562, -7.269440661115825, -7.487121544602508, -7.7067210550043335, -7.928178605532015, -8.15143360939627, -8.376425479807814, -8.603093629977366, -8.831377473115635, -9.06121642243334, -9.2925498911412, -9.525317292449927, -9.759458039570235, -9.994911545712847, -10.23161722408848, -10.469514487907835, -10.708542750381637, -10.948641424720606, -11.18974992413545, -11.431807661836892, -11.674754051035643, -11.918528504942419, -12.163070436767939, -12.408319259722917, -12.654214387018065, -12.900695227149454, -13.147696180195027, -13.395147821694104, -13.64298663231802, -13.891153792728625, -14.13959518357827, -14.388261385509825, -14.63710767915666, -14.886094045142661, -15.13518516408221, -15.384350416580215, -15.633563883232082, -15.882804344623729, -16.132055281331585, -16.381304873922584, -16.63054600295417, -16.879776248974302, -17.128997892521436],
         "dplt_grid": [0.0, 6.0473962560000745, 12.094792512000149, 18.142188768000224, 24.189585024000298, 30.23698128000037, 36.28437753600045, 42.33177379200052, 48.379170048000596, 54.42656630400067, 60.47396256000074, 66.52135881600081, 72.5687550720009, 78.61615132800097, 84.66354758400104, 90.71094384000112, 96.75834009600119, 102.80573635200126, 108.85313260800135, 114.90052886400142, 120.94792512000149, 126.99532137600157, 133.04271763200163, 139.09011388800172, 145.1375101440018, 151.18490640000186, 157.23230265600193, 163.279698912002, 169.32709516800207, 175.37449142400217, 181.42188768000224, 187.4692839360023, 193.51668019200238, 199.56407644800245, 205.61147270400252, 211.6588689600026, 217.7062652160027, 223.75366147200276, 229.80105772800283, 235.8484539840029, 241.89585024000297, 247.94324649600304, 253.99064275200314, 260.0380390080032, 266.08543526400325, 272.1328315200034, 278.18022777600345, 284.2276240320035, 290.2750202880036, 296.32241654400366, 302.36981280000373, 308.4172090560038, 314.46460531200387, 320.51200156800394, 326.559397824004, 332.6067940800041, 338.65419033600415, 344.7015865920042, 350.74898284800435, 356.7963791040044, 362.8437753600045, 368.89117161600456, 374.9385678720046, 380.9859641280047, 387.03336038400477, 393.08075664000484, 399.1281528960049, 405.175549152005, 411.22294540800505, 417.2703416640051, 423.3177379200052, 429.3651341760053, 435.4125304320054, 441.45992668800545, 447.5073229440055, 453.5547192000056, 459.60211545600566, 465.64951171200573, 471.6969079680058, 477.7443042240059, 483.79170048000594, 489.839096736006, 495.8864929920061, 501.93388924800615, 507.9812855040063, 514.0286817600063, 520.0760780160064, 526.1234742720064, 532.1708705280065, 538.2182667840066, 544.2656630400068, 550.3130592960068, 556.3604555520069, 562.407851808007, 568.455248064007, 574.5026443200071, 580.5500405760072, 586.5974368320072, 592.6448330880073, 598.6922293440074],
         "dplt_at_force_location": -15.05234084631555,
         "maximum_dplt": -17.128997892521436,
         "location_max_dplt": 598.6922293440074
    },
     "metadata": {
         "error_code": 0,
         "model": "BendingTestAnalytical",
         "load_case": "Cantilever",
         "description": "",
         "job_name": "",
         "persistent_result_files": "",
         "n_cpus": 1,
         "date": "2026-03-17 09:07:44.149191",
         "cpu_time": 0.017461061477661133,
         "user": "sebastien.bocquet",
         "machine": "B20191729",
         "vims_git_version": "1b6e7132b9faba0cc93317d127a381ee76a8cb8e",
         "directory_archive_root": "C:\\Users\\sebastien.bocquet\\PycharmProjects\\vimseo\\docs\\runnable_examples\\model_runs\\archive\\uq",
         "directory_archive_job": "C:\\Users\\sebastien.bocquet\\PycharmProjects\\vimseo\\docs\\runnable_examples\\model_runs\\archive\\uq\\BendingTestAnalytical\\Cantilever\\35",
         "directory_scratch_root": "C:\\Users\\sebastien.bocquet\\PycharmProjects\\vimseo\\docs\\runnable_examples\\model_runs\\scratch\\uq",
         "directory_scratch_job": ""
    }
}