{
     "inputs": {
         "young_modulus": 198410.80442290206,
         "Cantilever:length": 600.0,
         "Cantilever:width": 30.57470703125,
         "Cantilever:height": 39.9837646484375,
         "Cantilever:imposed_dplt": -5.054931640625,
         "Cantilever:relative_dplt_location": 1.0,
         "Cantilever:nu_p": 0.3
    },
     "outputs": {
         "length": 600.0,
         "width": 30.57470703125,
         "height": 39.9837646484375,
         "imposed_dplt": -5.054931640625,
         "relative_dplt_location": 1.0,
         "nu_p": 0.3,
         "reaction_forces": -2268.716418115119,
         "moment": [1361229.8508690712, 0.0],
         "moment_grid": [0.0, 600.0],
         "dplt": [0.0, -0.0007710302523371671, -0.0030737016816143746, -0.006892385296230203, -0.01221145210458322, -0.019015273115071996, -0.027288219336095095, -0.0370146617760511, -0.0481789714433386, -0.06076551934635613, -0.07475867649350228, -0.09014281389317559, -0.1069023025537747, -0.1250215134836981, -0.14448481769134444, -0.16527658618511223, -0.18738118997340006, -0.21078300006460648, -0.23546638746713008, -0.2614157231893693, -0.28861537823972294, -0.31704972362658945, -0.3467031303583676, -0.37755996944345566, -0.4096046118902522, -0.4428214287071561, -0.47719479090256567, -0.5127090694848796, -0.5493486354624965, -0.5870978598438147, -0.625941113637233, -0.6658627678511501, -0.7068471934939641, -0.7488787615740741, -0.7919418430998781, -0.836020809079775, -0.8811000305221637, -0.9271638784354422, -0.9741967238280094, -1.0221829377082636, -1.0711068910846036, -1.1209529549654278, -1.1717055003591352, -1.2233488982741239, -1.2758675197187925, -1.32924573570154, -1.3834679172307645, -1.4385184353148646, -1.4943816609622387, -1.5510419651812861, -1.6084837189804047, -1.6666912933679938, -1.7256490593524514, -1.7853413879421756, -1.8457526501455666, -1.9068672169710208, -1.9686694594269383, -2.0311437485217176, -2.094274455263757, -2.1580459506614535, -2.222442605723209, -2.287448791457419, -2.353048878872485, -2.419227238976801, -2.4859682427787715, -2.5532562612867897, -2.621075665509258, -2.689410826454572, -2.7582461151311337, -2.827565902547337, -2.8973545597115855, -2.967596457632275, -3.038275967317804, -3.1093774597765713, -3.1808853060169775, -3.252783877047417, -3.3250575438762926, -3.3976906775119997, -3.470667648962939, -3.5439728292375086, -3.617590589344107, -3.6915053002911304, -3.765701333086981, -3.8401630587400564, -3.914874848258754, -3.989821072651474, -4.064986102926614, -4.140354310092571, -4.215910065157748, -4.291637739130538, -4.367521703019343, -4.443546327832561, -4.51969598457859, -4.595955044265829, -4.6723078779026785, -4.748738856497531, -4.8252323510587924, -4.901772732594859, -4.978344372114126, -5.054931640624995],
         "dplt_grid": [0.0, 6.0606060606060606, 12.121212121212121, 18.18181818181818, 24.242424242424242, 30.303030303030305, 36.36363636363636, 42.42424242424242, 48.484848484848484, 54.54545454545455, 60.60606060606061, 66.66666666666667, 72.72727272727272, 78.78787878787878, 84.84848484848484, 90.9090909090909, 96.96969696969697, 103.03030303030303, 109.0909090909091, 115.15151515151516, 121.21212121212122, 127.27272727272727, 133.33333333333334, 139.3939393939394, 145.45454545454544, 151.5151515151515, 157.57575757575756, 163.63636363636363, 169.6969696969697, 175.75757575757575, 181.8181818181818, 187.87878787878788, 193.93939393939394, 200.0, 206.06060606060606, 212.12121212121212, 218.1818181818182, 224.24242424242425, 230.3030303030303, 236.36363636363637, 242.42424242424244, 248.48484848484847, 254.54545454545453, 260.6060606060606, 266.6666666666667, 272.72727272727275, 278.7878787878788, 284.8484848484849, 290.9090909090909, 296.96969696969694, 303.030303030303, 309.09090909090907, 315.1515151515151, 321.2121212121212, 327.27272727272725, 333.3333333333333, 339.3939393939394, 345.45454545454544, 351.5151515151515, 357.57575757575756, 363.6363636363636, 369.6969696969697, 375.75757575757575, 381.8181818181818, 387.8787878787879, 393.93939393939394, 400.0, 406.06060606060606, 412.1212121212121, 418.1818181818182, 424.24242424242425, 430.3030303030303, 436.3636363636364, 442.42424242424244, 448.4848484848485, 454.54545454545456, 460.6060606060606, 466.6666666666667, 472.72727272727275, 478.7878787878788, 484.8484848484849, 490.9090909090909, 496.96969696969694, 503.030303030303, 509.09090909090907, 515.1515151515151, 521.2121212121212, 527.2727272727273, 533.3333333333334, 539.3939393939394, 545.4545454545455, 551.5151515151515, 557.5757575757576, 563.6363636363636, 569.6969696969697, 575.7575757575758, 581.8181818181818, 587.8787878787879, 593.9393939393939, 600.0],
         "dplt_at_force_location": -5.054931640624995,
         "maximum_dplt": -5.054931640624995,
         "location_max_dplt": 600.0
    },
     "metadata": {
         "error_code": 0,
         "model": "BendingTestAnalytical",
         "load_case": "Cantilever",
         "description": "",
         "job_name": "",
         "persistent_result_files": "",
         "n_cpus": 1,
         "date": "2026-06-16 18:11:55.035089",
         "cpu_time": 0.20574617385864258,
         "user": "sebastien.bocquet",
         "machine": "PCBM20250036",
         "vims_git_version": "5cd5cf5ab4caf1fa2c2190f0396e06b5b5639fd0",
         "directory_archive_root": "C:\\Users\\sebastien.bocquet\\Dev\\vimseo\\docs\\runnable_examples\\model_runs\\archive\\calibration_scalars",
         "directory_archive_job": "C:\\Users\\sebastien.bocquet\\Dev\\vimseo\\docs\\runnable_examples\\model_runs\\archive\\calibration_scalars\\BendingTestAnalytical\\Cantilever\\811",
         "directory_scratch_root": "C:\\Users\\sebastien.bocquet\\Dev\\vimseo\\docs\\runnable_examples\\model_runs\\scratch\\calibration_scalars",
         "directory_scratch_job": ""
    }
}