{
     "inputs": {
         "young_modulus": 220721.72309824295,
         "Cantilever:length": 600.0,
         "Cantilever:width": 29.599609375,
         "Cantilever:height": 40.2264404296875,
         "Cantilever:imposed_dplt": -5.0703125,
         "Cantilever:relative_dplt_location": 1.0,
         "Cantilever:nu_p": 0.3
    },
     "outputs": {
         "length": 600.0,
         "width": 29.599609375,
         "height": 40.2264404296875,
         "imposed_dplt": -5.0703125,
         "relative_dplt_location": 1.0,
         "nu_p": 0.3,
         "reaction_forces": -2495.6682567523662,
         "moment": [1497400.9540514196, 0.0],
         "moment_grid": [0.0, 600.0],
         "dplt": [0.0, -0.0007733762994705759, -0.003083054166808373, -0.006913357055402514, -0.012248608418642112, -0.01907313170991626, -0.027371250382614065, -0.037127287890124656, -0.048325567685837116, -0.060950413223140563, -0.07498614795542409, -0.09041709533607685, -0.10722757881848788, -0.12540192185604637, -0.14492444790214146, -0.16577948041016208, -0.18795134283349754, -0.2114243586255369, -0.2361828512396692, -0.26221114412928365, -0.28949356074776933, -0.31801442454851525, -0.34775805898491075, -0.37870878751034476, -0.4108509335782062, -0.44416882064188457, -0.4786467721547688, -0.514269111570248, -0.5510201623417114, -0.5888842479225478, -0.6278456917661466, -0.6678888173258969, -0.7089979480551876, -0.7511574074074079, -0.7943515188359471, -0.8385646057941941, -0.883780991735538, -0.9299850001133679, -0.9771609543810731, -1.025293177992043, -1.0743659943996655, -1.124363727057331, -1.1752706994184279, -1.227071234936346, -1.2797496570644735, -1.3332902892562, -1.3876774549649145, -1.442895477644006, -1.4989286807468638, -1.555761387726877, -1.6133779220374351, -1.6717626071319267, -1.7308997664637407, -1.7907737234862666, -1.8513688016528937, -1.9126693244170108, -1.9746596152320068, -2.037323997551271, -2.1006467948281933, -2.164612330516161, -2.229204928068565, -2.2944089109387935, -2.360208602580237, -2.4265883264462818, -2.4935324059903197, -2.5610251646657383, -2.629050925925927, -2.6975940132242746, -2.766638750014172, -2.836169459749005, -2.9061704658821665, -2.9766260918670433, -3.0475206611570247, -3.1188384972055, -3.1905639234658594, -3.26268126339149, -3.335174840435783, -3.4080289780521245, -3.481227999693908, -3.5547562288145182, -3.628597988867349, -3.7027376033057835, -3.7771593955832152, -3.851847689153032, -3.9267868074686225, -4.001961073983378, -4.077354812150685, -4.152952345423934, -4.2287379972565144, -4.304696091101811, -4.38081095041322, -4.457066898644126, -4.53344825924792, -4.609939355677989, -4.6865245113877245, -4.763188049830513, -4.839914294459744, -4.91668756872881, -4.993492196091096, -5.070312499999996],
         "dplt_grid": [0.0, 6.0606060606060606, 12.121212121212121, 18.18181818181818, 24.242424242424242, 30.303030303030305, 36.36363636363636, 42.42424242424242, 48.484848484848484, 54.54545454545455, 60.60606060606061, 66.66666666666667, 72.72727272727272, 78.78787878787878, 84.84848484848484, 90.9090909090909, 96.96969696969697, 103.03030303030303, 109.0909090909091, 115.15151515151516, 121.21212121212122, 127.27272727272727, 133.33333333333334, 139.3939393939394, 145.45454545454544, 151.5151515151515, 157.57575757575756, 163.63636363636363, 169.6969696969697, 175.75757575757575, 181.8181818181818, 187.87878787878788, 193.93939393939394, 200.0, 206.06060606060606, 212.12121212121212, 218.1818181818182, 224.24242424242425, 230.3030303030303, 236.36363636363637, 242.42424242424244, 248.48484848484847, 254.54545454545453, 260.6060606060606, 266.6666666666667, 272.72727272727275, 278.7878787878788, 284.8484848484849, 290.9090909090909, 296.96969696969694, 303.030303030303, 309.09090909090907, 315.1515151515151, 321.2121212121212, 327.27272727272725, 333.3333333333333, 339.3939393939394, 345.45454545454544, 351.5151515151515, 357.57575757575756, 363.6363636363636, 369.6969696969697, 375.75757575757575, 381.8181818181818, 387.8787878787879, 393.93939393939394, 400.0, 406.06060606060606, 412.1212121212121, 418.1818181818182, 424.24242424242425, 430.3030303030303, 436.3636363636364, 442.42424242424244, 448.4848484848485, 454.54545454545456, 460.6060606060606, 466.6666666666667, 472.72727272727275, 478.7878787878788, 484.8484848484849, 490.9090909090909, 496.96969696969694, 503.030303030303, 509.09090909090907, 515.1515151515151, 521.2121212121212, 527.2727272727273, 533.3333333333334, 539.3939393939394, 545.4545454545455, 551.5151515151515, 557.5757575757576, 563.6363636363636, 569.6969696969697, 575.7575757575758, 581.8181818181818, 587.8787878787879, 593.9393939393939, 600.0],
         "dplt_at_force_location": -5.070312499999996,
         "maximum_dplt": -5.070312499999996,
         "location_max_dplt": 600.0
    },
     "metadata": {
         "error_code": 0,
         "model": "BendingTestAnalytical",
         "load_case": "Cantilever",
         "description": "",
         "job_name": "",
         "persistent_result_files": "",
         "n_cpus": 1,
         "date": "2026-03-17 09:07:01.505045",
         "cpu_time": 0.09119105339050293,
         "user": "sebastien.bocquet",
         "machine": "B20191729",
         "vims_git_version": "1b6e7132b9faba0cc93317d127a381ee76a8cb8e",
         "directory_archive_root": "C:\\Users\\sebastien.bocquet\\PycharmProjects\\vimseo\\docs\\runnable_examples\\model_runs\\archive\\calibration_scalars",
         "directory_archive_job": "C:\\Users\\sebastien.bocquet\\PycharmProjects\\vimseo\\docs\\runnable_examples\\model_runs\\archive\\calibration_scalars\\BendingTestAnalytical\\Cantilever\\322",
         "directory_scratch_root": "C:\\Users\\sebastien.bocquet\\PycharmProjects\\vimseo\\docs\\runnable_examples\\model_runs\\scratch\\calibration_scalars",
         "directory_scratch_job": ""
    }
}