{
     "inputs": {
         "young_modulus": 227500.0,
         "Cantilever:length": 600.0,
         "Cantilever:width": 29.7513427734375,
         "Cantilever:height": 39.251953125,
         "Cantilever:imposed_dplt": -5.041015625,
         "Cantilever:relative_dplt_location": 1.0,
         "Cantilever:nu_p": 0.3
    },
     "outputs": {
         "length": 600.0,
         "width": 29.7513427734375,
         "height": 39.251953125,
         "imposed_dplt": -5.041015625,
         "relative_dplt_location": 1.0,
         "nu_p": 0.3,
         "reaction_forces": -2388.2296635624584,
         "moment": [1432937.798137475, 0.0],
         "moment_grid": [0.0, 600.0],
         "dplt": [0.0, -0.0007689076382640819, -0.0030652399092959996, -0.006873410847455266, -0.012177834487101396, -0.0189629248625939, -0.02721309600829228, -0.03691276195855607, -0.04804633674774476, -0.06059823441021787, -0.07455286898033489, -0.08989465449245537, -0.1066080049809388, -0.12467733448014472, -0.14408705702443259, -0.16482158664816196, -0.18686533738569233, -0.21020272327138326, -0.2348181583395941, -0.26069605662468476, -0.2878208321610143, -0.3161768989829423, -0.3457486711248286, -0.3765205626210324, -0.40847698750591305, -0.44160235981383056, -0.47588109357914415, -0.5112976028362133, -0.5478363016193978, -0.5854816039630568, -0.6242179239015501, -0.664029675469237, -0.7049012727004771, -0.7468171296296298, -0.7897616602910549, -0.8337192787191116, -0.8786743989481596, -0.9246114350125583, -0.9715148009466673, -1.019368910784846, -1.068158178561454, -1.117867018310851, -1.168479844067396, -1.219981069865449, -1.2723551097393697, -1.3255863777235168, -1.3796592878522502, -1.4345582541599295, -1.490267690680914, -1.5467720114495633, -1.6040556305002376, -1.662102961867296, -1.720898419585097, -1.7804264176880014, -1.840671370210368, -1.9016176911865568, -1.963249794650927, -2.0255520946378387, -2.08850900518165, -2.152104940316722, -2.216324314077413, -2.281151540498083, -2.3465710336130923, -2.412567207456799, -2.4791244760635642, -2.546227253467745, -2.6138599537037033, -2.682006990805797, -2.750652778808388, -2.819781731745832, -2.8893782636524925, -2.959426788562726, -3.029911720510893, -3.1008174735313534, -3.1721284616584673, -3.2438290989265917, -3.31590379937009, -3.3883369770233176, -3.461113045920637, -3.534216420096406, -3.6076315135849857, -3.6813427404207326, -3.7553345146380104, -3.8295912502711764, -3.904097361354588, -3.9788372619226102, -4.053795366009597, -4.12895608764991, -4.204303840877912, -4.2798230397279555, -4.355498098234407, -4.431313430431619, -4.507253450353958, -4.583302572035779, -4.6594452095114445, -4.735665776815311, -4.811948687981738, -4.88827835704509, -4.96463919803972, -5.041015624999994],
         "dplt_grid": [0.0, 6.0606060606060606, 12.121212121212121, 18.18181818181818, 24.242424242424242, 30.303030303030305, 36.36363636363636, 42.42424242424242, 48.484848484848484, 54.54545454545455, 60.60606060606061, 66.66666666666667, 72.72727272727272, 78.78787878787878, 84.84848484848484, 90.9090909090909, 96.96969696969697, 103.03030303030303, 109.0909090909091, 115.15151515151516, 121.21212121212122, 127.27272727272727, 133.33333333333334, 139.3939393939394, 145.45454545454544, 151.5151515151515, 157.57575757575756, 163.63636363636363, 169.6969696969697, 175.75757575757575, 181.8181818181818, 187.87878787878788, 193.93939393939394, 200.0, 206.06060606060606, 212.12121212121212, 218.1818181818182, 224.24242424242425, 230.3030303030303, 236.36363636363637, 242.42424242424244, 248.48484848484847, 254.54545454545453, 260.6060606060606, 266.6666666666667, 272.72727272727275, 278.7878787878788, 284.8484848484849, 290.9090909090909, 296.96969696969694, 303.030303030303, 309.09090909090907, 315.1515151515151, 321.2121212121212, 327.27272727272725, 333.3333333333333, 339.3939393939394, 345.45454545454544, 351.5151515151515, 357.57575757575756, 363.6363636363636, 369.6969696969697, 375.75757575757575, 381.8181818181818, 387.8787878787879, 393.93939393939394, 400.0, 406.06060606060606, 412.1212121212121, 418.1818181818182, 424.24242424242425, 430.3030303030303, 436.3636363636364, 442.42424242424244, 448.4848484848485, 454.54545454545456, 460.6060606060606, 466.6666666666667, 472.72727272727275, 478.7878787878788, 484.8484848484849, 490.9090909090909, 496.96969696969694, 503.030303030303, 509.09090909090907, 515.1515151515151, 521.2121212121212, 527.2727272727273, 533.3333333333334, 539.3939393939394, 545.4545454545455, 551.5151515151515, 557.5757575757576, 563.6363636363636, 569.6969696969697, 575.7575757575758, 581.8181818181818, 587.8787878787879, 593.9393939393939, 600.0],
         "dplt_at_force_location": -5.041015624999994,
         "maximum_dplt": -5.041015624999994,
         "location_max_dplt": 600.0
    },
     "metadata": {
         "error_code": 0,
         "model": "BendingTestAnalytical",
         "load_case": "Cantilever",
         "description": "",
         "job_name": "",
         "persistent_result_files": "",
         "n_cpus": 1,
         "date": "2026-06-16 18:09:13.319610",
         "cpu_time": 0.0981137752532959,
         "user": "sebastien.bocquet",
         "machine": "PCBM20250036",
         "vims_git_version": "3de96ae2320a30b8a84551033e41da0fca6276ac",
         "directory_archive_root": "C:\\Users\\sebastien.bocquet\\Dev\\vimseo\\docs\\runnable_examples\\model_runs\\archive\\calibration_coupled",
         "directory_archive_job": "C:\\Users\\sebastien.bocquet\\Dev\\vimseo\\docs\\runnable_examples\\model_runs\\archive\\calibration_coupled\\BendingTestAnalytical\\Cantilever\\166",
         "directory_scratch_root": "C:\\Users\\sebastien.bocquet\\Dev\\vimseo\\docs\\runnable_examples\\model_runs\\scratch\\calibration_coupled",
         "directory_scratch_job": ""
    }
}