{
     "inputs": {
         "length": 594.9258992029523,
         "width": 31.31439506495998,
         "height": 40.900006096122276,
         "imposed_dplt": -15.014136059085033,
         "relative_dplt_location": 0.9094663240570113,
         "young_modulus": 209833.10874932903,
         "nu_p": 0.29680116733404094
    },
     "outputs": {
         "reaction_forces": -10653.19853350396,
         "moment": [5764073.617012831, 0.0, 0.0],
         "moment_grid": [0.0, 541.0650706344211, 594.9258992029523],
         "dplt": [0.0, -0.002767815609220693, -0.011030122379660815, -0.024725210225487463, -0.043791369060867696, -0.06816688879996856, -0.09779005935695714, -0.13259917064600044, -0.1725325125812655, -0.2175283750769195, -0.2675250480471293, -0.3224608214060621, -0.3822739850678852, -0.4469028289467652, -0.5162856429568695, -0.5903607170123649, -0.6690663410274188, -0.752340804916198, -0.8401223985928703, -0.9323494119716021, -1.0289601349665602, -1.1298928574919123, -1.2350858694618245, -1.3444774607904657, -1.458005921392001, -1.5756095411805981, -1.6972266100704245, -1.822795417975647, -1.9522542548104322, -2.0855414104889487, -2.222595174925362, -2.3633538380338392, -2.507755689728548, -2.6557390199236552, -2.8072421185333276, -2.962203275471734, -3.120560780653039, -3.2822529239914107, -3.447217995401017, -3.615394284796024, -3.786720082090598, -3.9611336771989074, -4.138573360035119, -4.318977420513399, -4.5022841485479175, -4.688431834052839, -4.87735876694233, -5.0690032371305564, -5.26330353453169, -5.460197949059894, -5.659624770629335, -5.861522289154183, -6.065828794548605, -6.272482576726766, -6.481421925602833, -6.692585131090975, -6.905910483105358, -7.121336271560147, -7.338800786369517, -7.5582423174476245, -7.7795991547086425, -8.002809588066736, -8.227811907436072, -8.454544402730821, -8.682945363865144, -8.912953080753217, -9.144505843309197, -9.377541941447259, -9.611999665081562, -9.847817304126282, -10.084933148495578, -10.323285488103629, -10.56281261286459, -10.803452812692628, -11.045144377501918, -11.28782559720662, -11.531434761720911, -11.775910160958945, -12.021190084834899, -12.26721282326293, -12.513916666157222, -12.761239901933806, -13.009114705506164, -13.257469317451022, -13.506239068680564, -13.75536385977273, -14.004788160971247, -14.25446101218561, -14.50433602299108, -14.754371372628704, -15.004529810005286, -15.254778653693407, -15.505089791931429, -15.755439682623471, -16.00580935333944, -16.256184401315, -16.506554993451605, -16.756915866316458, -17.007266326142556, -17.257610248828655],
         "dplt_grid": [0.0, 6.009352517201539, 12.018705034403078, 18.02805755160462, 24.037410068806157, 30.046762586007695, 36.05611510320924, 42.06546762041077, 48.07482013761231, 54.084172654813855, 60.09352517201539, 66.10287768921692, 72.11223020641847, 78.12158272362001, 84.13093524082154, 90.14028775802309, 96.14964027522463, 102.15899279242616, 108.16834530962771, 114.17769782682925, 120.18705034403078, 126.19640286123233, 132.20575537843385, 138.2151078956354, 144.22446041283695, 150.23381293003848, 156.24316544724002, 162.25251796444155, 168.2618704816431, 174.27122299884465, 180.28057551604618, 186.28992803324772, 192.29928055044925, 198.3086330676508, 204.31798558485232, 210.32733810205386, 216.33669061925542, 222.34604313645696, 228.3553956536585, 234.36474817086003, 240.37410068806156, 246.3834532052631, 252.39280572246466, 258.40215823966616, 264.4115107568677, 270.4208632740693, 276.4302157912708, 282.43956830847236, 288.4489208256739, 294.45827334287543, 300.46762586007696, 306.4769783772785, 312.48633089448003, 318.49568341168157, 324.5050359288831, 330.51438844608464, 336.5237409632862, 342.5330934804877, 348.5424459976893, 354.55179851489083, 360.56115103209237, 366.5705035492939, 372.57985606649544, 378.589208583697, 384.5985611008985, 390.60791361810004, 396.6172661353016, 402.6266186525031, 408.63597116970465, 414.6453236869062, 420.6546762041077, 426.6640287213093, 432.67338123851084, 438.6827337557124, 444.6920862729139, 450.70143879011545, 456.710791307317, 462.7201438245185, 468.72949634172005, 474.7388488589216, 480.7482013761231, 486.75755389332465, 492.7669064105262, 498.7762589277277, 504.7856114449293, 510.79496396213085, 516.8043164793323, 522.8136689965339, 528.8230215137354, 534.832374030937, 540.8417265481386, 546.8510790653401, 552.8604315825417, 558.8697840997431, 564.8791366169447, 570.8884891341462, 576.8978416513478, 582.9071941685493, 588.9165466857509, 594.9258992029523],
         "dplt_at_force_location": -15.01383057896114,
         "maximum_dplt": -17.257610248828655,
         "location_max_dplt": 594.9258992029523
    },
     "metadata": {
         "error_code": 0,
         "model": "BendingTestAnalytical",
         "load_case": "Cantilever",
         "description": "",
         "job_name": "",
         "persistent_result_files": "",
         "n_cpus": 1,
         "date": "2026-03-17 09:07:44.632226",
         "cpu_time": 0.017746448516845703,
         "user": "sebastien.bocquet",
         "machine": "B20191729",
         "vims_git_version": "1b6e7132b9faba0cc93317d127a381ee76a8cb8e",
         "directory_archive_root": "C:\\Users\\sebastien.bocquet\\PycharmProjects\\vimseo\\docs\\runnable_examples\\model_runs\\archive\\uq",
         "directory_archive_job": "C:\\Users\\sebastien.bocquet\\PycharmProjects\\vimseo\\docs\\runnable_examples\\model_runs\\archive\\uq\\BendingTestAnalytical\\Cantilever\\43",
         "directory_scratch_root": "C:\\Users\\sebastien.bocquet\\PycharmProjects\\vimseo\\docs\\runnable_examples\\model_runs\\scratch\\uq",
         "directory_scratch_job": ""
    }
}