{
     "inputs": {
         "x": 1.5000019073486328,
         "Dummy:x_1": 0.9944541492686033
    },
     "outputs": {
         "x_1": 0.9944541492686033,
         "y": [0.9944541492686033, 1.0096056836862664, 1.0247572181039293, 1.0399087525215922, 1.0550602869392551, 1.070211821356918, 1.085363355774581, 1.1005148901922441, 1.115666424609907, 1.13081795902757, 1.145969493445233, 1.1611210278628958, 1.1762725622805588, 1.1914240966982217, 1.2065756311158848, 1.2217271655335478, 1.2368786999512107, 1.2520302343688736, 1.2671817687865365, 1.2823333032041995, 1.2974848376218624, 1.3126363720395253, 1.3277879064571885, 1.3429394408748514, 1.3580909752925143, 1.3732425097101773, 1.3883940441278402, 1.4035455785455033, 1.4186971129631663, 1.4338486473808292, 1.449000181798492, 1.464151716216155, 1.479303250633818, 1.4944547850514809, 1.5096063194691438, 1.524757853886807, 1.5399093883044697, 1.5550609227221328, 1.5702124571397957, 1.5853639915574589, 1.6005155259751218, 1.6156670603927847, 1.6308185948104477, 1.6459701292281106, 1.6611216636457735, 1.6762731980634364, 1.6914247324810994, 1.7065762668987623, 1.7217278013164252, 1.7368793357340881, 1.7520308701517513, 1.7671824045694144, 1.7823339389870771, 1.79748547340474, 1.8126370078224032, 1.8277885422400661, 1.842940076657729, 1.858091611075392, 1.873243145493055, 1.8883946799107179, 1.9035462143283808, 1.9186977487460437, 1.9338492831637066, 1.9490008175813698, 1.9641523519990327, 1.9793038864166956, 1.9944554208343588, 2.0096069552520217, 2.0247584896696846, 2.0399100240873476, 2.0550615585050105, 2.0702130929226734, 2.0853646273403363, 2.1005161617579993, 2.115667696175662, 2.130819230593325, 2.145970765010988, 2.161122299428651, 2.1762738338463143, 2.191425368263977, 2.20657690268164, 2.221728437099303, 2.236879971516966, 2.252031505934629, 2.267183040352292, 2.282334574769955, 2.2974861091876178, 2.3126376436052807, 2.3277891780229436, 2.3429407124406065, 2.3580922468582695, 2.3732437812759324, 2.3883953156935958, 2.4035468501112587, 2.4186983845289216, 2.4338499189465845, 2.4490014533642475, 2.4641529877819104, 2.4793045221995733, 2.4944560566172362],
         "y_axis": [0.0, 0.010101010101010102, 0.020202020202020204, 0.030303030303030304, 0.04040404040404041, 0.05050505050505051, 0.06060606060606061, 0.07070707070707072, 0.08080808080808081, 0.09090909090909091, 0.10101010101010102, 0.11111111111111112, 0.12121212121212122, 0.13131313131313133, 0.14141414141414144, 0.15151515151515152, 0.16161616161616163, 0.17171717171717174, 0.18181818181818182, 0.19191919191919193, 0.20202020202020204, 0.21212121212121213, 0.22222222222222224, 0.23232323232323235, 0.24242424242424243, 0.25252525252525254, 0.26262626262626265, 0.27272727272727276, 0.2828282828282829, 0.29292929292929293, 0.30303030303030304, 0.31313131313131315, 0.32323232323232326, 0.33333333333333337, 0.3434343434343435, 0.3535353535353536, 0.36363636363636365, 0.37373737373737376, 0.38383838383838387, 0.393939393939394, 0.4040404040404041, 0.4141414141414142, 0.42424242424242425, 0.43434343434343436, 0.4444444444444445, 0.4545454545454546, 0.4646464646464647, 0.4747474747474748, 0.48484848484848486, 0.494949494949495, 0.5050505050505051, 0.5151515151515152, 0.5252525252525253, 0.5353535353535354, 0.5454545454545455, 0.5555555555555556, 0.5656565656565657, 0.5757575757575758, 0.5858585858585859, 0.595959595959596, 0.6060606060606061, 0.6161616161616162, 0.6262626262626263, 0.6363636363636365, 0.6464646464646465, 0.6565656565656566, 0.6666666666666667, 0.6767676767676768, 0.686868686868687, 0.696969696969697, 0.7070707070707072, 0.7171717171717172, 0.7272727272727273, 0.7373737373737375, 0.7474747474747475, 0.7575757575757577, 0.7676767676767677, 0.7777777777777778, 0.787878787878788, 0.797979797979798, 0.8080808080808082, 0.8181818181818182, 0.8282828282828284, 0.8383838383838385, 0.8484848484848485, 0.8585858585858587, 0.8686868686868687, 0.8787878787878789, 0.888888888888889, 0.8989898989898991, 0.9090909090909092, 0.9191919191919192, 0.9292929292929294, 0.9393939393939394, 0.9494949494949496, 0.9595959595959597, 0.9696969696969697, 0.9797979797979799, 0.98989898989899, 1.0]
    },
     "metadata": {
         "error_code": 0,
         "model": "MockCurves",
         "load_case": "Dummy",
         "description": "",
         "job_name": "",
         "persistent_result_files": "",
         "n_cpus": 1,
         "date": "2026-03-26 14:57:25.371861",
         "cpu_time": 0.0014727115631103516,
         "user": "sebastien.bocquet",
         "machine": "IPF7101",
         "vims_git_version": "d0050d8de498c8354552cdde540fb3e524454871",
         "directory_archive_root": "/home/sebastien.bocquet/PycharmProjects/vimseo/docs/runnable_examples/model_runs/archive/calibration_curves",
         "directory_archive_job": "/home/sebastien.bocquet/PycharmProjects/vimseo/docs/runnable_examples/model_runs/archive/calibration_curves/MockCurves/Dummy/41",
         "directory_scratch_root": "/home/sebastien.bocquet/PycharmProjects/vimseo/docs/runnable_examples/model_runs/scratch/calibration_curves",
         "directory_scratch_job": ""
    }
}