{
     "inputs": {
         "x": 1.500030517578125,
         "Dummy:x_1": 0.9625086499676455
    },
     "outputs": {
         "x_1": 0.9625086499676455,
         "y": [0.9625086499676455, 0.9776604733775256, 0.9928122967874056, 1.0079641201972858, 1.0231159436071657, 1.0382677670170457, 1.053419590426926, 1.0685714138368059, 1.0837232372466858, 1.098875060656566, 1.114026884066446, 1.129178707476326, 1.1443305308862062, 1.1594823542960861, 1.1746341777059663, 1.1897860011158463, 1.2049378245257263, 1.2200896479356065, 1.2352414713454865, 1.2503932947553664, 1.2655451181652466, 1.2806969415751266, 1.2958487649850068, 1.3110005883948868, 1.3261524118047667, 1.341304235214647, 1.356456058624527, 1.3716078820344069, 1.386759705444287, 1.401911528854167, 1.417063352264047, 1.4322151756739272, 1.4473669990838072, 1.4625188224936871, 1.4776706459035673, 1.4928224693134475, 1.5079742927233273, 1.5231261161332075, 1.5382779395430874, 1.5534297629529674, 1.5685815863628476, 1.5837334097727278, 1.5988852331826076, 1.6140370565924878, 1.629188880002368, 1.6443407034122477, 1.659492526822128, 1.674644350232008, 1.6897961736418878, 1.704947997051768, 1.7200998204616482, 1.7352516438715282, 1.7504034672814082, 1.7655552906912884, 1.7807071141011683, 1.7958589375110483, 1.8110107609209285, 1.8261625843308085, 1.8413144077406884, 1.8564662311505686, 1.8716180545604486, 1.8867698779703286, 1.9019217013802088, 1.917073524790089, 1.9322253481999687, 1.947377171609849, 1.962528995019729, 1.9776808184296089, 1.992832641839489, 2.0079844652493692, 2.0231362886592494, 2.038288112069129, 2.0534399354790094, 2.068591758888889, 2.0837435822987693, 2.0988954057086495, 2.1140472291185293, 2.1291990525284095, 2.1443508759382897, 2.1595026993481694, 2.1746545227580496, 2.18980634616793, 2.20495816957781, 2.2201099929876897, 2.23526181639757, 2.25041363980745, 2.26556546321733, 2.28071728662721, 2.2958691100370903, 2.31102093344697, 2.32617275685685, 2.34132458026673, 2.35647640367661, 2.3716282270864903, 2.3867800504963705, 2.4019318739062503, 2.4170836973161305, 2.4322355207260107, 2.4473873441358904, 2.4625391675457706],
         "y_axis": [0.0, 0.010101010101010102, 0.020202020202020204, 0.030303030303030304, 0.04040404040404041, 0.05050505050505051, 0.06060606060606061, 0.07070707070707072, 0.08080808080808081, 0.09090909090909091, 0.10101010101010102, 0.11111111111111112, 0.12121212121212122, 0.13131313131313133, 0.14141414141414144, 0.15151515151515152, 0.16161616161616163, 0.17171717171717174, 0.18181818181818182, 0.19191919191919193, 0.20202020202020204, 0.21212121212121213, 0.22222222222222224, 0.23232323232323235, 0.24242424242424243, 0.25252525252525254, 0.26262626262626265, 0.27272727272727276, 0.2828282828282829, 0.29292929292929293, 0.30303030303030304, 0.31313131313131315, 0.32323232323232326, 0.33333333333333337, 0.3434343434343435, 0.3535353535353536, 0.36363636363636365, 0.37373737373737376, 0.38383838383838387, 0.393939393939394, 0.4040404040404041, 0.4141414141414142, 0.42424242424242425, 0.43434343434343436, 0.4444444444444445, 0.4545454545454546, 0.4646464646464647, 0.4747474747474748, 0.48484848484848486, 0.494949494949495, 0.5050505050505051, 0.5151515151515152, 0.5252525252525253, 0.5353535353535354, 0.5454545454545455, 0.5555555555555556, 0.5656565656565657, 0.5757575757575758, 0.5858585858585859, 0.595959595959596, 0.6060606060606061, 0.6161616161616162, 0.6262626262626263, 0.6363636363636365, 0.6464646464646465, 0.6565656565656566, 0.6666666666666667, 0.6767676767676768, 0.686868686868687, 0.696969696969697, 0.7070707070707072, 0.7171717171717172, 0.7272727272727273, 0.7373737373737375, 0.7474747474747475, 0.7575757575757577, 0.7676767676767677, 0.7777777777777778, 0.787878787878788, 0.797979797979798, 0.8080808080808082, 0.8181818181818182, 0.8282828282828284, 0.8383838383838385, 0.8484848484848485, 0.8585858585858587, 0.8686868686868687, 0.8787878787878789, 0.888888888888889, 0.8989898989898991, 0.9090909090909092, 0.9191919191919192, 0.9292929292929294, 0.9393939393939394, 0.9494949494949496, 0.9595959595959597, 0.9696969696969697, 0.9797979797979799, 0.98989898989899, 1.0]
    },
     "metadata": {
         "error_code": 0,
         "model": "MockCurves",
         "load_case": "Dummy",
         "description": "",
         "job_name": "",
         "persistent_result_files": "",
         "n_cpus": 1,
         "date": "2026-03-26 14:57:25.038689",
         "cpu_time": 0.0015094280242919922,
         "user": "sebastien.bocquet",
         "machine": "IPF7101",
         "vims_git_version": "d0050d8de498c8354552cdde540fb3e524454871",
         "directory_archive_root": "/home/sebastien.bocquet/PycharmProjects/vimseo/docs/runnable_examples/model_runs/archive/calibration_curves",
         "directory_archive_job": "/home/sebastien.bocquet/PycharmProjects/vimseo/docs/runnable_examples/model_runs/archive/calibration_curves/MockCurves/Dummy/34",
         "directory_scratch_root": "/home/sebastien.bocquet/PycharmProjects/vimseo/docs/runnable_examples/model_runs/scratch/calibration_curves",
         "directory_scratch_job": ""
    }
}