{
     "inputs": {
         "length": 604.7552167861472,
         "width": 29.82127550088555,
         "height": 41.19947788630966,
         "imposed_dplt": -15.617904211541614,
         "relative_dplt_location": 0.8908948590945083,
         "young_modulus": 205238.9696854281,
         "nu_p": 0.29593757746921867
    },
     "outputs": {
         "reaction_forces": -10685.767301623133,
         "moment": [5757206.25793877, 0.0, 0.0],
         "moment_grid": [0.0, 538.7733136453635, 604.7552167861472],
         "dplt": [0.0, -0.0030001727269162956, -0.011955164036106466, -0.0267966836202325, -0.04745644117195634, -0.07386614638393993, -0.10595750894884516, -0.14366223855933405, -0.18691204490806845, -0.23563863768771037, -0.2897737265909217, -0.3492490213103645, -0.4139962315387007, -0.48394706696859197, -0.5590332372927009, -0.6391864522036886, -0.7243384213942176, -0.8144208545569497, -0.909365461384547, -1.009103951569672, -1.1135680348049852, -1.2226894207831498, -1.336399819196827, -1.4546309397386787, -1.5773144921013675, -1.704382185977555, -1.8357657310599031, -1.9713968370410737, -2.1112072136137296, -2.2551285704705313, -2.4030926173041416, -2.5550310638072222, -2.7108756196724353, -2.870557994592442, -3.0340098982599057, -3.201163040367488, -3.371949130607849, -3.546299878673654, -3.724146994257562, -3.9054221870522356, -4.090057166750338, -4.277983643044529, -4.469133325627474, -4.663437924191829, -4.8608291484302635, -5.061238708035434, -5.264598312700005, -5.470839672116636, -5.679894495977993, -5.8916944939767335, -6.106171375805522, -6.32325685115702, -6.542882629723887, -6.764980421198792, -6.989481935274388, -7.216318881643343, -7.445422969998315, -7.676725910031973, -7.91015941143697, -8.145655183905971, -8.383144937131643, -8.62256038080664, -8.863833224623628, -9.106895178275268, -9.35167795145423, -9.59811325385316, -9.846132795164733, -10.095668285081608, -10.346651433296442, -10.5990139495019, -10.852687543390646, -11.107603924655342, -11.363694802988645, -11.620891888083221, -11.879126889631735, -12.13833151732684, -12.398437480861206, -12.659376489927489, -12.921080254218362, -13.183480483426472, -13.446508887244487, -13.710097175365075, -13.974177057480889, -14.238680243284596, -14.503538442468857, -14.768683364726332, -15.03404326699936, -15.299537724729065, -15.565122748809816, -15.830764742884268, -16.096435610329372, -16.36211275425635, -16.6277790775107, -16.8934229826722, -17.159038372054905, -17.424624647707166, -17.690186711411577, -17.955734964685046, -18.22128530877874, -18.486859144678103],
         "dplt_grid": [0.0, 6.108638553395426, 12.217277106790853, 18.32591566018628, 24.434554213581706, 30.543192766977132, 36.65183132037256, 42.76046987376799, 48.86910842716341, 54.977746980558834, 61.086385533954264, 67.1950240873497, 73.30366264074512, 79.41230119414054, 85.52093974753598, 91.6295783009314, 97.73821685432682, 103.84685540772224, 109.95549396111767, 116.0641325145131, 122.17277106790853, 128.28140962130396, 134.3900481746994, 140.4986867280948, 146.60732528149023, 152.71596383488566, 158.82460238828108, 164.9332409416765, 171.04187949507195, 177.15051804846738, 183.2591566018628, 189.36779515525822, 195.47643370865364, 201.58507226204907, 207.6937108154445, 213.8023493688399, 219.91098792223534, 226.0196264756308, 232.1282650290262, 238.23690358242163, 244.34554213581706, 250.45418068921248, 256.56281924260793, 262.6714577960033, 268.7800963493988, 274.88873490279417, 280.9973734561896, 287.106012009585, 293.21465056298047, 299.3232891163759, 305.4319276697713, 311.54056622316676, 317.64920477656216, 323.7578433299576, 329.866481883353, 335.97512043674845, 342.0837589901439, 348.1923975435393, 354.30103609693475, 360.40967465033015, 366.5183132037256, 372.626951757121, 378.73559031051644, 384.84422886391184, 390.9528674173073, 397.06150597070274, 403.17014452409813, 409.2787830774936, 415.387421630889, 421.49606018428443, 427.6046987376798, 433.7133372910753, 439.82197584447067, 445.9306143978661, 452.0392529512616, 458.14789150465697, 464.2565300580524, 470.3651686114478, 476.47380716484327, 482.58244571823866, 488.6910842716341, 494.79972282502956, 500.90836137842496, 507.0169999318204, 513.1256384852159, 519.2342770386113, 525.3429155920066, 531.451554145402, 537.5601926987976, 543.668831252193, 549.7774698055883, 555.8861083589838, 561.9947469123792, 568.1033854657746, 574.21202401917, 580.3206625725655, 586.4293011259609, 592.5379396793563, 598.6465782327518, 604.7552167861472],
         "dplt_at_force_location": -15.617876871431811,
         "maximum_dplt": -18.486859144678103,
         "location_max_dplt": 604.7552167861472
    },
     "metadata": {
         "error_code": 0,
         "model": "BendingTestAnalytical",
         "load_case": "Cantilever",
         "description": "",
         "job_name": "",
         "persistent_result_files": "",
         "n_cpus": 1,
         "date": "2026-03-26 14:57:55.626744",
         "cpu_time": 0.003610372543334961,
         "user": "sebastien.bocquet",
         "machine": "IPF7101",
         "vims_git_version": "d0050d8de498c8354552cdde540fb3e524454871",
         "directory_archive_root": "/home/sebastien.bocquet/PycharmProjects/vimseo/docs/runnable_examples/model_runs/archive/uq",
         "directory_archive_job": "/home/sebastien.bocquet/PycharmProjects/vimseo/docs/runnable_examples/model_runs/archive/uq/BendingTestAnalytical/Cantilever/57",
         "directory_scratch_root": "/home/sebastien.bocquet/PycharmProjects/vimseo/docs/runnable_examples/model_runs/scratch/uq",
         "directory_scratch_job": ""
    }
}