{
     "inputs": {
         "length": 605.7263021822731,
         "width": 29.980616239735582,
         "height": 39.95001380677276,
         "imposed_dplt": -14.660700376294699,
         "relative_dplt_location": 0.8811289603016853,
         "young_modulus": 212120.54942626884,
         "nu_p": 0.3032294099028677
    },
     "outputs": {
         "reaction_forces": -9775.097621381412,
         "moment": [5217194.299422196, 0.0, 0.0],
         "moment_grid": [0.0, 533.7229868692508, 605.7263021822731],
         "dplt": [0.0, -0.0028789486284065825, -0.011471621126303296, -0.025711757412705608, -0.045533097406628975, -0.07086938102708883, -0.10165434819310062, -0.1378217388236798, -0.17930529283784175, -0.22603875015460204, -0.27795585069297596, -0.33499033437197917, -0.3970759411106269, -0.4641464108279349, -0.5361354834429182, -0.6129768988745926, -0.6946043970419733, -0.7809517178640765, -0.8719526012599162, -0.967550787648708, -1.0676961258738817, -1.1723194927827447, -1.2813515104719988, -1.3947229236407552, -1.5123645995905355, -1.6342075282252684, -1.7601828220512954, -1.8902217161773633, -2.024255568314632, -2.1622158587766673, -2.304034190479448, -2.4496422889413587, -2.598972002283196, -2.751955301228165, -2.9085242791018784, -3.0686111518323615, -3.232148257950046, -3.3990680585877753, -3.5693031374808, -3.7427862009667825, -3.919450077985792, -4.09922772008031, -4.2820522013952225, -4.4678567186778295, -4.65657459127784, -4.848139261147369, -5.042484292840944, -5.239543373515501, -5.439250312930387, -5.6415390434473505, -5.846343620030561, -6.053598220246592, -6.263237144264421, -6.475194814855444, -6.6894057773934605, -6.9058046998546825, -7.124326372817729, -7.344905709463628, -7.5674777455758235, -7.791977639540155, -8.018340672344888, -8.246502247580684, -8.476397891440621, -8.707963252720182, -8.941134102817266, -9.175846335732174, -9.412035968067626, -9.64963913902873, -9.888592110423033, -10.128831266660468, -10.370293114753391, -10.612914284316558, -10.856631527567137, -11.101381719324714, -11.347101857011276, -11.593729060651215, -11.841200572871342, -12.089453758900868, -12.338426106571427, -12.588055226317046, -12.838278851174174, -13.08903483678167, -13.340261161380784, -13.591895925815193, -13.843877353530985, -14.096143790576646, -14.348633705603072, -14.60128568986359, -14.854038457213898, -15.106830720702009, -15.359625154331523, -15.612419587961037, -15.86521402159055, -16.118008455220064, -16.37080288884958, -16.623597322479096, -16.87639175610861, -17.129186189738125, -17.38198062336764, -17.634775056997153],
         "dplt_grid": [0.0, 6.118447496790638, 12.236894993581275, 18.355342490371914, 24.47378998716255, 30.592237483953188, 36.71068498074383, 42.829132477534465, 48.9475799743251, 55.06602747111574, 61.184474967906375, 67.30292246469702, 73.42136996148766, 79.53981745827829, 85.65826495506893, 91.77671245185957, 97.8951599486502, 104.01360744544084, 110.13205494223148, 116.25050243902211, 122.36894993581275, 128.4873974326034, 134.60584492939404, 140.72429242618466, 146.8427399229753, 152.96118741976593, 159.07963491655659, 165.1980824133472, 171.31652991013786, 177.43497740692848, 183.55342490371913, 189.67187240050976, 195.7903198973004, 201.90876739409106, 208.02721489088168, 214.14566238767233, 220.26410988446295, 226.3825573812536, 232.50100487804423, 238.61945237483488, 244.7378998716255, 250.85634736841615, 256.9747948652068, 263.0932423619974, 269.2116898587881, 275.3301373555787, 281.4485848523693, 287.56703234915994, 293.6854798459506, 299.80392734274125, 305.92237483953187, 312.04082233632255, 318.15926983311317, 324.2777173299038, 330.3961648266944, 336.5146123234851, 342.6330598202757, 348.75150731706634, 354.86995481385696, 360.98840231064764, 367.10684980743827, 373.2252973042289, 379.3437448010195, 385.4621922978102, 391.5806397946008, 397.69908729139144, 403.8175347881821, 409.93598228497274, 416.05442978176336, 422.172877278554, 428.29132477534466, 434.4097722721353, 440.5282197689259, 446.64666726571653, 452.7651147625072, 458.88356225929783, 465.00200975608846, 471.1204572528791, 477.23890474966976, 483.3573522464604, 489.475799743251, 495.5942472400417, 501.7126947368323, 507.8311422336229, 513.9495897304135, 520.0680372272042, 526.1864847239948, 532.3049322207855, 538.4233797175762, 544.5418272143668, 550.6602747111574, 556.778722207948, 562.8971697047386, 569.0156172015293, 575.1340646983199, 581.2525121951106, 587.3709596919012, 593.4894071886919, 599.6078546854825, 605.7263021822731],
         "dplt_at_force_location": -14.659865458153106,
         "maximum_dplt": -17.634775056997153,
         "location_max_dplt": 605.7263021822731
    },
     "metadata": {
         "error_code": 0,
         "model": "BendingTestAnalytical",
         "load_case": "Cantilever",
         "description": "",
         "job_name": "",
         "persistent_result_files": "",
         "n_cpus": 1,
         "date": "2026-03-26 14:57:55.858299",
         "cpu_time": 0.006500720977783203,
         "user": "sebastien.bocquet",
         "machine": "IPF7101",
         "vims_git_version": "d0050d8de498c8354552cdde540fb3e524454871",
         "directory_archive_root": "/home/sebastien.bocquet/PycharmProjects/vimseo/docs/runnable_examples/model_runs/archive/uq",
         "directory_archive_job": "/home/sebastien.bocquet/PycharmProjects/vimseo/docs/runnable_examples/model_runs/archive/uq/BendingTestAnalytical/Cantilever/77",
         "directory_scratch_root": "/home/sebastien.bocquet/PycharmProjects/vimseo/docs/runnable_examples/model_runs/scratch/uq",
         "directory_scratch_job": ""
    }
}