{
     "inputs": {
         "length": 604.5440863506761,
         "width": 28.97698585109875,
         "height": 40.490090483904616,
         "imposed_dplt": -14.720073418794058,
         "relative_dplt_location": 0.8976681585142343,
         "young_modulus": 212918.34790539148,
         "nu_p": 0.3023125557566199
    },
     "outputs": {
         "reaction_forces": -9430.422057548914,
         "moment": [5117701.222792646, 0.0, 0.0],
         "moment_grid": [0.0, 542.6799767350817, 604.5440863506761],
         "dplt": [0.0, -0.002785269197840435, -0.011099131141562827, -0.024878667356468844, -0.044060959367860114, -0.06858308870103831, -0.0983821368813051, -0.13339518543396203, -0.17355931588431084, -0.21881160975765324, -0.2690891485792907, -0.324329013874525, -0.38446828716865794, -0.449444049986991, -0.5191933838548257, -0.5936533702974638, -0.6727610908402067, -0.7564536270083566, -0.8446680603272149, -0.9373414723220825, -1.0344109445182623, -1.1358135584410554, -1.2414863956157633, -1.351366537567688, -1.4653910658221312, -1.583497061904394, -1.7056216073397783, -1.8317017836535858, -1.9616746723711183, -2.095477355017677, -2.2330469131185637, -2.3743204281990806, -2.5192349817845288, -2.66772765540021, -2.819735530571426, -2.9751956888234785, -3.134045211681669, -3.2962211806712984, -3.4616606773176697, -3.6303007831460845, -3.802078579681843, -3.97693114845025, -4.154795570976603, -4.335608928786207, -4.519308303404359, -4.705830776356367, -4.8951134291675285, -5.087093343363147, -5.281707600468524, -5.478893282008958, -5.678587469509755, -5.880727244496214, -6.0852496884936365, -6.292091883027326, -6.501190909622585, -6.71248384980471, -6.925907785099008, -7.141399797030779, -7.3588969671253235, -7.578336376907944, -7.799655107903942, -8.022790241638619, -8.247678859637277, -8.474258043425218, -8.702464874527747, -8.932236434470155, -9.163509804777753, -9.396222066975845, -9.630310302589722, -9.865711593144692, -10.102363020166056, -10.340201665179121, -10.579164609709178, -10.819188935281536, -11.060211723421492, -11.302170055654354, -11.545001013505416, -11.78864167849999, -12.033029132163362, -12.278100456020853, -12.523792731597748, -12.77004304041936, -13.016788464010984, -13.263966083897923, -13.511509466345398, -13.759324189684865, -14.00734429096794, -14.25551785445131, -14.503799391940214, -14.752149842788448, -15.000536573898355, -15.248933379720846, -15.497320482255384, -15.745684531049996, -15.994018603201251, -16.242322203354284, -16.490601263702793, -16.738868143989016, -16.987141631503757, -17.235446941086384],
         "dplt_grid": [0.0, 6.106505922734103, 12.213011845468206, 18.31951776820231, 24.42602369093641, 30.532529613670512, 36.63903553640462, 42.74554145913872, 48.85204738187282, 54.95855330460692, 61.065059227341024, 67.17156515007512, 73.27807107280924, 79.38457699554334, 85.49108291827744, 91.59758884101154, 97.70409476374564, 103.81060068647975, 109.91710660921385, 116.02361253194795, 122.13011845468205, 128.23662437741615, 134.34313030015025, 140.44963622288435, 146.55614214561848, 152.66264806835258, 158.76915399108668, 164.87565991382078, 170.98216583655488, 177.08867175928899, 183.1951776820231, 189.3016836047572, 195.4081895274913, 201.5146954502254, 207.6212013729595, 213.7277072956936, 219.8342132184277, 225.9407191411618, 232.0472250638959, 238.15373098663, 244.2602369093641, 250.36674283209823, 256.4732487548323, 262.5797546775664, 268.6862606003005, 274.79276652303463, 280.8992724457687, 287.00577836850283, 293.11228429123696, 299.21879021397103, 305.32529613670516, 311.43180205943924, 317.53830798217336, 323.64481390490744, 329.75131982764157, 335.85782575037564, 341.96433167310977, 348.07083759584384, 354.17734351857797, 360.28384944131204, 366.3903553640462, 372.49686128678024, 378.6033672095144, 384.70987313224845, 390.8163790549826, 396.9228849777167, 403.0293909004508, 409.1358968231849, 415.242402745919, 421.3489086686531, 427.4554145913872, 433.5619205141213, 439.6684264368554, 445.7749323595895, 451.8814382823236, 457.9879442050577, 464.0944501277918, 470.2009560505259, 476.30746197326, 482.4139678959941, 488.5204738187282, 494.6269797414623, 500.73348566419645, 506.8399915869305, 512.9464975096646, 519.0530034323988, 525.1595093551329, 531.2660152778669, 537.372521200601, 543.4790271233352, 549.5855330460693, 555.6920389688033, 561.7985448915374, 567.9050508142716, 574.0115567370057, 580.1180626597397, 586.2245685824739, 592.331074505208, 598.4375804279421, 604.5440863506761],
         "dplt_at_force_location": -14.719652613327913,
         "maximum_dplt": -17.235446941086384,
         "location_max_dplt": 604.5440863506761
    },
     "metadata": {
         "error_code": 0,
         "model": "BendingTestAnalytical",
         "load_case": "Cantilever",
         "description": "",
         "job_name": "",
         "persistent_result_files": "",
         "n_cpus": 1,
         "date": "2026-03-17 09:07:44.876990",
         "cpu_time": 0.020183801651000977,
         "user": "sebastien.bocquet",
         "machine": "B20191729",
         "vims_git_version": "1b6e7132b9faba0cc93317d127a381ee76a8cb8e",
         "directory_archive_root": "C:\\Users\\sebastien.bocquet\\PycharmProjects\\vimseo\\docs\\runnable_examples\\model_runs\\archive\\uq",
         "directory_archive_job": "C:\\Users\\sebastien.bocquet\\PycharmProjects\\vimseo\\docs\\runnable_examples\\model_runs\\archive\\uq\\BendingTestAnalytical\\Cantilever\\47",
         "directory_scratch_root": "C:\\Users\\sebastien.bocquet\\PycharmProjects\\vimseo\\docs\\runnable_examples\\model_runs\\scratch\\uq",
         "directory_scratch_job": ""
    }
}