{
     "inputs": {
         "length": 582.3875974029404,
         "width": 29.98964874715109,
         "height": 40.31503159266007,
         "imposed_dplt": -14.836056299870103,
         "relative_dplt_location": 0.8814189166666461,
         "young_modulus": 204032.68395327203,
         "nu_p": 0.29764331874528815
    },
     "outputs": {
         "reaction_forces": -10993.78306080887,
         "moment": [5643410.571501056, 0.0, 0.0],
         "moment_grid": [0.0, 513.3274451829906, 582.3875974029404],
         "dplt": [0.0, -0.0029114707769578863, -0.011601225466248064, -0.02600227760549542, -0.04604764073232476, -0.0716703283843609, -0.10280335409922867, -0.13937973141455284, -0.18133247386795837, -0.22859459499706994, -0.28109910833951246, -0.33877902743291066, -0.4015673658148894, -0.46939713702307384, -0.542201354595088, -0.6199130320685575, -0.702465182981107, -0.7897908208703608, -0.8818229592739449, -0.9784948932329365, -1.0797653712301387, -1.1855806022456432, -1.2958686808482272, -1.4105578898513145, -1.5295767003129725, -1.6528537715359164, -1.7803179510675067, -1.9118982746997482, -2.047523966469292, -2.1871244386574373, -2.3306292917901237, -2.477968314637942, -2.629071484216124, -2.78386896578455, -2.9422911128477467, -3.104268467154884, -3.2697317586997783, -3.43861190572089, -3.610840014701331, -3.786347380368851, -3.965065485695851, -4.146926001899375, -4.3318607884411175, -4.519801893027408, -4.710681551609232, -4.9044321883822155, -5.100986415786635, -5.3002770345074035, -5.50223703347409, -5.706799589860902, -5.913898069086697, -6.123466024814976, -6.335437198953885, -6.549745521656216, -6.76632511131941, -6.985110274585547, -7.206035506341361, -7.429035489718226, -7.65404509609216, -7.8809993850838325, -8.109833604558553, -8.340483190626282, -8.572883767641626, -8.806971148203829, -9.042681333156782, -9.279950511589036, -9.518715060833767, -9.758911546468813, -10.000476722316652, -10.243347530444401, -10.487461101163834, -10.732754753031365, -10.979165992848058, -11.226632515659606, -11.47509220475637, -11.724483131673347, -11.974743556190175, -12.225811926331144, -12.477626878365191, -12.730127236805894, -12.983252014411475, -13.236940412184808, -13.491131819373411, -13.745765813469445, -14.000782160209717, -14.256120813575675, -14.511721915793428, -14.767525797333716, -15.023472976911929, -15.279504161488106, -15.535559907221305, -15.79161577981473, -16.047671652408148, -16.30372752500157, -16.55978339759499, -16.81583927018841, -17.07189514278183, -17.327951015375252, -17.58400688796867, -17.84006276056209],
         "dplt_grid": [0.0, 5.882703004070105, 11.76540600814021, 17.648109012210316, 23.53081201628042, 29.413515020350527, 35.29621802442063, 41.178921028490734, 47.06162403256084, 52.94432703663095, 58.827030040701054, 64.70973304477116, 70.59243604884126, 76.47513905291137, 82.35784205698147, 88.24054506105158, 94.12324806512169, 100.0059510691918, 105.8886540732619, 111.771357077332, 117.65406008140211, 123.53676308547222, 129.4194660895423, 135.30216909361243, 141.18487209768253, 147.06757510175262, 152.95027810582275, 158.83298110989284, 164.71568411396294, 170.59838711803306, 176.48109012210315, 182.36379312617328, 188.24649613024337, 194.12919913431347, 200.0119021383836, 205.89460514245368, 211.7773081465238, 217.6600111505939, 223.542714154664, 229.42541715873412, 235.30812016280422, 241.1908231668743, 247.07352617094443, 252.95622917501453, 258.8389321790846, 264.7216351831547, 270.60433818722487, 276.48704119129496, 282.36974419536506, 288.25244719943515, 294.13515020350525, 300.0178532075754, 305.9005562116455, 311.7832592157156, 317.6659622197857, 323.5486652238558, 329.4313682279259, 335.314071231996, 341.1967742360661, 347.0794772401362, 352.9621802442063, 358.8448832482764, 364.72758625234655, 370.61028925641665, 376.49299226048674, 382.37569526455684, 388.25839826862693, 394.1411012726971, 400.0238042767672, 405.9065072808373, 411.78921028490737, 417.67191328897746, 423.5546162930476, 429.4373192971177, 435.3200223011878, 441.2027253052579, 447.085428309328, 452.9681313133981, 458.85083431746824, 464.73353732153834, 470.61624032560843, 476.4989433296785, 482.3816463337486, 488.26434933781877, 494.14705234188887, 500.02975534595896, 505.91245835002906, 511.79516135409915, 517.6778643581692, 523.5605673622393, 529.4432703663094, 535.3259733703796, 541.2086763744497, 547.0913793785198, 552.9740823825899, 558.85678538666, 564.7394883907301, 570.6221913948002, 576.5048943988703, 582.3875974029404],
         "dplt_at_force_location": -14.834193063052677,
         "maximum_dplt": -17.84006276056209,
         "location_max_dplt": 582.3875974029404
    },
     "metadata": {
         "error_code": 0,
         "model": "BendingTestAnalytical",
         "load_case": "Cantilever",
         "description": "",
         "job_name": "",
         "persistent_result_files": "",
         "n_cpus": 1,
         "date": "2026-03-26 14:57:55.025687",
         "cpu_time": 0.0034627914428710938,
         "user": "sebastien.bocquet",
         "machine": "IPF7101",
         "vims_git_version": "d0050d8de498c8354552cdde540fb3e524454871",
         "directory_archive_root": "/home/sebastien.bocquet/PycharmProjects/vimseo/docs/runnable_examples/model_runs/archive/uq",
         "directory_archive_job": "/home/sebastien.bocquet/PycharmProjects/vimseo/docs/runnable_examples/model_runs/archive/uq/BendingTestAnalytical/Cantilever/3",
         "directory_scratch_root": "/home/sebastien.bocquet/PycharmProjects/vimseo/docs/runnable_examples/model_runs/scratch/uq",
         "directory_scratch_job": ""
    }
}