{
     "inputs": {
         "young_modulus": 220646.2904293925,
         "Cantilever:length": 600.0,
         "Cantilever:width": 29.599609375,
         "Cantilever:height": 40.2264404296875,
         "Cantilever:imposed_dplt": -5.0703125,
         "Cantilever:relative_dplt_location": 1.0,
         "Cantilever:nu_p": 0.3
    },
     "outputs": {
         "length": 600.0,
         "width": 29.599609375,
         "height": 40.2264404296875,
         "imposed_dplt": -5.0703125,
         "relative_dplt_location": 1.0,
         "nu_p": 0.3,
         "reaction_forces": -2494.815350592838,
         "moment": [1496889.2103557028, 0.0],
         "moment_grid": [0.0, 600.0],
         "dplt": [0.0, -0.0007733762994705764, -0.003083054166808374, -0.006913357055402514, -0.012248608418642108, -0.019073131709916258, -0.02737125038261406, -0.03712728789012465, -0.04832556768583711, -0.06095041322314056, -0.07498614795542409, -0.09041709533607684, -0.1072275788184879, -0.1254019218560464, -0.14492444790214143, -0.1657794804101621, -0.18795134283349751, -0.21142435862553688, -0.2361828512396692, -0.26221114412928365, -0.28949356074776933, -0.31801442454851525, -0.3477580589849107, -0.37870878751034465, -0.41085093357820607, -0.44416882064188445, -0.4786467721547687, -0.5142691115702478, -0.5510201623417111, -0.5888842479225475, -0.6278456917661464, -0.6678888173258966, -0.7089979480551872, -0.7511574074074077, -0.7943515188359468, -0.8385646057941935, -0.8837809917355375, -0.9299850001133675, -0.9771609543810726, -1.0252931779920422, -1.0743659943996648, -1.1243637270573303, -1.175270699418427, -1.2270712349363448, -1.2797496570644726, -1.3332902892561993, -1.3876774549649136, -1.442895477644005, -1.498928680746863, -1.5557613877268763, -1.613377922037434, -1.6717626071319256, -1.7308997664637398, -1.790773723486266, -1.8513688016528929, -1.9126693244170099, -1.974659615232006, -2.0373239975512702, -2.1006467948281924, -2.16461233051616, -2.2292049280685644, -2.2944089109387926, -2.3602086025802356, -2.4265883264462804, -2.493532405990319, -2.561025164665737, -2.629050925925926, -2.6975940132242733, -2.7666387500141707, -2.836169459749004, -2.9061704658821657, -2.976626091867042, -3.0475206611570242, -3.118838497205499, -3.190563923465859, -3.262681263391489, -3.335174840435782, -3.408028978052124, -3.4812279996939077, -3.5547562288145187, -3.628597988867349, -3.7027376033057826, -3.7771593955832143, -3.8518476891530313, -3.926786807468622, -4.001961073983377, -4.077354812150685, -4.152952345423933, -4.228737997256514, -4.30469609110181, -4.38081095041322, -4.4570668986441255, -4.53344825924792, -4.609939355677988, -4.6865245113877245, -4.763188049830512, -4.839914294459744, -4.91668756872881, -4.993492196091096, -5.0703124999999964],
         "dplt_grid": [0.0, 6.0606060606060606, 12.121212121212121, 18.18181818181818, 24.242424242424242, 30.303030303030305, 36.36363636363636, 42.42424242424242, 48.484848484848484, 54.54545454545455, 60.60606060606061, 66.66666666666667, 72.72727272727272, 78.78787878787878, 84.84848484848484, 90.9090909090909, 96.96969696969697, 103.03030303030303, 109.0909090909091, 115.15151515151516, 121.21212121212122, 127.27272727272727, 133.33333333333334, 139.3939393939394, 145.45454545454544, 151.5151515151515, 157.57575757575756, 163.63636363636363, 169.6969696969697, 175.75757575757575, 181.8181818181818, 187.87878787878788, 193.93939393939394, 200.0, 206.06060606060606, 212.12121212121212, 218.1818181818182, 224.24242424242425, 230.3030303030303, 236.36363636363637, 242.42424242424244, 248.48484848484847, 254.54545454545453, 260.6060606060606, 266.6666666666667, 272.72727272727275, 278.7878787878788, 284.8484848484849, 290.9090909090909, 296.96969696969694, 303.030303030303, 309.09090909090907, 315.1515151515151, 321.2121212121212, 327.27272727272725, 333.3333333333333, 339.3939393939394, 345.45454545454544, 351.5151515151515, 357.57575757575756, 363.6363636363636, 369.6969696969697, 375.75757575757575, 381.8181818181818, 387.8787878787879, 393.93939393939394, 400.0, 406.06060606060606, 412.1212121212121, 418.1818181818182, 424.24242424242425, 430.3030303030303, 436.3636363636364, 442.42424242424244, 448.4848484848485, 454.54545454545456, 460.6060606060606, 466.6666666666667, 472.72727272727275, 478.7878787878788, 484.8484848484849, 490.9090909090909, 496.96969696969694, 503.030303030303, 509.09090909090907, 515.1515151515151, 521.2121212121212, 527.2727272727273, 533.3333333333334, 539.3939393939394, 545.4545454545455, 551.5151515151515, 557.5757575757576, 563.6363636363636, 569.6969696969697, 575.7575757575758, 581.8181818181818, 587.8787878787879, 593.9393939393939, 600.0],
         "dplt_at_force_location": -5.0703124999999964,
         "maximum_dplt": -5.0703124999999964,
         "location_max_dplt": 600.0
    },
     "metadata": {
         "error_code": 0,
         "model": "BendingTestAnalytical",
         "load_case": "Cantilever",
         "description": "",
         "job_name": "",
         "persistent_result_files": "",
         "n_cpus": 1,
         "date": "2026-03-17 09:06:51.948884",
         "cpu_time": 0.07729077339172363,
         "user": "sebastien.bocquet",
         "machine": "B20191729",
         "vims_git_version": "1b6e7132b9faba0cc93317d127a381ee76a8cb8e",
         "directory_archive_root": "C:\\Users\\sebastien.bocquet\\PycharmProjects\\vimseo\\docs\\runnable_examples\\model_runs\\archive\\calibration_scalars",
         "directory_archive_job": "C:\\Users\\sebastien.bocquet\\PycharmProjects\\vimseo\\docs\\runnable_examples\\model_runs\\archive\\calibration_scalars\\BendingTestAnalytical\\Cantilever\\256",
         "directory_scratch_root": "C:\\Users\\sebastien.bocquet\\PycharmProjects\\vimseo\\docs\\runnable_examples\\model_runs\\scratch\\calibration_scalars",
         "directory_scratch_job": ""
    }
}