{
     "inputs": {
         "length": 593.3157206217934,
         "width": 30.21848641168174,
         "height": 39.26462898130631,
         "imposed_dplt": -15.430723809988041,
         "relative_dplt_location": 0.8927975466255477,
         "young_modulus": 207497.33871107607,
         "nu_p": 0.3042666082828694
    },
     "outputs": {
         "reaction_forces": -9851.43526716811,
         "moment": [5218411.851041407, 0.0, 0.0],
         "moment_grid": [0.0, 529.710819745506, 593.3157206217934],
         "dplt": [0.0, -0.002951618627687591, -0.011761780251337476, -0.026363443481830375, -0.046689566930046965, -0.07267310920686791, -0.10424702892317386, -0.14134428468984553, -0.18389783511776356, -0.2318406388178086, -0.2851056544008613, -0.34362584047780237, -0.4073341556595126, -0.4761635585568726, -0.5500470077807632, -0.6289174619420647, -0.7127078796516583, -0.8013512195204239, -0.8947804401592435, -0.9929285001789963, -1.095728358190564, -1.2031129728048269, -1.3150153026326659, -1.4313683062849611, -1.5521049423725943, -1.6771581695064455, -1.8064609462973946, -1.939946231356323, -2.0775469832941122, -2.2191961607216424, -2.3648267222497923, -2.514371626489445, -2.667763832051481, -2.82493629754678, -2.9858219815862226, -3.1503538427806905, -3.3184648397410648, -3.4900879310782233, -3.6651560754030497, -3.8436022313264218, -4.025359357459225, -4.210360412412335, -4.398538354796636, -4.589826143223005, -4.784156736302326, -4.9814630926454795, -5.181678170863344, -5.384734929566802, -5.590566327366734, -5.799105322874019, -6.010284874699541, -6.224037941454175, -6.440297481748806, -6.658996454194317, -6.880067817401582, -7.103444529981488, -7.329059550544914, -7.556845837702739, -7.786736350065842, -8.018664046245107, -8.252561884851414, -8.488362824495645, -8.725999823788676, -8.965405841341394, -9.206513835764678, -9.449256765669404, -9.693567589666458, -9.939379266366712, -10.186624754381057, -10.43523701232037, -10.685148998795535, -10.936293672417428, -11.18860399179693, -11.442012915544922, -11.696453402272287, -11.951858410589898, -12.208160899108645, -12.46529382643941, -12.723190151193064, -12.981782831980496, -13.24100482741258, -13.500789096100204, -13.761068596654244, -14.021776287685576, -14.282845127805091, -14.544208075623667, -14.805789641900374, -15.067509719178481, -15.329324382014445, -15.591197343175313, -15.853098345289714, -16.115003160847866, -16.376893592201554, -16.638757471564176, -16.90058866101068, -17.162387052477616, -17.42415856776311, -17.685915158526875, -17.947674806290195, -18.209461522435955],
         "dplt_grid": [0.0, 5.993088087088822, 11.986176174177643, 17.979264261266465, 23.972352348355287, 29.96544043544411, 35.95852852253293, 41.95161660962175, 47.94470469671057, 53.937792783799395, 59.93088087088822, 65.92396895797704, 71.91705704506586, 77.91014513215468, 83.9032332192435, 89.89632130633233, 95.88940939342115, 101.88249748050997, 107.87558556759879, 113.86867365468761, 119.86176174177643, 125.85484982886526, 131.84793791595408, 137.84102600304288, 143.83411409013172, 149.82720217722056, 155.82029026430936, 161.81337835139817, 167.806466438487, 173.79955452557584, 179.79264261266465, 185.78573069975346, 191.7788187868423, 197.77190687393113, 203.76499496101994, 209.75808304810874, 215.75117113519758, 221.74425922228642, 227.73734730937522, 233.73043539646403, 239.72352348355287, 245.7166115706417, 251.7096996577305, 257.7027877448193, 263.69587583190815, 269.688963918997, 275.68205200608577, 281.6751400931746, 287.66822818026344, 293.6613162673523, 299.6544043544411, 305.6474924415299, 311.6405805286187, 317.63366861570756, 323.62675670279634, 329.6198447898852, 335.612932876974, 341.60602096406285, 347.5991090511517, 353.59219713824046, 359.5852852253293, 365.57837331241814, 371.5714613995069, 377.56454948659575, 383.5576375736846, 389.5507256607734, 395.54381374786226, 401.53690183495104, 407.5299899220399, 413.5230780091287, 419.5161660962175, 425.5092541833063, 431.50234227039516, 437.495430357484, 443.48851844457283, 449.4816065316616, 455.47469461875045, 461.4677827058393, 467.46087079292806, 473.4539588800169, 479.44704696710573, 485.44013505419457, 491.4332231412834, 497.4263112283722, 503.419399315461, 509.41248740254986, 515.4055754896386, 521.3986635767275, 527.3917516638163, 533.3848397509051, 539.377927837994, 545.3710159250828, 551.3641040121715, 557.3571920992604, 563.3502801863492, 569.343368273438, 575.3364563605269, 581.3295444476157, 587.3226325347046, 593.3157206217934],
         "dplt_at_force_location": -15.4306579878051,
         "maximum_dplt": -18.209461522435955,
         "location_max_dplt": 593.3157206217934
    },
     "metadata": {
         "error_code": 0,
         "model": "BendingTestAnalytical",
         "load_case": "Cantilever",
         "description": "",
         "job_name": "",
         "persistent_result_files": "",
         "n_cpus": 1,
         "date": "2026-03-17 09:07:46.065094",
         "cpu_time": 0.020664691925048828,
         "user": "sebastien.bocquet",
         "machine": "B20191729",
         "vims_git_version": "1b6e7132b9faba0cc93317d127a381ee76a8cb8e",
         "directory_archive_root": "C:\\Users\\sebastien.bocquet\\PycharmProjects\\vimseo\\docs\\runnable_examples\\model_runs\\archive\\uq",
         "directory_archive_job": "C:\\Users\\sebastien.bocquet\\PycharmProjects\\vimseo\\docs\\runnable_examples\\model_runs\\archive\\uq\\BendingTestAnalytical\\Cantilever\\65",
         "directory_scratch_root": "C:\\Users\\sebastien.bocquet\\PycharmProjects\\vimseo\\docs\\runnable_examples\\model_runs\\scratch\\uq",
         "directory_scratch_job": ""
    }
}