{
     "inputs": {
         "young_modulus": 223750.0,
         "Cantilever:length": 600.0,
         "Cantilever:width": 29.7513427734375,
         "Cantilever:height": 39.251953125,
         "Cantilever:imposed_dplt": -5.041015625,
         "Cantilever:relative_dplt_location": 1.0,
         "Cantilever:nu_p": 0.3
    },
     "outputs": {
         "length": 600.0,
         "width": 29.7513427734375,
         "height": 39.251953125,
         "imposed_dplt": -5.041015625,
         "relative_dplt_location": 1.0,
         "nu_p": 0.3,
         "reaction_forces": -2348.8632405367034,
         "moment": [1409317.9443220221, 0.0],
         "moment_grid": [0.0, 600.0],
         "dplt": [0.0, -0.0007689076382640822, -0.0030652399092959996, -0.006873410847455271, -0.012177834487101408, -0.018962924862593926, -0.02721309600829231, -0.03691276195855611, -0.04804633674774482, -0.06059823441021792, -0.07455286898033496, -0.08989465449245546, -0.10660800498093886, -0.12467733448014479, -0.14408705702443267, -0.16482158664816204, -0.18686533738569244, -0.21020272327138337, -0.23481815833959427, -0.26069605662468465, -0.2878208321610142, -0.3161768989829422, -0.34574867112482843, -0.3765205626210322, -0.4084769875059129, -0.44160235981383034, -0.4758810935791439, -0.5112976028362131, -0.5478363016193974, -0.5854816039630564, -0.6242179239015496, -0.6640296754692365, -0.7049012727004764, -0.7468171296296292, -0.7897616602910543, -0.8337192787191108, -0.8786743989481589, -0.9246114350125575, -0.9715148009466664, -1.0193689107848454, -1.0681581785614531, -1.11786701831085, -1.1684798440673951, -1.2199810698654479, -1.2723551097393684, -1.3255863777235155, -1.3796592878522491, -1.434558254159928, -1.4902676906809125, -1.5467720114495622, -1.604055630500236, -1.662102961867294, -1.7208984195850954, -1.7804264176879996, -1.8406713702103665, -1.9016176911865554, -1.9632497946509255, -2.0255520946378374, -2.0885090051816486, -2.15210494031672, -2.2163243140774114, -2.2811515404980813, -2.346571033613091, -2.4125672074567968, -2.4791244760635625, -2.546227253467743, -2.6138599537037015, -2.682006990805795, -2.7506527788083854, -2.819781731745829, -2.8893782636524907, -2.9594267885627232, -3.029911720510891, -3.100817473531351, -3.172128461658465, -3.2438290989265894, -3.315903799370088, -3.3883369770233154, -3.4611130459206354, -3.5342164200964046, -3.607631513584984, -3.6813427404207317, -3.755334514638009, -3.829591250271174, -3.9040973613545864, -3.9788372619226084, -4.053795366009596, -4.12895608764991, -4.204303840877911, -4.279823039727955, -4.355498098234406, -4.4313134304316195, -4.507253450353958, -4.583302572035779, -4.659445209511443, -4.73566577681531, -4.811948687981738, -4.88827835704509, -4.96463919803972, -5.041015624999994],
         "dplt_grid": [0.0, 6.0606060606060606, 12.121212121212121, 18.18181818181818, 24.242424242424242, 30.303030303030305, 36.36363636363636, 42.42424242424242, 48.484848484848484, 54.54545454545455, 60.60606060606061, 66.66666666666667, 72.72727272727272, 78.78787878787878, 84.84848484848484, 90.9090909090909, 96.96969696969697, 103.03030303030303, 109.0909090909091, 115.15151515151516, 121.21212121212122, 127.27272727272727, 133.33333333333334, 139.3939393939394, 145.45454545454544, 151.5151515151515, 157.57575757575756, 163.63636363636363, 169.6969696969697, 175.75757575757575, 181.8181818181818, 187.87878787878788, 193.93939393939394, 200.0, 206.06060606060606, 212.12121212121212, 218.1818181818182, 224.24242424242425, 230.3030303030303, 236.36363636363637, 242.42424242424244, 248.48484848484847, 254.54545454545453, 260.6060606060606, 266.6666666666667, 272.72727272727275, 278.7878787878788, 284.8484848484849, 290.9090909090909, 296.96969696969694, 303.030303030303, 309.09090909090907, 315.1515151515151, 321.2121212121212, 327.27272727272725, 333.3333333333333, 339.3939393939394, 345.45454545454544, 351.5151515151515, 357.57575757575756, 363.6363636363636, 369.6969696969697, 375.75757575757575, 381.8181818181818, 387.8787878787879, 393.93939393939394, 400.0, 406.06060606060606, 412.1212121212121, 418.1818181818182, 424.24242424242425, 430.3030303030303, 436.3636363636364, 442.42424242424244, 448.4848484848485, 454.54545454545456, 460.6060606060606, 466.6666666666667, 472.72727272727275, 478.7878787878788, 484.8484848484849, 490.9090909090909, 496.96969696969694, 503.030303030303, 509.09090909090907, 515.1515151515151, 521.2121212121212, 527.2727272727273, 533.3333333333334, 539.3939393939394, 545.4545454545455, 551.5151515151515, 557.5757575757576, 563.6363636363636, 569.6969696969697, 575.7575757575758, 581.8181818181818, 587.8787878787879, 593.9393939393939, 600.0],
         "dplt_at_force_location": -5.041015624999994,
         "maximum_dplt": -5.041015624999994,
         "location_max_dplt": 600.0
    },
     "metadata": {
         "error_code": 0,
         "model": "BendingTestAnalytical",
         "load_case": "Cantilever",
         "description": "",
         "job_name": "",
         "persistent_result_files": "",
         "n_cpus": 1,
         "date": "2026-06-16 18:09:15.985019",
         "cpu_time": 0.1217961311340332,
         "user": "sebastien.bocquet",
         "machine": "PCBM20250036",
         "vims_git_version": "3de96ae2320a30b8a84551033e41da0fca6276ac",
         "directory_archive_root": "C:\\Users\\sebastien.bocquet\\Dev\\vimseo\\docs\\runnable_examples\\model_runs\\archive\\calibration_coupled",
         "directory_archive_job": "C:\\Users\\sebastien.bocquet\\Dev\\vimseo\\docs\\runnable_examples\\model_runs\\archive\\calibration_coupled\\BendingTestAnalytical\\Cantilever\\172",
         "directory_scratch_root": "C:\\Users\\sebastien.bocquet\\Dev\\vimseo\\docs\\runnable_examples\\model_runs\\scratch\\calibration_coupled",
         "directory_scratch_job": ""
    }
}