{
     "inputs": {
         "young_modulus": 220000.0,
         "Cantilever:length": 600.0,
         "Cantilever:width": 30.04931640625,
         "Cantilever:height": 40.17333984375,
         "Cantilever:imposed_dplt": -5.0364990234375,
         "Cantilever:relative_dplt_location": 1.0,
         "Cantilever:nu_p": 0.3
    },
     "outputs": {
         "length": 600.0,
         "width": 30.04931640625,
         "height": 40.17333984375,
         "imposed_dplt": -5.0364990234375,
         "relative_dplt_location": 1.0,
         "nu_p": 0.3,
         "reaction_forces": -2498.5388405343547,
         "moment": [1499123.304320613, 0.0],
         "moment_grid": [0.0, 600.0],
         "dplt": [0.0, -0.000768218719661413, -0.0030624935445961758, -0.006867252473730071, -0.012166923505988882, -0.018945934640298392, -0.027188713875584358, -0.03687968921077262, -0.0480032886447889, -0.06054394017655901, -0.07448607180500871, -0.08981411152906381, -0.10651248734765004, -0.12456562725969327, -0.14395795926411928, -0.1646739113598537, -0.18669791154582246, -0.21001438782095133, -0.234607768184166, -0.2604624806343925, -0.2875629531705563, -0.3158936137915833, -0.3454388904963994, -0.37618321128393023, -0.4081110041531014, -0.4412066971028392, -0.4754547181320691, -0.5108394952397168, -0.5473454564247083, -0.5849570296859692, -0.6236586430224254, -0.6634347244330027, -0.7042697019166266, -0.7461480034722234, -0.7890540570987185, -0.8329722907950374, -0.8778871325601066, -0.9237830103928514, -0.9706443522921977, -1.0184555862570712, -1.067201140286398, -1.1168654423791033, -1.1674329205341134, -1.2188880027503544, -1.2712151170267512, -1.3243986913622299, -1.3784231537557163, -1.4332729322061362, -1.4889324547124152, -1.5453861492734797, -1.602618443888255, -1.660613766555667, -1.7193565452746418, -1.7788312080441042, -1.8390221828629811, -1.8999138977301975, -1.9614907806446793, -2.023737259605353, -2.0866377626111436, -2.150176717660977, -2.2143385527537793, -2.2791076958884755, -2.3444685750639938, -2.4104056182792553, -2.476903253533191, -2.5439459088247234, -2.6115180121527795, -2.679603991516284, -2.748188274914165, -2.8172552903453445, -2.8867894658087523, -2.956775229303312, -3.0271970088279496, -3.098039232381591, -3.169286327963163, -3.2409227235715887, -3.3129328472057975, -3.385301126864711, -3.45801199054726, -3.531049866252366, -3.6043991819789567, -3.678044365725957, -3.751969845492294, -3.8261600492768926, -3.9005994050786774, -3.9752723408965775, -4.050163284729517, -4.125256664576419, -4.200536908436213, -4.275988444307822, -4.351595700190175, -4.427343104082196, -4.503215083982809, -4.579196067890943, -4.655270483805522, -4.731422759725472, -4.807637323649718, -4.8838986035771885, -4.960191027506806, -5.036499023437498],
         "dplt_grid": [0.0, 6.0606060606060606, 12.121212121212121, 18.18181818181818, 24.242424242424242, 30.303030303030305, 36.36363636363636, 42.42424242424242, 48.484848484848484, 54.54545454545455, 60.60606060606061, 66.66666666666667, 72.72727272727272, 78.78787878787878, 84.84848484848484, 90.9090909090909, 96.96969696969697, 103.03030303030303, 109.0909090909091, 115.15151515151516, 121.21212121212122, 127.27272727272727, 133.33333333333334, 139.3939393939394, 145.45454545454544, 151.5151515151515, 157.57575757575756, 163.63636363636363, 169.6969696969697, 175.75757575757575, 181.8181818181818, 187.87878787878788, 193.93939393939394, 200.0, 206.06060606060606, 212.12121212121212, 218.1818181818182, 224.24242424242425, 230.3030303030303, 236.36363636363637, 242.42424242424244, 248.48484848484847, 254.54545454545453, 260.6060606060606, 266.6666666666667, 272.72727272727275, 278.7878787878788, 284.8484848484849, 290.9090909090909, 296.96969696969694, 303.030303030303, 309.09090909090907, 315.1515151515151, 321.2121212121212, 327.27272727272725, 333.3333333333333, 339.3939393939394, 345.45454545454544, 351.5151515151515, 357.57575757575756, 363.6363636363636, 369.6969696969697, 375.75757575757575, 381.8181818181818, 387.8787878787879, 393.93939393939394, 400.0, 406.06060606060606, 412.1212121212121, 418.1818181818182, 424.24242424242425, 430.3030303030303, 436.3636363636364, 442.42424242424244, 448.4848484848485, 454.54545454545456, 460.6060606060606, 466.6666666666667, 472.72727272727275, 478.7878787878788, 484.8484848484849, 490.9090909090909, 496.96969696969694, 503.030303030303, 509.09090909090907, 515.1515151515151, 521.2121212121212, 527.2727272727273, 533.3333333333334, 539.3939393939394, 545.4545454545455, 551.5151515151515, 557.5757575757576, 563.6363636363636, 569.6969696969697, 575.7575757575758, 581.8181818181818, 587.8787878787879, 593.9393939393939, 600.0],
         "dplt_at_force_location": -5.036499023437498,
         "maximum_dplt": -5.036499023437498,
         "location_max_dplt": 600.0
    },
     "metadata": {
         "error_code": 0,
         "model": "BendingTestAnalytical",
         "load_case": "Cantilever",
         "description": "",
         "job_name": "",
         "persistent_result_files": "",
         "n_cpus": 1,
         "date": "2026-03-17 09:05:55.863991",
         "cpu_time": 0.012438058853149414,
         "user": "sebastien.bocquet",
         "machine": "B20191729",
         "vims_git_version": "1b6e7132b9faba0cc93317d127a381ee76a8cb8e",
         "directory_archive_root": "C:\\Users\\sebastien.bocquet\\PycharmProjects\\vimseo\\docs\\runnable_examples\\model_runs\\archive\\calibration_coupled",
         "directory_archive_job": "C:\\Users\\sebastien.bocquet\\PycharmProjects\\vimseo\\docs\\runnable_examples\\model_runs\\archive\\calibration_coupled\\BendingTestAnalytical\\Cantilever\\10",
         "directory_scratch_root": "C:\\Users\\sebastien.bocquet\\PycharmProjects\\vimseo\\docs\\runnable_examples\\model_runs\\scratch\\calibration_coupled",
         "directory_scratch_job": ""
    }
}