{
     "inputs": {
         "length": 602.1298087107903,
         "width": 30.536890657359354,
         "height": 38.80773186277822,
         "imposed_dplt": -15.140275624844877,
         "relative_dplt_location": 0.8775972095388724,
         "young_modulus": 203056.8778535641,
         "nu_p": 0.2994691300063337
    },
     "outputs": {
         "reaction_forces": -9296.404391988686,
         "moment": [4912475.173177991, 0.0, 0.0],
         "moment_grid": [0.0, 528.4274399047646, 602.1298087107903],
         "dplt": [0.0, -0.0029970553137897106, -0.01194204991373695, -0.026765726787708884, -0.04739882892357268, -0.07377209930919545, -0.10581628093244427, -0.1434621167811864, -0.1866403498432889, -0.23528172310661882, -0.2893169795590435, -0.34867686218842997, -0.4132921139826453, -0.48309347792955687, -0.5580116970170317, -0.6379775142329365, -0.7229216725651393, -0.8127749150015071, -0.9074679845299065, -1.006948630930605, -1.11118819688648, -1.2201126343185391, -1.3336457810330977, -1.4517117413892433, -1.5742348862988411, -1.7011398532265276, -1.8323515461897153, -1.967795135758589, -2.1073960590561107, -2.251080019758013, -2.398772988092807, -2.5504012008417742, -2.705891161338973, -2.865169639471234, -3.0281636716781644, -3.1948005609521446, -3.3650078768383267, -3.5387134554346424, -3.715845399391793, -3.896332077913257, -4.0801021267552855, -4.267084448226903, -4.45720821118991, -4.6504028510588835, -4.84659806980117, -5.04572383593689, -5.247710384538946, -5.4524882172330065, -5.659988102197517, -5.8701410741636995, -6.082878434415546, -6.298131750789825, -6.515832857676081, -6.73591385601663, -6.958307113306563, -7.182945263593747, -7.40976120747882, -7.638688112115199, -7.869659411209067, -8.10260880501939, -8.33747026035791, -8.574178010589131, -8.812666555630337, -9.052870661951602, -9.29472536257574, -9.53816595707837, -9.783128011587877, -10.029547358785415, -10.277360097904907, -10.526502594733074, -10.776911481609385, -11.028523657426092, -11.281276287628234, -11.535106804213601, -11.789952905732783, -12.045752557289116, -12.302443990538741, -12.559965703690537, -12.818256461506202, -13.077255295300166, -13.33690150293966, -13.597134648844676, -13.85789456398799, -14.119121345895142, -14.380755358644453, -14.642737232867017, -14.905007865746708, -15.167508421020155, -15.430180328976789, -15.692965286458787, -15.955803058984426, -16.21864515610369, -16.481487253222948, -16.744329350342213, -17.007171447461474, -17.27001354458074, -17.532855641699996, -17.79569773881926, -18.05853983593852, -18.321381933057786],
         "dplt_grid": [0.0, 6.082119279906972, 12.164238559813944, 18.246357839720915, 24.328477119627888, 30.41059639953486, 36.49271567944183, 42.574834959348806, 48.656954239255775, 54.739073519162744, 60.82119279906972, 66.9033120789767, 72.98543135888366, 79.06755063879064, 85.14966991869761, 91.23178919860457, 97.31390847851155, 103.39602775841853, 109.47814703832549, 115.56026631823246, 121.64238559813944, 127.7245048780464, 133.8066241579534, 139.88874343786034, 145.97086271776732, 152.0529819976743, 158.13510127758127, 164.21722055748825, 170.29933983739522, 176.38145911730217, 182.46357839720915, 188.54569767711612, 194.6278169570231, 200.70993623693008, 206.79205551683705, 212.87417479674403, 218.95629407665098, 225.03841335655795, 231.12053263646493, 237.2026519163719, 243.28477119627888, 249.36689047618586, 255.4490097560928, 261.5311290359998, 267.6132483159068, 273.6953675958137, 279.7774868757207, 285.85960615562766, 291.94172543553464, 298.0238447154416, 304.1059639953486, 310.18808327525556, 316.27020255516254, 322.3523218350695, 328.4344411149765, 334.51656039488347, 340.59867967479045, 346.6807989546974, 352.76291823460434, 358.8450375145113, 364.9271567944183, 371.00927607432527, 377.09139535423225, 383.1735146341392, 389.2556339140462, 395.3377531939532, 401.41987247386015, 407.50199175376713, 413.5841110336741, 419.6662303135811, 425.74834959348806, 431.830468873395, 437.91258815330195, 443.99470743320893, 450.0768267131159, 456.1589459930229, 462.24106527292986, 468.32318455283684, 474.4053038327438, 480.4874231126508, 486.56954239255776, 492.65166167246474, 498.7337809523717, 504.8159002322787, 510.8980195121856, 516.9801387920926, 523.0622580719996, 529.1443773519065, 535.2264966318136, 541.3086159117205, 547.3907351916274, 553.4728544715344, 559.5549737514414, 565.6370930313484, 571.7192123112553, 577.8013315911624, 583.8834508710693, 589.9655701509763, 596.0476894308832, 602.1298087107903],
         "dplt_at_force_location": -15.13656583845805,
         "maximum_dplt": -18.321381933057786,
         "location_max_dplt": 602.1298087107903
    },
     "metadata": {
         "error_code": 0,
         "model": "BendingTestAnalytical",
         "load_case": "Cantilever",
         "description": "",
         "job_name": "",
         "persistent_result_files": "",
         "n_cpus": 1,
         "date": "2026-03-26 14:57:55.092610",
         "cpu_time": 0.0033042430877685547,
         "user": "sebastien.bocquet",
         "machine": "IPF7101",
         "vims_git_version": "d0050d8de498c8354552cdde540fb3e524454871",
         "directory_archive_root": "/home/sebastien.bocquet/PycharmProjects/vimseo/docs/runnable_examples/model_runs/archive/uq",
         "directory_archive_job": "/home/sebastien.bocquet/PycharmProjects/vimseo/docs/runnable_examples/model_runs/archive/uq/BendingTestAnalytical/Cantilever/9",
         "directory_scratch_root": "/home/sebastien.bocquet/PycharmProjects/vimseo/docs/runnable_examples/model_runs/scratch/uq",
         "directory_scratch_job": ""
    }
}