{
     "inputs": {
         "young_modulus": 224843.75,
         "Cantilever:length": 600.0,
         "Cantilever:width": 29.8599853515625,
         "Cantilever:height": 40.7510986328125,
         "Cantilever:imposed_dplt": -4.935791015625,
         "Cantilever:relative_dplt_location": 1.0,
         "Cantilever:nu_p": 0.3
    },
     "outputs": {
         "length": 600.0,
         "width": 29.8599853515625,
         "height": 40.7510986328125,
         "imposed_dplt": -4.935791015625,
         "relative_dplt_location": 1.0,
         "nu_p": 0.3,
         "reaction_forces": -2595.5619314898845,
         "moment": [1557337.1588939307, 0.0],
         "moment_grid": [0.0, 600.0],
         "dplt": [0.0, -0.0007528576967640908, -0.0030012570343973836, -0.006729937383911433, -0.011923638116317782, -0.018567098602627955, -0.026645058213853472, -0.0361422563210059, -0.04704343229509674, -0.059333325507137546, -0.07299667532813983, -0.08801822112911518, -0.10438270228107509, -0.12207485815503114, -0.14107942812199487, -0.16138115155297775, -0.1829647678189914, -0.20581501629104737, -0.2299166363401571, -0.2552543673373326, -0.28181294865358475, -0.3095771196599253, -0.3385316197273659, -0.368661188226918, -0.399950564529593, -0.4323844880064027, -0.4659476980283586, -0.5006249339664721, -0.536400935191755, -0.5732604410752185, -0.6111881909878742, -0.650168924300734, -0.6901873803848089, -0.7312282986111109, -0.7732764183506513, -0.8163164789744415, -0.8603332198534934, -0.9053113803588184, -0.951235699861428, -0.9980909177323336, -1.0458617733425468, -1.0945330060630794, -1.1440893552649427, -1.1945155603191484, -1.2457963605967082, -1.2979164954686329, -1.3508607043059346, -1.4046137264796246, -1.4591603013607142, -1.5144851683202156, -1.5705730667291409, -1.6274087359585003, -1.6849769153793055, -1.7432623443625688, -1.802249762279301, -1.8619239085005141, -1.92226952239722, -1.9832713433404292, -2.0449141107011535, -2.107182563850405, -2.170061442159196, -2.2335354849985354, -2.2975894317394374, -2.3622080217529104, -2.4273759944099704, -2.4930780890816258, -2.5592990451388893, -2.6260236019527707, -2.693236498894285, -2.760922475334439, -2.8290662706442484, -2.8976526241947234, -2.966666275356874, -3.0360919635017147, -3.1059144280002546, -3.1761184082235054, -3.2466886435424804, -3.317609873328189, -3.388866836951645, -3.460444273783857, -3.53232692319584, -3.604499524558602, -3.6769468172431568, -3.7496535406205167, -3.8226044340616903, -3.8957842369376925, -3.969177688619533, -4.042769528478223, -4.116544495884775, -4.190487330210198, -4.264582770825508, -4.3388155571017135, -4.413170428409827, -4.487632124120858, -4.56218538360582, -4.636814946235726, -4.711505551381585, -4.786241938414409, -4.86100884670521, -4.935791015625001],
         "dplt_grid": [0.0, 6.0606060606060606, 12.121212121212121, 18.18181818181818, 24.242424242424242, 30.303030303030305, 36.36363636363636, 42.42424242424242, 48.484848484848484, 54.54545454545455, 60.60606060606061, 66.66666666666667, 72.72727272727272, 78.78787878787878, 84.84848484848484, 90.9090909090909, 96.96969696969697, 103.03030303030303, 109.0909090909091, 115.15151515151516, 121.21212121212122, 127.27272727272727, 133.33333333333334, 139.3939393939394, 145.45454545454544, 151.5151515151515, 157.57575757575756, 163.63636363636363, 169.6969696969697, 175.75757575757575, 181.8181818181818, 187.87878787878788, 193.93939393939394, 200.0, 206.06060606060606, 212.12121212121212, 218.1818181818182, 224.24242424242425, 230.3030303030303, 236.36363636363637, 242.42424242424244, 248.48484848484847, 254.54545454545453, 260.6060606060606, 266.6666666666667, 272.72727272727275, 278.7878787878788, 284.8484848484849, 290.9090909090909, 296.96969696969694, 303.030303030303, 309.09090909090907, 315.1515151515151, 321.2121212121212, 327.27272727272725, 333.3333333333333, 339.3939393939394, 345.45454545454544, 351.5151515151515, 357.57575757575756, 363.6363636363636, 369.6969696969697, 375.75757575757575, 381.8181818181818, 387.8787878787879, 393.93939393939394, 400.0, 406.06060606060606, 412.1212121212121, 418.1818181818182, 424.24242424242425, 430.3030303030303, 436.3636363636364, 442.42424242424244, 448.4848484848485, 454.54545454545456, 460.6060606060606, 466.6666666666667, 472.72727272727275, 478.7878787878788, 484.8484848484849, 490.9090909090909, 496.96969696969694, 503.030303030303, 509.09090909090907, 515.1515151515151, 521.2121212121212, 527.2727272727273, 533.3333333333334, 539.3939393939394, 545.4545454545455, 551.5151515151515, 557.5757575757576, 563.6363636363636, 569.6969696969697, 575.7575757575758, 581.8181818181818, 587.8787878787879, 593.9393939393939, 600.0],
         "dplt_at_force_location": -4.935791015625001,
         "maximum_dplt": -4.935791015625001,
         "location_max_dplt": 600.0
    },
     "metadata": {
         "error_code": 0,
         "model": "BendingTestAnalytical",
         "load_case": "Cantilever",
         "description": "",
         "job_name": "",
         "persistent_result_files": "",
         "n_cpus": 1,
         "date": "2026-06-16 18:09:27.573229",
         "cpu_time": 0.14040112495422363,
         "user": "sebastien.bocquet",
         "machine": "PCBM20250036",
         "vims_git_version": "3de96ae2320a30b8a84551033e41da0fca6276ac",
         "directory_archive_root": "C:\\Users\\sebastien.bocquet\\Dev\\vimseo\\docs\\runnable_examples\\model_runs\\archive\\calibration_coupled",
         "directory_archive_job": "C:\\Users\\sebastien.bocquet\\Dev\\vimseo\\docs\\runnable_examples\\model_runs\\archive\\calibration_coupled\\BendingTestAnalytical\\Cantilever\\198",
         "directory_scratch_root": "C:\\Users\\sebastien.bocquet\\Dev\\vimseo\\docs\\runnable_examples\\model_runs\\scratch\\calibration_coupled",
         "directory_scratch_job": ""
    }
}