{
     "inputs": {
         "young_modulus": 220285.80442290206,
         "Cantilever:length": 600.0,
         "Cantilever:width": 29.47705078125,
         "Cantilever:height": 39.377685546875,
         "Cantilever:imposed_dplt": -5.0565185546875,
         "Cantilever:relative_dplt_location": 1.0,
         "Cantilever:nu_p": 0.3
    },
     "outputs": {
         "length": 600.0,
         "width": 29.47705078125,
         "height": 39.377685546875,
         "imposed_dplt": -5.0565185546875,
         "relative_dplt_location": 1.0,
         "nu_p": 0.3,
         "reaction_forces": -2320.379198238495,
         "moment": [1392227.518943097, 0.0],
         "moment_grid": [0.0, 600.0],
         "dplt": [0.0, -0.0007712723048191838, -0.003074666620562963, -0.006894549049160686, -0.012215285692541695, -0.01902124265263533, -0.027296786031370913, -0.03702628193067781, -0.04819409645248535, -0.06078459569872287, -0.0747821457713197, -0.09017111277220517, -0.10693586280330868, -0.12506076196655952, -0.1445301763638871, -0.1653284720972206, -0.18744001526848955, -0.2108491719796233, -0.235540308332551, -0.2614977904292017, -0.28870598437150546, -0.3171492562613913, -0.3468119722007887, -0.3776784982916267, -0.40973320063583474, -0.44296044533534235, -0.47734459849207866, -0.5128700262079733, -0.5495210945849552, -0.5872821697249538, -0.6261376177298987, -0.6660718047017192, -0.7070690967423443, -0.7491138599537037, -0.7921904604377266, -0.8362832642963423, -0.8813766376314802, -0.9274549465450698, -0.9745025571390399, -1.0225038355153204, -1.0714431477758406, -1.1213048600225295, -1.1720733383573165, -1.2237329488821314, -1.2762680576989032, -1.329663030909561, -1.3839022346160348, -1.438970034920253, -1.4948507979241454, -1.5515288897296418, -1.6089886764386707, -1.6672145241531626, -1.726190798975046, -1.7859018670062499, -1.8463320943487047, -1.9074658471043389, -1.969287491375082, -2.0317813932628637, -2.0949319188696127, -2.1587234342972588, -2.223140305647732, -2.2881668990229604, -2.3537875805248745, -2.419986716255401, -2.486748672316473, -2.5540578148100175, -2.6218985098379646, -2.690255123502243, -2.7591120219047833, -2.828453571147513, -2.898264137332364, -2.9685280865612627, -3.0392297849361403, -3.1103535985589255, -3.181883893531549, -3.253805035955937, -3.3261013919340225, -3.3987573275677314, -3.4717572089589974, -3.545085402209745, -3.6187262734219074, -3.6926641886974103, -3.766883514138186, -3.841368615846163, -3.916103859923271, -3.991073612471439, -4.0662622395925965, -4.141654107388671, -4.217233581961596, -4.292985029413296, -4.368892815845704, -4.444941307360746, -4.521114870060355, -4.597397870046457, -4.673774673420985, -4.750229646285865, -4.8267471547430265, -4.903311564894403, -4.979907242841919, -5.056518554687506],
         "dplt_grid": [0.0, 6.0606060606060606, 12.121212121212121, 18.18181818181818, 24.242424242424242, 30.303030303030305, 36.36363636363636, 42.42424242424242, 48.484848484848484, 54.54545454545455, 60.60606060606061, 66.66666666666667, 72.72727272727272, 78.78787878787878, 84.84848484848484, 90.9090909090909, 96.96969696969697, 103.03030303030303, 109.0909090909091, 115.15151515151516, 121.21212121212122, 127.27272727272727, 133.33333333333334, 139.3939393939394, 145.45454545454544, 151.5151515151515, 157.57575757575756, 163.63636363636363, 169.6969696969697, 175.75757575757575, 181.8181818181818, 187.87878787878788, 193.93939393939394, 200.0, 206.06060606060606, 212.12121212121212, 218.1818181818182, 224.24242424242425, 230.3030303030303, 236.36363636363637, 242.42424242424244, 248.48484848484847, 254.54545454545453, 260.6060606060606, 266.6666666666667, 272.72727272727275, 278.7878787878788, 284.8484848484849, 290.9090909090909, 296.96969696969694, 303.030303030303, 309.09090909090907, 315.1515151515151, 321.2121212121212, 327.27272727272725, 333.3333333333333, 339.3939393939394, 345.45454545454544, 351.5151515151515, 357.57575757575756, 363.6363636363636, 369.6969696969697, 375.75757575757575, 381.8181818181818, 387.8787878787879, 393.93939393939394, 400.0, 406.06060606060606, 412.1212121212121, 418.1818181818182, 424.24242424242425, 430.3030303030303, 436.3636363636364, 442.42424242424244, 448.4848484848485, 454.54545454545456, 460.6060606060606, 466.6666666666667, 472.72727272727275, 478.7878787878788, 484.8484848484849, 490.9090909090909, 496.96969696969694, 503.030303030303, 509.09090909090907, 515.1515151515151, 521.2121212121212, 527.2727272727273, 533.3333333333334, 539.3939393939394, 545.4545454545455, 551.5151515151515, 557.5757575757576, 563.6363636363636, 569.6969696969697, 575.7575757575758, 581.8181818181818, 587.8787878787879, 593.9393939393939, 600.0],
         "dplt_at_force_location": -5.056518554687506,
         "maximum_dplt": -5.056518554687506,
         "location_max_dplt": 600.0
    },
     "metadata": {
         "error_code": 0,
         "model": "BendingTestAnalytical",
         "load_case": "Cantilever",
         "description": "",
         "job_name": "",
         "persistent_result_files": "",
         "n_cpus": 1,
         "date": "2026-06-16 18:12:11.055599",
         "cpu_time": 0.14162254333496094,
         "user": "sebastien.bocquet",
         "machine": "PCBM20250036",
         "vims_git_version": "5cd5cf5ab4caf1fa2c2190f0396e06b5b5639fd0",
         "directory_archive_root": "C:\\Users\\sebastien.bocquet\\Dev\\vimseo\\docs\\runnable_examples\\model_runs\\archive\\calibration_scalars",
         "directory_archive_job": "C:\\Users\\sebastien.bocquet\\Dev\\vimseo\\docs\\runnable_examples\\model_runs\\archive\\calibration_scalars\\BendingTestAnalytical\\Cantilever\\861",
         "directory_scratch_root": "C:\\Users\\sebastien.bocquet\\Dev\\vimseo\\docs\\runnable_examples\\model_runs\\scratch\\calibration_scalars",
         "directory_scratch_job": ""
    }
}