{
     "inputs": {
         "young_modulus": 220000.30517578125,
         "Cantilever:length": 600.0,
         "Cantilever:width": 30.1181640625,
         "Cantilever:height": 39.6412353515625,
         "Cantilever:imposed_dplt": -4.913818359375,
         "Cantilever:relative_dplt_location": 1.0,
         "Cantilever:nu_p": 0.3
    },
     "outputs": {
         "length": 600.0,
         "width": 30.1181640625,
         "height": 39.6412353515625,
         "imposed_dplt": -4.913818359375,
         "relative_dplt_location": 1.0,
         "nu_p": 0.3,
         "reaction_forces": -2347.4625596964565,
         "moment": [1408477.535817874, 0.0],
         "moment_grid": [0.0, 600.0],
         "dplt": [0.0, -0.0007495062008592195, -0.0029878963412631036, -0.006699977727950996, -0.011870557667662237, -0.01848444346713617, -0.026526442433112116, -0.03598136187232945, -0.046834009091527476, -0.05906919139744555, -0.07267171609682302, -0.0876263904963992, -0.10391802190291344, -0.12153141762310513, -0.1404513849637136, -0.16066273123147803, -0.18215026373313797, -0.20489878977543274, -0.22889311666510156, -0.2541180517088836, -0.28055840221351863, -0.3081989754857457, -0.3370245788323044, -0.3670200195599338, -0.3981701049753732, -0.4304596423853623, -0.46387343909664025, -0.49839630241594624, -0.5340130396500198, -0.5707084581056002, -0.6084673650894269, -0.647274567908239, -0.687114873868776, -0.7279730902777772, -0.7698340244419821, -0.8126824836681297, -0.8565032752629596, -0.901281206533211, -0.9470010847856234, -0.993647717326936, -1.041205911463888, -1.0896604745032192, -1.1389962137516687, -1.189197936515976, -1.2402504501028802, -1.2921385618191206, -1.3448470789714362, -1.3983608088665669, -1.4526645588112517, -1.5077431361122309, -1.5635813480762424, -1.6201640020100267, -1.6774759052203227, -1.7355018650138696, -1.794226688697407, -1.8536351835776739, -1.9137121569614097, -1.9744424161553544, -2.0358107684662463, -2.0978020212008253, -2.160400981665831, -2.223592457168002, -2.287361255014079, -2.351692182510799, -2.4165700469649045, -2.481979655683131, -2.547905815972222, -2.614333335138913, -2.681247020489947, -2.748631679332059, -2.816472118971994, -2.8847531467164855, -2.953459569872276, -3.0225761957461046, -3.0920878316447116, -3.1619792848748327, -3.2322353627432117, -3.3028408725565837, -3.373780621621693, -3.4450394172452743, -3.5166020667340696, -3.5884533773948157, -3.660578156534256, -3.732961211459126, -3.8055873494761667, -3.8784413778921185, -3.9515081040137194, -4.024772335147707, -4.098218878600826, -4.171832541679809, -4.2455981316914, -4.319500455942335, -4.393524321739359, -4.467654536389205, -4.541875907198615, -4.616173241474329, -4.690531346523083, -4.764935029651623, -4.8393690981666815, -4.913818359375002],
         "dplt_grid": [0.0, 6.0606060606060606, 12.121212121212121, 18.18181818181818, 24.242424242424242, 30.303030303030305, 36.36363636363636, 42.42424242424242, 48.484848484848484, 54.54545454545455, 60.60606060606061, 66.66666666666667, 72.72727272727272, 78.78787878787878, 84.84848484848484, 90.9090909090909, 96.96969696969697, 103.03030303030303, 109.0909090909091, 115.15151515151516, 121.21212121212122, 127.27272727272727, 133.33333333333334, 139.3939393939394, 145.45454545454544, 151.5151515151515, 157.57575757575756, 163.63636363636363, 169.6969696969697, 175.75757575757575, 181.8181818181818, 187.87878787878788, 193.93939393939394, 200.0, 206.06060606060606, 212.12121212121212, 218.1818181818182, 224.24242424242425, 230.3030303030303, 236.36363636363637, 242.42424242424244, 248.48484848484847, 254.54545454545453, 260.6060606060606, 266.6666666666667, 272.72727272727275, 278.7878787878788, 284.8484848484849, 290.9090909090909, 296.96969696969694, 303.030303030303, 309.09090909090907, 315.1515151515151, 321.2121212121212, 327.27272727272725, 333.3333333333333, 339.3939393939394, 345.45454545454544, 351.5151515151515, 357.57575757575756, 363.6363636363636, 369.6969696969697, 375.75757575757575, 381.8181818181818, 387.8787878787879, 393.93939393939394, 400.0, 406.06060606060606, 412.1212121212121, 418.1818181818182, 424.24242424242425, 430.3030303030303, 436.3636363636364, 442.42424242424244, 448.4848484848485, 454.54545454545456, 460.6060606060606, 466.6666666666667, 472.72727272727275, 478.7878787878788, 484.8484848484849, 490.9090909090909, 496.96969696969694, 503.030303030303, 509.09090909090907, 515.1515151515151, 521.2121212121212, 527.2727272727273, 533.3333333333334, 539.3939393939394, 545.4545454545455, 551.5151515151515, 557.5757575757576, 563.6363636363636, 569.6969696969697, 575.7575757575758, 581.8181818181818, 587.8787878787879, 593.9393939393939, 600.0],
         "dplt_at_force_location": -4.913818359375002,
         "maximum_dplt": -4.913818359375002,
         "location_max_dplt": 600.0
    },
     "metadata": {
         "error_code": 0,
         "model": "BendingTestAnalytical",
         "load_case": "Cantilever",
         "description": "",
         "job_name": "",
         "persistent_result_files": "",
         "n_cpus": 1,
         "date": "2026-03-17 09:06:31.476624",
         "cpu_time": 0.0353999137878418,
         "user": "sebastien.bocquet",
         "machine": "B20191729",
         "vims_git_version": "1b6e7132b9faba0cc93317d127a381ee76a8cb8e",
         "directory_archive_root": "C:\\Users\\sebastien.bocquet\\PycharmProjects\\vimseo\\docs\\runnable_examples\\model_runs\\archive\\calibration_scalars",
         "directory_archive_job": "C:\\Users\\sebastien.bocquet\\PycharmProjects\\vimseo\\docs\\runnable_examples\\model_runs\\archive\\calibration_scalars\\BendingTestAnalytical\\Cantilever\\108",
         "directory_scratch_root": "C:\\Users\\sebastien.bocquet\\PycharmProjects\\vimseo\\docs\\runnable_examples\\model_runs\\scratch\\calibration_scalars",
         "directory_scratch_job": ""
    }
}