{
     "inputs": {
         "young_modulus": 224843.75,
         "Cantilever:length": 600.0,
         "Cantilever:width": 30.04931640625,
         "Cantilever:height": 40.17333984375,
         "Cantilever:imposed_dplt": -5.0364990234375,
         "Cantilever:relative_dplt_location": 1.0,
         "Cantilever:nu_p": 0.3
    },
     "outputs": {
         "length": 600.0,
         "width": 30.04931640625,
         "height": 40.17333984375,
         "imposed_dplt": -5.0364990234375,
         "relative_dplt_location": 1.0,
         "nu_p": 0.3,
         "reaction_forces": -2553.5492837563465,
         "moment": [1532129.5702538078, 0.0],
         "moment_grid": [0.0, 600.0],
         "dplt": [0.0, -0.0007682187196614137, -0.0030624935445961745, -0.006867252473730072, -0.012166923505988888, -0.018945934640298402, -0.027188713875584383, -0.03687968921077263, -0.0480032886447889, -0.060543940176559, -0.07448607180500869, -0.08981411152906375, -0.10651248734764995, -0.12456562725969318, -0.1439579592641191, -0.16467391135985351, -0.18669791154582224, -0.21001438782095108, -0.23460776818416576, -0.26046248063439226, -0.287562953170556, -0.315893613791583, -0.3454388904963991, -0.37618321128392984, -0.408111004153101, -0.4412066971028388, -0.4754547181320685, -0.5108394952397162, -0.5473454564247077, -0.5849570296859685, -0.6236586430224247, -0.6634347244330017, -0.7042697019166256, -0.7461480034722223, -0.7890540570987172, -0.8329722907950363, -0.8778871325601054, -0.9237830103928502, -0.9706443522921964, -1.0184555862570701, -1.0672011402863963, -1.1168654423791018, -1.1674329205341119, -1.2188880027503526, -1.2712151170267496, -1.324398691362228, -1.3784231537557146, -1.4332729322061346, -1.4889324547124136, -1.545386149273478, -1.6026184438882531, -1.6606137665556655, -1.71935654527464, -1.7788312080441024, -1.8390221828629791, -1.8999138977301957, -1.9614907806446775, -2.0237372596053516, -2.086637762611142, -2.150176717660975, -2.2143385527537776, -2.279107695888474, -2.344468575063992, -2.4104056182792535, -2.476903253533189, -2.543945908824722, -2.611518012152778, -2.679603991516283, -2.7481882749141637, -2.8172552903453436, -2.886789465808752, -2.9567752293033114, -3.0271970088279487, -3.0980392323815904, -3.1692863279631625, -3.240922723571588, -3.312932847205797, -3.385301126864711, -3.4580119905472597, -3.531049866252366, -3.6043991819789576, -3.6780443657259574, -3.751969845492294, -3.8261600492768926, -3.900599405078678, -3.975272340896578, -4.050163284729517, -4.125256664576418, -4.200536908436214, -4.275988444307823, -4.351595700190176, -4.427343104082197, -4.503215083982811, -4.579196067890944, -4.6552704838055226, -4.731422759725472, -4.807637323649719, -4.8838986035771885, -4.960191027506805, -5.036499023437498],
         "dplt_grid": [0.0, 6.0606060606060606, 12.121212121212121, 18.18181818181818, 24.242424242424242, 30.303030303030305, 36.36363636363636, 42.42424242424242, 48.484848484848484, 54.54545454545455, 60.60606060606061, 66.66666666666667, 72.72727272727272, 78.78787878787878, 84.84848484848484, 90.9090909090909, 96.96969696969697, 103.03030303030303, 109.0909090909091, 115.15151515151516, 121.21212121212122, 127.27272727272727, 133.33333333333334, 139.3939393939394, 145.45454545454544, 151.5151515151515, 157.57575757575756, 163.63636363636363, 169.6969696969697, 175.75757575757575, 181.8181818181818, 187.87878787878788, 193.93939393939394, 200.0, 206.06060606060606, 212.12121212121212, 218.1818181818182, 224.24242424242425, 230.3030303030303, 236.36363636363637, 242.42424242424244, 248.48484848484847, 254.54545454545453, 260.6060606060606, 266.6666666666667, 272.72727272727275, 278.7878787878788, 284.8484848484849, 290.9090909090909, 296.96969696969694, 303.030303030303, 309.09090909090907, 315.1515151515151, 321.2121212121212, 327.27272727272725, 333.3333333333333, 339.3939393939394, 345.45454545454544, 351.5151515151515, 357.57575757575756, 363.6363636363636, 369.6969696969697, 375.75757575757575, 381.8181818181818, 387.8787878787879, 393.93939393939394, 400.0, 406.06060606060606, 412.1212121212121, 418.1818181818182, 424.24242424242425, 430.3030303030303, 436.3636363636364, 442.42424242424244, 448.4848484848485, 454.54545454545456, 460.6060606060606, 466.6666666666667, 472.72727272727275, 478.7878787878788, 484.8484848484849, 490.9090909090909, 496.96969696969694, 503.030303030303, 509.09090909090907, 515.1515151515151, 521.2121212121212, 527.2727272727273, 533.3333333333334, 539.3939393939394, 545.4545454545455, 551.5151515151515, 557.5757575757576, 563.6363636363636, 569.6969696969697, 575.7575757575758, 581.8181818181818, 587.8787878787879, 593.9393939393939, 600.0],
         "dplt_at_force_location": -5.036499023437498,
         "maximum_dplt": -5.036499023437498,
         "location_max_dplt": 600.0
    },
     "metadata": {
         "error_code": 0,
         "model": "BendingTestAnalytical",
         "load_case": "Cantilever",
         "description": "",
         "job_name": "",
         "persistent_result_files": "",
         "n_cpus": 1,
         "date": "2026-03-26 14:57:31.686275",
         "cpu_time": 0.004414796829223633,
         "user": "sebastien.bocquet",
         "machine": "IPF7101",
         "vims_git_version": "d0050d8de498c8354552cdde540fb3e524454871",
         "directory_archive_root": "/home/sebastien.bocquet/PycharmProjects/vimseo/docs/runnable_examples/model_runs/archive/calibration_coupled",
         "directory_archive_job": "/home/sebastien.bocquet/PycharmProjects/vimseo/docs/runnable_examples/model_runs/archive/calibration_coupled/BendingTestAnalytical/Cantilever/70",
         "directory_scratch_root": "/home/sebastien.bocquet/PycharmProjects/vimseo/docs/runnable_examples/model_runs/scratch/calibration_coupled",
         "directory_scratch_job": ""
    }
}