{
     "inputs": {
         "young_modulus": 195505.3483839161,
         "Cantilever:length": 600.0,
         "Cantilever:width": 30.32763671875,
         "Cantilever:height": 39.7525634765625,
         "Cantilever:imposed_dplt": -4.9739990234375,
         "Cantilever:relative_dplt_location": 1.0,
         "Cantilever:nu_p": 0.3
    },
     "outputs": {
         "length": 600.0,
         "width": 30.32763671875,
         "height": 39.7525634765625,
         "imposed_dplt": -4.9739990234375,
         "relative_dplt_location": 1.0,
         "nu_p": 0.3,
         "reaction_forces": -2144.2952540763113,
         "moment": [1286577.1524457869, 0.0],
         "moment_grid": [0.0, 600.0],
         "dplt": [0.0, -0.0007586855757542267, -0.003024489795236442, -0.006782033896775957, -0.012015939118702081, -0.018710826699344117, -0.026851317877031357, -0.03642203389009314, -0.04740759597685873, -0.05979262537565744, -0.07356174332481859, -0.08869957106267148, -0.10519072982754542, -0.12301984085776972, -0.14217152539167371, -0.1626304046675866, -0.1843810999238378, -0.20740823239875664, -0.23169642333067228, -0.25723029395791436, -0.2839944655188118, -0.31197355925169395, -0.34115219639489036, -0.37151499818673017, -0.40304658586554254, -0.4357315806696571, -0.469554603837403, -0.5045002766071096, -0.5405532202171061, -0.5776980559057218, -0.6159194049112862, -0.6552018884721285, -0.6955301278265777, -0.7368887442129636, -0.7792623588696155, -0.8226355930348621, -0.8669930679470332, -0.9123194048444582, -0.9585992249654659, -1.0058171495483863, -1.053957799831548, -1.1030057970532807, -1.1529457624519137, -1.203762317265776, -1.2554400827331977, -1.3079636800925072, -1.3613177305820343, -1.4154868554401079, -1.4704556759050575, -1.5262088132152125, -1.5827308886089022, -1.6400065233244565, -1.6980203386002035, -1.7567569556744733, -1.816200995785595, -1.876337080171898, -1.9371498300717114, -1.9986238667233647, -2.060743811365187, -2.123494285235508, -2.1868599095726564, -2.2508253056149625, -2.315375094600755, -2.3804938977683614, -2.4461663363561144, -2.512377031602341, -2.579110604745372, -2.646351677023535, -2.714084869675161, -2.7822948039385773, -2.8509661010521157, -2.920083382254104, -2.9896312687828717, -3.059594381876747, -3.1299573427740626, -3.2007047727131424, -3.271821292932321, -3.343291524669925, -3.4151000891642855, -3.4872316076537295, -3.5596707013765876, -3.6324019915711876, -3.70541009947586, -3.7786796463289374, -3.852195253368742, -3.92594154183361, -3.999903132961867, -4.074064647991841, -4.148410708161867, -4.2229259347102674, -4.2975949488753775, -4.3724023718955225, -4.447332825009032, -4.522370929454237, -4.597501306469467, -4.672708577293049, -4.747977363163313, -4.823292285318593, -4.898637964997211, -4.973999023437502],
         "dplt_grid": [0.0, 6.0606060606060606, 12.121212121212121, 18.18181818181818, 24.242424242424242, 30.303030303030305, 36.36363636363636, 42.42424242424242, 48.484848484848484, 54.54545454545455, 60.60606060606061, 66.66666666666667, 72.72727272727272, 78.78787878787878, 84.84848484848484, 90.9090909090909, 96.96969696969697, 103.03030303030303, 109.0909090909091, 115.15151515151516, 121.21212121212122, 127.27272727272727, 133.33333333333334, 139.3939393939394, 145.45454545454544, 151.5151515151515, 157.57575757575756, 163.63636363636363, 169.6969696969697, 175.75757575757575, 181.8181818181818, 187.87878787878788, 193.93939393939394, 200.0, 206.06060606060606, 212.12121212121212, 218.1818181818182, 224.24242424242425, 230.3030303030303, 236.36363636363637, 242.42424242424244, 248.48484848484847, 254.54545454545453, 260.6060606060606, 266.6666666666667, 272.72727272727275, 278.7878787878788, 284.8484848484849, 290.9090909090909, 296.96969696969694, 303.030303030303, 309.09090909090907, 315.1515151515151, 321.2121212121212, 327.27272727272725, 333.3333333333333, 339.3939393939394, 345.45454545454544, 351.5151515151515, 357.57575757575756, 363.6363636363636, 369.6969696969697, 375.75757575757575, 381.8181818181818, 387.8787878787879, 393.93939393939394, 400.0, 406.06060606060606, 412.1212121212121, 418.1818181818182, 424.24242424242425, 430.3030303030303, 436.3636363636364, 442.42424242424244, 448.4848484848485, 454.54545454545456, 460.6060606060606, 466.6666666666667, 472.72727272727275, 478.7878787878788, 484.8484848484849, 490.9090909090909, 496.96969696969694, 503.030303030303, 509.09090909090907, 515.1515151515151, 521.2121212121212, 527.2727272727273, 533.3333333333334, 539.3939393939394, 545.4545454545455, 551.5151515151515, 557.5757575757576, 563.6363636363636, 569.6969696969697, 575.7575757575758, 581.8181818181818, 587.8787878787879, 593.9393939393939, 600.0],
         "dplt_at_force_location": -4.973999023437502,
         "maximum_dplt": -4.973999023437502,
         "location_max_dplt": 600.0
    },
     "metadata": {
         "error_code": 0,
         "model": "BendingTestAnalytical",
         "load_case": "Cantilever",
         "description": "",
         "job_name": "",
         "persistent_result_files": "",
         "n_cpus": 1,
         "date": "2026-06-16 18:12:15.736645",
         "cpu_time": 0.25426673889160156,
         "user": "sebastien.bocquet",
         "machine": "PCBM20250036",
         "vims_git_version": "5cd5cf5ab4caf1fa2c2190f0396e06b5b5639fd0",
         "directory_archive_root": "C:\\Users\\sebastien.bocquet\\Dev\\vimseo\\docs\\runnable_examples\\model_runs\\archive\\calibration_scalars",
         "directory_archive_job": "C:\\Users\\sebastien.bocquet\\Dev\\vimseo\\docs\\runnable_examples\\model_runs\\archive\\calibration_scalars\\BendingTestAnalytical\\Cantilever\\874",
         "directory_scratch_root": "C:\\Users\\sebastien.bocquet\\Dev\\vimseo\\docs\\runnable_examples\\model_runs\\scratch\\calibration_scalars",
         "directory_scratch_job": ""
    }
}