{
     "inputs": {
         "young_modulus": 219905.42700239795,
         "Cantilever:length": 600.0,
         "Cantilever:width": 29.47705078125,
         "Cantilever:height": 39.377685546875,
         "Cantilever:imposed_dplt": -5.0565185546875,
         "Cantilever:relative_dplt_location": 1.0,
         "Cantilever:nu_p": 0.3
    },
     "outputs": {
         "length": 600.0,
         "width": 29.47705078125,
         "height": 39.377685546875,
         "imposed_dplt": -5.0565185546875,
         "relative_dplt_location": 1.0,
         "nu_p": 0.3,
         "reaction_forces": -2316.3724949634943,
         "moment": [1389823.4969780967, 0.0],
         "moment_grid": [0.0, 600.0],
         "dplt": [0.0, -0.0007712723048191853, -0.0030746666205629615, -0.006894549049160686, -0.012215285692541697, -0.01902124265263533, -0.027296786031370913, -0.037026281930677814, -0.048194096452485326, -0.060784595698722826, -0.07478214577131963, -0.0901711127722051, -0.10693586280330854, -0.12506076196655935, -0.14453017636388685, -0.16532847209722032, -0.18744001526848925, -0.21084917197962286, -0.2355403083325505, -0.26149779042920157, -0.2887059843715054, -0.31714925626139123, -0.34681197220078863, -0.3776784982916268, -0.40973320063583485, -0.4429604453353425, -0.4773445984920789, -0.5128700262079735, -0.5495210945849556, -0.5872821697249542, -0.6261376177298994, -0.6660718047017199, -0.707069096742345, -0.7491138599537046, -0.7921904604377275, -0.8362832642963431, -0.8813766376314811, -0.9274549465450708, -0.9745025571390411, -1.0225038355153218, -1.0714431477758417, -1.1213048600225306, -1.1720733383573179, -1.223732948882133, -1.2762680576989045, -1.3296630309095625, -1.383902234616036, -1.4389700349202543, -1.4948507979241468, -1.551528889729643, -1.608988676438672, -1.667214524153164, -1.726190798975047, -1.7859018670062512, -1.8463320943487058, -1.90746584710434, -1.969287491375083, -2.0317813932628646, -2.0949319188696136, -2.15872343429726, -2.223140305647733, -2.288166899022961, -2.353787580524874, -2.419986716255402, -2.4867486723164736, -2.554057814810018, -2.6218985098379646, -2.690255123502243, -2.7591120219047833, -2.8284535711475125, -2.8982641373323634, -2.9685280865612618, -3.0392297849361394, -3.110353598558924, -3.1818838935315474, -3.2538050359559354, -3.3261013919340208, -3.3987573275677296, -3.471757208958995, -3.5450854022097427, -3.6187262734219052, -3.692664188697408, -3.766883514138184, -3.8413686158461595, -3.9161038599232683, -3.991073612471436, -4.066262239592593, -4.141654107388668, -4.21723358196159, -4.292985029413291, -4.368892815845699, -4.444941307360741, -4.52111487006035, -4.597397870046453, -4.67377467342098, -4.7502296462858595, -4.826747154743022, -4.903311564894398, -4.979907242841913, -5.056518554687501],
         "dplt_grid": [0.0, 6.0606060606060606, 12.121212121212121, 18.18181818181818, 24.242424242424242, 30.303030303030305, 36.36363636363636, 42.42424242424242, 48.484848484848484, 54.54545454545455, 60.60606060606061, 66.66666666666667, 72.72727272727272, 78.78787878787878, 84.84848484848484, 90.9090909090909, 96.96969696969697, 103.03030303030303, 109.0909090909091, 115.15151515151516, 121.21212121212122, 127.27272727272727, 133.33333333333334, 139.3939393939394, 145.45454545454544, 151.5151515151515, 157.57575757575756, 163.63636363636363, 169.6969696969697, 175.75757575757575, 181.8181818181818, 187.87878787878788, 193.93939393939394, 200.0, 206.06060606060606, 212.12121212121212, 218.1818181818182, 224.24242424242425, 230.3030303030303, 236.36363636363637, 242.42424242424244, 248.48484848484847, 254.54545454545453, 260.6060606060606, 266.6666666666667, 272.72727272727275, 278.7878787878788, 284.8484848484849, 290.9090909090909, 296.96969696969694, 303.030303030303, 309.09090909090907, 315.1515151515151, 321.2121212121212, 327.27272727272725, 333.3333333333333, 339.3939393939394, 345.45454545454544, 351.5151515151515, 357.57575757575756, 363.6363636363636, 369.6969696969697, 375.75757575757575, 381.8181818181818, 387.8787878787879, 393.93939393939394, 400.0, 406.06060606060606, 412.1212121212121, 418.1818181818182, 424.24242424242425, 430.3030303030303, 436.3636363636364, 442.42424242424244, 448.4848484848485, 454.54545454545456, 460.6060606060606, 466.6666666666667, 472.72727272727275, 478.7878787878788, 484.8484848484849, 490.9090909090909, 496.96969696969694, 503.030303030303, 509.09090909090907, 515.1515151515151, 521.2121212121212, 527.2727272727273, 533.3333333333334, 539.3939393939394, 545.4545454545455, 551.5151515151515, 557.5757575757576, 563.6363636363636, 569.6969696969697, 575.7575757575758, 581.8181818181818, 587.8787878787879, 593.9393939393939, 600.0],
         "dplt_at_force_location": -5.056518554687501,
         "maximum_dplt": -5.056518554687501,
         "location_max_dplt": 600.0
    },
     "metadata": {
         "error_code": 0,
         "model": "BendingTestAnalytical",
         "load_case": "Cantilever",
         "description": "",
         "job_name": "",
         "persistent_result_files": "",
         "n_cpus": 1,
         "date": "2026-06-16 18:11:07.303430",
         "cpu_time": 0.2026219367980957,
         "user": "sebastien.bocquet",
         "machine": "PCBM20250036",
         "vims_git_version": "5cd5cf5ab4caf1fa2c2190f0396e06b5b5639fd0",
         "directory_archive_root": "C:\\Users\\sebastien.bocquet\\Dev\\vimseo\\docs\\runnable_examples\\model_runs\\archive\\calibration_scalars",
         "directory_archive_job": "C:\\Users\\sebastien.bocquet\\Dev\\vimseo\\docs\\runnable_examples\\model_runs\\archive\\calibration_scalars\\BendingTestAnalytical\\Cantilever\\645",
         "directory_scratch_root": "C:\\Users\\sebastien.bocquet\\Dev\\vimseo\\docs\\runnable_examples\\model_runs\\scratch\\calibration_scalars",
         "directory_scratch_job": ""
    }
}