{
     "inputs": {
         "young_modulus": 224779.052734375,
         "Cantilever:length": 600.0,
         "Cantilever:width": 29.4056396484375,
         "Cantilever:height": 40.0960693359375,
         "Cantilever:imposed_dplt": -5.01708984375,
         "Cantilever:relative_dplt_location": 1.0,
         "Cantilever:nu_p": 0.3
    },
     "outputs": {
         "length": 600.0,
         "width": 29.4056396484375,
         "height": 40.0960693359375,
         "imposed_dplt": -5.01708984375,
         "relative_dplt_location": 1.0,
         "nu_p": 0.3,
         "reaction_forces": -2474.1726639225803,
         "moment": [1484503.5983535482, 0.0],
         "moment_grid": [0.0, 600.0],
         "dplt": [0.0, -0.0007652582316121114, -0.0030506915989942252, -0.006840788110965023, -0.01212003577634318, -0.018872922603947368, -0.027083936602596233, -0.03673756578110849, -0.04781829814830279, -0.06031062171299778, -0.07419902448401217, -0.08946799447016461, -0.10610201968027377, -0.12408558812315837, -0.1434031878076371, -0.16403930674252853, -0.1859784329366514, -0.20920505439882447, -0.23370365913786623, -0.2594587351625953, -0.2864547704818307, -0.31467625310439085, -0.34410767103909456, -0.3747335122947604, -0.40653826488020683, -0.43950641680425306, -0.4736224560757174, -0.5088708707034185, -0.5452361486961752, -0.582702778062806, -0.6212552468121297, -0.660878042952965, -0.7015556544941306, -0.7432725694444449, -0.786013275812727, -0.8297622616077951, -0.874504014838468, -0.9202230235135647, -0.9669037756419034, -1.0145307592323034, -1.0630884622935826, -1.1125613728345602, -1.1629339788640547, -1.214190768390885, -1.2663162294238697, -1.3192948499718269, -1.373111118043576, -1.4277495216479352, -1.483194548793723, -1.5394306874897592, -1.596442425744861, -1.6542142515678488, -1.7127306529675397, -1.771976117952753, -1.8319351345323074, -1.8925921907150216, -1.9539317745097138, -2.015938373925203, -2.0785964769703082, -2.141890571653848, -2.2058051459846406, -2.270324687971504, -2.3354336856232596, -2.4011166269487227, -2.4673579999567146, -2.534142292656052, -2.6014539930555554, -2.6692775891640417, -2.737597568990332, -2.8063984205432413, -2.875664631831593, -2.945380690864201, -3.015531085649887, -3.0861003041974677, -3.157072834515765, -3.2284331646135933, -3.300165782499775, -3.372255176183125, -3.4446858336724673, -3.5174422429766157, -3.5905088921043906, -3.66387026906461, -3.737510861866094, -3.8114151585176614, -3.885567647028129, -3.959952815406318, -4.034555151661044, -4.109359143801126, -4.184349279835388, -4.2595100477726415, -4.33482593562171, -4.410281431391408, -4.485861023090559, -4.5615491987279775, -4.637330446312486, -4.7131892538528986, -4.789110109358037, -4.865077500836722, -4.941075916297766, -5.017089843749995],
         "dplt_grid": [0.0, 6.0606060606060606, 12.121212121212121, 18.18181818181818, 24.242424242424242, 30.303030303030305, 36.36363636363636, 42.42424242424242, 48.484848484848484, 54.54545454545455, 60.60606060606061, 66.66666666666667, 72.72727272727272, 78.78787878787878, 84.84848484848484, 90.9090909090909, 96.96969696969697, 103.03030303030303, 109.0909090909091, 115.15151515151516, 121.21212121212122, 127.27272727272727, 133.33333333333334, 139.3939393939394, 145.45454545454544, 151.5151515151515, 157.57575757575756, 163.63636363636363, 169.6969696969697, 175.75757575757575, 181.8181818181818, 187.87878787878788, 193.93939393939394, 200.0, 206.06060606060606, 212.12121212121212, 218.1818181818182, 224.24242424242425, 230.3030303030303, 236.36363636363637, 242.42424242424244, 248.48484848484847, 254.54545454545453, 260.6060606060606, 266.6666666666667, 272.72727272727275, 278.7878787878788, 284.8484848484849, 290.9090909090909, 296.96969696969694, 303.030303030303, 309.09090909090907, 315.1515151515151, 321.2121212121212, 327.27272727272725, 333.3333333333333, 339.3939393939394, 345.45454545454544, 351.5151515151515, 357.57575757575756, 363.6363636363636, 369.6969696969697, 375.75757575757575, 381.8181818181818, 387.8787878787879, 393.93939393939394, 400.0, 406.06060606060606, 412.1212121212121, 418.1818181818182, 424.24242424242425, 430.3030303030303, 436.3636363636364, 442.42424242424244, 448.4848484848485, 454.54545454545456, 460.6060606060606, 466.6666666666667, 472.72727272727275, 478.7878787878788, 484.8484848484849, 490.9090909090909, 496.96969696969694, 503.030303030303, 509.09090909090907, 515.1515151515151, 521.2121212121212, 527.2727272727273, 533.3333333333334, 539.3939393939394, 545.4545454545455, 551.5151515151515, 557.5757575757576, 563.6363636363636, 569.6969696969697, 575.7575757575758, 581.8181818181818, 587.8787878787879, 593.9393939393939, 600.0],
         "dplt_at_force_location": -5.017089843749995,
         "maximum_dplt": -5.017089843749995,
         "location_max_dplt": 600.0
    },
     "metadata": {
         "error_code": 0,
         "model": "BendingTestAnalytical",
         "load_case": "Cantilever",
         "description": "",
         "job_name": "",
         "persistent_result_files": "",
         "n_cpus": 1,
         "date": "2026-03-26 14:57:32.820302",
         "cpu_time": 0.005030155181884766,
         "user": "sebastien.bocquet",
         "machine": "IPF7101",
         "vims_git_version": "d0050d8de498c8354552cdde540fb3e524454871",
         "directory_archive_root": "/home/sebastien.bocquet/PycharmProjects/vimseo/docs/runnable_examples/model_runs/archive/calibration_coupled",
         "directory_archive_job": "/home/sebastien.bocquet/PycharmProjects/vimseo/docs/runnable_examples/model_runs/archive/calibration_coupled/BendingTestAnalytical/Cantilever/111",
         "directory_scratch_root": "/home/sebastien.bocquet/PycharmProjects/vimseo/docs/runnable_examples/model_runs/scratch/calibration_coupled",
         "directory_scratch_job": ""
    }
}