{
     "inputs": {
         "x": 1.4990234375,
         "Dummy:x_1": 0.9944541492686033
    },
     "outputs": {
         "x_1": 0.9944541492686033,
         "y": [0.9944541492686033, 1.0095958001524417, 1.0247374510362801, 1.0398791019201186, 1.0550207528039568, 1.0701624036877952, 1.0853040545716337, 1.100445705455472, 1.1155873563393104, 1.1307290072231488, 1.145870658106987, 1.1610123089908255, 1.176153959874664, 1.1912956107585022, 1.2064372616423407, 1.2215789125261791, 1.2367205634100176, 1.2518622142938558, 1.2670038651776943, 1.2821455160615327, 1.2972871669453712, 1.3124288178292094, 1.3275704687130478, 1.3427121195968863, 1.3578537704807245, 1.372995421364563, 1.3881370722484014, 1.4032787231322397, 1.4184203740160781, 1.4335620248999166, 1.4487036757837548, 1.4638453266675933, 1.4789869775514317, 1.49412862843527, 1.5092702793191084, 1.5244119302029469, 1.539553581086785, 1.5546952319706235, 1.569836882854462, 1.5849785337383002, 1.600120184622139, 1.6152618355059771, 1.6304034863898154, 1.6455451372736538, 1.6606867881574923, 1.6758284390413305, 1.6909700899251692, 1.7061117408090074, 1.7212533916928456, 1.7363950425766843, 1.7515366934605225, 1.766678344344361, 1.7818199952281994, 1.7969616461120377, 1.8121032969958761, 1.8272449478797146, 1.8423865987635528, 1.8575282496473913, 1.8726699005312297, 1.887811551415068, 1.9029532022989064, 1.9180948531827449, 1.933236504066583, 1.9483781549504218, 1.96351980583426, 1.9786614567180982, 1.993803107601937, 2.008944758485775, 2.0240864093696134, 2.039228060253452, 2.0543697111372903, 2.0695113620211285, 2.084653012904967, 2.0997946637888054, 2.1149363146726436, 2.1300779655564823, 2.1452196164403206, 2.160361267324159, 2.1755029182079975, 2.1906445690918357, 2.2057862199756744, 2.2209278708595126, 2.236069521743351, 2.251211172627189, 2.2663528235110277, 2.281494474394866, 2.296636125278704, 2.311777776162543, 2.326919427046381, 2.34206107793022, 2.357202728814058, 2.3723443796978962, 2.387486030581735, 2.402627681465573, 2.4177693323494114, 2.43291098323325, 2.4480526341170883, 2.4631942850009265, 2.478335935884765, 2.4934775867686034],
         "y_axis": [0.0, 0.010101010101010102, 0.020202020202020204, 0.030303030303030304, 0.04040404040404041, 0.05050505050505051, 0.06060606060606061, 0.07070707070707072, 0.08080808080808081, 0.09090909090909091, 0.10101010101010102, 0.11111111111111112, 0.12121212121212122, 0.13131313131313133, 0.14141414141414144, 0.15151515151515152, 0.16161616161616163, 0.17171717171717174, 0.18181818181818182, 0.19191919191919193, 0.20202020202020204, 0.21212121212121213, 0.22222222222222224, 0.23232323232323235, 0.24242424242424243, 0.25252525252525254, 0.26262626262626265, 0.27272727272727276, 0.2828282828282829, 0.29292929292929293, 0.30303030303030304, 0.31313131313131315, 0.32323232323232326, 0.33333333333333337, 0.3434343434343435, 0.3535353535353536, 0.36363636363636365, 0.37373737373737376, 0.38383838383838387, 0.393939393939394, 0.4040404040404041, 0.4141414141414142, 0.42424242424242425, 0.43434343434343436, 0.4444444444444445, 0.4545454545454546, 0.4646464646464647, 0.4747474747474748, 0.48484848484848486, 0.494949494949495, 0.5050505050505051, 0.5151515151515152, 0.5252525252525253, 0.5353535353535354, 0.5454545454545455, 0.5555555555555556, 0.5656565656565657, 0.5757575757575758, 0.5858585858585859, 0.595959595959596, 0.6060606060606061, 0.6161616161616162, 0.6262626262626263, 0.6363636363636365, 0.6464646464646465, 0.6565656565656566, 0.6666666666666667, 0.6767676767676768, 0.686868686868687, 0.696969696969697, 0.7070707070707072, 0.7171717171717172, 0.7272727272727273, 0.7373737373737375, 0.7474747474747475, 0.7575757575757577, 0.7676767676767677, 0.7777777777777778, 0.787878787878788, 0.797979797979798, 0.8080808080808082, 0.8181818181818182, 0.8282828282828284, 0.8383838383838385, 0.8484848484848485, 0.8585858585858587, 0.8686868686868687, 0.8787878787878789, 0.888888888888889, 0.8989898989898991, 0.9090909090909092, 0.9191919191919192, 0.9292929292929294, 0.9393939393939394, 0.9494949494949496, 0.9595959595959597, 0.9696969696969697, 0.9797979797979799, 0.98989898989899, 1.0]
    },
     "metadata": {
         "error_code": 0,
         "model": "MockCurves",
         "load_case": "Dummy",
         "description": "",
         "job_name": "",
         "persistent_result_files": "",
         "n_cpus": 1,
         "date": "2026-03-17 09:05:35.501299",
         "cpu_time": 0.01031351089477539,
         "user": "sebastien.bocquet",
         "machine": "B20191729",
         "vims_git_version": "1b6e7132b9faba0cc93317d127a381ee76a8cb8e",
         "directory_archive_root": "C:\\Users\\sebastien.bocquet\\PycharmProjects\\vimseo\\docs\\runnable_examples\\model_runs\\archive\\calibration_curves",
         "directory_archive_job": "C:\\Users\\sebastien.bocquet\\PycharmProjects\\vimseo\\docs\\runnable_examples\\model_runs\\archive\\calibration_curves\\MockCurves\\Dummy\\23",
         "directory_scratch_root": "C:\\Users\\sebastien.bocquet\\PycharmProjects\\vimseo\\docs\\runnable_examples\\model_runs\\scratch\\calibration_curves",
         "directory_scratch_job": ""
    }
}