{
     "inputs": {
         "x": 1.53125,
         "Dummy:x_1": 0.9944541492686033
    },
     "outputs": {
         "x_1": 0.9944541492686033,
         "y": [0.9944541492686033, 1.0099213209857751, 1.0253884927029469, 1.0408556644201186, 1.0563228361372903, 1.071790007854462, 1.0872571795716337, 1.1027243512888054, 1.1181915230059771, 1.1336586947231488, 1.1491258664403206, 1.1645930381574923, 1.180060209874664, 1.1955273815918357, 1.2109945533090074, 1.2264617250261791, 1.2419288967433508, 1.2573960684605225, 1.2728632401776943, 1.288330411894866, 1.3037975836120377, 1.3192647553292094, 1.334731927046381, 1.3501990987635528, 1.3656662704807245, 1.3811334421978962, 1.396600613915068, 1.4120677856322397, 1.4275349573494114, 1.443002129066583, 1.4584693007837548, 1.4739364725009265, 1.4894036442180982, 1.50487081593527, 1.5203379876524417, 1.5358051593696134, 1.551272331086785, 1.5667395028039568, 1.5822066745211285, 1.5976738462383002, 1.613141017955472, 1.6286081896726436, 1.6440753613898154, 1.659542533106987, 1.6750097048241588, 1.6904768765413305, 1.7059440482585024, 1.7214112199756741, 1.7368783916928456, 1.7523455634100173, 1.767812735127189, 1.783279906844361, 1.7987470785615327, 1.8142142502787042, 1.8296814219958761, 1.8451485937130478, 1.8606157654302198, 1.8760829371473913, 1.8915501088645628, 1.9070172805817347, 1.9224844522989064, 1.9379516240160783, 1.9534187957332498, 1.9688859674504218, 1.9843531391675933, 1.9998203108847648, 2.015287482601937, 2.0307546543191086, 2.0462218260362803, 2.061688997753452, 2.0771561694706238, 2.0926233411877955, 2.108090512904967, 2.123557684622139, 2.1390248563393106, 2.1544920280564823, 2.169959199773654, 2.1854263714908257, 2.2008935432079975, 2.216360714925169, 2.231827886642341, 2.2472950583595126, 2.2627622300766843, 2.278229401793856, 2.2936965735110277, 2.3091637452281994, 2.324630916945371, 2.340098088662543, 2.3555652603797146, 2.3710324320968863, 2.386499603814058, 2.4019667755312297, 2.4174339472484014, 2.432901118965573, 2.448368290682745, 2.4638354623999166, 2.4793026341170883, 2.49476980583426, 2.5102369775514317, 2.5257041492686034],
         "y_axis": [0.0, 0.010101010101010102, 0.020202020202020204, 0.030303030303030304, 0.04040404040404041, 0.05050505050505051, 0.06060606060606061, 0.07070707070707072, 0.08080808080808081, 0.09090909090909091, 0.10101010101010102, 0.11111111111111112, 0.12121212121212122, 0.13131313131313133, 0.14141414141414144, 0.15151515151515152, 0.16161616161616163, 0.17171717171717174, 0.18181818181818182, 0.19191919191919193, 0.20202020202020204, 0.21212121212121213, 0.22222222222222224, 0.23232323232323235, 0.24242424242424243, 0.25252525252525254, 0.26262626262626265, 0.27272727272727276, 0.2828282828282829, 0.29292929292929293, 0.30303030303030304, 0.31313131313131315, 0.32323232323232326, 0.33333333333333337, 0.3434343434343435, 0.3535353535353536, 0.36363636363636365, 0.37373737373737376, 0.38383838383838387, 0.393939393939394, 0.4040404040404041, 0.4141414141414142, 0.42424242424242425, 0.43434343434343436, 0.4444444444444445, 0.4545454545454546, 0.4646464646464647, 0.4747474747474748, 0.48484848484848486, 0.494949494949495, 0.5050505050505051, 0.5151515151515152, 0.5252525252525253, 0.5353535353535354, 0.5454545454545455, 0.5555555555555556, 0.5656565656565657, 0.5757575757575758, 0.5858585858585859, 0.595959595959596, 0.6060606060606061, 0.6161616161616162, 0.6262626262626263, 0.6363636363636365, 0.6464646464646465, 0.6565656565656566, 0.6666666666666667, 0.6767676767676768, 0.686868686868687, 0.696969696969697, 0.7070707070707072, 0.7171717171717172, 0.7272727272727273, 0.7373737373737375, 0.7474747474747475, 0.7575757575757577, 0.7676767676767677, 0.7777777777777778, 0.787878787878788, 0.797979797979798, 0.8080808080808082, 0.8181818181818182, 0.8282828282828284, 0.8383838383838385, 0.8484848484848485, 0.8585858585858587, 0.8686868686868687, 0.8787878787878789, 0.888888888888889, 0.8989898989898991, 0.9090909090909092, 0.9191919191919192, 0.9292929292929294, 0.9393939393939394, 0.9494949494949496, 0.9595959595959597, 0.9696969696969697, 0.9797979797979799, 0.98989898989899, 1.0]
    },
     "metadata": {
         "error_code": 0,
         "model": "MockCurves",
         "load_case": "Dummy",
         "description": "",
         "job_name": "",
         "persistent_result_files": "",
         "n_cpus": 1,
         "date": "2026-03-17 09:05:34.330965",
         "cpu_time": 0.0035429000854492188,
         "user": "sebastien.bocquet",
         "machine": "B20191729",
         "vims_git_version": "1b6e7132b9faba0cc93317d127a381ee76a8cb8e",
         "directory_archive_root": "C:\\Users\\sebastien.bocquet\\PycharmProjects\\vimseo\\docs\\runnable_examples\\model_runs\\archive\\calibration_curves",
         "directory_archive_job": "C:\\Users\\sebastien.bocquet\\PycharmProjects\\vimseo\\docs\\runnable_examples\\model_runs\\archive\\calibration_curves\\MockCurves\\Dummy\\13",
         "directory_scratch_root": "C:\\Users\\sebastien.bocquet\\PycharmProjects\\vimseo\\docs\\runnable_examples\\model_runs\\scratch\\calibration_curves",
         "directory_scratch_job": ""
    }
}