{
     "inputs": {
         "length": 599.4996564192223,
         "width": 30.49439084981611,
         "height": 39.642057002857946,
         "imposed_dplt": -4.9688010391103195,
         "relative_dplt_location": 0.9051456950182121,
         "young_modulus": 213754.65608654573,
         "nu_p": 0.29305165848814974
    },
     "outputs": {
         "reaction_forces": -3156.991557123694,
         "moment": [1713092.639830149, 0.0, 0.0],
         "moment_grid": [0.0, 542.6345331727564, 599.4996564192223],
         "dplt": [0.0, -0.0009247343185258117, -0.0036851264196535367, -0.008260460021708632, -0.014630018843016533, -0.022773086601902685, -0.032668947016692526, -0.04429688380571151, -0.05763618068728502, -0.07266612137973856, -0.08936598960139755, -0.10771506907058745, -0.1276926435056337, -0.1492779966248617, -0.1724504121465969, -0.1971891737891648, -0.22347356527089085, -0.25128287031010044, -0.2805963726251191, -0.3113933559342725, -0.3436531039558855, -0.3773549004082839, -0.41247802900979313, -0.4490017734787385, -0.4869054175334456, -0.5261682448922398, -0.5667695392734464, -0.6086885843953911, -0.6519046639763993, -0.6963970617347963, -0.7421450613889077, -0.7891279466570589, -0.8373250012575753, -0.8867155089087821, -0.9372787533290053, -0.9889940182365701, -1.0418405873498016, -1.0957977443870255, -1.1508447730665678, -1.2069609571067526, -1.2641255802259068, -1.3223179261423548, -1.3815172785744227, -1.4417029212404353, -1.5028541378587188, -1.5649502121475978, -1.627970427825399, -1.6918940686104467, -1.7567004182210666, -1.8223687603755838, -1.8888783787923251, -1.9562085571896146, -2.024338579285778, -2.0932477287991405, -2.1629152894480286, -2.233320544950767, -2.304442779025682, -2.3762612753910966, -2.448755317765339, -2.5219041898667336, -2.5956871754136057, -2.670083558124281, -2.745072621717085, -2.820633649910341, -2.8967459264223785, -2.9733887349715205, -3.0505413592760924, -3.1281830830544206, -3.206293190024829, -3.2848509639056447, -3.3638356884151914, -3.443226647271798, -3.5230031241937847, -3.6031444028994812, -3.683629767107212, -3.764438500535302, -3.845549886902075, -3.9269432099258585, -4.008597753324979, -4.090492800817761, -4.172607636122526, -4.254921542957606, -4.337413805041324, -4.420062079483979, -4.50283897596127, -4.585723133996147, -4.668695538566277, -4.751738963298003, -4.834837970466351, -4.917978910995033, -5.001149924456443, -5.084340939071654, -5.167543671710426, -5.250751627891196, -5.33396010178109, -5.41716617619591, -5.500368722600146, -5.583568401106967, -5.666767660478223, -5.749970738124453],
         "dplt_grid": [0.0, 6.05555208504265, 12.1111041700853, 18.16665625512795, 24.2222083401706, 30.27776042521325, 36.3333125102559, 42.38886459529855, 48.4444166803412, 54.49996876538385, 60.5555208504265, 66.61107293546915, 72.6666250205118, 78.72217710555445, 84.7777291905971, 90.83328127563975, 96.8888333606824, 102.94438544572505, 108.9999375307677, 115.05548961581034, 121.111041700853, 127.16659378589564, 133.2221458709383, 139.27769795598095, 145.3332500410236, 151.38880212606625, 157.4443542111089, 163.49990629615155, 169.5554583811942, 175.61101046623685, 181.6665625512795, 187.72211463632215, 193.7776667213648, 199.83321880640744, 205.8887708914501, 211.94432297649274, 217.9998750615354, 224.05542714657804, 230.1109792316207, 236.16653131666334, 242.222083401706, 248.27763548674864, 254.33318757179129, 260.38873965683393, 266.4442917418766, 272.49984382691923, 278.5553959119619, 284.61094799700453, 290.6665000820472, 296.7220521670898, 302.7776042521325, 308.8331563371751, 314.8887084222178, 320.9442605072604, 326.9998125923031, 333.0553646773457, 339.1109167623884, 345.166468847431, 351.2220209324737, 357.2775730175163, 363.333125102559, 369.3886771876016, 375.4442292726443, 381.4997813576869, 387.5553334427296, 393.61088552777227, 399.6664376128149, 405.72198969785757, 411.7775417829002, 417.83309386794286, 423.8886459529855, 429.94419803802816, 435.9997501230708, 442.05530220811346, 448.1108542931561, 454.16640637819876, 460.2219584632414, 466.27751054828406, 472.3330626333267, 478.38861471836935, 484.444166803412, 490.49971888845465, 496.5552709734973, 502.61082305853995, 508.66637514358257, 514.7219272286252, 520.7774793136679, 526.8330313987105, 532.8885834837532, 538.9441355687958, 544.9996876538385, 551.0552397388811, 557.1107918239238, 563.1663439089664, 569.2218959940091, 575.2774480790517, 581.3330001640944, 587.3885522491371, 593.4441043341797, 599.4996564192223],
         "dplt_at_force_location": -4.96866530663435,
         "maximum_dplt": -5.749970738124453,
         "location_max_dplt": 599.4996564192223
    },
     "metadata": {
         "error_code": 0,
         "model": "BendingTestAnalytical",
         "load_case": "Cantilever",
         "description": "",
         "job_name": "",
         "persistent_result_files": "",
         "n_cpus": 1,
         "date": "2026-03-17 09:07:36.181909",
         "cpu_time": 0.012136220932006836,
         "user": "sebastien.bocquet",
         "machine": "B20191729",
         "vims_git_version": "1b6e7132b9faba0cc93317d127a381ee76a8cb8e",
         "directory_archive_root": "C:\\Users\\sebastien.bocquet\\PycharmProjects\\vimseo\\docs\\runnable_examples\\model_runs\\archive\\sensitivity",
         "directory_archive_job": "C:\\Users\\sebastien.bocquet\\PycharmProjects\\vimseo\\docs\\runnable_examples\\model_runs\\archive\\sensitivity\\BendingTestAnalytical\\Cantilever\\25",
         "directory_scratch_root": "C:\\Users\\sebastien.bocquet\\PycharmProjects\\vimseo\\docs\\runnable_examples\\model_runs\\scratch\\sensitivity",
         "directory_scratch_job": ""
    }
}