{
     "inputs": {
         "young_modulus": 219999.90463256836,
         "Cantilever:length": 600.0,
         "Cantilever:width": 29.61376953125,
         "Cantilever:height": 39.2391357421875,
         "Cantilever:imposed_dplt": -4.9503173828125,
         "Cantilever:relative_dplt_location": 1.0,
         "Cantilever:nu_p": 0.3
    },
     "outputs": {
         "length": 600.0,
         "width": 29.61376953125,
         "height": 39.2391357421875,
         "imposed_dplt": -4.9503173828125,
         "relative_dplt_location": 1.0,
         "nu_p": 0.3,
         "reaction_forces": -2255.24529881059,
         "moment": [1353147.179286354, 0.0],
         "moment_grid": [0.0, 600.0],
         "dplt": [0.0, -0.0007550734079456439, -0.003010089937080604, -0.006749744045351938, -0.01195873019070669, -0.018621742831091914, -0.02672347642445463, -0.03624862542874192, -0.0471818843019008, -0.059507947501878315, -0.07321150948662156, -0.08827726471407753, -0.10468990764219327, -0.12243413272891589, -0.14149463443219243, -0.16185610720996982, -0.18350324552019523, -0.2064207438208157, -0.23059329656977828, -0.25600559822502994, -0.2826423432445178, -0.31048822608618887, -0.33952794120799035, -0.3697461830678691, -0.401127646123772, -0.43365702483364654, -0.4673190136554395, -0.502098307047098, -0.5379795994665691, -0.5749475853717997, -0.612986959220737, -0.6520824154713281, -0.6922186485815198, -0.7333803530092594, -0.775552223212494, -0.8187189536491702, -0.8628652387772356, -0.907975773054637, -0.9540352509393212, -1.0010283668892355, -1.0489398153623268, -1.0977542908165425, -1.1474564877098294, -1.1980311005001347, -1.2494628236454053, -1.3017363516035885, -1.3548363788326305, -1.4087475997904793, -1.4634547089350811, -1.518942400724384, -1.5751953696163343, -1.6321983100688795, -1.6899359165399663, -1.7483928834875417, -1.807553905369553, -1.8674036766439475, -1.9279268917686714, -1.9891082452016726, -2.050932431400897, -2.1133841448242934, -2.176448079929808, -2.240108931175387, -2.3043513930189787, -2.3691601599185286, -2.434519926331986, -2.5004153867172954, -2.566831235532407, -2.6337521672352646, -2.701162876283818, -2.769048057136011, -2.8373924042497944, -2.906180612083112, -2.975397375093913, -3.0450273877401437, -3.1150553444797517, -3.185465939770682, -3.2562438680708845, -3.327373823838303, -3.3988405015308896, -3.470628595606586, -3.542722800523342, -3.615107810739103, -3.6877683207118177, -3.7606890248994334, -3.8338546177598953, -3.9072497937511534, -3.9808592473311513, -4.054667672957837, -4.128659765089161, -4.2028202181830645, -4.277133726697499, -4.351584985090408, -4.4261586878197425, -4.500839529343447, -4.57561220411947, -4.650461406605757, -4.725371831260256, -4.800328172540914, -4.8753151249056765, -4.950317382812496],
         "dplt_grid": [0.0, 6.0606060606060606, 12.121212121212121, 18.18181818181818, 24.242424242424242, 30.303030303030305, 36.36363636363636, 42.42424242424242, 48.484848484848484, 54.54545454545455, 60.60606060606061, 66.66666666666667, 72.72727272727272, 78.78787878787878, 84.84848484848484, 90.9090909090909, 96.96969696969697, 103.03030303030303, 109.0909090909091, 115.15151515151516, 121.21212121212122, 127.27272727272727, 133.33333333333334, 139.3939393939394, 145.45454545454544, 151.5151515151515, 157.57575757575756, 163.63636363636363, 169.6969696969697, 175.75757575757575, 181.8181818181818, 187.87878787878788, 193.93939393939394, 200.0, 206.06060606060606, 212.12121212121212, 218.1818181818182, 224.24242424242425, 230.3030303030303, 236.36363636363637, 242.42424242424244, 248.48484848484847, 254.54545454545453, 260.6060606060606, 266.6666666666667, 272.72727272727275, 278.7878787878788, 284.8484848484849, 290.9090909090909, 296.96969696969694, 303.030303030303, 309.09090909090907, 315.1515151515151, 321.2121212121212, 327.27272727272725, 333.3333333333333, 339.3939393939394, 345.45454545454544, 351.5151515151515, 357.57575757575756, 363.6363636363636, 369.6969696969697, 375.75757575757575, 381.8181818181818, 387.8787878787879, 393.93939393939394, 400.0, 406.06060606060606, 412.1212121212121, 418.1818181818182, 424.24242424242425, 430.3030303030303, 436.3636363636364, 442.42424242424244, 448.4848484848485, 454.54545454545456, 460.6060606060606, 466.6666666666667, 472.72727272727275, 478.7878787878788, 484.8484848484849, 490.9090909090909, 496.96969696969694, 503.030303030303, 509.09090909090907, 515.1515151515151, 521.2121212121212, 527.2727272727273, 533.3333333333334, 539.3939393939394, 545.4545454545455, 551.5151515151515, 557.5757575757576, 563.6363636363636, 569.6969696969697, 575.7575757575758, 581.8181818181818, 587.8787878787879, 593.9393939393939, 600.0],
         "dplt_at_force_location": -4.950317382812496,
         "maximum_dplt": -4.950317382812496,
         "location_max_dplt": 600.0
    },
     "metadata": {
         "error_code": 0,
         "model": "BendingTestAnalytical",
         "load_case": "Cantilever",
         "description": "",
         "job_name": "",
         "persistent_result_files": "",
         "n_cpus": 1,
         "date": "2026-03-26 14:57:49.824859",
         "cpu_time": 0.009914159774780273,
         "user": "sebastien.bocquet",
         "machine": "IPF7101",
         "vims_git_version": "d0050d8de498c8354552cdde540fb3e524454871",
         "directory_archive_root": "/home/sebastien.bocquet/PycharmProjects/vimseo/docs/runnable_examples/model_runs/archive/calibration_scalars",
         "directory_archive_job": "/home/sebastien.bocquet/PycharmProjects/vimseo/docs/runnable_examples/model_runs/archive/calibration_scalars/BendingTestAnalytical/Cantilever/479",
         "directory_scratch_root": "/home/sebastien.bocquet/PycharmProjects/vimseo/docs/runnable_examples/model_runs/scratch/calibration_scalars",
         "directory_scratch_job": ""
    }
}