{
     "inputs": {
         "young_modulus": 219280.42700239795,
         "Cantilever:length": 600.0,
         "Cantilever:width": 30.57470703125,
         "Cantilever:height": 39.9837646484375,
         "Cantilever:imposed_dplt": -5.054931640625,
         "Cantilever:relative_dplt_location": 1.0,
         "Cantilever:nu_p": 0.3
    },
     "outputs": {
         "length": 600.0,
         "width": 30.57470703125,
         "height": 39.9837646484375,
         "imposed_dplt": -5.054931640625,
         "relative_dplt_location": 1.0,
         "nu_p": 0.3,
         "reaction_forces": -2507.3488631761757,
         "moment": [1504409.3179057054, 0.0],
         "moment_grid": [0.0, 600.0],
         "dplt": [0.0, -0.0007710302523371667, -0.0030737016816143772, -0.006892385296230206, -0.012211452104583227, -0.01901527311507201, -0.027288219336095113, -0.03701466177605114, -0.04817897144333862, -0.06076551934635615, -0.07475867649350229, -0.09014281389317563, -0.10690230255377471, -0.1250215134836981, -0.14448481769134447, -0.16527658618511226, -0.1873811899734001, -0.21078300006460657, -0.23546638746713025, -0.2614157231893692, -0.2886153782397229, -0.3170497236265894, -0.34670313035836753, -0.3775599694434556, -0.40960461189025216, -0.442821428707156, -0.47719479090256567, -0.5127090694848797, -0.5493486354624966, -0.5870978598438148, -0.6259411136372333, -0.6658627678511502, -0.7068471934939642, -0.7488787615740742, -0.7919418430998784, -0.8360208090797753, -0.881100030522164, -0.9271638784354426, -0.9741967238280097, -1.0221829377082639, -1.071106891084604, -1.1209529549654282, -1.1717055003591355, -1.2233488982741245, -1.275867519718793, -1.3292457357015406, -1.383467917230765, -1.4385184353148648, -1.4943816609622393, -1.5510419651812863, -1.608483718980405, -1.6666912933679945, -1.7256490593524516, -1.7853413879421762, -1.8457526501455668, -1.9068672169710212, -1.9686694594269385, -2.0311437485217185, -2.094274455263757, -2.158045950661454, -2.2224426057232094, -2.2874487914574195, -2.353048878872485, -2.4192272389768013, -2.4859682427787715, -2.55325626128679, -2.6210756655092577, -2.689410826454572, -2.7582461151311337, -2.827565902547338, -2.8973545597115855, -2.9675964576322746, -3.038275967317804, -3.1093774597765713, -3.180885306016977, -3.2527838770474173, -3.3250575438762926, -3.3976906775119993, -3.470667648962939, -3.5439728292375086, -3.6175905893441063, -3.6915053002911304, -3.7657013330869806, -3.840163058740057, -3.914874848258753, -3.989821072651474, -4.064986102926614, -4.1403543100925715, -4.215910065157747, -4.291637739130536, -4.367521703019342, -4.443546327832559, -4.51969598457859, -4.595955044265828, -4.672307877902677, -4.748738856497532, -4.825232351058791, -4.901772732594857, -4.978344372114124, -5.054931640624995],
         "dplt_grid": [0.0, 6.0606060606060606, 12.121212121212121, 18.18181818181818, 24.242424242424242, 30.303030303030305, 36.36363636363636, 42.42424242424242, 48.484848484848484, 54.54545454545455, 60.60606060606061, 66.66666666666667, 72.72727272727272, 78.78787878787878, 84.84848484848484, 90.9090909090909, 96.96969696969697, 103.03030303030303, 109.0909090909091, 115.15151515151516, 121.21212121212122, 127.27272727272727, 133.33333333333334, 139.3939393939394, 145.45454545454544, 151.5151515151515, 157.57575757575756, 163.63636363636363, 169.6969696969697, 175.75757575757575, 181.8181818181818, 187.87878787878788, 193.93939393939394, 200.0, 206.06060606060606, 212.12121212121212, 218.1818181818182, 224.24242424242425, 230.3030303030303, 236.36363636363637, 242.42424242424244, 248.48484848484847, 254.54545454545453, 260.6060606060606, 266.6666666666667, 272.72727272727275, 278.7878787878788, 284.8484848484849, 290.9090909090909, 296.96969696969694, 303.030303030303, 309.09090909090907, 315.1515151515151, 321.2121212121212, 327.27272727272725, 333.3333333333333, 339.3939393939394, 345.45454545454544, 351.5151515151515, 357.57575757575756, 363.6363636363636, 369.6969696969697, 375.75757575757575, 381.8181818181818, 387.8787878787879, 393.93939393939394, 400.0, 406.06060606060606, 412.1212121212121, 418.1818181818182, 424.24242424242425, 430.3030303030303, 436.3636363636364, 442.42424242424244, 448.4848484848485, 454.54545454545456, 460.6060606060606, 466.6666666666667, 472.72727272727275, 478.7878787878788, 484.8484848484849, 490.9090909090909, 496.96969696969694, 503.030303030303, 509.09090909090907, 515.1515151515151, 521.2121212121212, 527.2727272727273, 533.3333333333334, 539.3939393939394, 545.4545454545455, 551.5151515151515, 557.5757575757576, 563.6363636363636, 569.6969696969697, 575.7575757575758, 581.8181818181818, 587.8787878787879, 593.9393939393939, 600.0],
         "dplt_at_force_location": -5.054931640624995,
         "maximum_dplt": -5.054931640624995,
         "location_max_dplt": 600.0
    },
     "metadata": {
         "error_code": 0,
         "model": "BendingTestAnalytical",
         "load_case": "Cantilever",
         "description": "",
         "job_name": "",
         "persistent_result_files": "",
         "n_cpus": 1,
         "date": "2026-06-16 18:11:15.216550",
         "cpu_time": 0.22283315658569336,
         "user": "sebastien.bocquet",
         "machine": "PCBM20250036",
         "vims_git_version": "5cd5cf5ab4caf1fa2c2190f0396e06b5b5639fd0",
         "directory_archive_root": "C:\\Users\\sebastien.bocquet\\Dev\\vimseo\\docs\\runnable_examples\\model_runs\\archive\\calibration_scalars",
         "directory_archive_job": "C:\\Users\\sebastien.bocquet\\Dev\\vimseo\\docs\\runnable_examples\\model_runs\\archive\\calibration_scalars\\BendingTestAnalytical\\Cantilever\\673",
         "directory_scratch_root": "C:\\Users\\sebastien.bocquet\\Dev\\vimseo\\docs\\runnable_examples\\model_runs\\scratch\\calibration_scalars",
         "directory_scratch_job": ""
    }
}