{
     "inputs": {
         "length": 614.683501058659,
         "width": 29.20505270396521,
         "height": 40.83011567307112,
         "imposed_dplt": -5.157488028508631,
         "relative_dplt_location": 0.8737981587187659,
         "young_modulus": 215441.79097928895,
         "nu_p": 0.3036293437319709
    },
     "outputs": {
         "reaction_forces": -3563.85453174194,
         "moment": [1914179.4535444637, 0.0, 0.0],
         "moment_grid": [0.0, 537.1093114198608, 614.683501058659],
         "dplt": [0.0, -0.0010298172212593745, -0.00410333472169759, -0.009196651256304795, -0.01628586558007114, -0.025347076447986783, -0.03635638261504186, -0.04928988283622653, -0.06412367586653096, -0.08083386046094528, -0.09939653537445967, -0.11978779936206425, -0.14198375117874912, -0.16596048957950457, -0.19169411331932068, -0.21916072115318738, -0.24833641183609512, -0.2791972841230339, -0.31171960353766914, -0.3458968648414204, -0.3817144584436043, -0.4191452132184393, -0.4581620796061602, -0.4987381296130184, -0.5408465568112821, -0.5844606763392359, -0.6295539249011806, -0.6760998607674337, -0.7240721637743295, -0.7734446353242178, -0.8241911983854666, -0.8762858974924594, -0.929702898745596, -0.984416489811293, -1.040401079921984, -1.0976311998761183, -1.1560815020381618, -1.215726760338598, -1.2765418702739257, -1.3385018489066607, -1.401581834865335, -1.465757088344498, -1.5310029911047143, -1.5972950464725661, -1.664608879340652, -1.7329202361675862, -1.802204984978, -1.872439115362543, -1.9435987384778777, -2.0156600870466854, -2.088599515357664, -2.162393499265528, -2.237018636191006, -2.3124516451208463, -2.388669366607813, -2.465648762770685, -2.5433669172942595, -2.6218010354293493, -2.700928443992783, -2.7807265913674097, -2.8611730475020885, -2.942245503911702, -3.0239217736771424, -3.1061797914453244, -3.1889976134291746, -3.2723534174076394, -3.356225502725682, -3.4405922902942785, -3.5254323225904236, -3.6107242636571306, -3.6964468991034267, -3.782579136104355, -3.869100003400976, -3.955988651300367, -4.043224351675625, -4.130786497965858, -4.218654605176194, -4.306808309877774, -4.39522737020776, -4.4838916658693275, -4.572781198131672, -4.66187608983, -4.751156585365538, -4.84060305070553, -4.930195973383234, -5.019915962497925, -5.109743748714896, -5.199660184265457, -5.28964624294693, -5.37968302012266, -5.469751732722001, -5.559830707689219, -5.64990969371474, -5.739988679740262, -5.830067665765782, -5.920146651791303, -6.010225637816823, -6.1003046238423435, -6.190383609867865, -6.280462595893385],
         "dplt_grid": [0.0, 6.208924253117767, 12.417848506235535, 18.6267727593533, 24.83569701247107, 31.044621265588837, 37.2535455187066, 43.462469771824374, 49.67139402494214, 55.8803182780599, 62.089242531177675, 68.29816678429545, 74.5070910374132, 80.71601529053098, 86.92493954364875, 93.1338637967665, 99.34278804988428, 105.55171230300205, 111.7606365561198, 117.96956080923758, 124.17848506235535, 130.38740931547312, 136.5963335685909, 142.80525782170864, 149.0141820748264, 155.22310632794418, 161.43203058106195, 167.64095483417972, 173.8498790872975, 180.05880334041524, 186.267727593533, 192.47665184665078, 198.68557609976855, 204.89450035288633, 211.1034246060041, 217.31234885912187, 223.5212731122396, 229.73019736535738, 235.93912161847516, 242.14804587159293, 248.3569701247107, 254.56589437782847, 260.77481863094624, 266.983742884064, 273.1926671371818, 279.40159139029953, 285.6105156434173, 291.8194398965351, 298.0283641496528, 304.2372884027706, 310.44621265588836, 316.65513690900616, 322.8640611621239, 329.07298541524165, 335.28190966835945, 341.4908339214772, 347.699758174595, 353.90868242771273, 360.1176066808305, 366.3265309339483, 372.535455187066, 378.7443794401838, 384.95330369330156, 391.16222794641936, 397.3711521995371, 403.58007645265485, 409.78900070577265, 415.9979249588904, 422.2068492120082, 428.41577346512594, 434.62469771824374, 440.8336219713615, 447.0425462244792, 453.251470477597, 459.46039473071477, 465.66931898383257, 471.8782432369503, 478.08716749006805, 484.29609174318585, 490.5050159963036, 496.7139402494214, 502.92286450253914, 509.13178875565694, 515.3407130087747, 521.5496372618925, 527.7585615150102, 533.967485768128, 540.1764100212457, 546.3853342743636, 552.5942585274813, 558.8031827805991, 565.0121070337168, 571.2210312868345, 577.4299555399524, 583.6388797930701, 589.8478040461879, 596.0567282993056, 602.2656525524234, 608.4745768055412, 614.683501058659],
         "dplt_at_force_location": -5.155243057807494,
         "maximum_dplt": -6.280462595893385,
         "location_max_dplt": 614.683501058659
    },
     "metadata": {
         "error_code": 0,
         "model": "BendingTestAnalytical",
         "load_case": "Cantilever",
         "description": "",
         "job_name": "",
         "persistent_result_files": "",
         "n_cpus": 1,
         "date": "2026-03-17 09:07:35.202046",
         "cpu_time": 0.006491184234619141,
         "user": "sebastien.bocquet",
         "machine": "B20191729",
         "vims_git_version": "1b6e7132b9faba0cc93317d127a381ee76a8cb8e",
         "directory_archive_root": "C:\\Users\\sebastien.bocquet\\PycharmProjects\\vimseo\\docs\\runnable_examples\\model_runs\\archive\\sensitivity",
         "directory_archive_job": "C:\\Users\\sebastien.bocquet\\PycharmProjects\\vimseo\\docs\\runnable_examples\\model_runs\\archive\\sensitivity\\BendingTestAnalytical\\Cantilever\\8",
         "directory_scratch_root": "C:\\Users\\sebastien.bocquet\\PycharmProjects\\vimseo\\docs\\runnable_examples\\model_runs\\scratch\\sensitivity",
         "directory_scratch_job": ""
    }
}