{
     "inputs": {
         "young_modulus": 218846.72309824295,
         "Cantilever:length": 600.0,
         "Cantilever:width": 30.0101318359375,
         "Cantilever:height": 39.2188720703125,
         "Cantilever:imposed_dplt": -5.0433349609375,
         "Cantilever:relative_dplt_location": 1.0,
         "Cantilever:nu_p": 0.3
    },
     "outputs": {
         "length": 600.0,
         "width": 30.0101318359375,
         "height": 39.2188720703125,
         "imposed_dplt": -5.0433349609375,
         "relative_dplt_location": 1.0,
         "nu_p": 0.3,
         "reaction_forces": -2312.582954039047,
         "moment": [1387549.772423428, 0.0],
         "moment_grid": [0.0, 600.0],
         "dplt": [0.0, -0.000769261407276262, -0.003066650204682396, -0.006876573255584421, -0.012183437423348365, -0.018971649571340246, -0.027225616562926082, -0.036929745261471913, -0.048068442530343744, -0.0606261152329076, -0.07458717023252952, -0.0899360143925755, -0.10665705457641157, -0.12473469764740377, -0.1441533504689181, -0.16489741990432058, -0.18695131281697724, -0.21029943607025417, -0.23492619652751726, -0.2608160010521323, -0.28795325650746584, -0.31632236975688366, -0.3459077476637519, -0.3766937970914364, -0.4086649249033031, -0.4418055379627183, -0.47610004313304793, -0.5115328472776579, -0.5480883572599144, -0.5857509799431833, -0.6245051221908308, -0.6643351908662227, -0.7052255928327251, -0.7471607349537042, -0.7901250240925257, -0.8341028671125557, -0.8790786708771605, -0.925036842249706, -0.971961788093558, -1.0198379152720827, -1.0686496306486462, -1.1183813410866141, -1.1690174534493531, -1.2205423746002286, -1.2729405114026076, -1.3261962707198547, -1.3802940594153368, -1.4352182843524195, -1.4909533523944691, -1.5474836704048516, -1.604793645246933, -1.6628676837840801, -1.7216901928796573, -1.7812455793970317, -1.841518250199569, -1.9024926121506356, -1.9641530721135971, -2.0264840369518193, -2.089469913528669, -2.153095108707512, -2.217344029351714, -2.2822010823246406, -2.34765067448966, -2.413677212710135, -2.4802651038494337, -2.547398754770921, -2.6150625723379646, -2.6832409634139287, -2.7519183348621814, -2.8210790935460857, -2.890707646329011, -2.9607884000743203, -3.031305761645382, -3.10224413790556, -3.173587935718223, -3.2453215619467333, -3.3174294234544615, -3.389895927104768, -3.4627054797610257, -3.535842488286595, -3.609291359544845, -3.683036500399138, -3.7570623177128444, -3.831353218349329, -3.9058936091719563, -3.9806678970440936, -4.0556604888291075, -4.130855791390362, -4.206238211591225, -4.28179215629506, -4.357502032365237, -4.433352246665118, -4.509327206058072, -4.5854113174074635, -4.6615889875766605, -4.737844623429024, -4.814162631827925, -4.8905274196367285, -4.966923393718799, -5.043334960937504],
         "dplt_grid": [0.0, 6.0606060606060606, 12.121212121212121, 18.18181818181818, 24.242424242424242, 30.303030303030305, 36.36363636363636, 42.42424242424242, 48.484848484848484, 54.54545454545455, 60.60606060606061, 66.66666666666667, 72.72727272727272, 78.78787878787878, 84.84848484848484, 90.9090909090909, 96.96969696969697, 103.03030303030303, 109.0909090909091, 115.15151515151516, 121.21212121212122, 127.27272727272727, 133.33333333333334, 139.3939393939394, 145.45454545454544, 151.5151515151515, 157.57575757575756, 163.63636363636363, 169.6969696969697, 175.75757575757575, 181.8181818181818, 187.87878787878788, 193.93939393939394, 200.0, 206.06060606060606, 212.12121212121212, 218.1818181818182, 224.24242424242425, 230.3030303030303, 236.36363636363637, 242.42424242424244, 248.48484848484847, 254.54545454545453, 260.6060606060606, 266.6666666666667, 272.72727272727275, 278.7878787878788, 284.8484848484849, 290.9090909090909, 296.96969696969694, 303.030303030303, 309.09090909090907, 315.1515151515151, 321.2121212121212, 327.27272727272725, 333.3333333333333, 339.3939393939394, 345.45454545454544, 351.5151515151515, 357.57575757575756, 363.6363636363636, 369.6969696969697, 375.75757575757575, 381.8181818181818, 387.8787878787879, 393.93939393939394, 400.0, 406.06060606060606, 412.1212121212121, 418.1818181818182, 424.24242424242425, 430.3030303030303, 436.3636363636364, 442.42424242424244, 448.4848484848485, 454.54545454545456, 460.6060606060606, 466.6666666666667, 472.72727272727275, 478.7878787878788, 484.8484848484849, 490.9090909090909, 496.96969696969694, 503.030303030303, 509.09090909090907, 515.1515151515151, 521.2121212121212, 527.2727272727273, 533.3333333333334, 539.3939393939394, 545.4545454545455, 551.5151515151515, 557.5757575757576, 563.6363636363636, 569.6969696969697, 575.7575757575758, 581.8181818181818, 587.8787878787879, 593.9393939393939, 600.0],
         "dplt_at_force_location": -5.043334960937504,
         "maximum_dplt": -5.043334960937504,
         "location_max_dplt": 600.0
    },
     "metadata": {
         "error_code": 0,
         "model": "BendingTestAnalytical",
         "load_case": "Cantilever",
         "description": "",
         "job_name": "",
         "persistent_result_files": "",
         "n_cpus": 1,
         "date": "2026-03-26 14:57:43.230017",
         "cpu_time": 0.007041215896606445,
         "user": "sebastien.bocquet",
         "machine": "IPF7101",
         "vims_git_version": "d0050d8de498c8354552cdde540fb3e524454871",
         "directory_archive_root": "/home/sebastien.bocquet/PycharmProjects/vimseo/docs/runnable_examples/model_runs/archive/calibration_scalars",
         "directory_archive_job": "/home/sebastien.bocquet/PycharmProjects/vimseo/docs/runnable_examples/model_runs/archive/calibration_scalars/BendingTestAnalytical/Cantilever/277",
         "directory_scratch_root": "/home/sebastien.bocquet/PycharmProjects/vimseo/docs/runnable_examples/model_runs/scratch/calibration_scalars",
         "directory_scratch_job": ""
    }
}