{
     "inputs": {
         "young_modulus": 224780.2734375,
         "Cantilever:length": 600.0,
         "Cantilever:width": 29.7513427734375,
         "Cantilever:height": 39.251953125,
         "Cantilever:imposed_dplt": -5.041015625,
         "Cantilever:relative_dplt_location": 1.0,
         "Cantilever:nu_p": 0.3
    },
     "outputs": {
         "length": 600.0,
         "width": 29.7513427734375,
         "height": 39.251953125,
         "imposed_dplt": -5.041015625,
         "relative_dplt_location": 1.0,
         "nu_p": 0.3,
         "reaction_forces": -2359.6787551961233,
         "moment": [1415807.253117674, 0.0],
         "moment_grid": [0.0, 600.0],
         "dplt": [0.0, -0.000768907638264082, -0.0030652399092960005, -0.006873410847455279, -0.012177834487101434, -0.018962924862593968, -0.027213096008292373, -0.03691276195855619, -0.048046336747744896, -0.060598234410218006, -0.07455286898033503, -0.08989465449245551, -0.10660800498093893, -0.1246773344801448, -0.14408705702443272, -0.16482158664816204, -0.18686533738569244, -0.21020272327138342, -0.23481815833959432, -0.2606960566246845, -0.287820832161014, -0.31617689898294205, -0.3457486711248283, -0.37652056262103206, -0.40847698750591277, -0.4416023598138302, -0.4758810935791438, -0.5112976028362131, -0.5478363016193974, -0.5854816039630565, -0.6242179239015497, -0.6640296754692366, -0.7049012727004766, -0.7468171296296295, -0.7897616602910545, -0.8337192787191111, -0.8786743989481592, -0.924611435012558, -0.9715148009466671, -1.0193689107848458, -1.0681581785614538, -1.1178670183108506, -1.1684798440673958, -1.219981069865449, -1.2723551097393693, -1.3255863777235164, -1.37965928785225, -1.434558254159929, -1.4902676906809134, -1.5467720114495633, -1.6040556305002371, -1.6621029618672956, -1.720898419585097, -1.7804264176880014, -1.8406713702103683, -1.9016176911865565, -1.963249794650927, -2.0255520946378387, -2.0885090051816504, -2.1521049403167223, -2.2163243140774136, -2.281151540498083, -2.346571033613093, -2.4125672074567994, -2.4791244760635647, -2.5462272534677455, -2.613859953703704, -2.682006990805798, -2.750652778808389, -2.819781731745833, -2.889378263652493, -2.959426788562727, -3.029911720510895, -3.1008174735313543, -3.1721284616584686, -3.2438290989265934, -3.3159037993700915, -3.3883369770233194, -3.46111304592064, -3.534216420096409, -3.6076315135849892, -3.6813427404207366, -3.7553345146380144, -3.8295912502711804, -3.9040973613545935, -3.978837261922614, -4.053795366009603, -4.128956087649916, -4.204303840877918, -4.279823039727963, -4.3554980982344125, -4.431313430431627, -4.507253450353966, -4.583302572035787, -4.6594452095114525, -4.735665776815319, -4.811948687981749, -4.8882783570451, -4.9646391980397295, -5.0410156250000036],
         "dplt_grid": [0.0, 6.0606060606060606, 12.121212121212121, 18.18181818181818, 24.242424242424242, 30.303030303030305, 36.36363636363636, 42.42424242424242, 48.484848484848484, 54.54545454545455, 60.60606060606061, 66.66666666666667, 72.72727272727272, 78.78787878787878, 84.84848484848484, 90.9090909090909, 96.96969696969697, 103.03030303030303, 109.0909090909091, 115.15151515151516, 121.21212121212122, 127.27272727272727, 133.33333333333334, 139.3939393939394, 145.45454545454544, 151.5151515151515, 157.57575757575756, 163.63636363636363, 169.6969696969697, 175.75757575757575, 181.8181818181818, 187.87878787878788, 193.93939393939394, 200.0, 206.06060606060606, 212.12121212121212, 218.1818181818182, 224.24242424242425, 230.3030303030303, 236.36363636363637, 242.42424242424244, 248.48484848484847, 254.54545454545453, 260.6060606060606, 266.6666666666667, 272.72727272727275, 278.7878787878788, 284.8484848484849, 290.9090909090909, 296.96969696969694, 303.030303030303, 309.09090909090907, 315.1515151515151, 321.2121212121212, 327.27272727272725, 333.3333333333333, 339.3939393939394, 345.45454545454544, 351.5151515151515, 357.57575757575756, 363.6363636363636, 369.6969696969697, 375.75757575757575, 381.8181818181818, 387.8787878787879, 393.93939393939394, 400.0, 406.06060606060606, 412.1212121212121, 418.1818181818182, 424.24242424242425, 430.3030303030303, 436.3636363636364, 442.42424242424244, 448.4848484848485, 454.54545454545456, 460.6060606060606, 466.6666666666667, 472.72727272727275, 478.7878787878788, 484.8484848484849, 490.9090909090909, 496.96969696969694, 503.030303030303, 509.09090909090907, 515.1515151515151, 521.2121212121212, 527.2727272727273, 533.3333333333334, 539.3939393939394, 545.4545454545455, 551.5151515151515, 557.5757575757576, 563.6363636363636, 569.6969696969697, 575.7575757575758, 581.8181818181818, 587.8787878787879, 593.9393939393939, 600.0],
         "dplt_at_force_location": -5.0410156250000036,
         "maximum_dplt": -5.0410156250000036,
         "location_max_dplt": 600.0
    },
     "metadata": {
         "error_code": 0,
         "model": "BendingTestAnalytical",
         "load_case": "Cantilever",
         "description": "",
         "job_name": "",
         "persistent_result_files": "",
         "n_cpus": 1,
         "date": "2026-06-16 18:09:50.610506",
         "cpu_time": 0.15244150161743164,
         "user": "sebastien.bocquet",
         "machine": "PCBM20250036",
         "vims_git_version": "3de96ae2320a30b8a84551033e41da0fca6276ac",
         "directory_archive_root": "C:\\Users\\sebastien.bocquet\\Dev\\vimseo\\docs\\runnable_examples\\model_runs\\archive\\calibration_coupled",
         "directory_archive_job": "C:\\Users\\sebastien.bocquet\\Dev\\vimseo\\docs\\runnable_examples\\model_runs\\archive\\calibration_coupled\\BendingTestAnalytical\\Cantilever\\244",
         "directory_scratch_root": "C:\\Users\\sebastien.bocquet\\Dev\\vimseo\\docs\\runnable_examples\\model_runs\\scratch\\calibration_coupled",
         "directory_scratch_job": ""
    }
}