{
     "inputs": {
         "length": 600.5983845617221,
         "width": 29.849144468734387,
         "height": 40.006425044594174,
         "imposed_dplt": -14.514526976707488,
         "relative_dplt_location": 0.8784938296615824,
         "young_modulus": 206390.20099409713,
         "nu_p": 0.2963907925998415
    },
     "outputs": {
         "reaction_forces": -9745.05885167635,
         "moment": [5141707.197249318, 0.0, 0.0],
         "moment_grid": [0.0, 527.6219749421871, 600.5983845617221],
         "dplt": [0.0, -0.0028673361318479877, -0.0114252168415746, -0.025607450600453885, -0.04534784587975981, -0.07058021115076638, -0.10123835488474754, -0.1372560855529773, -0.17856721162672962, -0.22510554157727852, -0.2768048838758979, -0.33359904699386195, -0.3954218394024446, -0.46220706957291946, -0.5338885459765614, -0.6104000770846437, -0.6916754713684404, -0.7776485372992257, -0.8682530833482738, -0.9634357901538324, -1.0631667436224423, -1.167376373363683, -1.2759925095105253, -1.3889432133093798, -1.5061567771201, -1.6275617244159808, -1.753086809783758, -1.8826610189236086, -2.016213568649153, -2.1536739068874495, -2.2949717126790024, -2.4400368961777525, -2.588799598651087, -2.7411901924798316, -2.8971392811582537, -3.056577699294063, -3.2194365126084112, -3.3856470179358893, -3.555140743224531, -3.7278494475358115, -3.903705121044649, -4.0826399850394, -4.264586491921865, -4.449477325207284, -4.637245399524343, -4.827823860615162, -5.0211460853353085, -5.217145681653788, -5.415756488653054, -5.616912576528991, -5.820548246590931, -6.026598031261651, -6.234996694077362, -6.4456792296877214, -6.658580863855823, -6.8736370534582125, -7.090783486484867, -7.309956082039202, -7.53109099033809, -7.7541245927118325, -7.978993501604174, -8.205634560572308, -8.433984844286854, -8.663981658531894, -8.895562540204931, -9.128665257316925, -9.363227808992267, -9.599188425468796, -9.836485568097785, -10.07505792934396, -10.314844432785481, -10.555784233113949, -10.797816716134404, -11.040881498765337, -11.28491842903868, -11.529867586099787, -11.775669280207481, -12.022264052734004, -12.26959267616506, -12.51759615409977, -12.766215721250715, -13.01539284344392, -13.265069217618834, -13.515186771828361, -13.765687665238842, -14.016514288130061, -14.26760926189524, -14.51891543904105, -14.770375903187595, -15.021933969068428, -15.273530816837901, -15.525129170085231, -15.776727523332555, -16.028325876579878, -16.279924229827206, -16.531522583074533, -16.783120936321858, -17.034719289569182, -17.286317642816513, -17.537915996063838],
         "dplt_grid": [0.0, 6.066650349108304, 12.133300698216608, 18.199951047324912, 24.266601396433217, 30.33325174554152, 36.399902094649825, 42.46655244375813, 48.53320279286643, 54.599853141974734, 60.66650349108304, 66.73315384019135, 72.79980418929965, 78.86645453840795, 84.93310488751627, 90.99975523662457, 97.06640558573287, 103.13305593484117, 109.19970628394947, 115.26635663305778, 121.33300698216608, 127.39965733127438, 133.4663076803827, 139.532958029491, 145.5996083785993, 151.6662587277076, 157.7329090768159, 163.7995594259242, 169.86620977503253, 175.93286012414083, 181.99951047324913, 188.06616082235743, 194.13281117146573, 200.19946152057403, 206.26611186968233, 212.33276221879063, 218.39941256789893, 224.46606291700726, 230.53271326611556, 236.59936361522387, 242.66601396433217, 248.73266431344047, 254.79931466254877, 260.86596501165707, 266.9326153607654, 272.99926570987367, 279.065916058982, 285.13256640809027, 291.1992167571986, 297.2658671063069, 303.3325174554152, 309.39916780452353, 315.4658181536318, 321.53246850274013, 327.5991188518484, 333.66576920095673, 339.73241955006506, 345.79906989917333, 351.86572024828166, 357.93237059738993, 363.99902094649826, 370.06567129560653, 376.13232164471486, 382.19897199382314, 388.26562234293147, 394.3322726920398, 400.39892304114807, 406.4655733902564, 412.53222373936467, 418.598874088473, 424.66552443758127, 430.7321747866896, 436.79882513579787, 442.8654754849062, 448.9321258340145, 454.9987761831228, 461.06542653223113, 467.1320768813394, 473.19872723044773, 479.265377579556, 485.33202792866433, 491.39867827777266, 497.46532862688093, 503.53197897598926, 509.59862932509753, 515.6652796742059, 521.7319300233141, 527.7985803724224, 533.8652307215308, 539.9318810706391, 545.9985314197473, 552.0651817688557, 558.131832117964, 564.1984824670723, 570.2651328161805, 576.3317831652889, 582.3984335143972, 588.4650838635055, 594.5317342126139, 600.5983845617221],
         "dplt_at_force_location": -14.511599699220614,
         "maximum_dplt": -17.537915996063838,
         "location_max_dplt": 600.5983845617221
    },
     "metadata": {
         "error_code": 0,
         "model": "BendingTestAnalytical",
         "load_case": "Cantilever",
         "description": "",
         "job_name": "",
         "persistent_result_files": "",
         "n_cpus": 1,
         "date": "2026-03-17 09:07:45.137113",
         "cpu_time": 0.020901918411254883,
         "user": "sebastien.bocquet",
         "machine": "B20191729",
         "vims_git_version": "1b6e7132b9faba0cc93317d127a381ee76a8cb8e",
         "directory_archive_root": "C:\\Users\\sebastien.bocquet\\PycharmProjects\\vimseo\\docs\\runnable_examples\\model_runs\\archive\\uq",
         "directory_archive_job": "C:\\Users\\sebastien.bocquet\\PycharmProjects\\vimseo\\docs\\runnable_examples\\model_runs\\archive\\uq\\BendingTestAnalytical\\Cantilever\\51",
         "directory_scratch_root": "C:\\Users\\sebastien.bocquet\\PycharmProjects\\vimseo\\docs\\runnable_examples\\model_runs\\scratch\\uq",
         "directory_scratch_job": ""
    }
}